post_type,post_status,post_title,post_name,post_excerpt,post_content,post_category,cpv_page_type,cpv_entity_code,cpv_target_path,rank_math_title,rank_math_description,rank_math_focus_keyword,seo_batch_label,seo_priority_note
post,publish,"Tailwind Airlines (TI): bagagli, check-in, rotte e consigli 2026",compagnia-aerea-tailwind-airlines-ti,"Guida pratica su Tailwind Airlines: bagaglio a mano, check-in, rotte popolari dall'Italia e consigli utili per prenotare.","<div class=""cpv-landing-note"">
  <p><strong>Guida pratica Tailwind Airlines.</strong> Qui trovi una sintesi utile per capire come prenotare con Tailwind Airlines, cosa controllare su bagagli e check-in e quali aspetti confrontare prima di acquistare il volo.</p>
</div>
<div class=""cpv-stat-grid"">
  <div class=""cpv-stat""><strong>Tradizionale</strong><span>Tipologia di compagnia secondo il dataset disponibile.</span></div>
  <div class=""cpv-stat""><strong>Check-in online</strong><span>Da verificare sempre sul sito ufficiale prima della partenza.</span></div>
  <div class=""cpv-stat""><strong>Bagagli</strong><span>Controlla franchigia e servizi inclusi in base alla tariffa scelta.</span></div>
</div>
<h2>Tailwind Airlines: cosa controllare prima di prenotare</h2>
<p>La compagnia viene spesso valutata per tratte business, nazionali o con servizi aggiuntivi. Prima della prenotazione conviene confrontare orari, politica bagagli, flessibilita della tariffa e aeroporto di partenza disponibile in Italia.</p>
<div class=""cpv-chip-list""><span class=""cpv-chip"">FCO</span><span class=""cpv-chip"">CIA</span><span class=""cpv-chip"">MXP</span><span class=""cpv-chip"">BGY</span><span class=""cpv-chip"">LIN</span><span class=""cpv-chip"">NAP</span></div>
<div class=""cpv-landing-grid"">
  <div class=""cpv-landing-card""><strong>Bagaglio a mano</strong><p>Controlla sempre misure, peso e possibilita di aggiungere priorita o trolley in cabina.</p></div>
  <div class=""cpv-landing-card""><strong>Check-in</strong><p>Verifica finestre di apertura, app mobile, costi in aeroporto e documenti richiesti.</p></div>
  <div class=""cpv-landing-card""><strong>Partenze italiane</strong><p>Confronta i principali aeroporti italiani per capire quali rotte o fasce orarie sono piu interessanti.</p></div>
</div>
<h2>Domande frequenti su Tailwind Airlines</h2>
<div class=""cpv-faq"">
  <details><summary>Come verificare le regole bagaglio di Tailwind Airlines?</summary><p>Consulta sempre la pagina ufficiale prima dell'acquisto: le regole possono cambiare in base alla tariffa, alla rotta e alla data di viaggio.</p></details>
  <details><summary>Tailwind Airlines e adatta a chi cerca il prezzo piu basso?</summary><p>Dipende dalla rotta e dai servizi necessari. In molti casi le tariffe base sono competitive, ma conviene verificare gli extra prima di concludere la prenotazione.</p></details>
  <details><summary>Quali aeroporti italiani monitorare?</summary><p>Le partenze da Milano, Roma, Napoli, Venezia, Catania e Bologna sono tra quelle che gli utenti confrontano piu spesso.</p></details>
</div>","Compagnie aeree|Compagnie tradizionali",airline,TI,/compagnie-aeree/tailwind-airlines/,"Tailwind Airlines: bagagli, check-in e rotte | ConfrontaPrezziVoli","Scopri come volare con Tailwind Airlines: bagaglio a mano, check-in, consigli e rotte piu cercate dagli utenti italiani.","Tailwind Airlines bagaglio check-in",airlines,"Compagnia classificata come tradizionale nel dataset."
post,publish,"Tajik Air (7J): bagagli, check-in, rotte e consigli 2026",compagnia-aerea-tajik-air-7j,"Guida pratica su Tajik Air: bagaglio a mano, check-in, rotte popolari dall'Italia e consigli utili per prenotare.","<div class=""cpv-landing-note"">
  <p><strong>Guida pratica Tajik Air.</strong> Qui trovi una sintesi utile per capire come prenotare con Tajik Air, cosa controllare su bagagli e check-in e quali aspetti confrontare prima di acquistare il volo.</p>
</div>
<div class=""cpv-stat-grid"">
  <div class=""cpv-stat""><strong>Tradizionale</strong><span>Tipologia di compagnia secondo il dataset disponibile.</span></div>
  <div class=""cpv-stat""><strong>Check-in online</strong><span>Da verificare sempre sul sito ufficiale prima della partenza.</span></div>
  <div class=""cpv-stat""><strong>Bagagli</strong><span>Controlla franchigia e servizi inclusi in base alla tariffa scelta.</span></div>
</div>
<h2>Tajik Air: cosa controllare prima di prenotare</h2>
<p>La compagnia viene spesso valutata per tratte business, nazionali o con servizi aggiuntivi. Prima della prenotazione conviene confrontare orari, politica bagagli, flessibilita della tariffa e aeroporto di partenza disponibile in Italia.</p>
<div class=""cpv-chip-list""><span class=""cpv-chip"">FCO</span><span class=""cpv-chip"">CIA</span><span class=""cpv-chip"">MXP</span><span class=""cpv-chip"">BGY</span><span class=""cpv-chip"">LIN</span><span class=""cpv-chip"">NAP</span></div>
<div class=""cpv-landing-grid"">
  <div class=""cpv-landing-card""><strong>Bagaglio a mano</strong><p>Controlla sempre misure, peso e possibilita di aggiungere priorita o trolley in cabina.</p></div>
  <div class=""cpv-landing-card""><strong>Check-in</strong><p>Verifica finestre di apertura, app mobile, costi in aeroporto e documenti richiesti.</p></div>
  <div class=""cpv-landing-card""><strong>Partenze italiane</strong><p>Confronta i principali aeroporti italiani per capire quali rotte o fasce orarie sono piu interessanti.</p></div>
</div>
<h2>Domande frequenti su Tajik Air</h2>
<div class=""cpv-faq"">
  <details><summary>Come verificare le regole bagaglio di Tajik Air?</summary><p>Consulta sempre la pagina ufficiale prima dell'acquisto: le regole possono cambiare in base alla tariffa, alla rotta e alla data di viaggio.</p></details>
  <details><summary>Tajik Air e adatta a chi cerca il prezzo piu basso?</summary><p>Dipende dalla rotta e dai servizi necessari. In molti casi le tariffe base sono competitive, ma conviene verificare gli extra prima di concludere la prenotazione.</p></details>
  <details><summary>Quali aeroporti italiani monitorare?</summary><p>Le partenze da Milano, Roma, Napoli, Venezia, Catania e Bologna sono tra quelle che gli utenti confrontano piu spesso.</p></details>
</div>","Compagnie aeree|Compagnie tradizionali",airline,7J,/compagnie-aeree/tajik-air/,"Tajik Air: bagagli, check-in e rotte | ConfrontaPrezziVoli","Scopri come volare con Tajik Air: bagaglio a mano, check-in, consigli e rotte piu cercate dagli utenti italiani.","Tajik Air bagaglio check-in",airlines,"Compagnia classificata come tradizionale nel dataset."
post,publish,"Tajik Railway (Ж9): bagagli, check-in, rotte e consigli 2026",compagnia-aerea-tajik-railway-Ж9,"Guida pratica su Tajik Railway: bagaglio a mano, check-in, rotte popolari dall'Italia e consigli utili per prenotare.","<div class=""cpv-landing-note"">
  <p><strong>Guida pratica Tajik Railway.</strong> Qui trovi una sintesi utile per capire come prenotare con Tajik Railway, cosa controllare su bagagli e check-in e quali aspetti confrontare prima di acquistare il volo.</p>
</div>
<div class=""cpv-stat-grid"">
  <div class=""cpv-stat""><strong>Tradizionale</strong><span>Tipologia di compagnia secondo il dataset disponibile.</span></div>
  <div class=""cpv-stat""><strong>Check-in online</strong><span>Da verificare sempre sul sito ufficiale prima della partenza.</span></div>
  <div class=""cpv-stat""><strong>Bagagli</strong><span>Controlla franchigia e servizi inclusi in base alla tariffa scelta.</span></div>
</div>
<h2>Tajik Railway: cosa controllare prima di prenotare</h2>
<p>La compagnia viene spesso valutata per tratte business, nazionali o con servizi aggiuntivi. Prima della prenotazione conviene confrontare orari, politica bagagli, flessibilita della tariffa e aeroporto di partenza disponibile in Italia.</p>
<div class=""cpv-chip-list""><span class=""cpv-chip"">FCO</span><span class=""cpv-chip"">CIA</span><span class=""cpv-chip"">MXP</span><span class=""cpv-chip"">BGY</span><span class=""cpv-chip"">LIN</span><span class=""cpv-chip"">NAP</span></div>
<div class=""cpv-landing-grid"">
  <div class=""cpv-landing-card""><strong>Bagaglio a mano</strong><p>Controlla sempre misure, peso e possibilita di aggiungere priorita o trolley in cabina.</p></div>
  <div class=""cpv-landing-card""><strong>Check-in</strong><p>Verifica finestre di apertura, app mobile, costi in aeroporto e documenti richiesti.</p></div>
  <div class=""cpv-landing-card""><strong>Partenze italiane</strong><p>Confronta i principali aeroporti italiani per capire quali rotte o fasce orarie sono piu interessanti.</p></div>
</div>
<h2>Domande frequenti su Tajik Railway</h2>
<div class=""cpv-faq"">
  <details><summary>Come verificare le regole bagaglio di Tajik Railway?</summary><p>Consulta sempre la pagina ufficiale prima dell'acquisto: le regole possono cambiare in base alla tariffa, alla rotta e alla data di viaggio.</p></details>
  <details><summary>Tajik Railway e adatta a chi cerca il prezzo piu basso?</summary><p>Dipende dalla rotta e dai servizi necessari. In molti casi le tariffe base sono competitive, ma conviene verificare gli extra prima di concludere la prenotazione.</p></details>
  <details><summary>Quali aeroporti italiani monitorare?</summary><p>Le partenze da Milano, Roma, Napoli, Venezia, Catania e Bologna sono tra quelle che gli utenti confrontano piu spesso.</p></details>
</div>","Compagnie aeree|Compagnie tradizionali",airline,Ж9,/compagnie-aeree/tajik-railway/,"Tajik Railway: bagagli, check-in e rotte | ConfrontaPrezziVoli","Scopri come volare con Tajik Railway: bagaglio a mano, check-in, consigli e rotte piu cercate dagli utenti italiani.","Tajik Railway bagaglio check-in",airlines,"Compagnia classificata come tradizionale nel dataset."
post,publish,"Tampa Cargo (QT): bagagli, check-in, rotte e consigli 2026",compagnia-aerea-tampa-cargo-qt,"Guida pratica su Tampa Cargo: bagaglio a mano, check-in, rotte popolari dall'Italia e consigli utili per prenotare.","<div class=""cpv-landing-note"">
  <p><strong>Guida pratica Tampa Cargo.</strong> Qui trovi una sintesi utile per capire come prenotare con Tampa Cargo, cosa controllare su bagagli e check-in e quali aspetti confrontare prima di acquistare il volo.</p>
</div>
<div class=""cpv-stat-grid"">
  <div class=""cpv-stat""><strong>Tradizionale</strong><span>Tipologia di compagnia secondo il dataset disponibile.</span></div>
  <div class=""cpv-stat""><strong>Check-in online</strong><span>Da verificare sempre sul sito ufficiale prima della partenza.</span></div>
  <div class=""cpv-stat""><strong>Bagagli</strong><span>Controlla franchigia e servizi inclusi in base alla tariffa scelta.</span></div>
</div>
<h2>Tampa Cargo: cosa controllare prima di prenotare</h2>
<p>La compagnia viene spesso valutata per tratte business, nazionali o con servizi aggiuntivi. Prima della prenotazione conviene confrontare orari, politica bagagli, flessibilita della tariffa e aeroporto di partenza disponibile in Italia.</p>
<div class=""cpv-chip-list""><span class=""cpv-chip"">FCO</span><span class=""cpv-chip"">CIA</span><span class=""cpv-chip"">MXP</span><span class=""cpv-chip"">BGY</span><span class=""cpv-chip"">LIN</span><span class=""cpv-chip"">NAP</span></div>
<div class=""cpv-landing-grid"">
  <div class=""cpv-landing-card""><strong>Bagaglio a mano</strong><p>Controlla sempre misure, peso e possibilita di aggiungere priorita o trolley in cabina.</p></div>
  <div class=""cpv-landing-card""><strong>Check-in</strong><p>Verifica finestre di apertura, app mobile, costi in aeroporto e documenti richiesti.</p></div>
  <div class=""cpv-landing-card""><strong>Partenze italiane</strong><p>Confronta i principali aeroporti italiani per capire quali rotte o fasce orarie sono piu interessanti.</p></div>
</div>
<h2>Domande frequenti su Tampa Cargo</h2>
<div class=""cpv-faq"">
  <details><summary>Come verificare le regole bagaglio di Tampa Cargo?</summary><p>Consulta sempre la pagina ufficiale prima dell'acquisto: le regole possono cambiare in base alla tariffa, alla rotta e alla data di viaggio.</p></details>
  <details><summary>Tampa Cargo e adatta a chi cerca il prezzo piu basso?</summary><p>Dipende dalla rotta e dai servizi necessari. In molti casi le tariffe base sono competitive, ma conviene verificare gli extra prima di concludere la prenotazione.</p></details>
  <details><summary>Quali aeroporti italiani monitorare?</summary><p>Le partenze da Milano, Roma, Napoli, Venezia, Catania e Bologna sono tra quelle che gli utenti confrontano piu spesso.</p></details>
</div>","Compagnie aeree|Compagnie tradizionali",airline,QT,/compagnie-aeree/tampa-cargo/,"Tampa Cargo: bagagli, check-in e rotte | ConfrontaPrezziVoli","Scopri come volare con Tampa Cargo: bagaglio a mano, check-in, consigli e rotte piu cercate dagli utenti italiani.","Tampa Cargo bagaglio check-in",airlines,"Compagnia classificata come tradizionale nel dataset."
post,publish,"Tandem Aero (TQ): bagagli, check-in, rotte e consigli 2026",compagnia-aerea-tandem-aero-tq,"Guida pratica su Tandem Aero: bagaglio a mano, check-in, rotte popolari dall'Italia e consigli utili per prenotare.","<div class=""cpv-landing-note"">
  <p><strong>Guida pratica Tandem Aero.</strong> Qui trovi una sintesi utile per capire come prenotare con Tandem Aero, cosa controllare su bagagli e check-in e quali aspetti confrontare prima di acquistare il volo.</p>
</div>
<div class=""cpv-stat-grid"">
  <div class=""cpv-stat""><strong>Tradizionale</strong><span>Tipologia di compagnia secondo il dataset disponibile.</span></div>
  <div class=""cpv-stat""><strong>Check-in online</strong><span>Da verificare sempre sul sito ufficiale prima della partenza.</span></div>
  <div class=""cpv-stat""><strong>Bagagli</strong><span>Controlla franchigia e servizi inclusi in base alla tariffa scelta.</span></div>
</div>
<h2>Tandem Aero: cosa controllare prima di prenotare</h2>
<p>La compagnia viene spesso valutata per tratte business, nazionali o con servizi aggiuntivi. Prima della prenotazione conviene confrontare orari, politica bagagli, flessibilita della tariffa e aeroporto di partenza disponibile in Italia.</p>
<div class=""cpv-chip-list""><span class=""cpv-chip"">FCO</span><span class=""cpv-chip"">CIA</span><span class=""cpv-chip"">MXP</span><span class=""cpv-chip"">BGY</span><span class=""cpv-chip"">LIN</span><span class=""cpv-chip"">NAP</span></div>
<div class=""cpv-landing-grid"">
  <div class=""cpv-landing-card""><strong>Bagaglio a mano</strong><p>Controlla sempre misure, peso e possibilita di aggiungere priorita o trolley in cabina.</p></div>
  <div class=""cpv-landing-card""><strong>Check-in</strong><p>Verifica finestre di apertura, app mobile, costi in aeroporto e documenti richiesti.</p></div>
  <div class=""cpv-landing-card""><strong>Partenze italiane</strong><p>Confronta i principali aeroporti italiani per capire quali rotte o fasce orarie sono piu interessanti.</p></div>
</div>
<h2>Domande frequenti su Tandem Aero</h2>
<div class=""cpv-faq"">
  <details><summary>Come verificare le regole bagaglio di Tandem Aero?</summary><p>Consulta sempre la pagina ufficiale prima dell'acquisto: le regole possono cambiare in base alla tariffa, alla rotta e alla data di viaggio.</p></details>
  <details><summary>Tandem Aero e adatta a chi cerca il prezzo piu basso?</summary><p>Dipende dalla rotta e dai servizi necessari. In molti casi le tariffe base sono competitive, ma conviene verificare gli extra prima di concludere la prenotazione.</p></details>
  <details><summary>Quali aeroporti italiani monitorare?</summary><p>Le partenze da Milano, Roma, Napoli, Venezia, Catania e Bologna sono tra quelle che gli utenti confrontano piu spesso.</p></details>
</div>","Compagnie aeree|Compagnie tradizionali",airline,TQ,/compagnie-aeree/tandem-aero/,"Tandem Aero: bagagli, check-in e rotte | ConfrontaPrezziVoli","Scopri come volare con Tandem Aero: bagaglio a mano, check-in, consigli e rotte piu cercate dagli utenti italiani.","Tandem Aero bagaglio check-in",airlines,"Compagnia classificata come tradizionale nel dataset."
post,publish,"Taquan Air (K3): bagagli, check-in, rotte e consigli 2026",compagnia-aerea-taquan-air-k3,"Guida pratica su Taquan Air: bagaglio a mano, check-in, rotte popolari dall'Italia e consigli utili per prenotare.","<div class=""cpv-landing-note"">
  <p><strong>Guida pratica Taquan Air.</strong> Qui trovi una sintesi utile per capire come prenotare con Taquan Air, cosa controllare su bagagli e check-in e quali aspetti confrontare prima di acquistare il volo.</p>
</div>
<div class=""cpv-stat-grid"">
  <div class=""cpv-stat""><strong>Tradizionale</strong><span>Tipologia di compagnia secondo il dataset disponibile.</span></div>
  <div class=""cpv-stat""><strong>Check-in online</strong><span>Da verificare sempre sul sito ufficiale prima della partenza.</span></div>
  <div class=""cpv-stat""><strong>Bagagli</strong><span>Controlla franchigia e servizi inclusi in base alla tariffa scelta.</span></div>
</div>
<h2>Taquan Air: cosa controllare prima di prenotare</h2>
<p>La compagnia viene spesso valutata per tratte business, nazionali o con servizi aggiuntivi. Prima della prenotazione conviene confrontare orari, politica bagagli, flessibilita della tariffa e aeroporto di partenza disponibile in Italia.</p>
<div class=""cpv-chip-list""><span class=""cpv-chip"">FCO</span><span class=""cpv-chip"">CIA</span><span class=""cpv-chip"">MXP</span><span class=""cpv-chip"">BGY</span><span class=""cpv-chip"">LIN</span><span class=""cpv-chip"">NAP</span></div>
<div class=""cpv-landing-grid"">
  <div class=""cpv-landing-card""><strong>Bagaglio a mano</strong><p>Controlla sempre misure, peso e possibilita di aggiungere priorita o trolley in cabina.</p></div>
  <div class=""cpv-landing-card""><strong>Check-in</strong><p>Verifica finestre di apertura, app mobile, costi in aeroporto e documenti richiesti.</p></div>
  <div class=""cpv-landing-card""><strong>Partenze italiane</strong><p>Confronta i principali aeroporti italiani per capire quali rotte o fasce orarie sono piu interessanti.</p></div>
</div>
<h2>Domande frequenti su Taquan Air</h2>
<div class=""cpv-faq"">
  <details><summary>Come verificare le regole bagaglio di Taquan Air?</summary><p>Consulta sempre la pagina ufficiale prima dell'acquisto: le regole possono cambiare in base alla tariffa, alla rotta e alla data di viaggio.</p></details>
  <details><summary>Taquan Air e adatta a chi cerca il prezzo piu basso?</summary><p>Dipende dalla rotta e dai servizi necessari. In molti casi le tariffe base sono competitive, ma conviene verificare gli extra prima di concludere la prenotazione.</p></details>
  <details><summary>Quali aeroporti italiani monitorare?</summary><p>Le partenze da Milano, Roma, Napoli, Venezia, Catania e Bologna sono tra quelle che gli utenti confrontano piu spesso.</p></details>
</div>","Compagnie aeree|Compagnie tradizionali",airline,K3,/compagnie-aeree/taquan-air/,"Taquan Air: bagagli, check-in e rotte | ConfrontaPrezziVoli","Scopri come volare con Taquan Air: bagaglio a mano, check-in, consigli e rotte piu cercate dagli utenti italiani.","Taquan Air bagaglio check-in",airlines,"Compagnia classificata come tradizionale nel dataset."
post,publish,"Tarco Aviation (3T): bagagli, check-in, rotte e consigli 2026",compagnia-aerea-tarco-aviation-3t,"Guida pratica su Tarco Aviation: bagaglio a mano, check-in, rotte popolari dall'Italia e consigli utili per prenotare.","<div class=""cpv-landing-note"">
  <p><strong>Guida pratica Tarco Aviation.</strong> Qui trovi una sintesi utile per capire come prenotare con Tarco Aviation, cosa controllare su bagagli e check-in e quali aspetti confrontare prima di acquistare il volo.</p>
</div>
<div class=""cpv-stat-grid"">
  <div class=""cpv-stat""><strong>Tradizionale</strong><span>Tipologia di compagnia secondo il dataset disponibile.</span></div>
  <div class=""cpv-stat""><strong>Check-in online</strong><span>Da verificare sempre sul sito ufficiale prima della partenza.</span></div>
  <div class=""cpv-stat""><strong>Bagagli</strong><span>Controlla franchigia e servizi inclusi in base alla tariffa scelta.</span></div>
</div>
<h2>Tarco Aviation: cosa controllare prima di prenotare</h2>
<p>La compagnia viene spesso valutata per tratte business, nazionali o con servizi aggiuntivi. Prima della prenotazione conviene confrontare orari, politica bagagli, flessibilita della tariffa e aeroporto di partenza disponibile in Italia.</p>
<div class=""cpv-chip-list""><span class=""cpv-chip"">FCO</span><span class=""cpv-chip"">CIA</span><span class=""cpv-chip"">MXP</span><span class=""cpv-chip"">BGY</span><span class=""cpv-chip"">LIN</span><span class=""cpv-chip"">NAP</span></div>
<div class=""cpv-landing-grid"">
  <div class=""cpv-landing-card""><strong>Bagaglio a mano</strong><p>Controlla sempre misure, peso e possibilita di aggiungere priorita o trolley in cabina.</p></div>
  <div class=""cpv-landing-card""><strong>Check-in</strong><p>Verifica finestre di apertura, app mobile, costi in aeroporto e documenti richiesti.</p></div>
  <div class=""cpv-landing-card""><strong>Partenze italiane</strong><p>Confronta i principali aeroporti italiani per capire quali rotte o fasce orarie sono piu interessanti.</p></div>
</div>
<h2>Domande frequenti su Tarco Aviation</h2>
<div class=""cpv-faq"">
  <details><summary>Come verificare le regole bagaglio di Tarco Aviation?</summary><p>Consulta sempre la pagina ufficiale prima dell'acquisto: le regole possono cambiare in base alla tariffa, alla rotta e alla data di viaggio.</p></details>
  <details><summary>Tarco Aviation e adatta a chi cerca il prezzo piu basso?</summary><p>Dipende dalla rotta e dai servizi necessari. In molti casi le tariffe base sono competitive, ma conviene verificare gli extra prima di concludere la prenotazione.</p></details>
  <details><summary>Quali aeroporti italiani monitorare?</summary><p>Le partenze da Milano, Roma, Napoli, Venezia, Catania e Bologna sono tra quelle che gli utenti confrontano piu spesso.</p></details>
</div>","Compagnie aeree|Compagnie tradizionali",airline,3T,/compagnie-aeree/tarco-aviation/,"Tarco Aviation: bagagli, check-in e rotte | ConfrontaPrezziVoli","Scopri come volare con Tarco Aviation: bagaglio a mano, check-in, consigli e rotte piu cercate dagli utenti italiani.","Tarco Aviation bagaglio check-in",airlines,"Compagnia classificata come tradizionale nel dataset."
post,publish,"Tarom (RO): bagagli, check-in, rotte e consigli 2026",compagnia-aerea-tarom-ro,"Guida pratica su Tarom: bagaglio a mano, check-in, rotte popolari dall'Italia e consigli utili per prenotare.","<div class=""cpv-landing-note"">
  <p><strong>Guida pratica Tarom.</strong> Qui trovi una sintesi utile per capire come prenotare con Tarom, cosa controllare su bagagli e check-in e quali aspetti confrontare prima di acquistare il volo.</p>
</div>
<div class=""cpv-stat-grid"">
  <div class=""cpv-stat""><strong>Tradizionale</strong><span>Tipologia di compagnia secondo il dataset disponibile.</span></div>
  <div class=""cpv-stat""><strong>Check-in online</strong><span>Da verificare sempre sul sito ufficiale prima della partenza.</span></div>
  <div class=""cpv-stat""><strong>Bagagli</strong><span>Controlla franchigia e servizi inclusi in base alla tariffa scelta.</span></div>
</div>
<h2>Tarom: cosa controllare prima di prenotare</h2>
<p>La compagnia viene spesso valutata per tratte business, nazionali o con servizi aggiuntivi. Prima della prenotazione conviene confrontare orari, politica bagagli, flessibilita della tariffa e aeroporto di partenza disponibile in Italia.</p>
<div class=""cpv-chip-list""><span class=""cpv-chip"">FCO</span><span class=""cpv-chip"">CIA</span><span class=""cpv-chip"">MXP</span><span class=""cpv-chip"">BGY</span><span class=""cpv-chip"">LIN</span><span class=""cpv-chip"">NAP</span></div>
<div class=""cpv-landing-grid"">
  <div class=""cpv-landing-card""><strong>Bagaglio a mano</strong><p>Controlla sempre misure, peso e possibilita di aggiungere priorita o trolley in cabina.</p></div>
  <div class=""cpv-landing-card""><strong>Check-in</strong><p>Verifica finestre di apertura, app mobile, costi in aeroporto e documenti richiesti.</p></div>
  <div class=""cpv-landing-card""><strong>Partenze italiane</strong><p>Confronta i principali aeroporti italiani per capire quali rotte o fasce orarie sono piu interessanti.</p></div>
</div>
<h2>Domande frequenti su Tarom</h2>
<div class=""cpv-faq"">
  <details><summary>Come verificare le regole bagaglio di Tarom?</summary><p>Consulta sempre la pagina ufficiale prima dell'acquisto: le regole possono cambiare in base alla tariffa, alla rotta e alla data di viaggio.</p></details>
  <details><summary>Tarom e adatta a chi cerca il prezzo piu basso?</summary><p>Dipende dalla rotta e dai servizi necessari. In molti casi le tariffe base sono competitive, ma conviene verificare gli extra prima di concludere la prenotazione.</p></details>
  <details><summary>Quali aeroporti italiani monitorare?</summary><p>Le partenze da Milano, Roma, Napoli, Venezia, Catania e Bologna sono tra quelle che gli utenti confrontano piu spesso.</p></details>
</div>","Compagnie aeree|Compagnie tradizionali",airline,RO,/compagnie-aeree/tarom/,"Tarom: bagagli, check-in e rotte | ConfrontaPrezziVoli","Scopri come volare con Tarom: bagaglio a mano, check-in, consigli e rotte piu cercate dagli utenti italiani.","Tarom bagaglio check-in",airlines,"Compagnia classificata come tradizionale nel dataset."
post,publish,"Tashkent Air (U7): bagagli, check-in, rotte e consigli 2026",compagnia-aerea-tashkent-air-u7,"Guida pratica su Tashkent Air: bagaglio a mano, check-in, rotte popolari dall'Italia e consigli utili per prenotare.","<div class=""cpv-landing-note"">
  <p><strong>Guida pratica Tashkent Air.</strong> Qui trovi una sintesi utile per capire come prenotare con Tashkent Air, cosa controllare su bagagli e check-in e quali aspetti confrontare prima di acquistare il volo.</p>
</div>
<div class=""cpv-stat-grid"">
  <div class=""cpv-stat""><strong>Tradizionale</strong><span>Tipologia di compagnia secondo il dataset disponibile.</span></div>
  <div class=""cpv-stat""><strong>Check-in online</strong><span>Da verificare sempre sul sito ufficiale prima della partenza.</span></div>
  <div class=""cpv-stat""><strong>Bagagli</strong><span>Controlla franchigia e servizi inclusi in base alla tariffa scelta.</span></div>
</div>
<h2>Tashkent Air: cosa controllare prima di prenotare</h2>
<p>La compagnia viene spesso valutata per tratte business, nazionali o con servizi aggiuntivi. Prima della prenotazione conviene confrontare orari, politica bagagli, flessibilita della tariffa e aeroporto di partenza disponibile in Italia.</p>
<div class=""cpv-chip-list""><span class=""cpv-chip"">FCO</span><span class=""cpv-chip"">CIA</span><span class=""cpv-chip"">MXP</span><span class=""cpv-chip"">BGY</span><span class=""cpv-chip"">LIN</span><span class=""cpv-chip"">NAP</span></div>
<div class=""cpv-landing-grid"">
  <div class=""cpv-landing-card""><strong>Bagaglio a mano</strong><p>Controlla sempre misure, peso e possibilita di aggiungere priorita o trolley in cabina.</p></div>
  <div class=""cpv-landing-card""><strong>Check-in</strong><p>Verifica finestre di apertura, app mobile, costi in aeroporto e documenti richiesti.</p></div>
  <div class=""cpv-landing-card""><strong>Partenze italiane</strong><p>Confronta i principali aeroporti italiani per capire quali rotte o fasce orarie sono piu interessanti.</p></div>
</div>
<h2>Domande frequenti su Tashkent Air</h2>
<div class=""cpv-faq"">
  <details><summary>Come verificare le regole bagaglio di Tashkent Air?</summary><p>Consulta sempre la pagina ufficiale prima dell'acquisto: le regole possono cambiare in base alla tariffa, alla rotta e alla data di viaggio.</p></details>
  <details><summary>Tashkent Air e adatta a chi cerca il prezzo piu basso?</summary><p>Dipende dalla rotta e dai servizi necessari. In molti casi le tariffe base sono competitive, ma conviene verificare gli extra prima di concludere la prenotazione.</p></details>
  <details><summary>Quali aeroporti italiani monitorare?</summary><p>Le partenze da Milano, Roma, Napoli, Venezia, Catania e Bologna sono tra quelle che gli utenti confrontano piu spesso.</p></details>
</div>","Compagnie aeree|Compagnie tradizionali",airline,U7,/compagnie-aeree/tashkent-air/,"Tashkent Air: bagagli, check-in e rotte | ConfrontaPrezziVoli","Scopri come volare con Tashkent Air: bagaglio a mano, check-in, consigli e rotte piu cercate dagli utenti italiani.","Tashkent Air bagaglio check-in",airlines,"Compagnia classificata come tradizionale nel dataset."
post,publish,"Tassili Airlines (SF): bagagli, check-in, rotte e consigli 2026",compagnia-aerea-tassili-airlines-sf,"Guida pratica su Tassili Airlines: bagaglio a mano, check-in, rotte popolari dall'Italia e consigli utili per prenotare.","<div class=""cpv-landing-note"">
  <p><strong>Guida pratica Tassili Airlines.</strong> Qui trovi una sintesi utile per capire come prenotare con Tassili Airlines, cosa controllare su bagagli e check-in e quali aspetti confrontare prima di acquistare il volo.</p>
</div>
<div class=""cpv-stat-grid"">
  <div class=""cpv-stat""><strong>Tradizionale</strong><span>Tipologia di compagnia secondo il dataset disponibile.</span></div>
  <div class=""cpv-stat""><strong>Check-in online</strong><span>Da verificare sempre sul sito ufficiale prima della partenza.</span></div>
  <div class=""cpv-stat""><strong>Bagagli</strong><span>Controlla franchigia e servizi inclusi in base alla tariffa scelta.</span></div>
</div>
<h2>Tassili Airlines: cosa controllare prima di prenotare</h2>
<p>La compagnia viene spesso valutata per tratte business, nazionali o con servizi aggiuntivi. Prima della prenotazione conviene confrontare orari, politica bagagli, flessibilita della tariffa e aeroporto di partenza disponibile in Italia.</p>
<div class=""cpv-chip-list""><span class=""cpv-chip"">FCO</span><span class=""cpv-chip"">CIA</span><span class=""cpv-chip"">MXP</span><span class=""cpv-chip"">BGY</span><span class=""cpv-chip"">LIN</span><span class=""cpv-chip"">NAP</span></div>
<div class=""cpv-landing-grid"">
  <div class=""cpv-landing-card""><strong>Bagaglio a mano</strong><p>Controlla sempre misure, peso e possibilita di aggiungere priorita o trolley in cabina.</p></div>
  <div class=""cpv-landing-card""><strong>Check-in</strong><p>Verifica finestre di apertura, app mobile, costi in aeroporto e documenti richiesti.</p></div>
  <div class=""cpv-landing-card""><strong>Partenze italiane</strong><p>Confronta i principali aeroporti italiani per capire quali rotte o fasce orarie sono piu interessanti.</p></div>
</div>
<h2>Domande frequenti su Tassili Airlines</h2>
<div class=""cpv-faq"">
  <details><summary>Come verificare le regole bagaglio di Tassili Airlines?</summary><p>Consulta sempre la pagina ufficiale prima dell'acquisto: le regole possono cambiare in base alla tariffa, alla rotta e alla data di viaggio.</p></details>
  <details><summary>Tassili Airlines e adatta a chi cerca il prezzo piu basso?</summary><p>Dipende dalla rotta e dai servizi necessari. In molti casi le tariffe base sono competitive, ma conviene verificare gli extra prima di concludere la prenotazione.</p></details>
  <details><summary>Quali aeroporti italiani monitorare?</summary><p>Le partenze da Milano, Roma, Napoli, Venezia, Catania e Bologna sono tra quelle che gli utenti confrontano piu spesso.</p></details>
</div>","Compagnie aeree|Compagnie tradizionali",airline,SF,/compagnie-aeree/tassili-airlines/,"Tassili Airlines: bagagli, check-in e rotte | ConfrontaPrezziVoli","Scopri come volare con Tassili Airlines: bagaglio a mano, check-in, consigli e rotte piu cercate dagli utenti italiani.","Tassili Airlines bagaglio check-in",airlines,"Compagnia classificata come tradizionale nel dataset."
post,publish,"Tatarstan Airlines (U9): bagagli, check-in, rotte e consigli 2026",compagnia-aerea-tatarstan-airlines-u9,"Guida pratica su Tatarstan Airlines: bagaglio a mano, check-in, rotte popolari dall'Italia e consigli utili per prenotare.","<div class=""cpv-landing-note"">
  <p><strong>Guida pratica Tatarstan Airlines.</strong> Qui trovi una sintesi utile per capire come prenotare con Tatarstan Airlines, cosa controllare su bagagli e check-in e quali aspetti confrontare prima di acquistare il volo.</p>
</div>
<div class=""cpv-stat-grid"">
  <div class=""cpv-stat""><strong>Tradizionale</strong><span>Tipologia di compagnia secondo il dataset disponibile.</span></div>
  <div class=""cpv-stat""><strong>Check-in online</strong><span>Da verificare sempre sul sito ufficiale prima della partenza.</span></div>
  <div class=""cpv-stat""><strong>Bagagli</strong><span>Controlla franchigia e servizi inclusi in base alla tariffa scelta.</span></div>
</div>
<h2>Tatarstan Airlines: cosa controllare prima di prenotare</h2>
<p>La compagnia viene spesso valutata per tratte business, nazionali o con servizi aggiuntivi. Prima della prenotazione conviene confrontare orari, politica bagagli, flessibilita della tariffa e aeroporto di partenza disponibile in Italia.</p>
<div class=""cpv-chip-list""><span class=""cpv-chip"">FCO</span><span class=""cpv-chip"">CIA</span><span class=""cpv-chip"">MXP</span><span class=""cpv-chip"">BGY</span><span class=""cpv-chip"">LIN</span><span class=""cpv-chip"">NAP</span></div>
<div class=""cpv-landing-grid"">
  <div class=""cpv-landing-card""><strong>Bagaglio a mano</strong><p>Controlla sempre misure, peso e possibilita di aggiungere priorita o trolley in cabina.</p></div>
  <div class=""cpv-landing-card""><strong>Check-in</strong><p>Verifica finestre di apertura, app mobile, costi in aeroporto e documenti richiesti.</p></div>
  <div class=""cpv-landing-card""><strong>Partenze italiane</strong><p>Confronta i principali aeroporti italiani per capire quali rotte o fasce orarie sono piu interessanti.</p></div>
</div>
<h2>Domande frequenti su Tatarstan Airlines</h2>
<div class=""cpv-faq"">
  <details><summary>Come verificare le regole bagaglio di Tatarstan Airlines?</summary><p>Consulta sempre la pagina ufficiale prima dell'acquisto: le regole possono cambiare in base alla tariffa, alla rotta e alla data di viaggio.</p></details>
  <details><summary>Tatarstan Airlines e adatta a chi cerca il prezzo piu basso?</summary><p>Dipende dalla rotta e dai servizi necessari. In molti casi le tariffe base sono competitive, ma conviene verificare gli extra prima di concludere la prenotazione.</p></details>
  <details><summary>Quali aeroporti italiani monitorare?</summary><p>Le partenze da Milano, Roma, Napoli, Venezia, Catania e Bologna sono tra quelle che gli utenti confrontano piu spesso.</p></details>
</div>","Compagnie aeree|Compagnie tradizionali",airline,U9,/compagnie-aeree/tatarstan-airlines/,"Tatarstan Airlines: bagagli, check-in e rotte | ConfrontaPrezziVoli","Scopri come volare con Tatarstan Airlines: bagaglio a mano, check-in, consigli e rotte piu cercate dagli utenti italiani.","Tatarstan Airlines bagaglio check-in",airlines,"Compagnia classificata come tradizionale nel dataset."
post,publish,"Tayaran Jet (E8): bagagli, check-in, rotte e consigli 2026",compagnia-aerea-tayaran-jet-e8,"Guida pratica su Tayaran Jet: bagaglio a mano, check-in, rotte popolari dall'Italia e consigli utili per prenotare.","<div class=""cpv-landing-note"">
  <p><strong>Guida pratica Tayaran Jet.</strong> Qui trovi una sintesi utile per capire come prenotare con Tayaran Jet, cosa controllare su bagagli e check-in e quali aspetti confrontare prima di acquistare il volo.</p>
</div>
<div class=""cpv-stat-grid"">
  <div class=""cpv-stat""><strong>Low cost</strong><span>Tipologia di compagnia secondo il dataset disponibile.</span></div>
  <div class=""cpv-stat""><strong>Check-in online</strong><span>Da verificare sempre sul sito ufficiale prima della partenza.</span></div>
  <div class=""cpv-stat""><strong>Bagagli</strong><span>Verifica con attenzione dimensioni e priorita del bagaglio a mano.</span></div>
</div>
<h2>Tayaran Jet: cosa controllare prima di prenotare</h2>
<p>La compagnia e spesso cercata per city break, leisure e rotte sensibili al prezzo. Prima della prenotazione conviene confrontare orari, politica bagagli, flessibilita della tariffa e aeroporto di partenza disponibile in Italia.</p>
<div class=""cpv-chip-list""><span class=""cpv-chip"">FCO</span><span class=""cpv-chip"">CIA</span><span class=""cpv-chip"">MXP</span><span class=""cpv-chip"">BGY</span><span class=""cpv-chip"">LIN</span><span class=""cpv-chip"">NAP</span></div>
<div class=""cpv-landing-grid"">
  <div class=""cpv-landing-card""><strong>Bagaglio a mano</strong><p>Controlla sempre misure, peso e possibilita di aggiungere priorita o trolley in cabina.</p></div>
  <div class=""cpv-landing-card""><strong>Check-in</strong><p>Verifica finestre di apertura, app mobile, costi in aeroporto e documenti richiesti.</p></div>
  <div class=""cpv-landing-card""><strong>Partenze italiane</strong><p>Confronta i principali aeroporti italiani per capire quali rotte o fasce orarie sono piu interessanti.</p></div>
</div>
<h2>Domande frequenti su Tayaran Jet</h2>
<div class=""cpv-faq"">
  <details><summary>Come verificare le regole bagaglio di Tayaran Jet?</summary><p>Consulta sempre la pagina ufficiale prima dell'acquisto: le regole possono cambiare in base alla tariffa, alla rotta e alla data di viaggio.</p></details>
  <details><summary>Tayaran Jet e adatta a chi cerca il prezzo piu basso?</summary><p>Dipende dalla rotta e dai servizi necessari. In molti casi le tariffe base sono competitive, ma conviene verificare gli extra prima di concludere la prenotazione.</p></details>
  <details><summary>Quali aeroporti italiani monitorare?</summary><p>Le partenze da Milano, Roma, Napoli, Venezia, Catania e Bologna sono tra quelle che gli utenti confrontano piu spesso.</p></details>
</div>","Compagnie aeree|Compagnie low cost",airline,E8,/compagnie-aeree/tayaran-jet/,"Tayaran Jet: bagagli, check-in e rotte | ConfrontaPrezziVoli","Scopri come volare con Tayaran Jet: bagaglio a mano, check-in, consigli e rotte piu cercate dagli utenti italiani.","Tayaran Jet bagaglio check-in",airlines,"Compagnia classificata come low cost nel dataset."
post,publish,"Tbilisi Airways (TD): bagagli, check-in, rotte e consigli 2026",compagnia-aerea-tbilisi-airways-td,"Guida pratica su Tbilisi Airways: bagaglio a mano, check-in, rotte popolari dall'Italia e consigli utili per prenotare.","<div class=""cpv-landing-note"">
  <p><strong>Guida pratica Tbilisi Airways.</strong> Qui trovi una sintesi utile per capire come prenotare con Tbilisi Airways, cosa controllare su bagagli e check-in e quali aspetti confrontare prima di acquistare il volo.</p>
</div>
<div class=""cpv-stat-grid"">
  <div class=""cpv-stat""><strong>Tradizionale</strong><span>Tipologia di compagnia secondo il dataset disponibile.</span></div>
  <div class=""cpv-stat""><strong>Check-in online</strong><span>Da verificare sempre sul sito ufficiale prima della partenza.</span></div>
  <div class=""cpv-stat""><strong>Bagagli</strong><span>Controlla franchigia e servizi inclusi in base alla tariffa scelta.</span></div>
</div>
<h2>Tbilisi Airways: cosa controllare prima di prenotare</h2>
<p>La compagnia viene spesso valutata per tratte business, nazionali o con servizi aggiuntivi. Prima della prenotazione conviene confrontare orari, politica bagagli, flessibilita della tariffa e aeroporto di partenza disponibile in Italia.</p>
<div class=""cpv-chip-list""><span class=""cpv-chip"">FCO</span><span class=""cpv-chip"">CIA</span><span class=""cpv-chip"">MXP</span><span class=""cpv-chip"">BGY</span><span class=""cpv-chip"">LIN</span><span class=""cpv-chip"">NAP</span></div>
<div class=""cpv-landing-grid"">
  <div class=""cpv-landing-card""><strong>Bagaglio a mano</strong><p>Controlla sempre misure, peso e possibilita di aggiungere priorita o trolley in cabina.</p></div>
  <div class=""cpv-landing-card""><strong>Check-in</strong><p>Verifica finestre di apertura, app mobile, costi in aeroporto e documenti richiesti.</p></div>
  <div class=""cpv-landing-card""><strong>Partenze italiane</strong><p>Confronta i principali aeroporti italiani per capire quali rotte o fasce orarie sono piu interessanti.</p></div>
</div>
<h2>Domande frequenti su Tbilisi Airways</h2>
<div class=""cpv-faq"">
  <details><summary>Come verificare le regole bagaglio di Tbilisi Airways?</summary><p>Consulta sempre la pagina ufficiale prima dell'acquisto: le regole possono cambiare in base alla tariffa, alla rotta e alla data di viaggio.</p></details>
  <details><summary>Tbilisi Airways e adatta a chi cerca il prezzo piu basso?</summary><p>Dipende dalla rotta e dai servizi necessari. In molti casi le tariffe base sono competitive, ma conviene verificare gli extra prima di concludere la prenotazione.</p></details>
  <details><summary>Quali aeroporti italiani monitorare?</summary><p>Le partenze da Milano, Roma, Napoli, Venezia, Catania e Bologna sono tra quelle che gli utenti confrontano piu spesso.</p></details>
</div>","Compagnie aeree|Compagnie tradizionali",airline,TD,/compagnie-aeree/tbilisi-airways/,"Tbilisi Airways: bagagli, check-in e rotte | ConfrontaPrezziVoli","Scopri come volare con Tbilisi Airways: bagaglio a mano, check-in, consigli e rotte piu cercate dagli utenti italiani.","Tbilisi Airways bagaglio check-in",airlines,"Compagnia classificata come tradizionale nel dataset."
post,publish,"Tectimes Sudamerica (C1): bagagli, check-in, rotte e consigli 2026",compagnia-aerea-tectimes-sudamerica-c1,"Guida pratica su Tectimes Sudamerica: bagaglio a mano, check-in, rotte popolari dall'Italia e consigli utili per prenotare.","<div class=""cpv-landing-note"">
  <p><strong>Guida pratica Tectimes Sudamerica.</strong> Qui trovi una sintesi utile per capire come prenotare con Tectimes Sudamerica, cosa controllare su bagagli e check-in e quali aspetti confrontare prima di acquistare il volo.</p>
</div>
<div class=""cpv-stat-grid"">
  <div class=""cpv-stat""><strong>Tradizionale</strong><span>Tipologia di compagnia secondo il dataset disponibile.</span></div>
  <div class=""cpv-stat""><strong>Check-in online</strong><span>Da verificare sempre sul sito ufficiale prima della partenza.</span></div>
  <div class=""cpv-stat""><strong>Bagagli</strong><span>Controlla franchigia e servizi inclusi in base alla tariffa scelta.</span></div>
</div>
<h2>Tectimes Sudamerica: cosa controllare prima di prenotare</h2>
<p>La compagnia viene spesso valutata per tratte business, nazionali o con servizi aggiuntivi. Prima della prenotazione conviene confrontare orari, politica bagagli, flessibilita della tariffa e aeroporto di partenza disponibile in Italia.</p>
<div class=""cpv-chip-list""><span class=""cpv-chip"">FCO</span><span class=""cpv-chip"">CIA</span><span class=""cpv-chip"">MXP</span><span class=""cpv-chip"">BGY</span><span class=""cpv-chip"">LIN</span><span class=""cpv-chip"">NAP</span></div>
<div class=""cpv-landing-grid"">
  <div class=""cpv-landing-card""><strong>Bagaglio a mano</strong><p>Controlla sempre misure, peso e possibilita di aggiungere priorita o trolley in cabina.</p></div>
  <div class=""cpv-landing-card""><strong>Check-in</strong><p>Verifica finestre di apertura, app mobile, costi in aeroporto e documenti richiesti.</p></div>
  <div class=""cpv-landing-card""><strong>Partenze italiane</strong><p>Confronta i principali aeroporti italiani per capire quali rotte o fasce orarie sono piu interessanti.</p></div>
</div>
<h2>Domande frequenti su Tectimes Sudamerica</h2>
<div class=""cpv-faq"">
  <details><summary>Come verificare le regole bagaglio di Tectimes Sudamerica?</summary><p>Consulta sempre la pagina ufficiale prima dell'acquisto: le regole possono cambiare in base alla tariffa, alla rotta e alla data di viaggio.</p></details>
  <details><summary>Tectimes Sudamerica e adatta a chi cerca il prezzo piu basso?</summary><p>Dipende dalla rotta e dai servizi necessari. In molti casi le tariffe base sono competitive, ma conviene verificare gli extra prima di concludere la prenotazione.</p></details>
  <details><summary>Quali aeroporti italiani monitorare?</summary><p>Le partenze da Milano, Roma, Napoli, Venezia, Catania e Bologna sono tra quelle che gli utenti confrontano piu spesso.</p></details>
</div>","Compagnie aeree|Compagnie tradizionali",airline,C1,/compagnie-aeree/tectimes-sudamerica/,"Tectimes Sudamerica: bagagli, check-in e rotte | ConfrontaPrezziVoli","Scopri come volare con Tectimes Sudamerica: bagaglio a mano, check-in, consigli e rotte piu cercate dagli utenti italiani.","Tectimes Sudamerica bagaglio check-in",airlines,"Compagnia classificata come tradizionale nel dataset."
post,publish,"Terra Avia (T8): bagagli, check-in, rotte e consigli 2026",compagnia-aerea-terra-avia-t8,"Guida pratica su Terra Avia: bagaglio a mano, check-in, rotte popolari dall'Italia e consigli utili per prenotare.","<div class=""cpv-landing-note"">
  <p><strong>Guida pratica Terra Avia.</strong> Qui trovi una sintesi utile per capire come prenotare con Terra Avia, cosa controllare su bagagli e check-in e quali aspetti confrontare prima di acquistare il volo.</p>
</div>
<div class=""cpv-stat-grid"">
  <div class=""cpv-stat""><strong>Tradizionale</strong><span>Tipologia di compagnia secondo il dataset disponibile.</span></div>
  <div class=""cpv-stat""><strong>Check-in online</strong><span>Da verificare sempre sul sito ufficiale prima della partenza.</span></div>
  <div class=""cpv-stat""><strong>Bagagli</strong><span>Controlla franchigia e servizi inclusi in base alla tariffa scelta.</span></div>
</div>
<h2>Terra Avia: cosa controllare prima di prenotare</h2>
<p>La compagnia viene spesso valutata per tratte business, nazionali o con servizi aggiuntivi. Prima della prenotazione conviene confrontare orari, politica bagagli, flessibilita della tariffa e aeroporto di partenza disponibile in Italia.</p>
<div class=""cpv-chip-list""><span class=""cpv-chip"">FCO</span><span class=""cpv-chip"">CIA</span><span class=""cpv-chip"">MXP</span><span class=""cpv-chip"">BGY</span><span class=""cpv-chip"">LIN</span><span class=""cpv-chip"">NAP</span></div>
<div class=""cpv-landing-grid"">
  <div class=""cpv-landing-card""><strong>Bagaglio a mano</strong><p>Controlla sempre misure, peso e possibilita di aggiungere priorita o trolley in cabina.</p></div>
  <div class=""cpv-landing-card""><strong>Check-in</strong><p>Verifica finestre di apertura, app mobile, costi in aeroporto e documenti richiesti.</p></div>
  <div class=""cpv-landing-card""><strong>Partenze italiane</strong><p>Confronta i principali aeroporti italiani per capire quali rotte o fasce orarie sono piu interessanti.</p></div>
</div>
<h2>Domande frequenti su Terra Avia</h2>
<div class=""cpv-faq"">
  <details><summary>Come verificare le regole bagaglio di Terra Avia?</summary><p>Consulta sempre la pagina ufficiale prima dell'acquisto: le regole possono cambiare in base alla tariffa, alla rotta e alla data di viaggio.</p></details>
  <details><summary>Terra Avia e adatta a chi cerca il prezzo piu basso?</summary><p>Dipende dalla rotta e dai servizi necessari. In molti casi le tariffe base sono competitive, ma conviene verificare gli extra prima di concludere la prenotazione.</p></details>
  <details><summary>Quali aeroporti italiani monitorare?</summary><p>Le partenze da Milano, Roma, Napoli, Venezia, Catania e Bologna sono tra quelle che gli utenti confrontano piu spesso.</p></details>
</div>","Compagnie aeree|Compagnie tradizionali",airline,T8,/compagnie-aeree/terra-avia/,"Terra Avia: bagagli, check-in e rotte | ConfrontaPrezziVoli","Scopri come volare con Terra Avia: bagaglio a mano, check-in, consigli e rotte piu cercate dagli utenti italiani.","Terra Avia bagaglio check-in",airlines,"Compagnia classificata come tradizionale nel dataset."
post,publish,"Texel Air Ltd (TT): bagagli, check-in, rotte e consigli 2026",compagnia-aerea-texel-air-ltd-tt,"Guida pratica su Texel Air Ltd: bagaglio a mano, check-in, rotte popolari dall'Italia e consigli utili per prenotare.","<div class=""cpv-landing-note"">
  <p><strong>Guida pratica Texel Air Ltd.</strong> Qui trovi una sintesi utile per capire come prenotare con Texel Air Ltd, cosa controllare su bagagli e check-in e quali aspetti confrontare prima di acquistare il volo.</p>
</div>
<div class=""cpv-stat-grid"">
  <div class=""cpv-stat""><strong>Low cost</strong><span>Tipologia di compagnia secondo il dataset disponibile.</span></div>
  <div class=""cpv-stat""><strong>Check-in online</strong><span>Da verificare sempre sul sito ufficiale prima della partenza.</span></div>
  <div class=""cpv-stat""><strong>Bagagli</strong><span>Verifica con attenzione dimensioni e priorita del bagaglio a mano.</span></div>
</div>
<h2>Texel Air Ltd: cosa controllare prima di prenotare</h2>
<p>La compagnia e spesso cercata per city break, leisure e rotte sensibili al prezzo. Prima della prenotazione conviene confrontare orari, politica bagagli, flessibilita della tariffa e aeroporto di partenza disponibile in Italia.</p>
<div class=""cpv-chip-list""><span class=""cpv-chip"">FCO</span><span class=""cpv-chip"">CIA</span><span class=""cpv-chip"">MXP</span><span class=""cpv-chip"">BGY</span><span class=""cpv-chip"">LIN</span><span class=""cpv-chip"">NAP</span></div>
<div class=""cpv-landing-grid"">
  <div class=""cpv-landing-card""><strong>Bagaglio a mano</strong><p>Controlla sempre misure, peso e possibilita di aggiungere priorita o trolley in cabina.</p></div>
  <div class=""cpv-landing-card""><strong>Check-in</strong><p>Verifica finestre di apertura, app mobile, costi in aeroporto e documenti richiesti.</p></div>
  <div class=""cpv-landing-card""><strong>Partenze italiane</strong><p>Confronta i principali aeroporti italiani per capire quali rotte o fasce orarie sono piu interessanti.</p></div>
</div>
<h2>Domande frequenti su Texel Air Ltd</h2>
<div class=""cpv-faq"">
  <details><summary>Come verificare le regole bagaglio di Texel Air Ltd?</summary><p>Consulta sempre la pagina ufficiale prima dell'acquisto: le regole possono cambiare in base alla tariffa, alla rotta e alla data di viaggio.</p></details>
  <details><summary>Texel Air Ltd e adatta a chi cerca il prezzo piu basso?</summary><p>Dipende dalla rotta e dai servizi necessari. In molti casi le tariffe base sono competitive, ma conviene verificare gli extra prima di concludere la prenotazione.</p></details>
  <details><summary>Quali aeroporti italiani monitorare?</summary><p>Le partenze da Milano, Roma, Napoli, Venezia, Catania e Bologna sono tra quelle che gli utenti confrontano piu spesso.</p></details>
</div>","Compagnie aeree|Compagnie low cost",airline,TT,/compagnie-aeree/texel-air-ltd/,"Texel Air Ltd: bagagli, check-in e rotte | ConfrontaPrezziVoli","Scopri come volare con Texel Air Ltd: bagaglio a mano, check-in, consigli e rotte piu cercate dagli utenti italiani.","Texel Air Ltd bagaglio check-in",airlines,"Compagnia classificata come low cost nel dataset."
post,publish,"TezJet (K9): bagagli, check-in, rotte e consigli 2026",compagnia-aerea-tezjet-k9,"Guida pratica su TezJet: bagaglio a mano, check-in, rotte popolari dall'Italia e consigli utili per prenotare.","<div class=""cpv-landing-note"">
  <p><strong>Guida pratica TezJet.</strong> Qui trovi una sintesi utile per capire come prenotare con TezJet, cosa controllare su bagagli e check-in e quali aspetti confrontare prima di acquistare il volo.</p>
</div>
<div class=""cpv-stat-grid"">
  <div class=""cpv-stat""><strong>Tradizionale</strong><span>Tipologia di compagnia secondo il dataset disponibile.</span></div>
  <div class=""cpv-stat""><strong>Check-in online</strong><span>Da verificare sempre sul sito ufficiale prima della partenza.</span></div>
  <div class=""cpv-stat""><strong>Bagagli</strong><span>Controlla franchigia e servizi inclusi in base alla tariffa scelta.</span></div>
</div>
<h2>TezJet: cosa controllare prima di prenotare</h2>
<p>La compagnia viene spesso valutata per tratte business, nazionali o con servizi aggiuntivi. Prima della prenotazione conviene confrontare orari, politica bagagli, flessibilita della tariffa e aeroporto di partenza disponibile in Italia.</p>
<div class=""cpv-chip-list""><span class=""cpv-chip"">FCO</span><span class=""cpv-chip"">CIA</span><span class=""cpv-chip"">MXP</span><span class=""cpv-chip"">BGY</span><span class=""cpv-chip"">LIN</span><span class=""cpv-chip"">NAP</span></div>
<div class=""cpv-landing-grid"">
  <div class=""cpv-landing-card""><strong>Bagaglio a mano</strong><p>Controlla sempre misure, peso e possibilita di aggiungere priorita o trolley in cabina.</p></div>
  <div class=""cpv-landing-card""><strong>Check-in</strong><p>Verifica finestre di apertura, app mobile, costi in aeroporto e documenti richiesti.</p></div>
  <div class=""cpv-landing-card""><strong>Partenze italiane</strong><p>Confronta i principali aeroporti italiani per capire quali rotte o fasce orarie sono piu interessanti.</p></div>
</div>
<h2>Domande frequenti su TezJet</h2>
<div class=""cpv-faq"">
  <details><summary>Come verificare le regole bagaglio di TezJet?</summary><p>Consulta sempre la pagina ufficiale prima dell'acquisto: le regole possono cambiare in base alla tariffa, alla rotta e alla data di viaggio.</p></details>
  <details><summary>TezJet e adatta a chi cerca il prezzo piu basso?</summary><p>Dipende dalla rotta e dai servizi necessari. In molti casi le tariffe base sono competitive, ma conviene verificare gli extra prima di concludere la prenotazione.</p></details>
  <details><summary>Quali aeroporti italiani monitorare?</summary><p>Le partenze da Milano, Roma, Napoli, Venezia, Catania e Bologna sono tra quelle che gli utenti confrontano piu spesso.</p></details>
</div>","Compagnie aeree|Compagnie tradizionali",airline,K9,/compagnie-aeree/tezjet/,"TezJet: bagagli, check-in e rotte | ConfrontaPrezziVoli","Scopri come volare con TezJet: bagaglio a mano, check-in, consigli e rotte piu cercate dagli utenti italiani.","TezJet bagaglio check-in",airlines,"Compagnia classificata come tradizionale nel dataset."
post,publish,"Thai AirAsia (FD): bagagli, check-in, rotte e consigli 2026",compagnia-aerea-thai-airasia-fd,"Guida pratica su Thai AirAsia: bagaglio a mano, check-in, rotte popolari dall'Italia e consigli utili per prenotare.","<div class=""cpv-landing-note"">
  <p><strong>Guida pratica Thai AirAsia.</strong> Qui trovi una sintesi utile per capire come prenotare con Thai AirAsia, cosa controllare su bagagli e check-in e quali aspetti confrontare prima di acquistare il volo.</p>
</div>
<div class=""cpv-stat-grid"">
  <div class=""cpv-stat""><strong>Low cost</strong><span>Tipologia di compagnia secondo il dataset disponibile.</span></div>
  <div class=""cpv-stat""><strong>Check-in online</strong><span>Da verificare sempre sul sito ufficiale prima della partenza.</span></div>
  <div class=""cpv-stat""><strong>Bagagli</strong><span>Verifica con attenzione dimensioni e priorita del bagaglio a mano.</span></div>
</div>
<h2>Thai AirAsia: cosa controllare prima di prenotare</h2>
<p>La compagnia e spesso cercata per city break, leisure e rotte sensibili al prezzo. Prima della prenotazione conviene confrontare orari, politica bagagli, flessibilita della tariffa e aeroporto di partenza disponibile in Italia.</p>
<div class=""cpv-chip-list""><span class=""cpv-chip"">FCO</span><span class=""cpv-chip"">CIA</span><span class=""cpv-chip"">MXP</span><span class=""cpv-chip"">BGY</span><span class=""cpv-chip"">LIN</span><span class=""cpv-chip"">NAP</span></div>
<div class=""cpv-landing-grid"">
  <div class=""cpv-landing-card""><strong>Bagaglio a mano</strong><p>Controlla sempre misure, peso e possibilita di aggiungere priorita o trolley in cabina.</p></div>
  <div class=""cpv-landing-card""><strong>Check-in</strong><p>Verifica finestre di apertura, app mobile, costi in aeroporto e documenti richiesti.</p></div>
  <div class=""cpv-landing-card""><strong>Partenze italiane</strong><p>Confronta i principali aeroporti italiani per capire quali rotte o fasce orarie sono piu interessanti.</p></div>
</div>
<h2>Domande frequenti su Thai AirAsia</h2>
<div class=""cpv-faq"">
  <details><summary>Come verificare le regole bagaglio di Thai AirAsia?</summary><p>Consulta sempre la pagina ufficiale prima dell'acquisto: le regole possono cambiare in base alla tariffa, alla rotta e alla data di viaggio.</p></details>
  <details><summary>Thai AirAsia e adatta a chi cerca il prezzo piu basso?</summary><p>Dipende dalla rotta e dai servizi necessari. In molti casi le tariffe base sono competitive, ma conviene verificare gli extra prima di concludere la prenotazione.</p></details>
  <details><summary>Quali aeroporti italiani monitorare?</summary><p>Le partenze da Milano, Roma, Napoli, Venezia, Catania e Bologna sono tra quelle che gli utenti confrontano piu spesso.</p></details>
</div>","Compagnie aeree|Compagnie low cost",airline,FD,/compagnie-aeree/thai-airasia/,"Thai AirAsia: bagagli, check-in e rotte | ConfrontaPrezziVoli","Scopri come volare con Thai AirAsia: bagaglio a mano, check-in, consigli e rotte piu cercate dagli utenti italiani.","Thai AirAsia bagaglio check-in",airlines,"Compagnia classificata come low cost nel dataset."
post,publish,"Thai AirAsia X (XJ): bagagli, check-in, rotte e consigli 2026",compagnia-aerea-thai-airasia-x-xj,"Guida pratica su Thai AirAsia X: bagaglio a mano, check-in, rotte popolari dall'Italia e consigli utili per prenotare.","<div class=""cpv-landing-note"">
  <p><strong>Guida pratica Thai AirAsia X.</strong> Qui trovi una sintesi utile per capire come prenotare con Thai AirAsia X, cosa controllare su bagagli e check-in e quali aspetti confrontare prima di acquistare il volo.</p>
</div>
<div class=""cpv-stat-grid"">
  <div class=""cpv-stat""><strong>Low cost</strong><span>Tipologia di compagnia secondo il dataset disponibile.</span></div>
  <div class=""cpv-stat""><strong>Check-in online</strong><span>Da verificare sempre sul sito ufficiale prima della partenza.</span></div>
  <div class=""cpv-stat""><strong>Bagagli</strong><span>Verifica con attenzione dimensioni e priorita del bagaglio a mano.</span></div>
</div>
<h2>Thai AirAsia X: cosa controllare prima di prenotare</h2>
<p>La compagnia e spesso cercata per city break, leisure e rotte sensibili al prezzo. Prima della prenotazione conviene confrontare orari, politica bagagli, flessibilita della tariffa e aeroporto di partenza disponibile in Italia.</p>
<div class=""cpv-chip-list""><span class=""cpv-chip"">FCO</span><span class=""cpv-chip"">CIA</span><span class=""cpv-chip"">MXP</span><span class=""cpv-chip"">BGY</span><span class=""cpv-chip"">LIN</span><span class=""cpv-chip"">NAP</span></div>
<div class=""cpv-landing-grid"">
  <div class=""cpv-landing-card""><strong>Bagaglio a mano</strong><p>Controlla sempre misure, peso e possibilita di aggiungere priorita o trolley in cabina.</p></div>
  <div class=""cpv-landing-card""><strong>Check-in</strong><p>Verifica finestre di apertura, app mobile, costi in aeroporto e documenti richiesti.</p></div>
  <div class=""cpv-landing-card""><strong>Partenze italiane</strong><p>Confronta i principali aeroporti italiani per capire quali rotte o fasce orarie sono piu interessanti.</p></div>
</div>
<h2>Domande frequenti su Thai AirAsia X</h2>
<div class=""cpv-faq"">
  <details><summary>Come verificare le regole bagaglio di Thai AirAsia X?</summary><p>Consulta sempre la pagina ufficiale prima dell'acquisto: le regole possono cambiare in base alla tariffa, alla rotta e alla data di viaggio.</p></details>
  <details><summary>Thai AirAsia X e adatta a chi cerca il prezzo piu basso?</summary><p>Dipende dalla rotta e dai servizi necessari. In molti casi le tariffe base sono competitive, ma conviene verificare gli extra prima di concludere la prenotazione.</p></details>
  <details><summary>Quali aeroporti italiani monitorare?</summary><p>Le partenze da Milano, Roma, Napoli, Venezia, Catania e Bologna sono tra quelle che gli utenti confrontano piu spesso.</p></details>
</div>","Compagnie aeree|Compagnie low cost",airline,XJ,/compagnie-aeree/thai-airasia-x/,"Thai AirAsia X: bagagli, check-in e rotte | ConfrontaPrezziVoli","Scopri come volare con Thai AirAsia X: bagaglio a mano, check-in, consigli e rotte piu cercate dagli utenti italiani.","Thai AirAsia X bagaglio check-in",airlines,"Compagnia classificata come low cost nel dataset."
post,publish,"Thai Lion Air (SL): bagagli, check-in, rotte e consigli 2026",compagnia-aerea-thai-lion-air-sl,"Guida pratica su Thai Lion Air: bagaglio a mano, check-in, rotte popolari dall'Italia e consigli utili per prenotare.","<div class=""cpv-landing-note"">
  <p><strong>Guida pratica Thai Lion Air.</strong> Qui trovi una sintesi utile per capire come prenotare con Thai Lion Air, cosa controllare su bagagli e check-in e quali aspetti confrontare prima di acquistare il volo.</p>
</div>
<div class=""cpv-stat-grid"">
  <div class=""cpv-stat""><strong>Low cost</strong><span>Tipologia di compagnia secondo il dataset disponibile.</span></div>
  <div class=""cpv-stat""><strong>Check-in online</strong><span>Da verificare sempre sul sito ufficiale prima della partenza.</span></div>
  <div class=""cpv-stat""><strong>Bagagli</strong><span>Verifica con attenzione dimensioni e priorita del bagaglio a mano.</span></div>
</div>
<h2>Thai Lion Air: cosa controllare prima di prenotare</h2>
<p>La compagnia e spesso cercata per city break, leisure e rotte sensibili al prezzo. Prima della prenotazione conviene confrontare orari, politica bagagli, flessibilita della tariffa e aeroporto di partenza disponibile in Italia.</p>
<div class=""cpv-chip-list""><span class=""cpv-chip"">FCO</span><span class=""cpv-chip"">CIA</span><span class=""cpv-chip"">MXP</span><span class=""cpv-chip"">BGY</span><span class=""cpv-chip"">LIN</span><span class=""cpv-chip"">NAP</span></div>
<div class=""cpv-landing-grid"">
  <div class=""cpv-landing-card""><strong>Bagaglio a mano</strong><p>Controlla sempre misure, peso e possibilita di aggiungere priorita o trolley in cabina.</p></div>
  <div class=""cpv-landing-card""><strong>Check-in</strong><p>Verifica finestre di apertura, app mobile, costi in aeroporto e documenti richiesti.</p></div>
  <div class=""cpv-landing-card""><strong>Partenze italiane</strong><p>Confronta i principali aeroporti italiani per capire quali rotte o fasce orarie sono piu interessanti.</p></div>
</div>
<h2>Domande frequenti su Thai Lion Air</h2>
<div class=""cpv-faq"">
  <details><summary>Come verificare le regole bagaglio di Thai Lion Air?</summary><p>Consulta sempre la pagina ufficiale prima dell'acquisto: le regole possono cambiare in base alla tariffa, alla rotta e alla data di viaggio.</p></details>
  <details><summary>Thai Lion Air e adatta a chi cerca il prezzo piu basso?</summary><p>Dipende dalla rotta e dai servizi necessari. In molti casi le tariffe base sono competitive, ma conviene verificare gli extra prima di concludere la prenotazione.</p></details>
  <details><summary>Quali aeroporti italiani monitorare?</summary><p>Le partenze da Milano, Roma, Napoli, Venezia, Catania e Bologna sono tra quelle che gli utenti confrontano piu spesso.</p></details>
</div>","Compagnie aeree|Compagnie low cost",airline,SL,/compagnie-aeree/thai-lion-air/,"Thai Lion Air: bagagli, check-in e rotte | ConfrontaPrezziVoli","Scopri come volare con Thai Lion Air: bagaglio a mano, check-in, consigli e rotte piu cercate dagli utenti italiani.","Thai Lion Air bagaglio check-in",airlines,"Compagnia classificata come low cost nel dataset."
post,publish,"Thai Vietjet Air (VZ): bagagli, check-in, rotte e consigli 2026",compagnia-aerea-thai-vietjet-air-vz,"Guida pratica su Thai Vietjet Air: bagaglio a mano, check-in, rotte popolari dall'Italia e consigli utili per prenotare.","<div class=""cpv-landing-note"">
  <p><strong>Guida pratica Thai Vietjet Air.</strong> Qui trovi una sintesi utile per capire come prenotare con Thai Vietjet Air, cosa controllare su bagagli e check-in e quali aspetti confrontare prima di acquistare il volo.</p>
</div>
<div class=""cpv-stat-grid"">
  <div class=""cpv-stat""><strong>Low cost</strong><span>Tipologia di compagnia secondo il dataset disponibile.</span></div>
  <div class=""cpv-stat""><strong>Check-in online</strong><span>Da verificare sempre sul sito ufficiale prima della partenza.</span></div>
  <div class=""cpv-stat""><strong>Bagagli</strong><span>Verifica con attenzione dimensioni e priorita del bagaglio a mano.</span></div>
</div>
<h2>Thai Vietjet Air: cosa controllare prima di prenotare</h2>
<p>La compagnia e spesso cercata per city break, leisure e rotte sensibili al prezzo. Prima della prenotazione conviene confrontare orari, politica bagagli, flessibilita della tariffa e aeroporto di partenza disponibile in Italia.</p>
<div class=""cpv-chip-list""><span class=""cpv-chip"">FCO</span><span class=""cpv-chip"">CIA</span><span class=""cpv-chip"">MXP</span><span class=""cpv-chip"">BGY</span><span class=""cpv-chip"">LIN</span><span class=""cpv-chip"">NAP</span></div>
<div class=""cpv-landing-grid"">
  <div class=""cpv-landing-card""><strong>Bagaglio a mano</strong><p>Controlla sempre misure, peso e possibilita di aggiungere priorita o trolley in cabina.</p></div>
  <div class=""cpv-landing-card""><strong>Check-in</strong><p>Verifica finestre di apertura, app mobile, costi in aeroporto e documenti richiesti.</p></div>
  <div class=""cpv-landing-card""><strong>Partenze italiane</strong><p>Confronta i principali aeroporti italiani per capire quali rotte o fasce orarie sono piu interessanti.</p></div>
</div>
<h2>Domande frequenti su Thai Vietjet Air</h2>
<div class=""cpv-faq"">
  <details><summary>Come verificare le regole bagaglio di Thai Vietjet Air?</summary><p>Consulta sempre la pagina ufficiale prima dell'acquisto: le regole possono cambiare in base alla tariffa, alla rotta e alla data di viaggio.</p></details>
  <details><summary>Thai Vietjet Air e adatta a chi cerca il prezzo piu basso?</summary><p>Dipende dalla rotta e dai servizi necessari. In molti casi le tariffe base sono competitive, ma conviene verificare gli extra prima di concludere la prenotazione.</p></details>
  <details><summary>Quali aeroporti italiani monitorare?</summary><p>Le partenze da Milano, Roma, Napoli, Venezia, Catania e Bologna sono tra quelle che gli utenti confrontano piu spesso.</p></details>
</div>","Compagnie aeree|Compagnie low cost",airline,VZ,/compagnie-aeree/thai-vietjet-air/,"Thai Vietjet Air: bagagli, check-in e rotte | ConfrontaPrezziVoli","Scopri come volare con Thai Vietjet Air: bagaglio a mano, check-in, consigli e rotte piu cercate dagli utenti italiani.","Thai Vietjet Air bagaglio check-in",airlines,"Compagnia classificata come low cost nel dataset."
post,publish,"The Landline Company (L4): bagagli, check-in, rotte e consigli 2026",compagnia-aerea-the-landline-company-l4,"Guida pratica su The Landline Company: bagaglio a mano, check-in, rotte popolari dall'Italia e consigli utili per prenotare.","<div class=""cpv-landing-note"">
  <p><strong>Guida pratica The Landline Company.</strong> Qui trovi una sintesi utile per capire come prenotare con The Landline Company, cosa controllare su bagagli e check-in e quali aspetti confrontare prima di acquistare il volo.</p>
</div>
<div class=""cpv-stat-grid"">
  <div class=""cpv-stat""><strong>Tradizionale</strong><span>Tipologia di compagnia secondo il dataset disponibile.</span></div>
  <div class=""cpv-stat""><strong>Check-in online</strong><span>Da verificare sempre sul sito ufficiale prima della partenza.</span></div>
  <div class=""cpv-stat""><strong>Bagagli</strong><span>Controlla franchigia e servizi inclusi in base alla tariffa scelta.</span></div>
</div>
<h2>The Landline Company: cosa controllare prima di prenotare</h2>
<p>La compagnia viene spesso valutata per tratte business, nazionali o con servizi aggiuntivi. Prima della prenotazione conviene confrontare orari, politica bagagli, flessibilita della tariffa e aeroporto di partenza disponibile in Italia.</p>
<div class=""cpv-chip-list""><span class=""cpv-chip"">FCO</span><span class=""cpv-chip"">CIA</span><span class=""cpv-chip"">MXP</span><span class=""cpv-chip"">BGY</span><span class=""cpv-chip"">LIN</span><span class=""cpv-chip"">NAP</span></div>
<div class=""cpv-landing-grid"">
  <div class=""cpv-landing-card""><strong>Bagaglio a mano</strong><p>Controlla sempre misure, peso e possibilita di aggiungere priorita o trolley in cabina.</p></div>
  <div class=""cpv-landing-card""><strong>Check-in</strong><p>Verifica finestre di apertura, app mobile, costi in aeroporto e documenti richiesti.</p></div>
  <div class=""cpv-landing-card""><strong>Partenze italiane</strong><p>Confronta i principali aeroporti italiani per capire quali rotte o fasce orarie sono piu interessanti.</p></div>
</div>
<h2>Domande frequenti su The Landline Company</h2>
<div class=""cpv-faq"">
  <details><summary>Come verificare le regole bagaglio di The Landline Company?</summary><p>Consulta sempre la pagina ufficiale prima dell'acquisto: le regole possono cambiare in base alla tariffa, alla rotta e alla data di viaggio.</p></details>
  <details><summary>The Landline Company e adatta a chi cerca il prezzo piu basso?</summary><p>Dipende dalla rotta e dai servizi necessari. In molti casi le tariffe base sono competitive, ma conviene verificare gli extra prima di concludere la prenotazione.</p></details>
  <details><summary>Quali aeroporti italiani monitorare?</summary><p>Le partenze da Milano, Roma, Napoli, Venezia, Catania e Bologna sono tra quelle che gli utenti confrontano piu spesso.</p></details>
</div>","Compagnie aeree|Compagnie tradizionali",airline,L4,/compagnie-aeree/the-landline-company/,"The Landline Company: bagagli, check-in e rotte | ConfrontaPrezziVoli","Scopri come volare con The Landline Company: bagaglio a mano, check-in, consigli e rotte piu cercate dagli utenti italiani.","The Landline Company bagaglio check-in",airlines,"Compagnia classificata come tradizionale nel dataset."
post,publish,"Thomas Cook Airlines (MT): bagagli, check-in, rotte e consigli 2026",compagnia-aerea-thomas-cook-airlines-mt,"Guida pratica su Thomas Cook Airlines: bagaglio a mano, check-in, rotte popolari dall'Italia e consigli utili per prenotare.","<div class=""cpv-landing-note"">
  <p><strong>Guida pratica Thomas Cook Airlines.</strong> Qui trovi una sintesi utile per capire come prenotare con Thomas Cook Airlines, cosa controllare su bagagli e check-in e quali aspetti confrontare prima di acquistare il volo.</p>
</div>
<div class=""cpv-stat-grid"">
  <div class=""cpv-stat""><strong>Tradizionale</strong><span>Tipologia di compagnia secondo il dataset disponibile.</span></div>
  <div class=""cpv-stat""><strong>Check-in online</strong><span>Da verificare sempre sul sito ufficiale prima della partenza.</span></div>
  <div class=""cpv-stat""><strong>Bagagli</strong><span>Controlla franchigia e servizi inclusi in base alla tariffa scelta.</span></div>
</div>
<h2>Thomas Cook Airlines: cosa controllare prima di prenotare</h2>
<p>La compagnia viene spesso valutata per tratte business, nazionali o con servizi aggiuntivi. Prima della prenotazione conviene confrontare orari, politica bagagli, flessibilita della tariffa e aeroporto di partenza disponibile in Italia.</p>
<div class=""cpv-chip-list""><span class=""cpv-chip"">FCO</span><span class=""cpv-chip"">CIA</span><span class=""cpv-chip"">MXP</span><span class=""cpv-chip"">BGY</span><span class=""cpv-chip"">LIN</span><span class=""cpv-chip"">NAP</span></div>
<div class=""cpv-landing-grid"">
  <div class=""cpv-landing-card""><strong>Bagaglio a mano</strong><p>Controlla sempre misure, peso e possibilita di aggiungere priorita o trolley in cabina.</p></div>
  <div class=""cpv-landing-card""><strong>Check-in</strong><p>Verifica finestre di apertura, app mobile, costi in aeroporto e documenti richiesti.</p></div>
  <div class=""cpv-landing-card""><strong>Partenze italiane</strong><p>Confronta i principali aeroporti italiani per capire quali rotte o fasce orarie sono piu interessanti.</p></div>
</div>
<h2>Domande frequenti su Thomas Cook Airlines</h2>
<div class=""cpv-faq"">
  <details><summary>Come verificare le regole bagaglio di Thomas Cook Airlines?</summary><p>Consulta sempre la pagina ufficiale prima dell'acquisto: le regole possono cambiare in base alla tariffa, alla rotta e alla data di viaggio.</p></details>
  <details><summary>Thomas Cook Airlines e adatta a chi cerca il prezzo piu basso?</summary><p>Dipende dalla rotta e dai servizi necessari. In molti casi le tariffe base sono competitive, ma conviene verificare gli extra prima di concludere la prenotazione.</p></details>
  <details><summary>Quali aeroporti italiani monitorare?</summary><p>Le partenze da Milano, Roma, Napoli, Venezia, Catania e Bologna sono tra quelle che gli utenti confrontano piu spesso.</p></details>
</div>","Compagnie aeree|Compagnie tradizionali",airline,MT,/compagnie-aeree/thomas-cook-airlines/,"Thomas Cook Airlines: bagagli, check-in e rotte | ConfrontaPrezziVoli","Scopri come volare con Thomas Cook Airlines: bagaglio a mano, check-in, consigli e rotte piu cercate dagli utenti italiani.","Thomas Cook Airlines bagaglio check-in",airlines,"Compagnia classificata come tradizionale nel dataset."
post,publish,"Thomas Cook Airlines Belgium (HQ): bagagli, check-in, rotte e consigli 2026",compagnia-aerea-thomas-cook-airlines-belgium-hq,"Guida pratica su Thomas Cook Airlines Belgium: bagaglio a mano, check-in, rotte popolari dall'Italia e consigli utili per prenotare.","<div class=""cpv-landing-note"">
  <p><strong>Guida pratica Thomas Cook Airlines Belgium.</strong> Qui trovi una sintesi utile per capire come prenotare con Thomas Cook Airlines Belgium, cosa controllare su bagagli e check-in e quali aspetti confrontare prima di acquistare il volo.</p>
</div>
<div class=""cpv-stat-grid"">
  <div class=""cpv-stat""><strong>Tradizionale</strong><span>Tipologia di compagnia secondo il dataset disponibile.</span></div>
  <div class=""cpv-stat""><strong>Check-in online</strong><span>Da verificare sempre sul sito ufficiale prima della partenza.</span></div>
  <div class=""cpv-stat""><strong>Bagagli</strong><span>Controlla franchigia e servizi inclusi in base alla tariffa scelta.</span></div>
</div>
<h2>Thomas Cook Airlines Belgium: cosa controllare prima di prenotare</h2>
<p>La compagnia viene spesso valutata per tratte business, nazionali o con servizi aggiuntivi. Prima della prenotazione conviene confrontare orari, politica bagagli, flessibilita della tariffa e aeroporto di partenza disponibile in Italia.</p>
<div class=""cpv-chip-list""><span class=""cpv-chip"">FCO</span><span class=""cpv-chip"">CIA</span><span class=""cpv-chip"">MXP</span><span class=""cpv-chip"">BGY</span><span class=""cpv-chip"">LIN</span><span class=""cpv-chip"">NAP</span></div>
<div class=""cpv-landing-grid"">
  <div class=""cpv-landing-card""><strong>Bagaglio a mano</strong><p>Controlla sempre misure, peso e possibilita di aggiungere priorita o trolley in cabina.</p></div>
  <div class=""cpv-landing-card""><strong>Check-in</strong><p>Verifica finestre di apertura, app mobile, costi in aeroporto e documenti richiesti.</p></div>
  <div class=""cpv-landing-card""><strong>Partenze italiane</strong><p>Confronta i principali aeroporti italiani per capire quali rotte o fasce orarie sono piu interessanti.</p></div>
</div>
<h2>Domande frequenti su Thomas Cook Airlines Belgium</h2>
<div class=""cpv-faq"">
  <details><summary>Come verificare le regole bagaglio di Thomas Cook Airlines Belgium?</summary><p>Consulta sempre la pagina ufficiale prima dell'acquisto: le regole possono cambiare in base alla tariffa, alla rotta e alla data di viaggio.</p></details>
  <details><summary>Thomas Cook Airlines Belgium e adatta a chi cerca il prezzo piu basso?</summary><p>Dipende dalla rotta e dai servizi necessari. In molti casi le tariffe base sono competitive, ma conviene verificare gli extra prima di concludere la prenotazione.</p></details>
  <details><summary>Quali aeroporti italiani monitorare?</summary><p>Le partenze da Milano, Roma, Napoli, Venezia, Catania e Bologna sono tra quelle che gli utenti confrontano piu spesso.</p></details>
</div>","Compagnie aeree|Compagnie tradizionali",airline,HQ,/compagnie-aeree/thomas-cook-airlines-belgium/,"Thomas Cook Airlines Belgium: bagagli, check-in e rotte | ConfrontaPrezziVoli","Scopri come volare con Thomas Cook Airlines Belgium: bagaglio a mano, check-in, consigli e rotte piu cercate dagli utenti italiani.","Thomas Cook Airlines Belgium bagaglio check-in",airlines,"Compagnia classificata come tradizionale nel dataset."
post,publish,"Tianjin Airlines (GS): bagagli, check-in, rotte e consigli 2026",compagnia-aerea-tianjin-airlines-gs,"Guida pratica su Tianjin Airlines: bagaglio a mano, check-in, rotte popolari dall'Italia e consigli utili per prenotare.","<div class=""cpv-landing-note"">
  <p><strong>Guida pratica Tianjin Airlines.</strong> Qui trovi una sintesi utile per capire come prenotare con Tianjin Airlines, cosa controllare su bagagli e check-in e quali aspetti confrontare prima di acquistare il volo.</p>
</div>
<div class=""cpv-stat-grid"">
  <div class=""cpv-stat""><strong>Tradizionale</strong><span>Tipologia di compagnia secondo il dataset disponibile.</span></div>
  <div class=""cpv-stat""><strong>Check-in online</strong><span>Da verificare sempre sul sito ufficiale prima della partenza.</span></div>
  <div class=""cpv-stat""><strong>Bagagli</strong><span>Controlla franchigia e servizi inclusi in base alla tariffa scelta.</span></div>
</div>
<h2>Tianjin Airlines: cosa controllare prima di prenotare</h2>
<p>La compagnia viene spesso valutata per tratte business, nazionali o con servizi aggiuntivi. Prima della prenotazione conviene confrontare orari, politica bagagli, flessibilita della tariffa e aeroporto di partenza disponibile in Italia.</p>
<div class=""cpv-chip-list""><span class=""cpv-chip"">FCO</span><span class=""cpv-chip"">CIA</span><span class=""cpv-chip"">MXP</span><span class=""cpv-chip"">BGY</span><span class=""cpv-chip"">LIN</span><span class=""cpv-chip"">NAP</span></div>
<div class=""cpv-landing-grid"">
  <div class=""cpv-landing-card""><strong>Bagaglio a mano</strong><p>Controlla sempre misure, peso e possibilita di aggiungere priorita o trolley in cabina.</p></div>
  <div class=""cpv-landing-card""><strong>Check-in</strong><p>Verifica finestre di apertura, app mobile, costi in aeroporto e documenti richiesti.</p></div>
  <div class=""cpv-landing-card""><strong>Partenze italiane</strong><p>Confronta i principali aeroporti italiani per capire quali rotte o fasce orarie sono piu interessanti.</p></div>
</div>
<h2>Domande frequenti su Tianjin Airlines</h2>
<div class=""cpv-faq"">
  <details><summary>Come verificare le regole bagaglio di Tianjin Airlines?</summary><p>Consulta sempre la pagina ufficiale prima dell'acquisto: le regole possono cambiare in base alla tariffa, alla rotta e alla data di viaggio.</p></details>
  <details><summary>Tianjin Airlines e adatta a chi cerca il prezzo piu basso?</summary><p>Dipende dalla rotta e dai servizi necessari. In molti casi le tariffe base sono competitive, ma conviene verificare gli extra prima di concludere la prenotazione.</p></details>
  <details><summary>Quali aeroporti italiani monitorare?</summary><p>Le partenze da Milano, Roma, Napoli, Venezia, Catania e Bologna sono tra quelle che gli utenti confrontano piu spesso.</p></details>
</div>","Compagnie aeree|Compagnie tradizionali",airline,GS,/compagnie-aeree/tianjin-airlines/,"Tianjin Airlines: bagagli, check-in e rotte | ConfrontaPrezziVoli","Scopri come volare con Tianjin Airlines: bagaglio a mano, check-in, consigli e rotte piu cercate dagli utenti italiani.","Tianjin Airlines bagaglio check-in",airlines,"Compagnia classificata come tradizionale nel dataset."
post,publish,"Tibet Airlines (TV): bagagli, check-in, rotte e consigli 2026",compagnia-aerea-tibet-airlines-tv,"Guida pratica su Tibet Airlines: bagaglio a mano, check-in, rotte popolari dall'Italia e consigli utili per prenotare.","<div class=""cpv-landing-note"">
  <p><strong>Guida pratica Tibet Airlines.</strong> Qui trovi una sintesi utile per capire come prenotare con Tibet Airlines, cosa controllare su bagagli e check-in e quali aspetti confrontare prima di acquistare il volo.</p>
</div>
<div class=""cpv-stat-grid"">
  <div class=""cpv-stat""><strong>Tradizionale</strong><span>Tipologia di compagnia secondo il dataset disponibile.</span></div>
  <div class=""cpv-stat""><strong>Check-in online</strong><span>Da verificare sempre sul sito ufficiale prima della partenza.</span></div>
  <div class=""cpv-stat""><strong>Bagagli</strong><span>Controlla franchigia e servizi inclusi in base alla tariffa scelta.</span></div>
</div>
<h2>Tibet Airlines: cosa controllare prima di prenotare</h2>
<p>La compagnia viene spesso valutata per tratte business, nazionali o con servizi aggiuntivi. Prima della prenotazione conviene confrontare orari, politica bagagli, flessibilita della tariffa e aeroporto di partenza disponibile in Italia.</p>
<div class=""cpv-chip-list""><span class=""cpv-chip"">FCO</span><span class=""cpv-chip"">CIA</span><span class=""cpv-chip"">MXP</span><span class=""cpv-chip"">BGY</span><span class=""cpv-chip"">LIN</span><span class=""cpv-chip"">NAP</span></div>
<div class=""cpv-landing-grid"">
  <div class=""cpv-landing-card""><strong>Bagaglio a mano</strong><p>Controlla sempre misure, peso e possibilita di aggiungere priorita o trolley in cabina.</p></div>
  <div class=""cpv-landing-card""><strong>Check-in</strong><p>Verifica finestre di apertura, app mobile, costi in aeroporto e documenti richiesti.</p></div>
  <div class=""cpv-landing-card""><strong>Partenze italiane</strong><p>Confronta i principali aeroporti italiani per capire quali rotte o fasce orarie sono piu interessanti.</p></div>
</div>
<h2>Domande frequenti su Tibet Airlines</h2>
<div class=""cpv-faq"">
  <details><summary>Come verificare le regole bagaglio di Tibet Airlines?</summary><p>Consulta sempre la pagina ufficiale prima dell'acquisto: le regole possono cambiare in base alla tariffa, alla rotta e alla data di viaggio.</p></details>
  <details><summary>Tibet Airlines e adatta a chi cerca il prezzo piu basso?</summary><p>Dipende dalla rotta e dai servizi necessari. In molti casi le tariffe base sono competitive, ma conviene verificare gli extra prima di concludere la prenotazione.</p></details>
  <details><summary>Quali aeroporti italiani monitorare?</summary><p>Le partenze da Milano, Roma, Napoli, Venezia, Catania e Bologna sono tra quelle che gli utenti confrontano piu spesso.</p></details>
</div>","Compagnie aeree|Compagnie tradizionali",airline,TV,/compagnie-aeree/tibet-airlines/,"Tibet Airlines: bagagli, check-in e rotte | ConfrontaPrezziVoli","Scopri come volare con Tibet Airlines: bagaglio a mano, check-in, consigli e rotte piu cercate dagli utenti italiani.","Tibet Airlines bagaglio check-in",airlines,"Compagnia classificata come tradizionale nel dataset."
post,publish,"Tigerair Mandala (RI): bagagli, check-in, rotte e consigli 2026",compagnia-aerea-tigerair-mandala-ri,"Guida pratica su Tigerair Mandala: bagaglio a mano, check-in, rotte popolari dall'Italia e consigli utili per prenotare.","<div class=""cpv-landing-note"">
  <p><strong>Guida pratica Tigerair Mandala.</strong> Qui trovi una sintesi utile per capire come prenotare con Tigerair Mandala, cosa controllare su bagagli e check-in e quali aspetti confrontare prima di acquistare il volo.</p>
</div>
<div class=""cpv-stat-grid"">
  <div class=""cpv-stat""><strong>Tradizionale</strong><span>Tipologia di compagnia secondo il dataset disponibile.</span></div>
  <div class=""cpv-stat""><strong>Check-in online</strong><span>Da verificare sempre sul sito ufficiale prima della partenza.</span></div>
  <div class=""cpv-stat""><strong>Bagagli</strong><span>Controlla franchigia e servizi inclusi in base alla tariffa scelta.</span></div>
</div>
<h2>Tigerair Mandala: cosa controllare prima di prenotare</h2>
<p>La compagnia viene spesso valutata per tratte business, nazionali o con servizi aggiuntivi. Prima della prenotazione conviene confrontare orari, politica bagagli, flessibilita della tariffa e aeroporto di partenza disponibile in Italia.</p>
<div class=""cpv-chip-list""><span class=""cpv-chip"">FCO</span><span class=""cpv-chip"">CIA</span><span class=""cpv-chip"">MXP</span><span class=""cpv-chip"">BGY</span><span class=""cpv-chip"">LIN</span><span class=""cpv-chip"">NAP</span></div>
<div class=""cpv-landing-grid"">
  <div class=""cpv-landing-card""><strong>Bagaglio a mano</strong><p>Controlla sempre misure, peso e possibilita di aggiungere priorita o trolley in cabina.</p></div>
  <div class=""cpv-landing-card""><strong>Check-in</strong><p>Verifica finestre di apertura, app mobile, costi in aeroporto e documenti richiesti.</p></div>
  <div class=""cpv-landing-card""><strong>Partenze italiane</strong><p>Confronta i principali aeroporti italiani per capire quali rotte o fasce orarie sono piu interessanti.</p></div>
</div>
<h2>Domande frequenti su Tigerair Mandala</h2>
<div class=""cpv-faq"">
  <details><summary>Come verificare le regole bagaglio di Tigerair Mandala?</summary><p>Consulta sempre la pagina ufficiale prima dell'acquisto: le regole possono cambiare in base alla tariffa, alla rotta e alla data di viaggio.</p></details>
  <details><summary>Tigerair Mandala e adatta a chi cerca il prezzo piu basso?</summary><p>Dipende dalla rotta e dai servizi necessari. In molti casi le tariffe base sono competitive, ma conviene verificare gli extra prima di concludere la prenotazione.</p></details>
  <details><summary>Quali aeroporti italiani monitorare?</summary><p>Le partenze da Milano, Roma, Napoli, Venezia, Catania e Bologna sono tra quelle che gli utenti confrontano piu spesso.</p></details>
</div>","Compagnie aeree|Compagnie tradizionali",airline,RI,/compagnie-aeree/tigerair-mandala/,"Tigerair Mandala: bagagli, check-in e rotte | ConfrontaPrezziVoli","Scopri come volare con Tigerair Mandala: bagaglio a mano, check-in, consigli e rotte piu cercate dagli utenti italiani.","Tigerair Mandala bagaglio check-in",airlines,"Compagnia classificata come tradizionale nel dataset."
post,publish,"Tigerair Taiwan (IT): bagagli, check-in, rotte e consigli 2026",compagnia-aerea-tigerair-taiwan-it,"Guida pratica su Tigerair Taiwan: bagaglio a mano, check-in, rotte popolari dall'Italia e consigli utili per prenotare.","<div class=""cpv-landing-note"">
  <p><strong>Guida pratica Tigerair Taiwan.</strong> Qui trovi una sintesi utile per capire come prenotare con Tigerair Taiwan, cosa controllare su bagagli e check-in e quali aspetti confrontare prima di acquistare il volo.</p>
</div>
<div class=""cpv-stat-grid"">
  <div class=""cpv-stat""><strong>Low cost</strong><span>Tipologia di compagnia secondo il dataset disponibile.</span></div>
  <div class=""cpv-stat""><strong>Check-in online</strong><span>Da verificare sempre sul sito ufficiale prima della partenza.</span></div>
  <div class=""cpv-stat""><strong>Bagagli</strong><span>Verifica con attenzione dimensioni e priorita del bagaglio a mano.</span></div>
</div>
<h2>Tigerair Taiwan: cosa controllare prima di prenotare</h2>
<p>La compagnia e spesso cercata per city break, leisure e rotte sensibili al prezzo. Prima della prenotazione conviene confrontare orari, politica bagagli, flessibilita della tariffa e aeroporto di partenza disponibile in Italia.</p>
<div class=""cpv-chip-list""><span class=""cpv-chip"">FCO</span><span class=""cpv-chip"">CIA</span><span class=""cpv-chip"">MXP</span><span class=""cpv-chip"">BGY</span><span class=""cpv-chip"">LIN</span><span class=""cpv-chip"">NAP</span></div>
<div class=""cpv-landing-grid"">
  <div class=""cpv-landing-card""><strong>Bagaglio a mano</strong><p>Controlla sempre misure, peso e possibilita di aggiungere priorita o trolley in cabina.</p></div>
  <div class=""cpv-landing-card""><strong>Check-in</strong><p>Verifica finestre di apertura, app mobile, costi in aeroporto e documenti richiesti.</p></div>
  <div class=""cpv-landing-card""><strong>Partenze italiane</strong><p>Confronta i principali aeroporti italiani per capire quali rotte o fasce orarie sono piu interessanti.</p></div>
</div>
<h2>Domande frequenti su Tigerair Taiwan</h2>
<div class=""cpv-faq"">
  <details><summary>Come verificare le regole bagaglio di Tigerair Taiwan?</summary><p>Consulta sempre la pagina ufficiale prima dell'acquisto: le regole possono cambiare in base alla tariffa, alla rotta e alla data di viaggio.</p></details>
  <details><summary>Tigerair Taiwan e adatta a chi cerca il prezzo piu basso?</summary><p>Dipende dalla rotta e dai servizi necessari. In molti casi le tariffe base sono competitive, ma conviene verificare gli extra prima di concludere la prenotazione.</p></details>
  <details><summary>Quali aeroporti italiani monitorare?</summary><p>Le partenze da Milano, Roma, Napoli, Venezia, Catania e Bologna sono tra quelle che gli utenti confrontano piu spesso.</p></details>
</div>","Compagnie aeree|Compagnie low cost",airline,IT,/compagnie-aeree/tigerair-taiwan/,"Tigerair Taiwan: bagagli, check-in e rotte | ConfrontaPrezziVoli","Scopri come volare con Tigerair Taiwan: bagaglio a mano, check-in, consigli e rotte piu cercate dagli utenti italiani.","Tigerair Taiwan bagaglio check-in",airlines,"Compagnia classificata come low cost nel dataset."
post,publish,"Titan Airways Limited (ZT): bagagli, check-in, rotte e consigli 2026",compagnia-aerea-titan-airways-limited-zt,"Guida pratica su Titan Airways Limited: bagaglio a mano, check-in, rotte popolari dall'Italia e consigli utili per prenotare.","<div class=""cpv-landing-note"">
  <p><strong>Guida pratica Titan Airways Limited.</strong> Qui trovi una sintesi utile per capire come prenotare con Titan Airways Limited, cosa controllare su bagagli e check-in e quali aspetti confrontare prima di acquistare il volo.</p>
</div>
<div class=""cpv-stat-grid"">
  <div class=""cpv-stat""><strong>Tradizionale</strong><span>Tipologia di compagnia secondo il dataset disponibile.</span></div>
  <div class=""cpv-stat""><strong>Check-in online</strong><span>Da verificare sempre sul sito ufficiale prima della partenza.</span></div>
  <div class=""cpv-stat""><strong>Bagagli</strong><span>Controlla franchigia e servizi inclusi in base alla tariffa scelta.</span></div>
</div>
<h2>Titan Airways Limited: cosa controllare prima di prenotare</h2>
<p>La compagnia viene spesso valutata per tratte business, nazionali o con servizi aggiuntivi. Prima della prenotazione conviene confrontare orari, politica bagagli, flessibilita della tariffa e aeroporto di partenza disponibile in Italia.</p>
<div class=""cpv-chip-list""><span class=""cpv-chip"">FCO</span><span class=""cpv-chip"">CIA</span><span class=""cpv-chip"">MXP</span><span class=""cpv-chip"">BGY</span><span class=""cpv-chip"">LIN</span><span class=""cpv-chip"">NAP</span></div>
<div class=""cpv-landing-grid"">
  <div class=""cpv-landing-card""><strong>Bagaglio a mano</strong><p>Controlla sempre misure, peso e possibilita di aggiungere priorita o trolley in cabina.</p></div>
  <div class=""cpv-landing-card""><strong>Check-in</strong><p>Verifica finestre di apertura, app mobile, costi in aeroporto e documenti richiesti.</p></div>
  <div class=""cpv-landing-card""><strong>Partenze italiane</strong><p>Confronta i principali aeroporti italiani per capire quali rotte o fasce orarie sono piu interessanti.</p></div>
</div>
<h2>Domande frequenti su Titan Airways Limited</h2>
<div class=""cpv-faq"">
  <details><summary>Come verificare le regole bagaglio di Titan Airways Limited?</summary><p>Consulta sempre la pagina ufficiale prima dell'acquisto: le regole possono cambiare in base alla tariffa, alla rotta e alla data di viaggio.</p></details>
  <details><summary>Titan Airways Limited e adatta a chi cerca il prezzo piu basso?</summary><p>Dipende dalla rotta e dai servizi necessari. In molti casi le tariffe base sono competitive, ma conviene verificare gli extra prima di concludere la prenotazione.</p></details>
  <details><summary>Quali aeroporti italiani monitorare?</summary><p>Le partenze da Milano, Roma, Napoli, Venezia, Catania e Bologna sono tra quelle che gli utenti confrontano piu spesso.</p></details>
</div>","Compagnie aeree|Compagnie tradizionali",airline,ZT,/compagnie-aeree/titan-airways-limited/,"Titan Airways Limited: bagagli, check-in e rotte | ConfrontaPrezziVoli","Scopri come volare con Titan Airways Limited: bagaglio a mano, check-in, consigli e rotte piu cercate dagli utenti italiani.","Titan Airways Limited bagaglio check-in",airlines,"Compagnia classificata come tradizionale nel dataset."
post,publish,"Toki Air (BV): bagagli, check-in, rotte e consigli 2026",compagnia-aerea-toki-air-bv,"Guida pratica su Toki Air: bagaglio a mano, check-in, rotte popolari dall'Italia e consigli utili per prenotare.","<div class=""cpv-landing-note"">
  <p><strong>Guida pratica Toki Air.</strong> Qui trovi una sintesi utile per capire come prenotare con Toki Air, cosa controllare su bagagli e check-in e quali aspetti confrontare prima di acquistare il volo.</p>
</div>
<div class=""cpv-stat-grid"">
  <div class=""cpv-stat""><strong>Low cost</strong><span>Tipologia di compagnia secondo il dataset disponibile.</span></div>
  <div class=""cpv-stat""><strong>Check-in online</strong><span>Da verificare sempre sul sito ufficiale prima della partenza.</span></div>
  <div class=""cpv-stat""><strong>Bagagli</strong><span>Verifica con attenzione dimensioni e priorita del bagaglio a mano.</span></div>
</div>
<h2>Toki Air: cosa controllare prima di prenotare</h2>
<p>La compagnia e spesso cercata per city break, leisure e rotte sensibili al prezzo. Prima della prenotazione conviene confrontare orari, politica bagagli, flessibilita della tariffa e aeroporto di partenza disponibile in Italia.</p>
<div class=""cpv-chip-list""><span class=""cpv-chip"">FCO</span><span class=""cpv-chip"">CIA</span><span class=""cpv-chip"">MXP</span><span class=""cpv-chip"">BGY</span><span class=""cpv-chip"">LIN</span><span class=""cpv-chip"">NAP</span></div>
<div class=""cpv-landing-grid"">
  <div class=""cpv-landing-card""><strong>Bagaglio a mano</strong><p>Controlla sempre misure, peso e possibilita di aggiungere priorita o trolley in cabina.</p></div>
  <div class=""cpv-landing-card""><strong>Check-in</strong><p>Verifica finestre di apertura, app mobile, costi in aeroporto e documenti richiesti.</p></div>
  <div class=""cpv-landing-card""><strong>Partenze italiane</strong><p>Confronta i principali aeroporti italiani per capire quali rotte o fasce orarie sono piu interessanti.</p></div>
</div>
<h2>Domande frequenti su Toki Air</h2>
<div class=""cpv-faq"">
  <details><summary>Come verificare le regole bagaglio di Toki Air?</summary><p>Consulta sempre la pagina ufficiale prima dell'acquisto: le regole possono cambiare in base alla tariffa, alla rotta e alla data di viaggio.</p></details>
  <details><summary>Toki Air e adatta a chi cerca il prezzo piu basso?</summary><p>Dipende dalla rotta e dai servizi necessari. In molti casi le tariffe base sono competitive, ma conviene verificare gli extra prima di concludere la prenotazione.</p></details>
  <details><summary>Quali aeroporti italiani monitorare?</summary><p>Le partenze da Milano, Roma, Napoli, Venezia, Catania e Bologna sono tra quelle che gli utenti confrontano piu spesso.</p></details>
</div>","Compagnie aeree|Compagnie low cost",airline,BV,/compagnie-aeree/toki-air/,"Toki Air: bagagli, check-in e rotte | ConfrontaPrezziVoli","Scopri come volare con Toki Air: bagaglio a mano, check-in, consigli e rotte piu cercate dagli utenti italiani.","Toki Air bagaglio check-in",airlines,"Compagnia classificata come low cost nel dataset."
post,publish,"Total Linhas Aereas (0T): bagagli, check-in, rotte e consigli 2026",compagnia-aerea-total-linhas-aereas-0t,"Guida pratica su Total Linhas Aereas: bagaglio a mano, check-in, rotte popolari dall'Italia e consigli utili per prenotare.","<div class=""cpv-landing-note"">
  <p><strong>Guida pratica Total Linhas Aereas.</strong> Qui trovi una sintesi utile per capire come prenotare con Total Linhas Aereas, cosa controllare su bagagli e check-in e quali aspetti confrontare prima di acquistare il volo.</p>
</div>
<div class=""cpv-stat-grid"">
  <div class=""cpv-stat""><strong>Tradizionale</strong><span>Tipologia di compagnia secondo il dataset disponibile.</span></div>
  <div class=""cpv-stat""><strong>Check-in online</strong><span>Da verificare sempre sul sito ufficiale prima della partenza.</span></div>
  <div class=""cpv-stat""><strong>Bagagli</strong><span>Controlla franchigia e servizi inclusi in base alla tariffa scelta.</span></div>
</div>
<h2>Total Linhas Aereas: cosa controllare prima di prenotare</h2>
<p>La compagnia viene spesso valutata per tratte business, nazionali o con servizi aggiuntivi. Prima della prenotazione conviene confrontare orari, politica bagagli, flessibilita della tariffa e aeroporto di partenza disponibile in Italia.</p>
<div class=""cpv-chip-list""><span class=""cpv-chip"">FCO</span><span class=""cpv-chip"">CIA</span><span class=""cpv-chip"">MXP</span><span class=""cpv-chip"">BGY</span><span class=""cpv-chip"">LIN</span><span class=""cpv-chip"">NAP</span></div>
<div class=""cpv-landing-grid"">
  <div class=""cpv-landing-card""><strong>Bagaglio a mano</strong><p>Controlla sempre misure, peso e possibilita di aggiungere priorita o trolley in cabina.</p></div>
  <div class=""cpv-landing-card""><strong>Check-in</strong><p>Verifica finestre di apertura, app mobile, costi in aeroporto e documenti richiesti.</p></div>
  <div class=""cpv-landing-card""><strong>Partenze italiane</strong><p>Confronta i principali aeroporti italiani per capire quali rotte o fasce orarie sono piu interessanti.</p></div>
</div>
<h2>Domande frequenti su Total Linhas Aereas</h2>
<div class=""cpv-faq"">
  <details><summary>Come verificare le regole bagaglio di Total Linhas Aereas?</summary><p>Consulta sempre la pagina ufficiale prima dell'acquisto: le regole possono cambiare in base alla tariffa, alla rotta e alla data di viaggio.</p></details>
  <details><summary>Total Linhas Aereas e adatta a chi cerca il prezzo piu basso?</summary><p>Dipende dalla rotta e dai servizi necessari. In molti casi le tariffe base sono competitive, ma conviene verificare gli extra prima di concludere la prenotazione.</p></details>
  <details><summary>Quali aeroporti italiani monitorare?</summary><p>Le partenze da Milano, Roma, Napoli, Venezia, Catania e Bologna sono tra quelle che gli utenti confrontano piu spesso.</p></details>
</div>","Compagnie aeree|Compagnie tradizionali",airline,0T,/compagnie-aeree/total-linhas-aereas/,"Total Linhas Aereas: bagagli, check-in e rotte | ConfrontaPrezziVoli","Scopri come volare con Total Linhas Aereas: bagaglio a mano, check-in, consigli e rotte piu cercate dagli utenti italiani.","Total Linhas Aereas bagaglio check-in",airlines,"Compagnia classificata come tradizionale nel dataset."
post,publish,"Trade Air (C3): bagagli, check-in, rotte e consigli 2026",compagnia-aerea-trade-air-c3,"Guida pratica su Trade Air: bagaglio a mano, check-in, rotte popolari dall'Italia e consigli utili per prenotare.","<div class=""cpv-landing-note"">
  <p><strong>Guida pratica Trade Air.</strong> Qui trovi una sintesi utile per capire come prenotare con Trade Air, cosa controllare su bagagli e check-in e quali aspetti confrontare prima di acquistare il volo.</p>
</div>
<div class=""cpv-stat-grid"">
  <div class=""cpv-stat""><strong>Tradizionale</strong><span>Tipologia di compagnia secondo il dataset disponibile.</span></div>
  <div class=""cpv-stat""><strong>Check-in online</strong><span>Da verificare sempre sul sito ufficiale prima della partenza.</span></div>
  <div class=""cpv-stat""><strong>Bagagli</strong><span>Controlla franchigia e servizi inclusi in base alla tariffa scelta.</span></div>
</div>
<h2>Trade Air: cosa controllare prima di prenotare</h2>
<p>La compagnia viene spesso valutata per tratte business, nazionali o con servizi aggiuntivi. Prima della prenotazione conviene confrontare orari, politica bagagli, flessibilita della tariffa e aeroporto di partenza disponibile in Italia.</p>
<div class=""cpv-chip-list""><span class=""cpv-chip"">FCO</span><span class=""cpv-chip"">CIA</span><span class=""cpv-chip"">MXP</span><span class=""cpv-chip"">BGY</span><span class=""cpv-chip"">LIN</span><span class=""cpv-chip"">NAP</span></div>
<div class=""cpv-landing-grid"">
  <div class=""cpv-landing-card""><strong>Bagaglio a mano</strong><p>Controlla sempre misure, peso e possibilita di aggiungere priorita o trolley in cabina.</p></div>
  <div class=""cpv-landing-card""><strong>Check-in</strong><p>Verifica finestre di apertura, app mobile, costi in aeroporto e documenti richiesti.</p></div>
  <div class=""cpv-landing-card""><strong>Partenze italiane</strong><p>Confronta i principali aeroporti italiani per capire quali rotte o fasce orarie sono piu interessanti.</p></div>
</div>
<h2>Domande frequenti su Trade Air</h2>
<div class=""cpv-faq"">
  <details><summary>Come verificare le regole bagaglio di Trade Air?</summary><p>Consulta sempre la pagina ufficiale prima dell'acquisto: le regole possono cambiare in base alla tariffa, alla rotta e alla data di viaggio.</p></details>
  <details><summary>Trade Air e adatta a chi cerca il prezzo piu basso?</summary><p>Dipende dalla rotta e dai servizi necessari. In molti casi le tariffe base sono competitive, ma conviene verificare gli extra prima di concludere la prenotazione.</p></details>
  <details><summary>Quali aeroporti italiani monitorare?</summary><p>Le partenze da Milano, Roma, Napoli, Venezia, Catania e Bologna sono tra quelle che gli utenti confrontano piu spesso.</p></details>
</div>","Compagnie aeree|Compagnie tradizionali",airline,C3,/compagnie-aeree/trade-air/,"Trade Air: bagagli, check-in e rotte | ConfrontaPrezziVoli","Scopri come volare con Trade Air: bagaglio a mano, check-in, consigli e rotte piu cercate dagli utenti italiani.","Trade Air bagaglio check-in",airlines,"Compagnia classificata come tradizionale nel dataset."
post,publish,"Tradewind Aviation (TJ): bagagli, check-in, rotte e consigli 2026",compagnia-aerea-tradewind-aviation-tj,"Guida pratica su Tradewind Aviation: bagaglio a mano, check-in, rotte popolari dall'Italia e consigli utili per prenotare.","<div class=""cpv-landing-note"">
  <p><strong>Guida pratica Tradewind Aviation.</strong> Qui trovi una sintesi utile per capire come prenotare con Tradewind Aviation, cosa controllare su bagagli e check-in e quali aspetti confrontare prima di acquistare il volo.</p>
</div>
<div class=""cpv-stat-grid"">
  <div class=""cpv-stat""><strong>Tradizionale</strong><span>Tipologia di compagnia secondo il dataset disponibile.</span></div>
  <div class=""cpv-stat""><strong>Check-in online</strong><span>Da verificare sempre sul sito ufficiale prima della partenza.</span></div>
  <div class=""cpv-stat""><strong>Bagagli</strong><span>Controlla franchigia e servizi inclusi in base alla tariffa scelta.</span></div>
</div>
<h2>Tradewind Aviation: cosa controllare prima di prenotare</h2>
<p>La compagnia viene spesso valutata per tratte business, nazionali o con servizi aggiuntivi. Prima della prenotazione conviene confrontare orari, politica bagagli, flessibilita della tariffa e aeroporto di partenza disponibile in Italia.</p>
<div class=""cpv-chip-list""><span class=""cpv-chip"">FCO</span><span class=""cpv-chip"">CIA</span><span class=""cpv-chip"">MXP</span><span class=""cpv-chip"">BGY</span><span class=""cpv-chip"">LIN</span><span class=""cpv-chip"">NAP</span></div>
<div class=""cpv-landing-grid"">
  <div class=""cpv-landing-card""><strong>Bagaglio a mano</strong><p>Controlla sempre misure, peso e possibilita di aggiungere priorita o trolley in cabina.</p></div>
  <div class=""cpv-landing-card""><strong>Check-in</strong><p>Verifica finestre di apertura, app mobile, costi in aeroporto e documenti richiesti.</p></div>
  <div class=""cpv-landing-card""><strong>Partenze italiane</strong><p>Confronta i principali aeroporti italiani per capire quali rotte o fasce orarie sono piu interessanti.</p></div>
</div>
<h2>Domande frequenti su Tradewind Aviation</h2>
<div class=""cpv-faq"">
  <details><summary>Come verificare le regole bagaglio di Tradewind Aviation?</summary><p>Consulta sempre la pagina ufficiale prima dell'acquisto: le regole possono cambiare in base alla tariffa, alla rotta e alla data di viaggio.</p></details>
  <details><summary>Tradewind Aviation e adatta a chi cerca il prezzo piu basso?</summary><p>Dipende dalla rotta e dai servizi necessari. In molti casi le tariffe base sono competitive, ma conviene verificare gli extra prima di concludere la prenotazione.</p></details>
  <details><summary>Quali aeroporti italiani monitorare?</summary><p>Le partenze da Milano, Roma, Napoli, Venezia, Catania e Bologna sono tra quelle che gli utenti confrontano piu spesso.</p></details>
</div>","Compagnie aeree|Compagnie tradizionali",airline,TJ,/compagnie-aeree/tradewind-aviation/,"Tradewind Aviation: bagagli, check-in e rotte | ConfrontaPrezziVoli","Scopri come volare con Tradewind Aviation: bagaglio a mano, check-in, consigli e rotte piu cercate dagli utenti italiani.","Tradewind Aviation bagaglio check-in",airlines,"Compagnia classificata come tradizionale nel dataset."
post,publish,"Trans Air Congo (Q8): bagagli, check-in, rotte e consigli 2026",compagnia-aerea-trans-air-congo-q8,"Guida pratica su Trans Air Congo: bagaglio a mano, check-in, rotte popolari dall'Italia e consigli utili per prenotare.","<div class=""cpv-landing-note"">
  <p><strong>Guida pratica Trans Air Congo.</strong> Qui trovi una sintesi utile per capire come prenotare con Trans Air Congo, cosa controllare su bagagli e check-in e quali aspetti confrontare prima di acquistare il volo.</p>
</div>
<div class=""cpv-stat-grid"">
  <div class=""cpv-stat""><strong>Tradizionale</strong><span>Tipologia di compagnia secondo il dataset disponibile.</span></div>
  <div class=""cpv-stat""><strong>Check-in online</strong><span>Da verificare sempre sul sito ufficiale prima della partenza.</span></div>
  <div class=""cpv-stat""><strong>Bagagli</strong><span>Controlla franchigia e servizi inclusi in base alla tariffa scelta.</span></div>
</div>
<h2>Trans Air Congo: cosa controllare prima di prenotare</h2>
<p>La compagnia viene spesso valutata per tratte business, nazionali o con servizi aggiuntivi. Prima della prenotazione conviene confrontare orari, politica bagagli, flessibilita della tariffa e aeroporto di partenza disponibile in Italia.</p>
<div class=""cpv-chip-list""><span class=""cpv-chip"">FCO</span><span class=""cpv-chip"">CIA</span><span class=""cpv-chip"">MXP</span><span class=""cpv-chip"">BGY</span><span class=""cpv-chip"">LIN</span><span class=""cpv-chip"">NAP</span></div>
<div class=""cpv-landing-grid"">
  <div class=""cpv-landing-card""><strong>Bagaglio a mano</strong><p>Controlla sempre misure, peso e possibilita di aggiungere priorita o trolley in cabina.</p></div>
  <div class=""cpv-landing-card""><strong>Check-in</strong><p>Verifica finestre di apertura, app mobile, costi in aeroporto e documenti richiesti.</p></div>
  <div class=""cpv-landing-card""><strong>Partenze italiane</strong><p>Confronta i principali aeroporti italiani per capire quali rotte o fasce orarie sono piu interessanti.</p></div>
</div>
<h2>Domande frequenti su Trans Air Congo</h2>
<div class=""cpv-faq"">
  <details><summary>Come verificare le regole bagaglio di Trans Air Congo?</summary><p>Consulta sempre la pagina ufficiale prima dell'acquisto: le regole possono cambiare in base alla tariffa, alla rotta e alla data di viaggio.</p></details>
  <details><summary>Trans Air Congo e adatta a chi cerca il prezzo piu basso?</summary><p>Dipende dalla rotta e dai servizi necessari. In molti casi le tariffe base sono competitive, ma conviene verificare gli extra prima di concludere la prenotazione.</p></details>
  <details><summary>Quali aeroporti italiani monitorare?</summary><p>Le partenze da Milano, Roma, Napoli, Venezia, Catania e Bologna sono tra quelle che gli utenti confrontano piu spesso.</p></details>
</div>","Compagnie aeree|Compagnie tradizionali",airline,Q8,/compagnie-aeree/trans-air-congo/,"Trans Air Congo: bagagli, check-in e rotte | ConfrontaPrezziVoli","Scopri come volare con Trans Air Congo: bagaglio a mano, check-in, consigli e rotte piu cercate dagli utenti italiani.","Trans Air Congo bagaglio check-in",airlines,"Compagnia classificata come tradizionale nel dataset."
post,publish,"Transair Senegal (R2): bagagli, check-in, rotte e consigli 2026",compagnia-aerea-transair-senegal-r2,"Guida pratica su Transair Senegal: bagaglio a mano, check-in, rotte popolari dall'Italia e consigli utili per prenotare.","<div class=""cpv-landing-note"">
  <p><strong>Guida pratica Transair Senegal.</strong> Qui trovi una sintesi utile per capire come prenotare con Transair Senegal, cosa controllare su bagagli e check-in e quali aspetti confrontare prima di acquistare il volo.</p>
</div>
<div class=""cpv-stat-grid"">
  <div class=""cpv-stat""><strong>Tradizionale</strong><span>Tipologia di compagnia secondo il dataset disponibile.</span></div>
  <div class=""cpv-stat""><strong>Check-in online</strong><span>Da verificare sempre sul sito ufficiale prima della partenza.</span></div>
  <div class=""cpv-stat""><strong>Bagagli</strong><span>Controlla franchigia e servizi inclusi in base alla tariffa scelta.</span></div>
</div>
<h2>Transair Senegal: cosa controllare prima di prenotare</h2>
<p>La compagnia viene spesso valutata per tratte business, nazionali o con servizi aggiuntivi. Prima della prenotazione conviene confrontare orari, politica bagagli, flessibilita della tariffa e aeroporto di partenza disponibile in Italia.</p>
<div class=""cpv-chip-list""><span class=""cpv-chip"">FCO</span><span class=""cpv-chip"">CIA</span><span class=""cpv-chip"">MXP</span><span class=""cpv-chip"">BGY</span><span class=""cpv-chip"">LIN</span><span class=""cpv-chip"">NAP</span></div>
<div class=""cpv-landing-grid"">
  <div class=""cpv-landing-card""><strong>Bagaglio a mano</strong><p>Controlla sempre misure, peso e possibilita di aggiungere priorita o trolley in cabina.</p></div>
  <div class=""cpv-landing-card""><strong>Check-in</strong><p>Verifica finestre di apertura, app mobile, costi in aeroporto e documenti richiesti.</p></div>
  <div class=""cpv-landing-card""><strong>Partenze italiane</strong><p>Confronta i principali aeroporti italiani per capire quali rotte o fasce orarie sono piu interessanti.</p></div>
</div>
<h2>Domande frequenti su Transair Senegal</h2>
<div class=""cpv-faq"">
  <details><summary>Come verificare le regole bagaglio di Transair Senegal?</summary><p>Consulta sempre la pagina ufficiale prima dell'acquisto: le regole possono cambiare in base alla tariffa, alla rotta e alla data di viaggio.</p></details>
  <details><summary>Transair Senegal e adatta a chi cerca il prezzo piu basso?</summary><p>Dipende dalla rotta e dai servizi necessari. In molti casi le tariffe base sono competitive, ma conviene verificare gli extra prima di concludere la prenotazione.</p></details>
  <details><summary>Quali aeroporti italiani monitorare?</summary><p>Le partenze da Milano, Roma, Napoli, Venezia, Catania e Bologna sono tra quelle che gli utenti confrontano piu spesso.</p></details>
</div>","Compagnie aeree|Compagnie tradizionali",airline,R2,/compagnie-aeree/transair-senegal/,"Transair Senegal: bagagli, check-in e rotte | ConfrontaPrezziVoli","Scopri come volare con Transair Senegal: bagaglio a mano, check-in, consigli e rotte piu cercate dagli utenti italiani.","Transair Senegal bagaglio check-in",airlines,"Compagnia classificata come tradizionale nel dataset."
post,publish,"Transavia (HV): bagagli, check-in, rotte e consigli 2026",compagnia-aerea-transavia-hv,"Guida pratica su Transavia: bagaglio a mano, check-in, rotte popolari dall'Italia e consigli utili per prenotare.","<div class=""cpv-landing-note"">
  <p><strong>Guida pratica Transavia.</strong> Qui trovi una sintesi utile per capire come prenotare con Transavia, cosa controllare su bagagli e check-in e quali aspetti confrontare prima di acquistare il volo.</p>
</div>
<div class=""cpv-stat-grid"">
  <div class=""cpv-stat""><strong>Low cost</strong><span>Tipologia di compagnia secondo il dataset disponibile.</span></div>
  <div class=""cpv-stat""><strong>Check-in online</strong><span>Da verificare sempre sul sito ufficiale prima della partenza.</span></div>
  <div class=""cpv-stat""><strong>Bagagli</strong><span>Verifica con attenzione dimensioni e priorita del bagaglio a mano.</span></div>
</div>
<h2>Transavia: cosa controllare prima di prenotare</h2>
<p>La compagnia e spesso cercata per city break, leisure e rotte sensibili al prezzo. Prima della prenotazione conviene confrontare orari, politica bagagli, flessibilita della tariffa e aeroporto di partenza disponibile in Italia.</p>
<div class=""cpv-chip-list""><span class=""cpv-chip"">FCO</span><span class=""cpv-chip"">CIA</span><span class=""cpv-chip"">MXP</span><span class=""cpv-chip"">BGY</span><span class=""cpv-chip"">LIN</span><span class=""cpv-chip"">NAP</span></div>
<div class=""cpv-landing-grid"">
  <div class=""cpv-landing-card""><strong>Bagaglio a mano</strong><p>Controlla sempre misure, peso e possibilita di aggiungere priorita o trolley in cabina.</p></div>
  <div class=""cpv-landing-card""><strong>Check-in</strong><p>Verifica finestre di apertura, app mobile, costi in aeroporto e documenti richiesti.</p></div>
  <div class=""cpv-landing-card""><strong>Partenze italiane</strong><p>Confronta i principali aeroporti italiani per capire quali rotte o fasce orarie sono piu interessanti.</p></div>
</div>
<h2>Domande frequenti su Transavia</h2>
<div class=""cpv-faq"">
  <details><summary>Come verificare le regole bagaglio di Transavia?</summary><p>Consulta sempre la pagina ufficiale prima dell'acquisto: le regole possono cambiare in base alla tariffa, alla rotta e alla data di viaggio.</p></details>
  <details><summary>Transavia e adatta a chi cerca il prezzo piu basso?</summary><p>Dipende dalla rotta e dai servizi necessari. In molti casi le tariffe base sono competitive, ma conviene verificare gli extra prima di concludere la prenotazione.</p></details>
  <details><summary>Quali aeroporti italiani monitorare?</summary><p>Le partenze da Milano, Roma, Napoli, Venezia, Catania e Bologna sono tra quelle che gli utenti confrontano piu spesso.</p></details>
</div>","Compagnie aeree|Compagnie low cost",airline,HV,/compagnie-aeree/transavia/,"Transavia: bagagli, check-in e rotte | ConfrontaPrezziVoli","Scopri come volare con Transavia: bagaglio a mano, check-in, consigli e rotte piu cercate dagli utenti italiani.","Transavia bagaglio check-in",airlines,"Compagnia classificata come low cost nel dataset."
post,publish,"Transavia France (TO): bagagli, check-in, rotte e consigli 2026",compagnia-aerea-transavia-france-to,"Guida pratica su Transavia France: bagaglio a mano, check-in, rotte popolari dall'Italia e consigli utili per prenotare.","<div class=""cpv-landing-note"">
  <p><strong>Guida pratica Transavia France.</strong> Qui trovi una sintesi utile per capire come prenotare con Transavia France, cosa controllare su bagagli e check-in e quali aspetti confrontare prima di acquistare il volo.</p>
</div>
<div class=""cpv-stat-grid"">
  <div class=""cpv-stat""><strong>Low cost</strong><span>Tipologia di compagnia secondo il dataset disponibile.</span></div>
  <div class=""cpv-stat""><strong>Check-in online</strong><span>Da verificare sempre sul sito ufficiale prima della partenza.</span></div>
  <div class=""cpv-stat""><strong>Bagagli</strong><span>Verifica con attenzione dimensioni e priorita del bagaglio a mano.</span></div>
</div>
<h2>Transavia France: cosa controllare prima di prenotare</h2>
<p>La compagnia e spesso cercata per city break, leisure e rotte sensibili al prezzo. Prima della prenotazione conviene confrontare orari, politica bagagli, flessibilita della tariffa e aeroporto di partenza disponibile in Italia.</p>
<div class=""cpv-chip-list""><span class=""cpv-chip"">FCO</span><span class=""cpv-chip"">CIA</span><span class=""cpv-chip"">MXP</span><span class=""cpv-chip"">BGY</span><span class=""cpv-chip"">LIN</span><span class=""cpv-chip"">NAP</span></div>
<div class=""cpv-landing-grid"">
  <div class=""cpv-landing-card""><strong>Bagaglio a mano</strong><p>Controlla sempre misure, peso e possibilita di aggiungere priorita o trolley in cabina.</p></div>
  <div class=""cpv-landing-card""><strong>Check-in</strong><p>Verifica finestre di apertura, app mobile, costi in aeroporto e documenti richiesti.</p></div>
  <div class=""cpv-landing-card""><strong>Partenze italiane</strong><p>Confronta i principali aeroporti italiani per capire quali rotte o fasce orarie sono piu interessanti.</p></div>
</div>
<h2>Domande frequenti su Transavia France</h2>
<div class=""cpv-faq"">
  <details><summary>Come verificare le regole bagaglio di Transavia France?</summary><p>Consulta sempre la pagina ufficiale prima dell'acquisto: le regole possono cambiare in base alla tariffa, alla rotta e alla data di viaggio.</p></details>
  <details><summary>Transavia France e adatta a chi cerca il prezzo piu basso?</summary><p>Dipende dalla rotta e dai servizi necessari. In molti casi le tariffe base sono competitive, ma conviene verificare gli extra prima di concludere la prenotazione.</p></details>
  <details><summary>Quali aeroporti italiani monitorare?</summary><p>Le partenze da Milano, Roma, Napoli, Venezia, Catania e Bologna sono tra quelle che gli utenti confrontano piu spesso.</p></details>
</div>","Compagnie aeree|Compagnie low cost",airline,TO,/compagnie-aeree/transavia-france/,"Transavia France: bagagli, check-in e rotte | ConfrontaPrezziVoli","Scopri come volare con Transavia France: bagaglio a mano, check-in, consigli e rotte piu cercate dagli utenti italiani.","Transavia France bagaglio check-in",airlines,"Compagnia classificata come low cost nel dataset."
post,publish,"Transdir (Э2): bagagli, check-in, rotte e consigli 2026",compagnia-aerea-transdir-Э2,"Guida pratica su Transdir: bagaglio a mano, check-in, rotte popolari dall'Italia e consigli utili per prenotare.","<div class=""cpv-landing-note"">
  <p><strong>Guida pratica Transdir.</strong> Qui trovi una sintesi utile per capire come prenotare con Transdir, cosa controllare su bagagli e check-in e quali aspetti confrontare prima di acquistare il volo.</p>
</div>
<div class=""cpv-stat-grid"">
  <div class=""cpv-stat""><strong>Tradizionale</strong><span>Tipologia di compagnia secondo il dataset disponibile.</span></div>
  <div class=""cpv-stat""><strong>Check-in online</strong><span>Da verificare sempre sul sito ufficiale prima della partenza.</span></div>
  <div class=""cpv-stat""><strong>Bagagli</strong><span>Controlla franchigia e servizi inclusi in base alla tariffa scelta.</span></div>
</div>
<h2>Transdir: cosa controllare prima di prenotare</h2>
<p>La compagnia viene spesso valutata per tratte business, nazionali o con servizi aggiuntivi. Prima della prenotazione conviene confrontare orari, politica bagagli, flessibilita della tariffa e aeroporto di partenza disponibile in Italia.</p>
<div class=""cpv-chip-list""><span class=""cpv-chip"">FCO</span><span class=""cpv-chip"">CIA</span><span class=""cpv-chip"">MXP</span><span class=""cpv-chip"">BGY</span><span class=""cpv-chip"">LIN</span><span class=""cpv-chip"">NAP</span></div>
<div class=""cpv-landing-grid"">
  <div class=""cpv-landing-card""><strong>Bagaglio a mano</strong><p>Controlla sempre misure, peso e possibilita di aggiungere priorita o trolley in cabina.</p></div>
  <div class=""cpv-landing-card""><strong>Check-in</strong><p>Verifica finestre di apertura, app mobile, costi in aeroporto e documenti richiesti.</p></div>
  <div class=""cpv-landing-card""><strong>Partenze italiane</strong><p>Confronta i principali aeroporti italiani per capire quali rotte o fasce orarie sono piu interessanti.</p></div>
</div>
<h2>Domande frequenti su Transdir</h2>
<div class=""cpv-faq"">
  <details><summary>Come verificare le regole bagaglio di Transdir?</summary><p>Consulta sempre la pagina ufficiale prima dell'acquisto: le regole possono cambiare in base alla tariffa, alla rotta e alla data di viaggio.</p></details>
  <details><summary>Transdir e adatta a chi cerca il prezzo piu basso?</summary><p>Dipende dalla rotta e dai servizi necessari. In molti casi le tariffe base sono competitive, ma conviene verificare gli extra prima di concludere la prenotazione.</p></details>
  <details><summary>Quali aeroporti italiani monitorare?</summary><p>Le partenze da Milano, Roma, Napoli, Venezia, Catania e Bologna sono tra quelle che gli utenti confrontano piu spesso.</p></details>
</div>","Compagnie aeree|Compagnie tradizionali",airline,Э2,/compagnie-aeree/transdir/,"Transdir: bagagli, check-in e rotte | ConfrontaPrezziVoli","Scopri come volare con Transdir: bagaglio a mano, check-in, consigli e rotte piu cercate dagli utenti italiani.","Transdir bagaglio check-in",airlines,"Compagnia classificata come tradizionale nel dataset."
post,publish,"Transnusa (8B): bagagli, check-in, rotte e consigli 2026",compagnia-aerea-transnusa-8b,"Guida pratica su Transnusa: bagaglio a mano, check-in, rotte popolari dall'Italia e consigli utili per prenotare.","<div class=""cpv-landing-note"">
  <p><strong>Guida pratica Transnusa.</strong> Qui trovi una sintesi utile per capire come prenotare con Transnusa, cosa controllare su bagagli e check-in e quali aspetti confrontare prima di acquistare il volo.</p>
</div>
<div class=""cpv-stat-grid"">
  <div class=""cpv-stat""><strong>Tradizionale</strong><span>Tipologia di compagnia secondo il dataset disponibile.</span></div>
  <div class=""cpv-stat""><strong>Check-in online</strong><span>Da verificare sempre sul sito ufficiale prima della partenza.</span></div>
  <div class=""cpv-stat""><strong>Bagagli</strong><span>Controlla franchigia e servizi inclusi in base alla tariffa scelta.</span></div>
</div>
<h2>Transnusa: cosa controllare prima di prenotare</h2>
<p>La compagnia viene spesso valutata per tratte business, nazionali o con servizi aggiuntivi. Prima della prenotazione conviene confrontare orari, politica bagagli, flessibilita della tariffa e aeroporto di partenza disponibile in Italia.</p>
<div class=""cpv-chip-list""><span class=""cpv-chip"">FCO</span><span class=""cpv-chip"">CIA</span><span class=""cpv-chip"">MXP</span><span class=""cpv-chip"">BGY</span><span class=""cpv-chip"">LIN</span><span class=""cpv-chip"">NAP</span></div>
<div class=""cpv-landing-grid"">
  <div class=""cpv-landing-card""><strong>Bagaglio a mano</strong><p>Controlla sempre misure, peso e possibilita di aggiungere priorita o trolley in cabina.</p></div>
  <div class=""cpv-landing-card""><strong>Check-in</strong><p>Verifica finestre di apertura, app mobile, costi in aeroporto e documenti richiesti.</p></div>
  <div class=""cpv-landing-card""><strong>Partenze italiane</strong><p>Confronta i principali aeroporti italiani per capire quali rotte o fasce orarie sono piu interessanti.</p></div>
</div>
<h2>Domande frequenti su Transnusa</h2>
<div class=""cpv-faq"">
  <details><summary>Come verificare le regole bagaglio di Transnusa?</summary><p>Consulta sempre la pagina ufficiale prima dell'acquisto: le regole possono cambiare in base alla tariffa, alla rotta e alla data di viaggio.</p></details>
  <details><summary>Transnusa e adatta a chi cerca il prezzo piu basso?</summary><p>Dipende dalla rotta e dai servizi necessari. In molti casi le tariffe base sono competitive, ma conviene verificare gli extra prima di concludere la prenotazione.</p></details>
  <details><summary>Quali aeroporti italiani monitorare?</summary><p>Le partenze da Milano, Roma, Napoli, Venezia, Catania e Bologna sono tra quelle che gli utenti confrontano piu spesso.</p></details>
</div>","Compagnie aeree|Compagnie tradizionali",airline,8B,/compagnie-aeree/transnusa/,"Transnusa: bagagli, check-in e rotte | ConfrontaPrezziVoli","Scopri come volare con Transnusa: bagaglio a mano, check-in, consigli e rotte piu cercate dagli utenti italiani.","Transnusa bagaglio check-in",airlines,"Compagnia classificata come tradizionale nel dataset."
post,publish,"Travel Service Slovensko (6D): bagagli, check-in, rotte e consigli 2026",compagnia-aerea-travel-service-slovensko-6d,"Guida pratica su Travel Service Slovensko: bagaglio a mano, check-in, rotte popolari dall'Italia e consigli utili per prenotare.","<div class=""cpv-landing-note"">
  <p><strong>Guida pratica Travel Service Slovensko.</strong> Qui trovi una sintesi utile per capire come prenotare con Travel Service Slovensko, cosa controllare su bagagli e check-in e quali aspetti confrontare prima di acquistare il volo.</p>
</div>
<div class=""cpv-stat-grid"">
  <div class=""cpv-stat""><strong>Tradizionale</strong><span>Tipologia di compagnia secondo il dataset disponibile.</span></div>
  <div class=""cpv-stat""><strong>Check-in online</strong><span>Da verificare sempre sul sito ufficiale prima della partenza.</span></div>
  <div class=""cpv-stat""><strong>Bagagli</strong><span>Controlla franchigia e servizi inclusi in base alla tariffa scelta.</span></div>
</div>
<h2>Travel Service Slovensko: cosa controllare prima di prenotare</h2>
<p>La compagnia viene spesso valutata per tratte business, nazionali o con servizi aggiuntivi. Prima della prenotazione conviene confrontare orari, politica bagagli, flessibilita della tariffa e aeroporto di partenza disponibile in Italia.</p>
<div class=""cpv-chip-list""><span class=""cpv-chip"">FCO</span><span class=""cpv-chip"">CIA</span><span class=""cpv-chip"">MXP</span><span class=""cpv-chip"">BGY</span><span class=""cpv-chip"">LIN</span><span class=""cpv-chip"">NAP</span></div>
<div class=""cpv-landing-grid"">
  <div class=""cpv-landing-card""><strong>Bagaglio a mano</strong><p>Controlla sempre misure, peso e possibilita di aggiungere priorita o trolley in cabina.</p></div>
  <div class=""cpv-landing-card""><strong>Check-in</strong><p>Verifica finestre di apertura, app mobile, costi in aeroporto e documenti richiesti.</p></div>
  <div class=""cpv-landing-card""><strong>Partenze italiane</strong><p>Confronta i principali aeroporti italiani per capire quali rotte o fasce orarie sono piu interessanti.</p></div>
</div>
<h2>Domande frequenti su Travel Service Slovensko</h2>
<div class=""cpv-faq"">
  <details><summary>Come verificare le regole bagaglio di Travel Service Slovensko?</summary><p>Consulta sempre la pagina ufficiale prima dell'acquisto: le regole possono cambiare in base alla tariffa, alla rotta e alla data di viaggio.</p></details>
  <details><summary>Travel Service Slovensko e adatta a chi cerca il prezzo piu basso?</summary><p>Dipende dalla rotta e dai servizi necessari. In molti casi le tariffe base sono competitive, ma conviene verificare gli extra prima di concludere la prenotazione.</p></details>
  <details><summary>Quali aeroporti italiani monitorare?</summary><p>Le partenze da Milano, Roma, Napoli, Venezia, Catania e Bologna sono tra quelle che gli utenti confrontano piu spesso.</p></details>
</div>","Compagnie aeree|Compagnie tradizionali",airline,6D,/compagnie-aeree/travel-service-slovensko/,"Travel Service Slovensko: bagagli, check-in e rotte | ConfrontaPrezziVoli","Scopri come volare con Travel Service Slovensko: bagaglio a mano, check-in, consigli e rotte piu cercate dagli utenti italiani.","Travel Service Slovensko bagaglio check-in",airlines,"Compagnia classificata come tradizionale nel dataset."
post,publish,"Travel Technology Interactive SA (Y1): bagagli, check-in, rotte e consigli 2026",compagnia-aerea-travel-technology-interactive-sa-y1,"Guida pratica su Travel Technology Interactive SA: bagaglio a mano, check-in, rotte popolari dall'Italia e consigli utili per prenotare.","<div class=""cpv-landing-note"">
  <p><strong>Guida pratica Travel Technology Interactive SA.</strong> Qui trovi una sintesi utile per capire come prenotare con Travel Technology Interactive SA, cosa controllare su bagagli e check-in e quali aspetti confrontare prima di acquistare il volo.</p>
</div>
<div class=""cpv-stat-grid"">
  <div class=""cpv-stat""><strong>Tradizionale</strong><span>Tipologia di compagnia secondo il dataset disponibile.</span></div>
  <div class=""cpv-stat""><strong>Check-in online</strong><span>Da verificare sempre sul sito ufficiale prima della partenza.</span></div>
  <div class=""cpv-stat""><strong>Bagagli</strong><span>Controlla franchigia e servizi inclusi in base alla tariffa scelta.</span></div>
</div>
<h2>Travel Technology Interactive SA: cosa controllare prima di prenotare</h2>
<p>La compagnia viene spesso valutata per tratte business, nazionali o con servizi aggiuntivi. Prima della prenotazione conviene confrontare orari, politica bagagli, flessibilita della tariffa e aeroporto di partenza disponibile in Italia.</p>
<div class=""cpv-chip-list""><span class=""cpv-chip"">FCO</span><span class=""cpv-chip"">CIA</span><span class=""cpv-chip"">MXP</span><span class=""cpv-chip"">BGY</span><span class=""cpv-chip"">LIN</span><span class=""cpv-chip"">NAP</span></div>
<div class=""cpv-landing-grid"">
  <div class=""cpv-landing-card""><strong>Bagaglio a mano</strong><p>Controlla sempre misure, peso e possibilita di aggiungere priorita o trolley in cabina.</p></div>
  <div class=""cpv-landing-card""><strong>Check-in</strong><p>Verifica finestre di apertura, app mobile, costi in aeroporto e documenti richiesti.</p></div>
  <div class=""cpv-landing-card""><strong>Partenze italiane</strong><p>Confronta i principali aeroporti italiani per capire quali rotte o fasce orarie sono piu interessanti.</p></div>
</div>
<h2>Domande frequenti su Travel Technology Interactive SA</h2>
<div class=""cpv-faq"">
  <details><summary>Come verificare le regole bagaglio di Travel Technology Interactive SA?</summary><p>Consulta sempre la pagina ufficiale prima dell'acquisto: le regole possono cambiare in base alla tariffa, alla rotta e alla data di viaggio.</p></details>
  <details><summary>Travel Technology Interactive SA e adatta a chi cerca il prezzo piu basso?</summary><p>Dipende dalla rotta e dai servizi necessari. In molti casi le tariffe base sono competitive, ma conviene verificare gli extra prima di concludere la prenotazione.</p></details>
  <details><summary>Quali aeroporti italiani monitorare?</summary><p>Le partenze da Milano, Roma, Napoli, Venezia, Catania e Bologna sono tra quelle che gli utenti confrontano piu spesso.</p></details>
</div>","Compagnie aeree|Compagnie tradizionali",airline,Y1,/compagnie-aeree/travel-technology-interactive-sa/,"Travel Technology Interactive SA: bagagli, check-in e rotte | ConfrontaPrezziVoli","Scopri come volare con Travel Technology Interactive SA: bagaglio a mano, check-in, consigli e rotte piu cercate dagli utenti italiani.","Travel Technology Interactive SA bagaglio check-in",airlines,"Compagnia classificata come tradizionale nel dataset."
post,publish,"Travelport Global Distribution SystemB.V. (1G): bagagli, check-in, rotte e consigli 2026",compagnia-aerea-travelport-global-distribution-systemb-v-1g,"Guida pratica su Travelport Global Distribution SystemB.V.: bagaglio a mano, check-in, rotte popolari dall'Italia e consigli utili per prenotare.","<div class=""cpv-landing-note"">
  <p><strong>Guida pratica Travelport Global Distribution SystemB.V..</strong> Qui trovi una sintesi utile per capire come prenotare con Travelport Global Distribution SystemB.V., cosa controllare su bagagli e check-in e quali aspetti confrontare prima di acquistare il volo.</p>
</div>
<div class=""cpv-stat-grid"">
  <div class=""cpv-stat""><strong>Tradizionale</strong><span>Tipologia di compagnia secondo il dataset disponibile.</span></div>
  <div class=""cpv-stat""><strong>Check-in online</strong><span>Da verificare sempre sul sito ufficiale prima della partenza.</span></div>
  <div class=""cpv-stat""><strong>Bagagli</strong><span>Controlla franchigia e servizi inclusi in base alla tariffa scelta.</span></div>
</div>
<h2>Travelport Global Distribution SystemB.V.: cosa controllare prima di prenotare</h2>
<p>La compagnia viene spesso valutata per tratte business, nazionali o con servizi aggiuntivi. Prima della prenotazione conviene confrontare orari, politica bagagli, flessibilita della tariffa e aeroporto di partenza disponibile in Italia.</p>
<div class=""cpv-chip-list""><span class=""cpv-chip"">FCO</span><span class=""cpv-chip"">CIA</span><span class=""cpv-chip"">MXP</span><span class=""cpv-chip"">BGY</span><span class=""cpv-chip"">LIN</span><span class=""cpv-chip"">NAP</span></div>
<div class=""cpv-landing-grid"">
  <div class=""cpv-landing-card""><strong>Bagaglio a mano</strong><p>Controlla sempre misure, peso e possibilita di aggiungere priorita o trolley in cabina.</p></div>
  <div class=""cpv-landing-card""><strong>Check-in</strong><p>Verifica finestre di apertura, app mobile, costi in aeroporto e documenti richiesti.</p></div>
  <div class=""cpv-landing-card""><strong>Partenze italiane</strong><p>Confronta i principali aeroporti italiani per capire quali rotte o fasce orarie sono piu interessanti.</p></div>
</div>
<h2>Domande frequenti su Travelport Global Distribution SystemB.V.</h2>
<div class=""cpv-faq"">
  <details><summary>Come verificare le regole bagaglio di Travelport Global Distribution SystemB.V.?</summary><p>Consulta sempre la pagina ufficiale prima dell'acquisto: le regole possono cambiare in base alla tariffa, alla rotta e alla data di viaggio.</p></details>
  <details><summary>Travelport Global Distribution SystemB.V. e adatta a chi cerca il prezzo piu basso?</summary><p>Dipende dalla rotta e dai servizi necessari. In molti casi le tariffe base sono competitive, ma conviene verificare gli extra prima di concludere la prenotazione.</p></details>
  <details><summary>Quali aeroporti italiani monitorare?</summary><p>Le partenze da Milano, Roma, Napoli, Venezia, Catania e Bologna sono tra quelle che gli utenti confrontano piu spesso.</p></details>
</div>","Compagnie aeree|Compagnie tradizionali",airline,1G,/compagnie-aeree/travelport-global-distribution-systemb-v/,"Travelport Global Distribution SystemB.V.: bagagli, check-in e rotte | ConfrontaPrezziVoli","Scopri come volare con Travelport Global Distribution SystemB.V.: bagaglio a mano, check-in, consigli e rotte piu cercate dagli utenti italiani.","Travelport Global Distribution SystemB.V. bagaglio check-in",airlines,"Compagnia classificata come tradizionale nel dataset."
post,publish,"Travelsky Technology Limited (1E): bagagli, check-in, rotte e consigli 2026",compagnia-aerea-travelsky-technology-limited-1e,"Guida pratica su Travelsky Technology Limited: bagaglio a mano, check-in, rotte popolari dall'Italia e consigli utili per prenotare.","<div class=""cpv-landing-note"">
  <p><strong>Guida pratica Travelsky Technology Limited.</strong> Qui trovi una sintesi utile per capire come prenotare con Travelsky Technology Limited, cosa controllare su bagagli e check-in e quali aspetti confrontare prima di acquistare il volo.</p>
</div>
<div class=""cpv-stat-grid"">
  <div class=""cpv-stat""><strong>Tradizionale</strong><span>Tipologia di compagnia secondo il dataset disponibile.</span></div>
  <div class=""cpv-stat""><strong>Check-in online</strong><span>Da verificare sempre sul sito ufficiale prima della partenza.</span></div>
  <div class=""cpv-stat""><strong>Bagagli</strong><span>Controlla franchigia e servizi inclusi in base alla tariffa scelta.</span></div>
</div>
<h2>Travelsky Technology Limited: cosa controllare prima di prenotare</h2>
<p>La compagnia viene spesso valutata per tratte business, nazionali o con servizi aggiuntivi. Prima della prenotazione conviene confrontare orari, politica bagagli, flessibilita della tariffa e aeroporto di partenza disponibile in Italia.</p>
<div class=""cpv-chip-list""><span class=""cpv-chip"">FCO</span><span class=""cpv-chip"">CIA</span><span class=""cpv-chip"">MXP</span><span class=""cpv-chip"">BGY</span><span class=""cpv-chip"">LIN</span><span class=""cpv-chip"">NAP</span></div>
<div class=""cpv-landing-grid"">
  <div class=""cpv-landing-card""><strong>Bagaglio a mano</strong><p>Controlla sempre misure, peso e possibilita di aggiungere priorita o trolley in cabina.</p></div>
  <div class=""cpv-landing-card""><strong>Check-in</strong><p>Verifica finestre di apertura, app mobile, costi in aeroporto e documenti richiesti.</p></div>
  <div class=""cpv-landing-card""><strong>Partenze italiane</strong><p>Confronta i principali aeroporti italiani per capire quali rotte o fasce orarie sono piu interessanti.</p></div>
</div>
<h2>Domande frequenti su Travelsky Technology Limited</h2>
<div class=""cpv-faq"">
  <details><summary>Come verificare le regole bagaglio di Travelsky Technology Limited?</summary><p>Consulta sempre la pagina ufficiale prima dell'acquisto: le regole possono cambiare in base alla tariffa, alla rotta e alla data di viaggio.</p></details>
  <details><summary>Travelsky Technology Limited e adatta a chi cerca il prezzo piu basso?</summary><p>Dipende dalla rotta e dai servizi necessari. In molti casi le tariffe base sono competitive, ma conviene verificare gli extra prima di concludere la prenotazione.</p></details>
  <details><summary>Quali aeroporti italiani monitorare?</summary><p>Le partenze da Milano, Roma, Napoli, Venezia, Catania e Bologna sono tra quelle che gli utenti confrontano piu spesso.</p></details>
</div>","Compagnie aeree|Compagnie tradizionali",airline,1E,/compagnie-aeree/travelsky-technology-limited/,"Travelsky Technology Limited: bagagli, check-in e rotte | ConfrontaPrezziVoli","Scopri come volare con Travelsky Technology Limited: bagaglio a mano, check-in, consigli e rotte piu cercate dagli utenti italiani.","Travelsky Technology Limited bagaglio check-in",airlines,"Compagnia classificata come tradizionale nel dataset."
post,publish,"Trenitalia (7T): bagagli, check-in, rotte e consigli 2026",compagnia-aerea-trenitalia-7t,"Guida pratica su Trenitalia: bagaglio a mano, check-in, rotte popolari dall'Italia e consigli utili per prenotare.","<div class=""cpv-landing-note"">
  <p><strong>Guida pratica Trenitalia.</strong> Qui trovi una sintesi utile per capire come prenotare con Trenitalia, cosa controllare su bagagli e check-in e quali aspetti confrontare prima di acquistare il volo.</p>
</div>
<div class=""cpv-stat-grid"">
  <div class=""cpv-stat""><strong>Tradizionale</strong><span>Tipologia di compagnia secondo il dataset disponibile.</span></div>
  <div class=""cpv-stat""><strong>Check-in online</strong><span>Da verificare sempre sul sito ufficiale prima della partenza.</span></div>
  <div class=""cpv-stat""><strong>Bagagli</strong><span>Controlla franchigia e servizi inclusi in base alla tariffa scelta.</span></div>
</div>
<h2>Trenitalia: cosa controllare prima di prenotare</h2>
<p>La compagnia viene spesso valutata per tratte business, nazionali o con servizi aggiuntivi. Prima della prenotazione conviene confrontare orari, politica bagagli, flessibilita della tariffa e aeroporto di partenza disponibile in Italia.</p>
<div class=""cpv-chip-list""><span class=""cpv-chip"">FCO</span><span class=""cpv-chip"">CIA</span><span class=""cpv-chip"">MXP</span><span class=""cpv-chip"">BGY</span><span class=""cpv-chip"">LIN</span><span class=""cpv-chip"">NAP</span></div>
<div class=""cpv-landing-grid"">
  <div class=""cpv-landing-card""><strong>Bagaglio a mano</strong><p>Controlla sempre misure, peso e possibilita di aggiungere priorita o trolley in cabina.</p></div>
  <div class=""cpv-landing-card""><strong>Check-in</strong><p>Verifica finestre di apertura, app mobile, costi in aeroporto e documenti richiesti.</p></div>
  <div class=""cpv-landing-card""><strong>Partenze italiane</strong><p>Confronta i principali aeroporti italiani per capire quali rotte o fasce orarie sono piu interessanti.</p></div>
</div>
<h2>Domande frequenti su Trenitalia</h2>
<div class=""cpv-faq"">
  <details><summary>Come verificare le regole bagaglio di Trenitalia?</summary><p>Consulta sempre la pagina ufficiale prima dell'acquisto: le regole possono cambiare in base alla tariffa, alla rotta e alla data di viaggio.</p></details>
  <details><summary>Trenitalia e adatta a chi cerca il prezzo piu basso?</summary><p>Dipende dalla rotta e dai servizi necessari. In molti casi le tariffe base sono competitive, ma conviene verificare gli extra prima di concludere la prenotazione.</p></details>
  <details><summary>Quali aeroporti italiani monitorare?</summary><p>Le partenze da Milano, Roma, Napoli, Venezia, Catania e Bologna sono tra quelle che gli utenti confrontano piu spesso.</p></details>
</div>","Compagnie aeree|Compagnie tradizionali",airline,7T,/compagnie-aeree/trenitalia/,"Trenitalia: bagagli, check-in e rotte | ConfrontaPrezziVoli","Scopri come volare con Trenitalia: bagaglio a mano, check-in, consigli e rotte piu cercate dagli utenti italiani.","Trenitalia bagaglio check-in",airlines,"Compagnia classificata come tradizionale nel dataset."
post,publish,"Trigana Air Service (IL): bagagli, check-in, rotte e consigli 2026",compagnia-aerea-trigana-air-service-il,"Guida pratica su Trigana Air Service: bagaglio a mano, check-in, rotte popolari dall'Italia e consigli utili per prenotare.","<div class=""cpv-landing-note"">
  <p><strong>Guida pratica Trigana Air Service.</strong> Qui trovi una sintesi utile per capire come prenotare con Trigana Air Service, cosa controllare su bagagli e check-in e quali aspetti confrontare prima di acquistare il volo.</p>
</div>
<div class=""cpv-stat-grid"">
  <div class=""cpv-stat""><strong>Tradizionale</strong><span>Tipologia di compagnia secondo il dataset disponibile.</span></div>
  <div class=""cpv-stat""><strong>Check-in online</strong><span>Da verificare sempre sul sito ufficiale prima della partenza.</span></div>
  <div class=""cpv-stat""><strong>Bagagli</strong><span>Controlla franchigia e servizi inclusi in base alla tariffa scelta.</span></div>
</div>
<h2>Trigana Air Service: cosa controllare prima di prenotare</h2>
<p>La compagnia viene spesso valutata per tratte business, nazionali o con servizi aggiuntivi. Prima della prenotazione conviene confrontare orari, politica bagagli, flessibilita della tariffa e aeroporto di partenza disponibile in Italia.</p>
<div class=""cpv-chip-list""><span class=""cpv-chip"">FCO</span><span class=""cpv-chip"">CIA</span><span class=""cpv-chip"">MXP</span><span class=""cpv-chip"">BGY</span><span class=""cpv-chip"">LIN</span><span class=""cpv-chip"">NAP</span></div>
<div class=""cpv-landing-grid"">
  <div class=""cpv-landing-card""><strong>Bagaglio a mano</strong><p>Controlla sempre misure, peso e possibilita di aggiungere priorita o trolley in cabina.</p></div>
  <div class=""cpv-landing-card""><strong>Check-in</strong><p>Verifica finestre di apertura, app mobile, costi in aeroporto e documenti richiesti.</p></div>
  <div class=""cpv-landing-card""><strong>Partenze italiane</strong><p>Confronta i principali aeroporti italiani per capire quali rotte o fasce orarie sono piu interessanti.</p></div>
</div>
<h2>Domande frequenti su Trigana Air Service</h2>
<div class=""cpv-faq"">
  <details><summary>Come verificare le regole bagaglio di Trigana Air Service?</summary><p>Consulta sempre la pagina ufficiale prima dell'acquisto: le regole possono cambiare in base alla tariffa, alla rotta e alla data di viaggio.</p></details>
  <details><summary>Trigana Air Service e adatta a chi cerca il prezzo piu basso?</summary><p>Dipende dalla rotta e dai servizi necessari. In molti casi le tariffe base sono competitive, ma conviene verificare gli extra prima di concludere la prenotazione.</p></details>
  <details><summary>Quali aeroporti italiani monitorare?</summary><p>Le partenze da Milano, Roma, Napoli, Venezia, Catania e Bologna sono tra quelle che gli utenti confrontano piu spesso.</p></details>
</div>","Compagnie aeree|Compagnie tradizionali",airline,IL,/compagnie-aeree/trigana-air-service/,"Trigana Air Service: bagagli, check-in e rotte | ConfrontaPrezziVoli","Scopri come volare con Trigana Air Service: bagaglio a mano, check-in, consigli e rotte piu cercate dagli utenti italiani.","Trigana Air Service bagaglio check-in",airlines,"Compagnia classificata come tradizionale nel dataset."
post,publish,"Tropic Air (9N): bagagli, check-in, rotte e consigli 2026",compagnia-aerea-tropic-air-9n,"Guida pratica su Tropic Air: bagaglio a mano, check-in, rotte popolari dall'Italia e consigli utili per prenotare.","<div class=""cpv-landing-note"">
  <p><strong>Guida pratica Tropic Air.</strong> Qui trovi una sintesi utile per capire come prenotare con Tropic Air, cosa controllare su bagagli e check-in e quali aspetti confrontare prima di acquistare il volo.</p>
</div>
<div class=""cpv-stat-grid"">
  <div class=""cpv-stat""><strong>Tradizionale</strong><span>Tipologia di compagnia secondo il dataset disponibile.</span></div>
  <div class=""cpv-stat""><strong>Check-in online</strong><span>Da verificare sempre sul sito ufficiale prima della partenza.</span></div>
  <div class=""cpv-stat""><strong>Bagagli</strong><span>Controlla franchigia e servizi inclusi in base alla tariffa scelta.</span></div>
</div>
<h2>Tropic Air: cosa controllare prima di prenotare</h2>
<p>La compagnia viene spesso valutata per tratte business, nazionali o con servizi aggiuntivi. Prima della prenotazione conviene confrontare orari, politica bagagli, flessibilita della tariffa e aeroporto di partenza disponibile in Italia.</p>
<div class=""cpv-chip-list""><span class=""cpv-chip"">FCO</span><span class=""cpv-chip"">CIA</span><span class=""cpv-chip"">MXP</span><span class=""cpv-chip"">BGY</span><span class=""cpv-chip"">LIN</span><span class=""cpv-chip"">NAP</span></div>
<div class=""cpv-landing-grid"">
  <div class=""cpv-landing-card""><strong>Bagaglio a mano</strong><p>Controlla sempre misure, peso e possibilita di aggiungere priorita o trolley in cabina.</p></div>
  <div class=""cpv-landing-card""><strong>Check-in</strong><p>Verifica finestre di apertura, app mobile, costi in aeroporto e documenti richiesti.</p></div>
  <div class=""cpv-landing-card""><strong>Partenze italiane</strong><p>Confronta i principali aeroporti italiani per capire quali rotte o fasce orarie sono piu interessanti.</p></div>
</div>
<h2>Domande frequenti su Tropic Air</h2>
<div class=""cpv-faq"">
  <details><summary>Come verificare le regole bagaglio di Tropic Air?</summary><p>Consulta sempre la pagina ufficiale prima dell'acquisto: le regole possono cambiare in base alla tariffa, alla rotta e alla data di viaggio.</p></details>
  <details><summary>Tropic Air e adatta a chi cerca il prezzo piu basso?</summary><p>Dipende dalla rotta e dai servizi necessari. In molti casi le tariffe base sono competitive, ma conviene verificare gli extra prima di concludere la prenotazione.</p></details>
  <details><summary>Quali aeroporti italiani monitorare?</summary><p>Le partenze da Milano, Roma, Napoli, Venezia, Catania e Bologna sono tra quelle che gli utenti confrontano piu spesso.</p></details>
</div>","Compagnie aeree|Compagnie tradizionali",airline,9N,/compagnie-aeree/tropic-air/,"Tropic Air: bagagli, check-in e rotte | ConfrontaPrezziVoli","Scopri come volare con Tropic Air: bagaglio a mano, check-in, consigli e rotte piu cercate dagli utenti italiani.","Tropic Air bagaglio check-in",airlines,"Compagnia classificata come tradizionale nel dataset."
post,publish,"Tunisair (TU): bagagli, check-in, rotte e consigli 2026",compagnia-aerea-tunisair-tu,"Guida pratica su Tunisair: bagaglio a mano, check-in, rotte popolari dall'Italia e consigli utili per prenotare.","<div class=""cpv-landing-note"">
  <p><strong>Guida pratica Tunisair.</strong> Qui trovi una sintesi utile per capire come prenotare con Tunisair, cosa controllare su bagagli e check-in e quali aspetti confrontare prima di acquistare il volo.</p>
</div>
<div class=""cpv-stat-grid"">
  <div class=""cpv-stat""><strong>Tradizionale</strong><span>Tipologia di compagnia secondo il dataset disponibile.</span></div>
  <div class=""cpv-stat""><strong>Check-in online</strong><span>Da verificare sempre sul sito ufficiale prima della partenza.</span></div>
  <div class=""cpv-stat""><strong>Bagagli</strong><span>Controlla franchigia e servizi inclusi in base alla tariffa scelta.</span></div>
</div>
<h2>Tunisair: cosa controllare prima di prenotare</h2>
<p>La compagnia viene spesso valutata per tratte business, nazionali o con servizi aggiuntivi. Prima della prenotazione conviene confrontare orari, politica bagagli, flessibilita della tariffa e aeroporto di partenza disponibile in Italia.</p>
<div class=""cpv-chip-list""><span class=""cpv-chip"">FCO</span><span class=""cpv-chip"">CIA</span><span class=""cpv-chip"">MXP</span><span class=""cpv-chip"">BGY</span><span class=""cpv-chip"">LIN</span><span class=""cpv-chip"">NAP</span></div>
<div class=""cpv-landing-grid"">
  <div class=""cpv-landing-card""><strong>Bagaglio a mano</strong><p>Controlla sempre misure, peso e possibilita di aggiungere priorita o trolley in cabina.</p></div>
  <div class=""cpv-landing-card""><strong>Check-in</strong><p>Verifica finestre di apertura, app mobile, costi in aeroporto e documenti richiesti.</p></div>
  <div class=""cpv-landing-card""><strong>Partenze italiane</strong><p>Confronta i principali aeroporti italiani per capire quali rotte o fasce orarie sono piu interessanti.</p></div>
</div>
<h2>Domande frequenti su Tunisair</h2>
<div class=""cpv-faq"">
  <details><summary>Come verificare le regole bagaglio di Tunisair?</summary><p>Consulta sempre la pagina ufficiale prima dell'acquisto: le regole possono cambiare in base alla tariffa, alla rotta e alla data di viaggio.</p></details>
  <details><summary>Tunisair e adatta a chi cerca il prezzo piu basso?</summary><p>Dipende dalla rotta e dai servizi necessari. In molti casi le tariffe base sono competitive, ma conviene verificare gli extra prima di concludere la prenotazione.</p></details>
  <details><summary>Quali aeroporti italiani monitorare?</summary><p>Le partenze da Milano, Roma, Napoli, Venezia, Catania e Bologna sono tra quelle che gli utenti confrontano piu spesso.</p></details>
</div>","Compagnie aeree|Compagnie tradizionali",airline,TU,/compagnie-aeree/tunisair/,"Tunisair: bagagli, check-in e rotte | ConfrontaPrezziVoli","Scopri come volare con Tunisair: bagaglio a mano, check-in, consigli e rotte piu cercate dagli utenti italiani.","Tunisair bagaglio check-in",airlines,"Compagnia classificata come tradizionale nel dataset."
post,publish,"Tunisair Express (UG): bagagli, check-in, rotte e consigli 2026",compagnia-aerea-tunisair-express-ug,"Guida pratica su Tunisair Express: bagaglio a mano, check-in, rotte popolari dall'Italia e consigli utili per prenotare.","<div class=""cpv-landing-note"">
  <p><strong>Guida pratica Tunisair Express.</strong> Qui trovi una sintesi utile per capire come prenotare con Tunisair Express, cosa controllare su bagagli e check-in e quali aspetti confrontare prima di acquistare il volo.</p>
</div>
<div class=""cpv-stat-grid"">
  <div class=""cpv-stat""><strong>Tradizionale</strong><span>Tipologia di compagnia secondo il dataset disponibile.</span></div>
  <div class=""cpv-stat""><strong>Check-in online</strong><span>Da verificare sempre sul sito ufficiale prima della partenza.</span></div>
  <div class=""cpv-stat""><strong>Bagagli</strong><span>Controlla franchigia e servizi inclusi in base alla tariffa scelta.</span></div>
</div>
<h2>Tunisair Express: cosa controllare prima di prenotare</h2>
<p>La compagnia viene spesso valutata per tratte business, nazionali o con servizi aggiuntivi. Prima della prenotazione conviene confrontare orari, politica bagagli, flessibilita della tariffa e aeroporto di partenza disponibile in Italia.</p>
<div class=""cpv-chip-list""><span class=""cpv-chip"">FCO</span><span class=""cpv-chip"">CIA</span><span class=""cpv-chip"">MXP</span><span class=""cpv-chip"">BGY</span><span class=""cpv-chip"">LIN</span><span class=""cpv-chip"">NAP</span></div>
<div class=""cpv-landing-grid"">
  <div class=""cpv-landing-card""><strong>Bagaglio a mano</strong><p>Controlla sempre misure, peso e possibilita di aggiungere priorita o trolley in cabina.</p></div>
  <div class=""cpv-landing-card""><strong>Check-in</strong><p>Verifica finestre di apertura, app mobile, costi in aeroporto e documenti richiesti.</p></div>
  <div class=""cpv-landing-card""><strong>Partenze italiane</strong><p>Confronta i principali aeroporti italiani per capire quali rotte o fasce orarie sono piu interessanti.</p></div>
</div>
<h2>Domande frequenti su Tunisair Express</h2>
<div class=""cpv-faq"">
  <details><summary>Come verificare le regole bagaglio di Tunisair Express?</summary><p>Consulta sempre la pagina ufficiale prima dell'acquisto: le regole possono cambiare in base alla tariffa, alla rotta e alla data di viaggio.</p></details>
  <details><summary>Tunisair Express e adatta a chi cerca il prezzo piu basso?</summary><p>Dipende dalla rotta e dai servizi necessari. In molti casi le tariffe base sono competitive, ma conviene verificare gli extra prima di concludere la prenotazione.</p></details>
  <details><summary>Quali aeroporti italiani monitorare?</summary><p>Le partenze da Milano, Roma, Napoli, Venezia, Catania e Bologna sono tra quelle che gli utenti confrontano piu spesso.</p></details>
</div>","Compagnie aeree|Compagnie tradizionali",airline,UG,/compagnie-aeree/tunisair-express/,"Tunisair Express: bagagli, check-in e rotte | ConfrontaPrezziVoli","Scopri come volare con Tunisair Express: bagaglio a mano, check-in, consigli e rotte piu cercate dagli utenti italiani.","Tunisair Express bagaglio check-in",airlines,"Compagnia classificata come tradizionale nel dataset."
post,publish,"Turkish Airlines (TK): bagagli, check-in, rotte e consigli 2026",compagnia-aerea-turkish-airlines-tk,"Guida pratica su Turkish Airlines: bagaglio a mano, check-in, rotte popolari dall'Italia e consigli utili per prenotare.","<div class=""cpv-landing-note"">
  <p><strong>Guida pratica Turkish Airlines.</strong> Qui trovi una sintesi utile per capire come prenotare con Turkish Airlines, cosa controllare su bagagli e check-in e quali aspetti confrontare prima di acquistare il volo.</p>
</div>
<div class=""cpv-stat-grid"">
  <div class=""cpv-stat""><strong>Tradizionale</strong><span>Tipologia di compagnia secondo il dataset disponibile.</span></div>
  <div class=""cpv-stat""><strong>Check-in online</strong><span>Da verificare sempre sul sito ufficiale prima della partenza.</span></div>
  <div class=""cpv-stat""><strong>Bagagli</strong><span>Controlla franchigia e servizi inclusi in base alla tariffa scelta.</span></div>
</div>
<h2>Turkish Airlines: cosa controllare prima di prenotare</h2>
<p>La compagnia viene spesso valutata per tratte business, nazionali o con servizi aggiuntivi. Prima della prenotazione conviene confrontare orari, politica bagagli, flessibilita della tariffa e aeroporto di partenza disponibile in Italia.</p>
<div class=""cpv-chip-list""><span class=""cpv-chip"">FCO</span><span class=""cpv-chip"">CIA</span><span class=""cpv-chip"">MXP</span><span class=""cpv-chip"">BGY</span><span class=""cpv-chip"">LIN</span><span class=""cpv-chip"">NAP</span></div>
<div class=""cpv-landing-grid"">
  <div class=""cpv-landing-card""><strong>Bagaglio a mano</strong><p>Controlla sempre misure, peso e possibilita di aggiungere priorita o trolley in cabina.</p></div>
  <div class=""cpv-landing-card""><strong>Check-in</strong><p>Verifica finestre di apertura, app mobile, costi in aeroporto e documenti richiesti.</p></div>
  <div class=""cpv-landing-card""><strong>Partenze italiane</strong><p>Confronta i principali aeroporti italiani per capire quali rotte o fasce orarie sono piu interessanti.</p></div>
</div>
<h2>Domande frequenti su Turkish Airlines</h2>
<div class=""cpv-faq"">
  <details><summary>Come verificare le regole bagaglio di Turkish Airlines?</summary><p>Consulta sempre la pagina ufficiale prima dell'acquisto: le regole possono cambiare in base alla tariffa, alla rotta e alla data di viaggio.</p></details>
  <details><summary>Turkish Airlines e adatta a chi cerca il prezzo piu basso?</summary><p>Dipende dalla rotta e dai servizi necessari. In molti casi le tariffe base sono competitive, ma conviene verificare gli extra prima di concludere la prenotazione.</p></details>
  <details><summary>Quali aeroporti italiani monitorare?</summary><p>Le partenze da Milano, Roma, Napoli, Venezia, Catania e Bologna sono tra quelle che gli utenti confrontano piu spesso.</p></details>
</div>","Compagnie aeree|Compagnie tradizionali",airline,TK,/compagnie-aeree/turkish-airlines/,"Turkish Airlines: bagagli, check-in e rotte | ConfrontaPrezziVoli","Scopri come volare con Turkish Airlines: bagaglio a mano, check-in, consigli e rotte piu cercate dagli utenti italiani.","Turkish Airlines bagaglio check-in",airlines,"Compagnia classificata come tradizionale nel dataset."
post,publish,"Turkmen Railway (Ж0): bagagli, check-in, rotte e consigli 2026",compagnia-aerea-turkmen-railway-Ж0,"Guida pratica su Turkmen Railway: bagaglio a mano, check-in, rotte popolari dall'Italia e consigli utili per prenotare.","<div class=""cpv-landing-note"">
  <p><strong>Guida pratica Turkmen Railway.</strong> Qui trovi una sintesi utile per capire come prenotare con Turkmen Railway, cosa controllare su bagagli e check-in e quali aspetti confrontare prima di acquistare il volo.</p>
</div>
<div class=""cpv-stat-grid"">
  <div class=""cpv-stat""><strong>Tradizionale</strong><span>Tipologia di compagnia secondo il dataset disponibile.</span></div>
  <div class=""cpv-stat""><strong>Check-in online</strong><span>Da verificare sempre sul sito ufficiale prima della partenza.</span></div>
  <div class=""cpv-stat""><strong>Bagagli</strong><span>Controlla franchigia e servizi inclusi in base alla tariffa scelta.</span></div>
</div>
<h2>Turkmen Railway: cosa controllare prima di prenotare</h2>
<p>La compagnia viene spesso valutata per tratte business, nazionali o con servizi aggiuntivi. Prima della prenotazione conviene confrontare orari, politica bagagli, flessibilita della tariffa e aeroporto di partenza disponibile in Italia.</p>
<div class=""cpv-chip-list""><span class=""cpv-chip"">FCO</span><span class=""cpv-chip"">CIA</span><span class=""cpv-chip"">MXP</span><span class=""cpv-chip"">BGY</span><span class=""cpv-chip"">LIN</span><span class=""cpv-chip"">NAP</span></div>
<div class=""cpv-landing-grid"">
  <div class=""cpv-landing-card""><strong>Bagaglio a mano</strong><p>Controlla sempre misure, peso e possibilita di aggiungere priorita o trolley in cabina.</p></div>
  <div class=""cpv-landing-card""><strong>Check-in</strong><p>Verifica finestre di apertura, app mobile, costi in aeroporto e documenti richiesti.</p></div>
  <div class=""cpv-landing-card""><strong>Partenze italiane</strong><p>Confronta i principali aeroporti italiani per capire quali rotte o fasce orarie sono piu interessanti.</p></div>
</div>
<h2>Domande frequenti su Turkmen Railway</h2>
<div class=""cpv-faq"">
  <details><summary>Come verificare le regole bagaglio di Turkmen Railway?</summary><p>Consulta sempre la pagina ufficiale prima dell'acquisto: le regole possono cambiare in base alla tariffa, alla rotta e alla data di viaggio.</p></details>
  <details><summary>Turkmen Railway e adatta a chi cerca il prezzo piu basso?</summary><p>Dipende dalla rotta e dai servizi necessari. In molti casi le tariffe base sono competitive, ma conviene verificare gli extra prima di concludere la prenotazione.</p></details>
  <details><summary>Quali aeroporti italiani monitorare?</summary><p>Le partenze da Milano, Roma, Napoli, Venezia, Catania e Bologna sono tra quelle che gli utenti confrontano piu spesso.</p></details>
</div>","Compagnie aeree|Compagnie tradizionali",airline,Ж0,/compagnie-aeree/turkmen-railway/,"Turkmen Railway: bagagli, check-in e rotte | ConfrontaPrezziVoli","Scopri come volare con Turkmen Railway: bagaglio a mano, check-in, consigli e rotte piu cercate dagli utenti italiani.","Turkmen Railway bagaglio check-in",airlines,"Compagnia classificata come tradizionale nel dataset."
post,publish,"Turkmenistan Airlines (T5): bagagli, check-in, rotte e consigli 2026",compagnia-aerea-turkmenistan-airlines-t5,"Guida pratica su Turkmenistan Airlines: bagaglio a mano, check-in, rotte popolari dall'Italia e consigli utili per prenotare.","<div class=""cpv-landing-note"">
  <p><strong>Guida pratica Turkmenistan Airlines.</strong> Qui trovi una sintesi utile per capire come prenotare con Turkmenistan Airlines, cosa controllare su bagagli e check-in e quali aspetti confrontare prima di acquistare il volo.</p>
</div>
<div class=""cpv-stat-grid"">
  <div class=""cpv-stat""><strong>Tradizionale</strong><span>Tipologia di compagnia secondo il dataset disponibile.</span></div>
  <div class=""cpv-stat""><strong>Check-in online</strong><span>Da verificare sempre sul sito ufficiale prima della partenza.</span></div>
  <div class=""cpv-stat""><strong>Bagagli</strong><span>Controlla franchigia e servizi inclusi in base alla tariffa scelta.</span></div>
</div>
<h2>Turkmenistan Airlines: cosa controllare prima di prenotare</h2>
<p>La compagnia viene spesso valutata per tratte business, nazionali o con servizi aggiuntivi. Prima della prenotazione conviene confrontare orari, politica bagagli, flessibilita della tariffa e aeroporto di partenza disponibile in Italia.</p>
<div class=""cpv-chip-list""><span class=""cpv-chip"">FCO</span><span class=""cpv-chip"">CIA</span><span class=""cpv-chip"">MXP</span><span class=""cpv-chip"">BGY</span><span class=""cpv-chip"">LIN</span><span class=""cpv-chip"">NAP</span></div>
<div class=""cpv-landing-grid"">
  <div class=""cpv-landing-card""><strong>Bagaglio a mano</strong><p>Controlla sempre misure, peso e possibilita di aggiungere priorita o trolley in cabina.</p></div>
  <div class=""cpv-landing-card""><strong>Check-in</strong><p>Verifica finestre di apertura, app mobile, costi in aeroporto e documenti richiesti.</p></div>
  <div class=""cpv-landing-card""><strong>Partenze italiane</strong><p>Confronta i principali aeroporti italiani per capire quali rotte o fasce orarie sono piu interessanti.</p></div>
</div>
<h2>Domande frequenti su Turkmenistan Airlines</h2>
<div class=""cpv-faq"">
  <details><summary>Come verificare le regole bagaglio di Turkmenistan Airlines?</summary><p>Consulta sempre la pagina ufficiale prima dell'acquisto: le regole possono cambiare in base alla tariffa, alla rotta e alla data di viaggio.</p></details>
  <details><summary>Turkmenistan Airlines e adatta a chi cerca il prezzo piu basso?</summary><p>Dipende dalla rotta e dai servizi necessari. In molti casi le tariffe base sono competitive, ma conviene verificare gli extra prima di concludere la prenotazione.</p></details>
  <details><summary>Quali aeroporti italiani monitorare?</summary><p>Le partenze da Milano, Roma, Napoli, Venezia, Catania e Bologna sono tra quelle che gli utenti confrontano piu spesso.</p></details>
</div>","Compagnie aeree|Compagnie tradizionali",airline,T5,/compagnie-aeree/turkmenistan-airlines/,"Turkmenistan Airlines: bagagli, check-in e rotte | ConfrontaPrezziVoli","Scopri come volare con Turkmenistan Airlines: bagaglio a mano, check-in, consigli e rotte piu cercate dagli utenti italiani.","Turkmenistan Airlines bagaglio check-in",airlines,"Compagnia classificata come tradizionale nel dataset."
post,publish,"Tus Airways (U8): bagagli, check-in, rotte e consigli 2026",compagnia-aerea-tus-airways-u8,"Guida pratica su Tus Airways: bagaglio a mano, check-in, rotte popolari dall'Italia e consigli utili per prenotare.","<div class=""cpv-landing-note"">
  <p><strong>Guida pratica Tus Airways.</strong> Qui trovi una sintesi utile per capire come prenotare con Tus Airways, cosa controllare su bagagli e check-in e quali aspetti confrontare prima di acquistare il volo.</p>
</div>
<div class=""cpv-stat-grid"">
  <div class=""cpv-stat""><strong>Low cost</strong><span>Tipologia di compagnia secondo il dataset disponibile.</span></div>
  <div class=""cpv-stat""><strong>Check-in online</strong><span>Da verificare sempre sul sito ufficiale prima della partenza.</span></div>
  <div class=""cpv-stat""><strong>Bagagli</strong><span>Verifica con attenzione dimensioni e priorita del bagaglio a mano.</span></div>
</div>
<h2>Tus Airways: cosa controllare prima di prenotare</h2>
<p>La compagnia e spesso cercata per city break, leisure e rotte sensibili al prezzo. Prima della prenotazione conviene confrontare orari, politica bagagli, flessibilita della tariffa e aeroporto di partenza disponibile in Italia.</p>
<div class=""cpv-chip-list""><span class=""cpv-chip"">FCO</span><span class=""cpv-chip"">CIA</span><span class=""cpv-chip"">MXP</span><span class=""cpv-chip"">BGY</span><span class=""cpv-chip"">LIN</span><span class=""cpv-chip"">NAP</span></div>
<div class=""cpv-landing-grid"">
  <div class=""cpv-landing-card""><strong>Bagaglio a mano</strong><p>Controlla sempre misure, peso e possibilita di aggiungere priorita o trolley in cabina.</p></div>
  <div class=""cpv-landing-card""><strong>Check-in</strong><p>Verifica finestre di apertura, app mobile, costi in aeroporto e documenti richiesti.</p></div>
  <div class=""cpv-landing-card""><strong>Partenze italiane</strong><p>Confronta i principali aeroporti italiani per capire quali rotte o fasce orarie sono piu interessanti.</p></div>
</div>
<h2>Domande frequenti su Tus Airways</h2>
<div class=""cpv-faq"">
  <details><summary>Come verificare le regole bagaglio di Tus Airways?</summary><p>Consulta sempre la pagina ufficiale prima dell'acquisto: le regole possono cambiare in base alla tariffa, alla rotta e alla data di viaggio.</p></details>
  <details><summary>Tus Airways e adatta a chi cerca il prezzo piu basso?</summary><p>Dipende dalla rotta e dai servizi necessari. In molti casi le tariffe base sono competitive, ma conviene verificare gli extra prima di concludere la prenotazione.</p></details>
  <details><summary>Quali aeroporti italiani monitorare?</summary><p>Le partenze da Milano, Roma, Napoli, Venezia, Catania e Bologna sono tra quelle che gli utenti confrontano piu spesso.</p></details>
</div>","Compagnie aeree|Compagnie low cost",airline,U8,/compagnie-aeree/tus-airways/,"Tus Airways: bagagli, check-in e rotte | ConfrontaPrezziVoli","Scopri come volare con Tus Airways: bagaglio a mano, check-in, consigli e rotte piu cercate dagli utenti italiani.","Tus Airways bagaglio check-in",airlines,"Compagnia classificata come low cost nel dataset."
post,publish,"Twin Jet (T7): bagagli, check-in, rotte e consigli 2026",compagnia-aerea-twin-jet-t7,"Guida pratica su Twin Jet: bagaglio a mano, check-in, rotte popolari dall'Italia e consigli utili per prenotare.","<div class=""cpv-landing-note"">
  <p><strong>Guida pratica Twin Jet.</strong> Qui trovi una sintesi utile per capire come prenotare con Twin Jet, cosa controllare su bagagli e check-in e quali aspetti confrontare prima di acquistare il volo.</p>
</div>
<div class=""cpv-stat-grid"">
  <div class=""cpv-stat""><strong>Tradizionale</strong><span>Tipologia di compagnia secondo il dataset disponibile.</span></div>
  <div class=""cpv-stat""><strong>Check-in online</strong><span>Da verificare sempre sul sito ufficiale prima della partenza.</span></div>
  <div class=""cpv-stat""><strong>Bagagli</strong><span>Controlla franchigia e servizi inclusi in base alla tariffa scelta.</span></div>
</div>
<h2>Twin Jet: cosa controllare prima di prenotare</h2>
<p>La compagnia viene spesso valutata per tratte business, nazionali o con servizi aggiuntivi. Prima della prenotazione conviene confrontare orari, politica bagagli, flessibilita della tariffa e aeroporto di partenza disponibile in Italia.</p>
<div class=""cpv-chip-list""><span class=""cpv-chip"">FCO</span><span class=""cpv-chip"">CIA</span><span class=""cpv-chip"">MXP</span><span class=""cpv-chip"">BGY</span><span class=""cpv-chip"">LIN</span><span class=""cpv-chip"">NAP</span></div>
<div class=""cpv-landing-grid"">
  <div class=""cpv-landing-card""><strong>Bagaglio a mano</strong><p>Controlla sempre misure, peso e possibilita di aggiungere priorita o trolley in cabina.</p></div>
  <div class=""cpv-landing-card""><strong>Check-in</strong><p>Verifica finestre di apertura, app mobile, costi in aeroporto e documenti richiesti.</p></div>
  <div class=""cpv-landing-card""><strong>Partenze italiane</strong><p>Confronta i principali aeroporti italiani per capire quali rotte o fasce orarie sono piu interessanti.</p></div>
</div>
<h2>Domande frequenti su Twin Jet</h2>
<div class=""cpv-faq"">
  <details><summary>Come verificare le regole bagaglio di Twin Jet?</summary><p>Consulta sempre la pagina ufficiale prima dell'acquisto: le regole possono cambiare in base alla tariffa, alla rotta e alla data di viaggio.</p></details>
  <details><summary>Twin Jet e adatta a chi cerca il prezzo piu basso?</summary><p>Dipende dalla rotta e dai servizi necessari. In molti casi le tariffe base sono competitive, ma conviene verificare gli extra prima di concludere la prenotazione.</p></details>
  <details><summary>Quali aeroporti italiani monitorare?</summary><p>Le partenze da Milano, Roma, Napoli, Venezia, Catania e Bologna sono tra quelle che gli utenti confrontano piu spesso.</p></details>
</div>","Compagnie aeree|Compagnie tradizionali",airline,T7,/compagnie-aeree/twin-jet/,"Twin Jet: bagagli, check-in e rotte | ConfrontaPrezziVoli","Scopri come volare con Twin Jet: bagaglio a mano, check-in, consigli e rotte piu cercate dagli utenti italiani.","Twin Jet bagaglio check-in",airlines,"Compagnia classificata come tradizionale nel dataset."
post,publish,"UBM Aviation - OAG (CR): bagagli, check-in, rotte e consigli 2026",compagnia-aerea-ubm-aviation-oag-cr,"Guida pratica su UBM Aviation - OAG: bagaglio a mano, check-in, rotte popolari dall'Italia e consigli utili per prenotare.","<div class=""cpv-landing-note"">
  <p><strong>Guida pratica UBM Aviation - OAG.</strong> Qui trovi una sintesi utile per capire come prenotare con UBM Aviation - OAG, cosa controllare su bagagli e check-in e quali aspetti confrontare prima di acquistare il volo.</p>
</div>
<div class=""cpv-stat-grid"">
  <div class=""cpv-stat""><strong>Tradizionale</strong><span>Tipologia di compagnia secondo il dataset disponibile.</span></div>
  <div class=""cpv-stat""><strong>Check-in online</strong><span>Da verificare sempre sul sito ufficiale prima della partenza.</span></div>
  <div class=""cpv-stat""><strong>Bagagli</strong><span>Controlla franchigia e servizi inclusi in base alla tariffa scelta.</span></div>
</div>
<h2>UBM Aviation - OAG: cosa controllare prima di prenotare</h2>
<p>La compagnia viene spesso valutata per tratte business, nazionali o con servizi aggiuntivi. Prima della prenotazione conviene confrontare orari, politica bagagli, flessibilita della tariffa e aeroporto di partenza disponibile in Italia.</p>
<div class=""cpv-chip-list""><span class=""cpv-chip"">FCO</span><span class=""cpv-chip"">CIA</span><span class=""cpv-chip"">MXP</span><span class=""cpv-chip"">BGY</span><span class=""cpv-chip"">LIN</span><span class=""cpv-chip"">NAP</span></div>
<div class=""cpv-landing-grid"">
  <div class=""cpv-landing-card""><strong>Bagaglio a mano</strong><p>Controlla sempre misure, peso e possibilita di aggiungere priorita o trolley in cabina.</p></div>
  <div class=""cpv-landing-card""><strong>Check-in</strong><p>Verifica finestre di apertura, app mobile, costi in aeroporto e documenti richiesti.</p></div>
  <div class=""cpv-landing-card""><strong>Partenze italiane</strong><p>Confronta i principali aeroporti italiani per capire quali rotte o fasce orarie sono piu interessanti.</p></div>
</div>
<h2>Domande frequenti su UBM Aviation - OAG</h2>
<div class=""cpv-faq"">
  <details><summary>Come verificare le regole bagaglio di UBM Aviation - OAG?</summary><p>Consulta sempre la pagina ufficiale prima dell'acquisto: le regole possono cambiare in base alla tariffa, alla rotta e alla data di viaggio.</p></details>
  <details><summary>UBM Aviation - OAG e adatta a chi cerca il prezzo piu basso?</summary><p>Dipende dalla rotta e dai servizi necessari. In molti casi le tariffe base sono competitive, ma conviene verificare gli extra prima di concludere la prenotazione.</p></details>
  <details><summary>Quali aeroporti italiani monitorare?</summary><p>Le partenze da Milano, Roma, Napoli, Venezia, Catania e Bologna sono tra quelle che gli utenti confrontano piu spesso.</p></details>
</div>","Compagnie aeree|Compagnie tradizionali",airline,CR,/compagnie-aeree/ubm-aviation-oag/,"UBM Aviation - OAG: bagagli, check-in e rotte | ConfrontaPrezziVoli","Scopri come volare con UBM Aviation - OAG: bagaglio a mano, check-in, consigli e rotte piu cercate dagli utenti italiani.","UBM Aviation - OAG bagaglio check-in",airlines,"Compagnia classificata come tradizionale nel dataset."
post,publish,"UIA (PS): bagagli, check-in, rotte e consigli 2026",compagnia-aerea-uia-ps,"Guida pratica su UIA: bagaglio a mano, check-in, rotte popolari dall'Italia e consigli utili per prenotare.","<div class=""cpv-landing-note"">
  <p><strong>Guida pratica UIA.</strong> Qui trovi una sintesi utile per capire come prenotare con UIA, cosa controllare su bagagli e check-in e quali aspetti confrontare prima di acquistare il volo.</p>
</div>
<div class=""cpv-stat-grid"">
  <div class=""cpv-stat""><strong>Tradizionale</strong><span>Tipologia di compagnia secondo il dataset disponibile.</span></div>
  <div class=""cpv-stat""><strong>Check-in online</strong><span>Da verificare sempre sul sito ufficiale prima della partenza.</span></div>
  <div class=""cpv-stat""><strong>Bagagli</strong><span>Controlla franchigia e servizi inclusi in base alla tariffa scelta.</span></div>
</div>
<h2>UIA: cosa controllare prima di prenotare</h2>
<p>La compagnia viene spesso valutata per tratte business, nazionali o con servizi aggiuntivi. Prima della prenotazione conviene confrontare orari, politica bagagli, flessibilita della tariffa e aeroporto di partenza disponibile in Italia.</p>
<div class=""cpv-chip-list""><span class=""cpv-chip"">FCO</span><span class=""cpv-chip"">CIA</span><span class=""cpv-chip"">MXP</span><span class=""cpv-chip"">BGY</span><span class=""cpv-chip"">LIN</span><span class=""cpv-chip"">NAP</span></div>
<div class=""cpv-landing-grid"">
  <div class=""cpv-landing-card""><strong>Bagaglio a mano</strong><p>Controlla sempre misure, peso e possibilita di aggiungere priorita o trolley in cabina.</p></div>
  <div class=""cpv-landing-card""><strong>Check-in</strong><p>Verifica finestre di apertura, app mobile, costi in aeroporto e documenti richiesti.</p></div>
  <div class=""cpv-landing-card""><strong>Partenze italiane</strong><p>Confronta i principali aeroporti italiani per capire quali rotte o fasce orarie sono piu interessanti.</p></div>
</div>
<h2>Domande frequenti su UIA</h2>
<div class=""cpv-faq"">
  <details><summary>Come verificare le regole bagaglio di UIA?</summary><p>Consulta sempre la pagina ufficiale prima dell'acquisto: le regole possono cambiare in base alla tariffa, alla rotta e alla data di viaggio.</p></details>
  <details><summary>UIA e adatta a chi cerca il prezzo piu basso?</summary><p>Dipende dalla rotta e dai servizi necessari. In molti casi le tariffe base sono competitive, ma conviene verificare gli extra prima di concludere la prenotazione.</p></details>
  <details><summary>Quali aeroporti italiani monitorare?</summary><p>Le partenze da Milano, Roma, Napoli, Venezia, Catania e Bologna sono tra quelle che gli utenti confrontano piu spesso.</p></details>
</div>","Compagnie aeree|Compagnie tradizionali",airline,PS,/compagnie-aeree/uia/,"UIA: bagagli, check-in e rotte | ConfrontaPrezziVoli","Scopri come volare con UIA: bagaglio a mano, check-in, consigli e rotte piu cercate dagli utenti italiani.","UIA bagaglio check-in",airlines,"Compagnia classificata come tradizionale nel dataset."
post,publish,"ULS Airlines Cargo (GO): bagagli, check-in, rotte e consigli 2026",compagnia-aerea-uls-airlines-cargo-go,"Guida pratica su ULS Airlines Cargo: bagaglio a mano, check-in, rotte popolari dall'Italia e consigli utili per prenotare.","<div class=""cpv-landing-note"">
  <p><strong>Guida pratica ULS Airlines Cargo.</strong> Qui trovi una sintesi utile per capire come prenotare con ULS Airlines Cargo, cosa controllare su bagagli e check-in e quali aspetti confrontare prima di acquistare il volo.</p>
</div>
<div class=""cpv-stat-grid"">
  <div class=""cpv-stat""><strong>Tradizionale</strong><span>Tipologia di compagnia secondo il dataset disponibile.</span></div>
  <div class=""cpv-stat""><strong>Check-in online</strong><span>Da verificare sempre sul sito ufficiale prima della partenza.</span></div>
  <div class=""cpv-stat""><strong>Bagagli</strong><span>Controlla franchigia e servizi inclusi in base alla tariffa scelta.</span></div>
</div>
<h2>ULS Airlines Cargo: cosa controllare prima di prenotare</h2>
<p>La compagnia viene spesso valutata per tratte business, nazionali o con servizi aggiuntivi. Prima della prenotazione conviene confrontare orari, politica bagagli, flessibilita della tariffa e aeroporto di partenza disponibile in Italia.</p>
<div class=""cpv-chip-list""><span class=""cpv-chip"">FCO</span><span class=""cpv-chip"">CIA</span><span class=""cpv-chip"">MXP</span><span class=""cpv-chip"">BGY</span><span class=""cpv-chip"">LIN</span><span class=""cpv-chip"">NAP</span></div>
<div class=""cpv-landing-grid"">
  <div class=""cpv-landing-card""><strong>Bagaglio a mano</strong><p>Controlla sempre misure, peso e possibilita di aggiungere priorita o trolley in cabina.</p></div>
  <div class=""cpv-landing-card""><strong>Check-in</strong><p>Verifica finestre di apertura, app mobile, costi in aeroporto e documenti richiesti.</p></div>
  <div class=""cpv-landing-card""><strong>Partenze italiane</strong><p>Confronta i principali aeroporti italiani per capire quali rotte o fasce orarie sono piu interessanti.</p></div>
</div>
<h2>Domande frequenti su ULS Airlines Cargo</h2>
<div class=""cpv-faq"">
  <details><summary>Come verificare le regole bagaglio di ULS Airlines Cargo?</summary><p>Consulta sempre la pagina ufficiale prima dell'acquisto: le regole possono cambiare in base alla tariffa, alla rotta e alla data di viaggio.</p></details>
  <details><summary>ULS Airlines Cargo e adatta a chi cerca il prezzo piu basso?</summary><p>Dipende dalla rotta e dai servizi necessari. In molti casi le tariffe base sono competitive, ma conviene verificare gli extra prima di concludere la prenotazione.</p></details>
  <details><summary>Quali aeroporti italiani monitorare?</summary><p>Le partenze da Milano, Roma, Napoli, Venezia, Catania e Bologna sono tra quelle che gli utenti confrontano piu spesso.</p></details>
</div>","Compagnie aeree|Compagnie tradizionali",airline,GO,/compagnie-aeree/uls-airlines-cargo/,"ULS Airlines Cargo: bagagli, check-in e rotte | ConfrontaPrezziVoli","Scopri come volare con ULS Airlines Cargo: bagaglio a mano, check-in, consigli e rotte piu cercate dagli utenti italiani.","ULS Airlines Cargo bagaglio check-in",airlines,"Compagnia classificata come tradizionale nel dataset."
post,publish,"UPS (5X): bagagli, check-in, rotte e consigli 2026",compagnia-aerea-ups-5x,"Guida pratica su UPS: bagaglio a mano, check-in, rotte popolari dall'Italia e consigli utili per prenotare.","<div class=""cpv-landing-note"">
  <p><strong>Guida pratica UPS.</strong> Qui trovi una sintesi utile per capire come prenotare con UPS, cosa controllare su bagagli e check-in e quali aspetti confrontare prima di acquistare il volo.</p>
</div>
<div class=""cpv-stat-grid"">
  <div class=""cpv-stat""><strong>Tradizionale</strong><span>Tipologia di compagnia secondo il dataset disponibile.</span></div>
  <div class=""cpv-stat""><strong>Check-in online</strong><span>Da verificare sempre sul sito ufficiale prima della partenza.</span></div>
  <div class=""cpv-stat""><strong>Bagagli</strong><span>Controlla franchigia e servizi inclusi in base alla tariffa scelta.</span></div>
</div>
<h2>UPS: cosa controllare prima di prenotare</h2>
<p>La compagnia viene spesso valutata per tratte business, nazionali o con servizi aggiuntivi. Prima della prenotazione conviene confrontare orari, politica bagagli, flessibilita della tariffa e aeroporto di partenza disponibile in Italia.</p>
<div class=""cpv-chip-list""><span class=""cpv-chip"">FCO</span><span class=""cpv-chip"">CIA</span><span class=""cpv-chip"">MXP</span><span class=""cpv-chip"">BGY</span><span class=""cpv-chip"">LIN</span><span class=""cpv-chip"">NAP</span></div>
<div class=""cpv-landing-grid"">
  <div class=""cpv-landing-card""><strong>Bagaglio a mano</strong><p>Controlla sempre misure, peso e possibilita di aggiungere priorita o trolley in cabina.</p></div>
  <div class=""cpv-landing-card""><strong>Check-in</strong><p>Verifica finestre di apertura, app mobile, costi in aeroporto e documenti richiesti.</p></div>
  <div class=""cpv-landing-card""><strong>Partenze italiane</strong><p>Confronta i principali aeroporti italiani per capire quali rotte o fasce orarie sono piu interessanti.</p></div>
</div>
<h2>Domande frequenti su UPS</h2>
<div class=""cpv-faq"">
  <details><summary>Come verificare le regole bagaglio di UPS?</summary><p>Consulta sempre la pagina ufficiale prima dell'acquisto: le regole possono cambiare in base alla tariffa, alla rotta e alla data di viaggio.</p></details>
  <details><summary>UPS e adatta a chi cerca il prezzo piu basso?</summary><p>Dipende dalla rotta e dai servizi necessari. In molti casi le tariffe base sono competitive, ma conviene verificare gli extra prima di concludere la prenotazione.</p></details>
  <details><summary>Quali aeroporti italiani monitorare?</summary><p>Le partenze da Milano, Roma, Napoli, Venezia, Catania e Bologna sono tra quelle che gli utenti confrontano piu spesso.</p></details>
</div>","Compagnie aeree|Compagnie tradizionali",airline,5X,/compagnie-aeree/ups/,"UPS: bagagli, check-in e rotte | ConfrontaPrezziVoli","Scopri come volare con UPS: bagaglio a mano, check-in, consigli e rotte piu cercate dagli utenti italiani.","UPS bagaglio check-in",airlines,"Compagnia classificata come tradizionale nel dataset."
post,publish,"UR Airlines (UD): bagagli, check-in, rotte e consigli 2026",compagnia-aerea-ur-airlines-ud,"Guida pratica su UR Airlines: bagaglio a mano, check-in, rotte popolari dall'Italia e consigli utili per prenotare.","<div class=""cpv-landing-note"">
  <p><strong>Guida pratica UR Airlines.</strong> Qui trovi una sintesi utile per capire come prenotare con UR Airlines, cosa controllare su bagagli e check-in e quali aspetti confrontare prima di acquistare il volo.</p>
</div>
<div class=""cpv-stat-grid"">
  <div class=""cpv-stat""><strong>Tradizionale</strong><span>Tipologia di compagnia secondo il dataset disponibile.</span></div>
  <div class=""cpv-stat""><strong>Check-in online</strong><span>Da verificare sempre sul sito ufficiale prima della partenza.</span></div>
  <div class=""cpv-stat""><strong>Bagagli</strong><span>Controlla franchigia e servizi inclusi in base alla tariffa scelta.</span></div>
</div>
<h2>UR Airlines: cosa controllare prima di prenotare</h2>
<p>La compagnia viene spesso valutata per tratte business, nazionali o con servizi aggiuntivi. Prima della prenotazione conviene confrontare orari, politica bagagli, flessibilita della tariffa e aeroporto di partenza disponibile in Italia.</p>
<div class=""cpv-chip-list""><span class=""cpv-chip"">FCO</span><span class=""cpv-chip"">CIA</span><span class=""cpv-chip"">MXP</span><span class=""cpv-chip"">BGY</span><span class=""cpv-chip"">LIN</span><span class=""cpv-chip"">NAP</span></div>
<div class=""cpv-landing-grid"">
  <div class=""cpv-landing-card""><strong>Bagaglio a mano</strong><p>Controlla sempre misure, peso e possibilita di aggiungere priorita o trolley in cabina.</p></div>
  <div class=""cpv-landing-card""><strong>Check-in</strong><p>Verifica finestre di apertura, app mobile, costi in aeroporto e documenti richiesti.</p></div>
  <div class=""cpv-landing-card""><strong>Partenze italiane</strong><p>Confronta i principali aeroporti italiani per capire quali rotte o fasce orarie sono piu interessanti.</p></div>
</div>
<h2>Domande frequenti su UR Airlines</h2>
<div class=""cpv-faq"">
  <details><summary>Come verificare le regole bagaglio di UR Airlines?</summary><p>Consulta sempre la pagina ufficiale prima dell'acquisto: le regole possono cambiare in base alla tariffa, alla rotta e alla data di viaggio.</p></details>
  <details><summary>UR Airlines e adatta a chi cerca il prezzo piu basso?</summary><p>Dipende dalla rotta e dai servizi necessari. In molti casi le tariffe base sono competitive, ma conviene verificare gli extra prima di concludere la prenotazione.</p></details>
  <details><summary>Quali aeroporti italiani monitorare?</summary><p>Le partenze da Milano, Roma, Napoli, Venezia, Catania e Bologna sono tra quelle che gli utenti confrontano piu spesso.</p></details>
</div>","Compagnie aeree|Compagnie tradizionali",airline,UD,/compagnie-aeree/ur-airlines/,"UR Airlines: bagagli, check-in e rotte | ConfrontaPrezziVoli","Scopri come volare con UR Airlines: bagaglio a mano, check-in, consigli e rotte piu cercate dagli utenti italiani.","UR Airlines bagaglio check-in",airlines,"Compagnia classificata come tradizionale nel dataset."
post,publish,"US-Bangla Airlines (BS): bagagli, check-in, rotte e consigli 2026",compagnia-aerea-us-bangla-airlines-bs,"Guida pratica su US-Bangla Airlines: bagaglio a mano, check-in, rotte popolari dall'Italia e consigli utili per prenotare.","<div class=""cpv-landing-note"">
  <p><strong>Guida pratica US-Bangla Airlines.</strong> Qui trovi una sintesi utile per capire come prenotare con US-Bangla Airlines, cosa controllare su bagagli e check-in e quali aspetti confrontare prima di acquistare il volo.</p>
</div>
<div class=""cpv-stat-grid"">
  <div class=""cpv-stat""><strong>Tradizionale</strong><span>Tipologia di compagnia secondo il dataset disponibile.</span></div>
  <div class=""cpv-stat""><strong>Check-in online</strong><span>Da verificare sempre sul sito ufficiale prima della partenza.</span></div>
  <div class=""cpv-stat""><strong>Bagagli</strong><span>Controlla franchigia e servizi inclusi in base alla tariffa scelta.</span></div>
</div>
<h2>US-Bangla Airlines: cosa controllare prima di prenotare</h2>
<p>La compagnia viene spesso valutata per tratte business, nazionali o con servizi aggiuntivi. Prima della prenotazione conviene confrontare orari, politica bagagli, flessibilita della tariffa e aeroporto di partenza disponibile in Italia.</p>
<div class=""cpv-chip-list""><span class=""cpv-chip"">FCO</span><span class=""cpv-chip"">CIA</span><span class=""cpv-chip"">MXP</span><span class=""cpv-chip"">BGY</span><span class=""cpv-chip"">LIN</span><span class=""cpv-chip"">NAP</span></div>
<div class=""cpv-landing-grid"">
  <div class=""cpv-landing-card""><strong>Bagaglio a mano</strong><p>Controlla sempre misure, peso e possibilita di aggiungere priorita o trolley in cabina.</p></div>
  <div class=""cpv-landing-card""><strong>Check-in</strong><p>Verifica finestre di apertura, app mobile, costi in aeroporto e documenti richiesti.</p></div>
  <div class=""cpv-landing-card""><strong>Partenze italiane</strong><p>Confronta i principali aeroporti italiani per capire quali rotte o fasce orarie sono piu interessanti.</p></div>
</div>
<h2>Domande frequenti su US-Bangla Airlines</h2>
<div class=""cpv-faq"">
  <details><summary>Come verificare le regole bagaglio di US-Bangla Airlines?</summary><p>Consulta sempre la pagina ufficiale prima dell'acquisto: le regole possono cambiare in base alla tariffa, alla rotta e alla data di viaggio.</p></details>
  <details><summary>US-Bangla Airlines e adatta a chi cerca il prezzo piu basso?</summary><p>Dipende dalla rotta e dai servizi necessari. In molti casi le tariffe base sono competitive, ma conviene verificare gli extra prima di concludere la prenotazione.</p></details>
  <details><summary>Quali aeroporti italiani monitorare?</summary><p>Le partenze da Milano, Roma, Napoli, Venezia, Catania e Bologna sono tra quelle che gli utenti confrontano piu spesso.</p></details>
</div>","Compagnie aeree|Compagnie tradizionali",airline,BS,/compagnie-aeree/us-bangla-airlines/,"US-Bangla Airlines: bagagli, check-in e rotte | ConfrontaPrezziVoli","Scopri come volare con US-Bangla Airlines: bagaglio a mano, check-in, consigli e rotte piu cercate dagli utenti italiani.","US-Bangla Airlines bagaglio check-in",airlines,"Compagnia classificata come tradizionale nel dataset."
post,publish,"UTair (ЮЭ): bagagli, check-in, rotte e consigli 2026",compagnia-aerea-utair-ЮЭ,"Guida pratica su UTair: bagaglio a mano, check-in, rotte popolari dall'Italia e consigli utili per prenotare.","<div class=""cpv-landing-note"">
  <p><strong>Guida pratica UTair.</strong> Qui trovi una sintesi utile per capire come prenotare con UTair, cosa controllare su bagagli e check-in e quali aspetti confrontare prima di acquistare il volo.</p>
</div>
<div class=""cpv-stat-grid"">
  <div class=""cpv-stat""><strong>Tradizionale</strong><span>Tipologia di compagnia secondo il dataset disponibile.</span></div>
  <div class=""cpv-stat""><strong>Check-in online</strong><span>Da verificare sempre sul sito ufficiale prima della partenza.</span></div>
  <div class=""cpv-stat""><strong>Bagagli</strong><span>Controlla franchigia e servizi inclusi in base alla tariffa scelta.</span></div>
</div>
<h2>UTair: cosa controllare prima di prenotare</h2>
<p>La compagnia viene spesso valutata per tratte business, nazionali o con servizi aggiuntivi. Prima della prenotazione conviene confrontare orari, politica bagagli, flessibilita della tariffa e aeroporto di partenza disponibile in Italia.</p>
<div class=""cpv-chip-list""><span class=""cpv-chip"">FCO</span><span class=""cpv-chip"">CIA</span><span class=""cpv-chip"">MXP</span><span class=""cpv-chip"">BGY</span><span class=""cpv-chip"">LIN</span><span class=""cpv-chip"">NAP</span></div>
<div class=""cpv-landing-grid"">
  <div class=""cpv-landing-card""><strong>Bagaglio a mano</strong><p>Controlla sempre misure, peso e possibilita di aggiungere priorita o trolley in cabina.</p></div>
  <div class=""cpv-landing-card""><strong>Check-in</strong><p>Verifica finestre di apertura, app mobile, costi in aeroporto e documenti richiesti.</p></div>
  <div class=""cpv-landing-card""><strong>Partenze italiane</strong><p>Confronta i principali aeroporti italiani per capire quali rotte o fasce orarie sono piu interessanti.</p></div>
</div>
<h2>Domande frequenti su UTair</h2>
<div class=""cpv-faq"">
  <details><summary>Come verificare le regole bagaglio di UTair?</summary><p>Consulta sempre la pagina ufficiale prima dell'acquisto: le regole possono cambiare in base alla tariffa, alla rotta e alla data di viaggio.</p></details>
  <details><summary>UTair e adatta a chi cerca il prezzo piu basso?</summary><p>Dipende dalla rotta e dai servizi necessari. In molti casi le tariffe base sono competitive, ma conviene verificare gli extra prima di concludere la prenotazione.</p></details>
  <details><summary>Quali aeroporti italiani monitorare?</summary><p>Le partenze da Milano, Roma, Napoli, Venezia, Catania e Bologna sono tra quelle che gli utenti confrontano piu spesso.</p></details>
</div>","Compagnie aeree|Compagnie tradizionali",airline,ЮЭ,/compagnie-aeree/utair/,"UTair: bagagli, check-in e rotte | ConfrontaPrezziVoli","Scopri come volare con UTair: bagaglio a mano, check-in, consigli e rotte piu cercate dagli utenti italiani.","UTair bagaglio check-in",airlines,"Compagnia classificata come tradizionale nel dataset."
post,publish,"UVT Aero (RT): bagagli, check-in, rotte e consigli 2026",compagnia-aerea-uvt-aero-rt,"Guida pratica su UVT Aero: bagaglio a mano, check-in, rotte popolari dall'Italia e consigli utili per prenotare.","<div class=""cpv-landing-note"">
  <p><strong>Guida pratica UVT Aero.</strong> Qui trovi una sintesi utile per capire come prenotare con UVT Aero, cosa controllare su bagagli e check-in e quali aspetti confrontare prima di acquistare il volo.</p>
</div>
<div class=""cpv-stat-grid"">
  <div class=""cpv-stat""><strong>Tradizionale</strong><span>Tipologia di compagnia secondo il dataset disponibile.</span></div>
  <div class=""cpv-stat""><strong>Check-in online</strong><span>Da verificare sempre sul sito ufficiale prima della partenza.</span></div>
  <div class=""cpv-stat""><strong>Bagagli</strong><span>Controlla franchigia e servizi inclusi in base alla tariffa scelta.</span></div>
</div>
<h2>UVT Aero: cosa controllare prima di prenotare</h2>
<p>La compagnia viene spesso valutata per tratte business, nazionali o con servizi aggiuntivi. Prima della prenotazione conviene confrontare orari, politica bagagli, flessibilita della tariffa e aeroporto di partenza disponibile in Italia.</p>
<div class=""cpv-chip-list""><span class=""cpv-chip"">FCO</span><span class=""cpv-chip"">CIA</span><span class=""cpv-chip"">MXP</span><span class=""cpv-chip"">BGY</span><span class=""cpv-chip"">LIN</span><span class=""cpv-chip"">NAP</span></div>
<div class=""cpv-landing-grid"">
  <div class=""cpv-landing-card""><strong>Bagaglio a mano</strong><p>Controlla sempre misure, peso e possibilita di aggiungere priorita o trolley in cabina.</p></div>
  <div class=""cpv-landing-card""><strong>Check-in</strong><p>Verifica finestre di apertura, app mobile, costi in aeroporto e documenti richiesti.</p></div>
  <div class=""cpv-landing-card""><strong>Partenze italiane</strong><p>Confronta i principali aeroporti italiani per capire quali rotte o fasce orarie sono piu interessanti.</p></div>
</div>
<h2>Domande frequenti su UVT Aero</h2>
<div class=""cpv-faq"">
  <details><summary>Come verificare le regole bagaglio di UVT Aero?</summary><p>Consulta sempre la pagina ufficiale prima dell'acquisto: le regole possono cambiare in base alla tariffa, alla rotta e alla data di viaggio.</p></details>
  <details><summary>UVT Aero e adatta a chi cerca il prezzo piu basso?</summary><p>Dipende dalla rotta e dai servizi necessari. In molti casi le tariffe base sono competitive, ma conviene verificare gli extra prima di concludere la prenotazione.</p></details>
  <details><summary>Quali aeroporti italiani monitorare?</summary><p>Le partenze da Milano, Roma, Napoli, Venezia, Catania e Bologna sono tra quelle che gli utenti confrontano piu spesso.</p></details>
</div>","Compagnie aeree|Compagnie tradizionali",airline,RT,/compagnie-aeree/uvt-aero/,"UVT Aero: bagagli, check-in e rotte | ConfrontaPrezziVoli","Scopri come volare con UVT Aero: bagaglio a mano, check-in, consigli e rotte piu cercate dagli utenti italiani.","UVT Aero bagaglio check-in",airlines,"Compagnia classificata come tradizionale nel dataset."
post,publish,"Uganda Airlines (UR): bagagli, check-in, rotte e consigli 2026",compagnia-aerea-uganda-airlines-ur,"Guida pratica su Uganda Airlines: bagaglio a mano, check-in, rotte popolari dall'Italia e consigli utili per prenotare.","<div class=""cpv-landing-note"">
  <p><strong>Guida pratica Uganda Airlines.</strong> Qui trovi una sintesi utile per capire come prenotare con Uganda Airlines, cosa controllare su bagagli e check-in e quali aspetti confrontare prima di acquistare il volo.</p>
</div>
<div class=""cpv-stat-grid"">
  <div class=""cpv-stat""><strong>Tradizionale</strong><span>Tipologia di compagnia secondo il dataset disponibile.</span></div>
  <div class=""cpv-stat""><strong>Check-in online</strong><span>Da verificare sempre sul sito ufficiale prima della partenza.</span></div>
  <div class=""cpv-stat""><strong>Bagagli</strong><span>Controlla franchigia e servizi inclusi in base alla tariffa scelta.</span></div>
</div>
<h2>Uganda Airlines: cosa controllare prima di prenotare</h2>
<p>La compagnia viene spesso valutata per tratte business, nazionali o con servizi aggiuntivi. Prima della prenotazione conviene confrontare orari, politica bagagli, flessibilita della tariffa e aeroporto di partenza disponibile in Italia.</p>
<div class=""cpv-chip-list""><span class=""cpv-chip"">FCO</span><span class=""cpv-chip"">CIA</span><span class=""cpv-chip"">MXP</span><span class=""cpv-chip"">BGY</span><span class=""cpv-chip"">LIN</span><span class=""cpv-chip"">NAP</span></div>
<div class=""cpv-landing-grid"">
  <div class=""cpv-landing-card""><strong>Bagaglio a mano</strong><p>Controlla sempre misure, peso e possibilita di aggiungere priorita o trolley in cabina.</p></div>
  <div class=""cpv-landing-card""><strong>Check-in</strong><p>Verifica finestre di apertura, app mobile, costi in aeroporto e documenti richiesti.</p></div>
  <div class=""cpv-landing-card""><strong>Partenze italiane</strong><p>Confronta i principali aeroporti italiani per capire quali rotte o fasce orarie sono piu interessanti.</p></div>
</div>
<h2>Domande frequenti su Uganda Airlines</h2>
<div class=""cpv-faq"">
  <details><summary>Come verificare le regole bagaglio di Uganda Airlines?</summary><p>Consulta sempre la pagina ufficiale prima dell'acquisto: le regole possono cambiare in base alla tariffa, alla rotta e alla data di viaggio.</p></details>
  <details><summary>Uganda Airlines e adatta a chi cerca il prezzo piu basso?</summary><p>Dipende dalla rotta e dai servizi necessari. In molti casi le tariffe base sono competitive, ma conviene verificare gli extra prima di concludere la prenotazione.</p></details>
  <details><summary>Quali aeroporti italiani monitorare?</summary><p>Le partenze da Milano, Roma, Napoli, Venezia, Catania e Bologna sono tra quelle che gli utenti confrontano piu spesso.</p></details>
</div>","Compagnie aeree|Compagnie tradizionali",airline,UR,/compagnie-aeree/uganda-airlines/,"Uganda Airlines: bagagli, check-in e rotte | ConfrontaPrezziVoli","Scopri come volare con Uganda Airlines: bagaglio a mano, check-in, consigli e rotte piu cercate dagli utenti italiani.","Uganda Airlines bagaglio check-in",airlines,"Compagnia classificata come tradizionale nel dataset."
post,publish,"Ukrainian Railways (ЖБ): bagagli, check-in, rotte e consigli 2026",compagnia-aerea-ukrainian-railways-ЖБ,"Guida pratica su Ukrainian Railways: bagaglio a mano, check-in, rotte popolari dall'Italia e consigli utili per prenotare.","<div class=""cpv-landing-note"">
  <p><strong>Guida pratica Ukrainian Railways.</strong> Qui trovi una sintesi utile per capire come prenotare con Ukrainian Railways, cosa controllare su bagagli e check-in e quali aspetti confrontare prima di acquistare il volo.</p>
</div>
<div class=""cpv-stat-grid"">
  <div class=""cpv-stat""><strong>Tradizionale</strong><span>Tipologia di compagnia secondo il dataset disponibile.</span></div>
  <div class=""cpv-stat""><strong>Check-in online</strong><span>Da verificare sempre sul sito ufficiale prima della partenza.</span></div>
  <div class=""cpv-stat""><strong>Bagagli</strong><span>Controlla franchigia e servizi inclusi in base alla tariffa scelta.</span></div>
</div>
<h2>Ukrainian Railways: cosa controllare prima di prenotare</h2>
<p>La compagnia viene spesso valutata per tratte business, nazionali o con servizi aggiuntivi. Prima della prenotazione conviene confrontare orari, politica bagagli, flessibilita della tariffa e aeroporto di partenza disponibile in Italia.</p>
<div class=""cpv-chip-list""><span class=""cpv-chip"">FCO</span><span class=""cpv-chip"">CIA</span><span class=""cpv-chip"">MXP</span><span class=""cpv-chip"">BGY</span><span class=""cpv-chip"">LIN</span><span class=""cpv-chip"">NAP</span></div>
<div class=""cpv-landing-grid"">
  <div class=""cpv-landing-card""><strong>Bagaglio a mano</strong><p>Controlla sempre misure, peso e possibilita di aggiungere priorita o trolley in cabina.</p></div>
  <div class=""cpv-landing-card""><strong>Check-in</strong><p>Verifica finestre di apertura, app mobile, costi in aeroporto e documenti richiesti.</p></div>
  <div class=""cpv-landing-card""><strong>Partenze italiane</strong><p>Confronta i principali aeroporti italiani per capire quali rotte o fasce orarie sono piu interessanti.</p></div>
</div>
<h2>Domande frequenti su Ukrainian Railways</h2>
<div class=""cpv-faq"">
  <details><summary>Come verificare le regole bagaglio di Ukrainian Railways?</summary><p>Consulta sempre la pagina ufficiale prima dell'acquisto: le regole possono cambiare in base alla tariffa, alla rotta e alla data di viaggio.</p></details>
  <details><summary>Ukrainian Railways e adatta a chi cerca il prezzo piu basso?</summary><p>Dipende dalla rotta e dai servizi necessari. In molti casi le tariffe base sono competitive, ma conviene verificare gli extra prima di concludere la prenotazione.</p></details>
  <details><summary>Quali aeroporti italiani monitorare?</summary><p>Le partenze da Milano, Roma, Napoli, Venezia, Catania e Bologna sono tra quelle che gli utenti confrontano piu spesso.</p></details>
</div>","Compagnie aeree|Compagnie tradizionali",airline,ЖБ,/compagnie-aeree/ukrainian-railways/,"Ukrainian Railways: bagagli, check-in e rotte | ConfrontaPrezziVoli","Scopri come volare con Ukrainian Railways: bagaglio a mano, check-in, consigli e rotte piu cercate dagli utenti italiani.","Ukrainian Railways bagaglio check-in",airlines,"Compagnia classificata come tradizionale nel dataset."
post,publish,"Ultimate Jetcharters (UE): bagagli, check-in, rotte e consigli 2026",compagnia-aerea-ultimate-jetcharters-ue,"Guida pratica su Ultimate Jetcharters: bagaglio a mano, check-in, rotte popolari dall'Italia e consigli utili per prenotare.","<div class=""cpv-landing-note"">
  <p><strong>Guida pratica Ultimate Jetcharters.</strong> Qui trovi una sintesi utile per capire come prenotare con Ultimate Jetcharters, cosa controllare su bagagli e check-in e quali aspetti confrontare prima di acquistare il volo.</p>
</div>
<div class=""cpv-stat-grid"">
  <div class=""cpv-stat""><strong>Tradizionale</strong><span>Tipologia di compagnia secondo il dataset disponibile.</span></div>
  <div class=""cpv-stat""><strong>Check-in online</strong><span>Da verificare sempre sul sito ufficiale prima della partenza.</span></div>
  <div class=""cpv-stat""><strong>Bagagli</strong><span>Controlla franchigia e servizi inclusi in base alla tariffa scelta.</span></div>
</div>
<h2>Ultimate Jetcharters: cosa controllare prima di prenotare</h2>
<p>La compagnia viene spesso valutata per tratte business, nazionali o con servizi aggiuntivi. Prima della prenotazione conviene confrontare orari, politica bagagli, flessibilita della tariffa e aeroporto di partenza disponibile in Italia.</p>
<div class=""cpv-chip-list""><span class=""cpv-chip"">FCO</span><span class=""cpv-chip"">CIA</span><span class=""cpv-chip"">MXP</span><span class=""cpv-chip"">BGY</span><span class=""cpv-chip"">LIN</span><span class=""cpv-chip"">NAP</span></div>
<div class=""cpv-landing-grid"">
  <div class=""cpv-landing-card""><strong>Bagaglio a mano</strong><p>Controlla sempre misure, peso e possibilita di aggiungere priorita o trolley in cabina.</p></div>
  <div class=""cpv-landing-card""><strong>Check-in</strong><p>Verifica finestre di apertura, app mobile, costi in aeroporto e documenti richiesti.</p></div>
  <div class=""cpv-landing-card""><strong>Partenze italiane</strong><p>Confronta i principali aeroporti italiani per capire quali rotte o fasce orarie sono piu interessanti.</p></div>
</div>
<h2>Domande frequenti su Ultimate Jetcharters</h2>
<div class=""cpv-faq"">
  <details><summary>Come verificare le regole bagaglio di Ultimate Jetcharters?</summary><p>Consulta sempre la pagina ufficiale prima dell'acquisto: le regole possono cambiare in base alla tariffa, alla rotta e alla data di viaggio.</p></details>
  <details><summary>Ultimate Jetcharters e adatta a chi cerca il prezzo piu basso?</summary><p>Dipende dalla rotta e dai servizi necessari. In molti casi le tariffe base sono competitive, ma conviene verificare gli extra prima di concludere la prenotazione.</p></details>
  <details><summary>Quali aeroporti italiani monitorare?</summary><p>Le partenze da Milano, Roma, Napoli, Venezia, Catania e Bologna sono tra quelle che gli utenti confrontano piu spesso.</p></details>
</div>","Compagnie aeree|Compagnie tradizionali",airline,UE,/compagnie-aeree/ultimate-jetcharters/,"Ultimate Jetcharters: bagagli, check-in e rotte | ConfrontaPrezziVoli","Scopri come volare con Ultimate Jetcharters: bagaglio a mano, check-in, consigli e rotte piu cercate dagli utenti italiani.","Ultimate Jetcharters bagaglio check-in",airlines,"Compagnia classificata come tradizionale nel dataset."
post,publish,"Umza Air (UY): bagagli, check-in, rotte e consigli 2026",compagnia-aerea-umza-air-uy,"Guida pratica su Umza Air: bagaglio a mano, check-in, rotte popolari dall'Italia e consigli utili per prenotare.","<div class=""cpv-landing-note"">
  <p><strong>Guida pratica Umza Air.</strong> Qui trovi una sintesi utile per capire come prenotare con Umza Air, cosa controllare su bagagli e check-in e quali aspetti confrontare prima di acquistare il volo.</p>
</div>
<div class=""cpv-stat-grid"">
  <div class=""cpv-stat""><strong>Tradizionale</strong><span>Tipologia di compagnia secondo il dataset disponibile.</span></div>
  <div class=""cpv-stat""><strong>Check-in online</strong><span>Da verificare sempre sul sito ufficiale prima della partenza.</span></div>
  <div class=""cpv-stat""><strong>Bagagli</strong><span>Controlla franchigia e servizi inclusi in base alla tariffa scelta.</span></div>
</div>
<h2>Umza Air: cosa controllare prima di prenotare</h2>
<p>La compagnia viene spesso valutata per tratte business, nazionali o con servizi aggiuntivi. Prima della prenotazione conviene confrontare orari, politica bagagli, flessibilita della tariffa e aeroporto di partenza disponibile in Italia.</p>
<div class=""cpv-chip-list""><span class=""cpv-chip"">FCO</span><span class=""cpv-chip"">CIA</span><span class=""cpv-chip"">MXP</span><span class=""cpv-chip"">BGY</span><span class=""cpv-chip"">LIN</span><span class=""cpv-chip"">NAP</span></div>
<div class=""cpv-landing-grid"">
  <div class=""cpv-landing-card""><strong>Bagaglio a mano</strong><p>Controlla sempre misure, peso e possibilita di aggiungere priorita o trolley in cabina.</p></div>
  <div class=""cpv-landing-card""><strong>Check-in</strong><p>Verifica finestre di apertura, app mobile, costi in aeroporto e documenti richiesti.</p></div>
  <div class=""cpv-landing-card""><strong>Partenze italiane</strong><p>Confronta i principali aeroporti italiani per capire quali rotte o fasce orarie sono piu interessanti.</p></div>
</div>
<h2>Domande frequenti su Umza Air</h2>
<div class=""cpv-faq"">
  <details><summary>Come verificare le regole bagaglio di Umza Air?</summary><p>Consulta sempre la pagina ufficiale prima dell'acquisto: le regole possono cambiare in base alla tariffa, alla rotta e alla data di viaggio.</p></details>
  <details><summary>Umza Air e adatta a chi cerca il prezzo piu basso?</summary><p>Dipende dalla rotta e dai servizi necessari. In molti casi le tariffe base sono competitive, ma conviene verificare gli extra prima di concludere la prenotazione.</p></details>
  <details><summary>Quali aeroporti italiani monitorare?</summary><p>Le partenze da Milano, Roma, Napoli, Venezia, Catania e Bologna sono tra quelle che gli utenti confrontano piu spesso.</p></details>
</div>","Compagnie aeree|Compagnie tradizionali",airline,UY,/compagnie-aeree/umza-air/,"Umza Air: bagagli, check-in e rotte | ConfrontaPrezziVoli","Scopri come volare con Umza Air: bagaglio a mano, check-in, consigli e rotte piu cercate dagli utenti italiani.","Umza Air bagaglio check-in",airlines,"Compagnia classificata come tradizionale nel dataset."
post,publish,"Uni Air (B7): bagagli, check-in, rotte e consigli 2026",compagnia-aerea-uni-air-b7,"Guida pratica su Uni Air: bagaglio a mano, check-in, rotte popolari dall'Italia e consigli utili per prenotare.","<div class=""cpv-landing-note"">
  <p><strong>Guida pratica Uni Air.</strong> Qui trovi una sintesi utile per capire come prenotare con Uni Air, cosa controllare su bagagli e check-in e quali aspetti confrontare prima di acquistare il volo.</p>
</div>
<div class=""cpv-stat-grid"">
  <div class=""cpv-stat""><strong>Tradizionale</strong><span>Tipologia di compagnia secondo il dataset disponibile.</span></div>
  <div class=""cpv-stat""><strong>Check-in online</strong><span>Da verificare sempre sul sito ufficiale prima della partenza.</span></div>
  <div class=""cpv-stat""><strong>Bagagli</strong><span>Controlla franchigia e servizi inclusi in base alla tariffa scelta.</span></div>
</div>
<h2>Uni Air: cosa controllare prima di prenotare</h2>
<p>La compagnia viene spesso valutata per tratte business, nazionali o con servizi aggiuntivi. Prima della prenotazione conviene confrontare orari, politica bagagli, flessibilita della tariffa e aeroporto di partenza disponibile in Italia.</p>
<div class=""cpv-chip-list""><span class=""cpv-chip"">FCO</span><span class=""cpv-chip"">CIA</span><span class=""cpv-chip"">MXP</span><span class=""cpv-chip"">BGY</span><span class=""cpv-chip"">LIN</span><span class=""cpv-chip"">NAP</span></div>
<div class=""cpv-landing-grid"">
  <div class=""cpv-landing-card""><strong>Bagaglio a mano</strong><p>Controlla sempre misure, peso e possibilita di aggiungere priorita o trolley in cabina.</p></div>
  <div class=""cpv-landing-card""><strong>Check-in</strong><p>Verifica finestre di apertura, app mobile, costi in aeroporto e documenti richiesti.</p></div>
  <div class=""cpv-landing-card""><strong>Partenze italiane</strong><p>Confronta i principali aeroporti italiani per capire quali rotte o fasce orarie sono piu interessanti.</p></div>
</div>
<h2>Domande frequenti su Uni Air</h2>
<div class=""cpv-faq"">
  <details><summary>Come verificare le regole bagaglio di Uni Air?</summary><p>Consulta sempre la pagina ufficiale prima dell'acquisto: le regole possono cambiare in base alla tariffa, alla rotta e alla data di viaggio.</p></details>
  <details><summary>Uni Air e adatta a chi cerca il prezzo piu basso?</summary><p>Dipende dalla rotta e dai servizi necessari. In molti casi le tariffe base sono competitive, ma conviene verificare gli extra prima di concludere la prenotazione.</p></details>
  <details><summary>Quali aeroporti italiani monitorare?</summary><p>Le partenze da Milano, Roma, Napoli, Venezia, Catania e Bologna sono tra quelle che gli utenti confrontano piu spesso.</p></details>
</div>","Compagnie aeree|Compagnie tradizionali",airline,B7,/compagnie-aeree/uni-air/,"Uni Air: bagagli, check-in e rotte | ConfrontaPrezziVoli","Scopri come volare con Uni Air: bagaglio a mano, check-in, consigli e rotte piu cercate dagli utenti italiani.","Uni Air bagaglio check-in",airlines,"Compagnia classificata come tradizionale nel dataset."
post,publish,"Uni-Top Airlines (UW): bagagli, check-in, rotte e consigli 2026",compagnia-aerea-uni-top-airlines-uw,"Guida pratica su Uni-Top Airlines: bagaglio a mano, check-in, rotte popolari dall'Italia e consigli utili per prenotare.","<div class=""cpv-landing-note"">
  <p><strong>Guida pratica Uni-Top Airlines.</strong> Qui trovi una sintesi utile per capire come prenotare con Uni-Top Airlines, cosa controllare su bagagli e check-in e quali aspetti confrontare prima di acquistare il volo.</p>
</div>
<div class=""cpv-stat-grid"">
  <div class=""cpv-stat""><strong>Tradizionale</strong><span>Tipologia di compagnia secondo il dataset disponibile.</span></div>
  <div class=""cpv-stat""><strong>Check-in online</strong><span>Da verificare sempre sul sito ufficiale prima della partenza.</span></div>
  <div class=""cpv-stat""><strong>Bagagli</strong><span>Controlla franchigia e servizi inclusi in base alla tariffa scelta.</span></div>
</div>
<h2>Uni-Top Airlines: cosa controllare prima di prenotare</h2>
<p>La compagnia viene spesso valutata per tratte business, nazionali o con servizi aggiuntivi. Prima della prenotazione conviene confrontare orari, politica bagagli, flessibilita della tariffa e aeroporto di partenza disponibile in Italia.</p>
<div class=""cpv-chip-list""><span class=""cpv-chip"">FCO</span><span class=""cpv-chip"">CIA</span><span class=""cpv-chip"">MXP</span><span class=""cpv-chip"">BGY</span><span class=""cpv-chip"">LIN</span><span class=""cpv-chip"">NAP</span></div>
<div class=""cpv-landing-grid"">
  <div class=""cpv-landing-card""><strong>Bagaglio a mano</strong><p>Controlla sempre misure, peso e possibilita di aggiungere priorita o trolley in cabina.</p></div>
  <div class=""cpv-landing-card""><strong>Check-in</strong><p>Verifica finestre di apertura, app mobile, costi in aeroporto e documenti richiesti.</p></div>
  <div class=""cpv-landing-card""><strong>Partenze italiane</strong><p>Confronta i principali aeroporti italiani per capire quali rotte o fasce orarie sono piu interessanti.</p></div>
</div>
<h2>Domande frequenti su Uni-Top Airlines</h2>
<div class=""cpv-faq"">
  <details><summary>Come verificare le regole bagaglio di Uni-Top Airlines?</summary><p>Consulta sempre la pagina ufficiale prima dell'acquisto: le regole possono cambiare in base alla tariffa, alla rotta e alla data di viaggio.</p></details>
  <details><summary>Uni-Top Airlines e adatta a chi cerca il prezzo piu basso?</summary><p>Dipende dalla rotta e dai servizi necessari. In molti casi le tariffe base sono competitive, ma conviene verificare gli extra prima di concludere la prenotazione.</p></details>
  <details><summary>Quali aeroporti italiani monitorare?</summary><p>Le partenze da Milano, Roma, Napoli, Venezia, Catania e Bologna sono tra quelle che gli utenti confrontano piu spesso.</p></details>
</div>","Compagnie aeree|Compagnie tradizionali",airline,UW,/compagnie-aeree/uni-top-airlines/,"Uni-Top Airlines: bagagli, check-in e rotte | ConfrontaPrezziVoli","Scopri come volare con Uni-Top Airlines: bagaglio a mano, check-in, consigli e rotte piu cercate dagli utenti italiani.","Uni-Top Airlines bagaglio check-in",airlines,"Compagnia classificata come tradizionale nel dataset."
post,publish,"United Airlines (UA): bagagli, check-in, rotte e consigli 2026",compagnia-aerea-united-airlines-ua,"Guida pratica su United Airlines: bagaglio a mano, check-in, rotte popolari dall'Italia e consigli utili per prenotare.","<div class=""cpv-landing-note"">
  <p><strong>Guida pratica United Airlines.</strong> Qui trovi una sintesi utile per capire come prenotare con United Airlines, cosa controllare su bagagli e check-in e quali aspetti confrontare prima di acquistare il volo.</p>
</div>
<div class=""cpv-stat-grid"">
  <div class=""cpv-stat""><strong>Tradizionale</strong><span>Tipologia di compagnia secondo il dataset disponibile.</span></div>
  <div class=""cpv-stat""><strong>Check-in online</strong><span>Da verificare sempre sul sito ufficiale prima della partenza.</span></div>
  <div class=""cpv-stat""><strong>Bagagli</strong><span>Controlla franchigia e servizi inclusi in base alla tariffa scelta.</span></div>
</div>
<h2>United Airlines: cosa controllare prima di prenotare</h2>
<p>La compagnia viene spesso valutata per tratte business, nazionali o con servizi aggiuntivi. Prima della prenotazione conviene confrontare orari, politica bagagli, flessibilita della tariffa e aeroporto di partenza disponibile in Italia.</p>
<div class=""cpv-chip-list""><span class=""cpv-chip"">FCO</span><span class=""cpv-chip"">CIA</span><span class=""cpv-chip"">MXP</span><span class=""cpv-chip"">BGY</span><span class=""cpv-chip"">LIN</span><span class=""cpv-chip"">NAP</span></div>
<div class=""cpv-landing-grid"">
  <div class=""cpv-landing-card""><strong>Bagaglio a mano</strong><p>Controlla sempre misure, peso e possibilita di aggiungere priorita o trolley in cabina.</p></div>
  <div class=""cpv-landing-card""><strong>Check-in</strong><p>Verifica finestre di apertura, app mobile, costi in aeroporto e documenti richiesti.</p></div>
  <div class=""cpv-landing-card""><strong>Partenze italiane</strong><p>Confronta i principali aeroporti italiani per capire quali rotte o fasce orarie sono piu interessanti.</p></div>
</div>
<h2>Domande frequenti su United Airlines</h2>
<div class=""cpv-faq"">
  <details><summary>Come verificare le regole bagaglio di United Airlines?</summary><p>Consulta sempre la pagina ufficiale prima dell'acquisto: le regole possono cambiare in base alla tariffa, alla rotta e alla data di viaggio.</p></details>
  <details><summary>United Airlines e adatta a chi cerca il prezzo piu basso?</summary><p>Dipende dalla rotta e dai servizi necessari. In molti casi le tariffe base sono competitive, ma conviene verificare gli extra prima di concludere la prenotazione.</p></details>
  <details><summary>Quali aeroporti italiani monitorare?</summary><p>Le partenze da Milano, Roma, Napoli, Venezia, Catania e Bologna sono tra quelle che gli utenti confrontano piu spesso.</p></details>
</div>","Compagnie aeree|Compagnie tradizionali",airline,UA,/compagnie-aeree/united-airlines/,"United Airlines: bagagli, check-in e rotte | ConfrontaPrezziVoli","Scopri come volare con United Airlines: bagaglio a mano, check-in, consigli e rotte piu cercate dagli utenti italiani.","United Airlines bagaglio check-in",airlines,"Compagnia classificata come tradizionale nel dataset."
post,publish,"United Nigeria Airlines (UN): bagagli, check-in, rotte e consigli 2026",compagnia-aerea-united-nigeria-airlines-un,"Guida pratica su United Nigeria Airlines: bagaglio a mano, check-in, rotte popolari dall'Italia e consigli utili per prenotare.","<div class=""cpv-landing-note"">
  <p><strong>Guida pratica United Nigeria Airlines.</strong> Qui trovi una sintesi utile per capire come prenotare con United Nigeria Airlines, cosa controllare su bagagli e check-in e quali aspetti confrontare prima di acquistare il volo.</p>
</div>
<div class=""cpv-stat-grid"">
  <div class=""cpv-stat""><strong>Tradizionale</strong><span>Tipologia di compagnia secondo il dataset disponibile.</span></div>
  <div class=""cpv-stat""><strong>Check-in online</strong><span>Da verificare sempre sul sito ufficiale prima della partenza.</span></div>
  <div class=""cpv-stat""><strong>Bagagli</strong><span>Controlla franchigia e servizi inclusi in base alla tariffa scelta.</span></div>
</div>
<h2>United Nigeria Airlines: cosa controllare prima di prenotare</h2>
<p>La compagnia viene spesso valutata per tratte business, nazionali o con servizi aggiuntivi. Prima della prenotazione conviene confrontare orari, politica bagagli, flessibilita della tariffa e aeroporto di partenza disponibile in Italia.</p>
<div class=""cpv-chip-list""><span class=""cpv-chip"">FCO</span><span class=""cpv-chip"">CIA</span><span class=""cpv-chip"">MXP</span><span class=""cpv-chip"">BGY</span><span class=""cpv-chip"">LIN</span><span class=""cpv-chip"">NAP</span></div>
<div class=""cpv-landing-grid"">
  <div class=""cpv-landing-card""><strong>Bagaglio a mano</strong><p>Controlla sempre misure, peso e possibilita di aggiungere priorita o trolley in cabina.</p></div>
  <div class=""cpv-landing-card""><strong>Check-in</strong><p>Verifica finestre di apertura, app mobile, costi in aeroporto e documenti richiesti.</p></div>
  <div class=""cpv-landing-card""><strong>Partenze italiane</strong><p>Confronta i principali aeroporti italiani per capire quali rotte o fasce orarie sono piu interessanti.</p></div>
</div>
<h2>Domande frequenti su United Nigeria Airlines</h2>
<div class=""cpv-faq"">
  <details><summary>Come verificare le regole bagaglio di United Nigeria Airlines?</summary><p>Consulta sempre la pagina ufficiale prima dell'acquisto: le regole possono cambiare in base alla tariffa, alla rotta e alla data di viaggio.</p></details>
  <details><summary>United Nigeria Airlines e adatta a chi cerca il prezzo piu basso?</summary><p>Dipende dalla rotta e dai servizi necessari. In molti casi le tariffe base sono competitive, ma conviene verificare gli extra prima di concludere la prenotazione.</p></details>
  <details><summary>Quali aeroporti italiani monitorare?</summary><p>Le partenze da Milano, Roma, Napoli, Venezia, Catania e Bologna sono tra quelle che gli utenti confrontano piu spesso.</p></details>
</div>","Compagnie aeree|Compagnie tradizionali",airline,UN,/compagnie-aeree/united-nigeria-airlines/,"United Nigeria Airlines: bagagli, check-in e rotte | ConfrontaPrezziVoli","Scopri come volare con United Nigeria Airlines: bagaglio a mano, check-in, consigli e rotte piu cercate dagli utenti italiani.","United Nigeria Airlines bagaglio check-in",airlines,"Compagnia classificata come tradizionale nel dataset."
post,publish,"Universal Air (VO): bagagli, check-in, rotte e consigli 2026",compagnia-aerea-universal-air-vo,"Guida pratica su Universal Air: bagaglio a mano, check-in, rotte popolari dall'Italia e consigli utili per prenotare.","<div class=""cpv-landing-note"">
  <p><strong>Guida pratica Universal Air.</strong> Qui trovi una sintesi utile per capire come prenotare con Universal Air, cosa controllare su bagagli e check-in e quali aspetti confrontare prima di acquistare il volo.</p>
</div>
<div class=""cpv-stat-grid"">
  <div class=""cpv-stat""><strong>Tradizionale</strong><span>Tipologia di compagnia secondo il dataset disponibile.</span></div>
  <div class=""cpv-stat""><strong>Check-in online</strong><span>Da verificare sempre sul sito ufficiale prima della partenza.</span></div>
  <div class=""cpv-stat""><strong>Bagagli</strong><span>Controlla franchigia e servizi inclusi in base alla tariffa scelta.</span></div>
</div>
<h2>Universal Air: cosa controllare prima di prenotare</h2>
<p>La compagnia viene spesso valutata per tratte business, nazionali o con servizi aggiuntivi. Prima della prenotazione conviene confrontare orari, politica bagagli, flessibilita della tariffa e aeroporto di partenza disponibile in Italia.</p>
<div class=""cpv-chip-list""><span class=""cpv-chip"">FCO</span><span class=""cpv-chip"">CIA</span><span class=""cpv-chip"">MXP</span><span class=""cpv-chip"">BGY</span><span class=""cpv-chip"">LIN</span><span class=""cpv-chip"">NAP</span></div>
<div class=""cpv-landing-grid"">
  <div class=""cpv-landing-card""><strong>Bagaglio a mano</strong><p>Controlla sempre misure, peso e possibilita di aggiungere priorita o trolley in cabina.</p></div>
  <div class=""cpv-landing-card""><strong>Check-in</strong><p>Verifica finestre di apertura, app mobile, costi in aeroporto e documenti richiesti.</p></div>
  <div class=""cpv-landing-card""><strong>Partenze italiane</strong><p>Confronta i principali aeroporti italiani per capire quali rotte o fasce orarie sono piu interessanti.</p></div>
</div>
<h2>Domande frequenti su Universal Air</h2>
<div class=""cpv-faq"">
  <details><summary>Come verificare le regole bagaglio di Universal Air?</summary><p>Consulta sempre la pagina ufficiale prima dell'acquisto: le regole possono cambiare in base alla tariffa, alla rotta e alla data di viaggio.</p></details>
  <details><summary>Universal Air e adatta a chi cerca il prezzo piu basso?</summary><p>Dipende dalla rotta e dai servizi necessari. In molti casi le tariffe base sono competitive, ma conviene verificare gli extra prima di concludere la prenotazione.</p></details>
  <details><summary>Quali aeroporti italiani monitorare?</summary><p>Le partenze da Milano, Roma, Napoli, Venezia, Catania e Bologna sono tra quelle che gli utenti confrontano piu spesso.</p></details>
</div>","Compagnie aeree|Compagnie tradizionali",airline,VO,/compagnie-aeree/universal-air/,"Universal Air: bagagli, check-in e rotte | ConfrontaPrezziVoli","Scopri come volare con Universal Air: bagaglio a mano, check-in, consigli e rotte piu cercate dagli utenti italiani.","Universal Air bagaglio check-in",airlines,"Compagnia classificata come tradizionale nel dataset."
post,publish,"Up Israel (86): bagagli, check-in, rotte e consigli 2026",compagnia-aerea-up-israel-86,"Guida pratica su Up Israel: bagaglio a mano, check-in, rotte popolari dall'Italia e consigli utili per prenotare.","<div class=""cpv-landing-note"">
  <p><strong>Guida pratica Up Israel.</strong> Qui trovi una sintesi utile per capire come prenotare con Up Israel, cosa controllare su bagagli e check-in e quali aspetti confrontare prima di acquistare il volo.</p>
</div>
<div class=""cpv-stat-grid"">
  <div class=""cpv-stat""><strong>Tradizionale</strong><span>Tipologia di compagnia secondo il dataset disponibile.</span></div>
  <div class=""cpv-stat""><strong>Check-in online</strong><span>Da verificare sempre sul sito ufficiale prima della partenza.</span></div>
  <div class=""cpv-stat""><strong>Bagagli</strong><span>Controlla franchigia e servizi inclusi in base alla tariffa scelta.</span></div>
</div>
<h2>Up Israel: cosa controllare prima di prenotare</h2>
<p>La compagnia viene spesso valutata per tratte business, nazionali o con servizi aggiuntivi. Prima della prenotazione conviene confrontare orari, politica bagagli, flessibilita della tariffa e aeroporto di partenza disponibile in Italia.</p>
<div class=""cpv-chip-list""><span class=""cpv-chip"">FCO</span><span class=""cpv-chip"">CIA</span><span class=""cpv-chip"">MXP</span><span class=""cpv-chip"">BGY</span><span class=""cpv-chip"">LIN</span><span class=""cpv-chip"">NAP</span></div>
<div class=""cpv-landing-grid"">
  <div class=""cpv-landing-card""><strong>Bagaglio a mano</strong><p>Controlla sempre misure, peso e possibilita di aggiungere priorita o trolley in cabina.</p></div>
  <div class=""cpv-landing-card""><strong>Check-in</strong><p>Verifica finestre di apertura, app mobile, costi in aeroporto e documenti richiesti.</p></div>
  <div class=""cpv-landing-card""><strong>Partenze italiane</strong><p>Confronta i principali aeroporti italiani per capire quali rotte o fasce orarie sono piu interessanti.</p></div>
</div>
<h2>Domande frequenti su Up Israel</h2>
<div class=""cpv-faq"">
  <details><summary>Come verificare le regole bagaglio di Up Israel?</summary><p>Consulta sempre la pagina ufficiale prima dell'acquisto: le regole possono cambiare in base alla tariffa, alla rotta e alla data di viaggio.</p></details>
  <details><summary>Up Israel e adatta a chi cerca il prezzo piu basso?</summary><p>Dipende dalla rotta e dai servizi necessari. In molti casi le tariffe base sono competitive, ma conviene verificare gli extra prima di concludere la prenotazione.</p></details>
  <details><summary>Quali aeroporti italiani monitorare?</summary><p>Le partenze da Milano, Roma, Napoli, Venezia, Catania e Bologna sono tra quelle che gli utenti confrontano piu spesso.</p></details>
</div>","Compagnie aeree|Compagnie tradizionali",airline,86,/compagnie-aeree/up-israel/,"Up Israel: bagagli, check-in e rotte | ConfrontaPrezziVoli","Scopri come volare con Up Israel: bagaglio a mano, check-in, consigli e rotte piu cercate dagli utenti italiani.","Up Israel bagaglio check-in",airlines,"Compagnia classificata come tradizionale nel dataset."
post,publish,"Ural Airlines (U6): bagagli, check-in, rotte e consigli 2026",compagnia-aerea-ural-airlines-u6,"Guida pratica su Ural Airlines: bagaglio a mano, check-in, rotte popolari dall'Italia e consigli utili per prenotare.","<div class=""cpv-landing-note"">
  <p><strong>Guida pratica Ural Airlines.</strong> Qui trovi una sintesi utile per capire come prenotare con Ural Airlines, cosa controllare su bagagli e check-in e quali aspetti confrontare prima di acquistare il volo.</p>
</div>
<div class=""cpv-stat-grid"">
  <div class=""cpv-stat""><strong>Tradizionale</strong><span>Tipologia di compagnia secondo il dataset disponibile.</span></div>
  <div class=""cpv-stat""><strong>Check-in online</strong><span>Da verificare sempre sul sito ufficiale prima della partenza.</span></div>
  <div class=""cpv-stat""><strong>Bagagli</strong><span>Controlla franchigia e servizi inclusi in base alla tariffa scelta.</span></div>
</div>
<h2>Ural Airlines: cosa controllare prima di prenotare</h2>
<p>La compagnia viene spesso valutata per tratte business, nazionali o con servizi aggiuntivi. Prima della prenotazione conviene confrontare orari, politica bagagli, flessibilita della tariffa e aeroporto di partenza disponibile in Italia.</p>
<div class=""cpv-chip-list""><span class=""cpv-chip"">FCO</span><span class=""cpv-chip"">CIA</span><span class=""cpv-chip"">MXP</span><span class=""cpv-chip"">BGY</span><span class=""cpv-chip"">LIN</span><span class=""cpv-chip"">NAP</span></div>
<div class=""cpv-landing-grid"">
  <div class=""cpv-landing-card""><strong>Bagaglio a mano</strong><p>Controlla sempre misure, peso e possibilita di aggiungere priorita o trolley in cabina.</p></div>
  <div class=""cpv-landing-card""><strong>Check-in</strong><p>Verifica finestre di apertura, app mobile, costi in aeroporto e documenti richiesti.</p></div>
  <div class=""cpv-landing-card""><strong>Partenze italiane</strong><p>Confronta i principali aeroporti italiani per capire quali rotte o fasce orarie sono piu interessanti.</p></div>
</div>
<h2>Domande frequenti su Ural Airlines</h2>
<div class=""cpv-faq"">
  <details><summary>Come verificare le regole bagaglio di Ural Airlines?</summary><p>Consulta sempre la pagina ufficiale prima dell'acquisto: le regole possono cambiare in base alla tariffa, alla rotta e alla data di viaggio.</p></details>
  <details><summary>Ural Airlines e adatta a chi cerca il prezzo piu basso?</summary><p>Dipende dalla rotta e dai servizi necessari. In molti casi le tariffe base sono competitive, ma conviene verificare gli extra prima di concludere la prenotazione.</p></details>
  <details><summary>Quali aeroporti italiani monitorare?</summary><p>Le partenze da Milano, Roma, Napoli, Venezia, Catania e Bologna sono tra quelle che gli utenti confrontano piu spesso.</p></details>
</div>","Compagnie aeree|Compagnie tradizionali",airline,U6,/compagnie-aeree/ural-airlines/,"Ural Airlines: bagagli, check-in e rotte | ConfrontaPrezziVoli","Scopri come volare con Ural Airlines: bagaglio a mano, check-in, consigli e rotte piu cercate dagli utenti italiani.","Ural Airlines bagaglio check-in",airlines,"Compagnia classificata come tradizionale nel dataset."
post,publish,"Urumqi Air (UQ): bagagli, check-in, rotte e consigli 2026",compagnia-aerea-urumqi-air-uq,"Guida pratica su Urumqi Air: bagaglio a mano, check-in, rotte popolari dall'Italia e consigli utili per prenotare.","<div class=""cpv-landing-note"">
  <p><strong>Guida pratica Urumqi Air.</strong> Qui trovi una sintesi utile per capire come prenotare con Urumqi Air, cosa controllare su bagagli e check-in e quali aspetti confrontare prima di acquistare il volo.</p>
</div>
<div class=""cpv-stat-grid"">
  <div class=""cpv-stat""><strong>Tradizionale</strong><span>Tipologia di compagnia secondo il dataset disponibile.</span></div>
  <div class=""cpv-stat""><strong>Check-in online</strong><span>Da verificare sempre sul sito ufficiale prima della partenza.</span></div>
  <div class=""cpv-stat""><strong>Bagagli</strong><span>Controlla franchigia e servizi inclusi in base alla tariffa scelta.</span></div>
</div>
<h2>Urumqi Air: cosa controllare prima di prenotare</h2>
<p>La compagnia viene spesso valutata per tratte business, nazionali o con servizi aggiuntivi. Prima della prenotazione conviene confrontare orari, politica bagagli, flessibilita della tariffa e aeroporto di partenza disponibile in Italia.</p>
<div class=""cpv-chip-list""><span class=""cpv-chip"">FCO</span><span class=""cpv-chip"">CIA</span><span class=""cpv-chip"">MXP</span><span class=""cpv-chip"">BGY</span><span class=""cpv-chip"">LIN</span><span class=""cpv-chip"">NAP</span></div>
<div class=""cpv-landing-grid"">
  <div class=""cpv-landing-card""><strong>Bagaglio a mano</strong><p>Controlla sempre misure, peso e possibilita di aggiungere priorita o trolley in cabina.</p></div>
  <div class=""cpv-landing-card""><strong>Check-in</strong><p>Verifica finestre di apertura, app mobile, costi in aeroporto e documenti richiesti.</p></div>
  <div class=""cpv-landing-card""><strong>Partenze italiane</strong><p>Confronta i principali aeroporti italiani per capire quali rotte o fasce orarie sono piu interessanti.</p></div>
</div>
<h2>Domande frequenti su Urumqi Air</h2>
<div class=""cpv-faq"">
  <details><summary>Come verificare le regole bagaglio di Urumqi Air?</summary><p>Consulta sempre la pagina ufficiale prima dell'acquisto: le regole possono cambiare in base alla tariffa, alla rotta e alla data di viaggio.</p></details>
  <details><summary>Urumqi Air e adatta a chi cerca il prezzo piu basso?</summary><p>Dipende dalla rotta e dai servizi necessari. In molti casi le tariffe base sono competitive, ma conviene verificare gli extra prima di concludere la prenotazione.</p></details>
  <details><summary>Quali aeroporti italiani monitorare?</summary><p>Le partenze da Milano, Roma, Napoli, Venezia, Catania e Bologna sono tra quelle che gli utenti confrontano piu spesso.</p></details>
</div>","Compagnie aeree|Compagnie tradizionali",airline,UQ,/compagnie-aeree/urumqi-air/,"Urumqi Air: bagagli, check-in e rotte | ConfrontaPrezziVoli","Scopri come volare con Urumqi Air: bagaglio a mano, check-in, consigli e rotte piu cercate dagli utenti italiani.","Urumqi Air bagaglio check-in",airlines,"Compagnia classificata come tradizionale nel dataset."
post,publish,"Utair (UT): bagagli, check-in, rotte e consigli 2026",compagnia-aerea-utair-ut,"Guida pratica su Utair: bagaglio a mano, check-in, rotte popolari dall'Italia e consigli utili per prenotare.","<div class=""cpv-landing-note"">
  <p><strong>Guida pratica Utair.</strong> Qui trovi una sintesi utile per capire come prenotare con Utair, cosa controllare su bagagli e check-in e quali aspetti confrontare prima di acquistare il volo.</p>
</div>
<div class=""cpv-stat-grid"">
  <div class=""cpv-stat""><strong>Tradizionale</strong><span>Tipologia di compagnia secondo il dataset disponibile.</span></div>
  <div class=""cpv-stat""><strong>Check-in online</strong><span>Da verificare sempre sul sito ufficiale prima della partenza.</span></div>
  <div class=""cpv-stat""><strong>Bagagli</strong><span>Controlla franchigia e servizi inclusi in base alla tariffa scelta.</span></div>
</div>
<h2>Utair: cosa controllare prima di prenotare</h2>
<p>La compagnia viene spesso valutata per tratte business, nazionali o con servizi aggiuntivi. Prima della prenotazione conviene confrontare orari, politica bagagli, flessibilita della tariffa e aeroporto di partenza disponibile in Italia.</p>
<div class=""cpv-chip-list""><span class=""cpv-chip"">FCO</span><span class=""cpv-chip"">CIA</span><span class=""cpv-chip"">MXP</span><span class=""cpv-chip"">BGY</span><span class=""cpv-chip"">LIN</span><span class=""cpv-chip"">NAP</span></div>
<div class=""cpv-landing-grid"">
  <div class=""cpv-landing-card""><strong>Bagaglio a mano</strong><p>Controlla sempre misure, peso e possibilita di aggiungere priorita o trolley in cabina.</p></div>
  <div class=""cpv-landing-card""><strong>Check-in</strong><p>Verifica finestre di apertura, app mobile, costi in aeroporto e documenti richiesti.</p></div>
  <div class=""cpv-landing-card""><strong>Partenze italiane</strong><p>Confronta i principali aeroporti italiani per capire quali rotte o fasce orarie sono piu interessanti.</p></div>
</div>
<h2>Domande frequenti su Utair</h2>
<div class=""cpv-faq"">
  <details><summary>Come verificare le regole bagaglio di Utair?</summary><p>Consulta sempre la pagina ufficiale prima dell'acquisto: le regole possono cambiare in base alla tariffa, alla rotta e alla data di viaggio.</p></details>
  <details><summary>Utair e adatta a chi cerca il prezzo piu basso?</summary><p>Dipende dalla rotta e dai servizi necessari. In molti casi le tariffe base sono competitive, ma conviene verificare gli extra prima di concludere la prenotazione.</p></details>
  <details><summary>Quali aeroporti italiani monitorare?</summary><p>Le partenze da Milano, Roma, Napoli, Venezia, Catania e Bologna sono tra quelle che gli utenti confrontano piu spesso.</p></details>
</div>","Compagnie aeree|Compagnie tradizionali",airline,UT,/compagnie-aeree/utair/,"Utair: bagagli, check-in e rotte | ConfrontaPrezziVoli","Scopri come volare con Utair: bagaglio a mano, check-in, consigli e rotte piu cercate dagli utenti italiani.","Utair bagaglio check-in",airlines,"Compagnia classificata come tradizionale nel dataset."
post,publish,"Uzbek railway (ЖА): bagagli, check-in, rotte e consigli 2026",compagnia-aerea-uzbek-railway-ЖА,"Guida pratica su Uzbek railway: bagaglio a mano, check-in, rotte popolari dall'Italia e consigli utili per prenotare.","<div class=""cpv-landing-note"">
  <p><strong>Guida pratica Uzbek railway.</strong> Qui trovi una sintesi utile per capire come prenotare con Uzbek railway, cosa controllare su bagagli e check-in e quali aspetti confrontare prima di acquistare il volo.</p>
</div>
<div class=""cpv-stat-grid"">
  <div class=""cpv-stat""><strong>Tradizionale</strong><span>Tipologia di compagnia secondo il dataset disponibile.</span></div>
  <div class=""cpv-stat""><strong>Check-in online</strong><span>Da verificare sempre sul sito ufficiale prima della partenza.</span></div>
  <div class=""cpv-stat""><strong>Bagagli</strong><span>Controlla franchigia e servizi inclusi in base alla tariffa scelta.</span></div>
</div>
<h2>Uzbek railway: cosa controllare prima di prenotare</h2>
<p>La compagnia viene spesso valutata per tratte business, nazionali o con servizi aggiuntivi. Prima della prenotazione conviene confrontare orari, politica bagagli, flessibilita della tariffa e aeroporto di partenza disponibile in Italia.</p>
<div class=""cpv-chip-list""><span class=""cpv-chip"">FCO</span><span class=""cpv-chip"">CIA</span><span class=""cpv-chip"">MXP</span><span class=""cpv-chip"">BGY</span><span class=""cpv-chip"">LIN</span><span class=""cpv-chip"">NAP</span></div>
<div class=""cpv-landing-grid"">
  <div class=""cpv-landing-card""><strong>Bagaglio a mano</strong><p>Controlla sempre misure, peso e possibilita di aggiungere priorita o trolley in cabina.</p></div>
  <div class=""cpv-landing-card""><strong>Check-in</strong><p>Verifica finestre di apertura, app mobile, costi in aeroporto e documenti richiesti.</p></div>
  <div class=""cpv-landing-card""><strong>Partenze italiane</strong><p>Confronta i principali aeroporti italiani per capire quali rotte o fasce orarie sono piu interessanti.</p></div>
</div>
<h2>Domande frequenti su Uzbek railway</h2>
<div class=""cpv-faq"">
  <details><summary>Come verificare le regole bagaglio di Uzbek railway?</summary><p>Consulta sempre la pagina ufficiale prima dell'acquisto: le regole possono cambiare in base alla tariffa, alla rotta e alla data di viaggio.</p></details>
  <details><summary>Uzbek railway e adatta a chi cerca il prezzo piu basso?</summary><p>Dipende dalla rotta e dai servizi necessari. In molti casi le tariffe base sono competitive, ma conviene verificare gli extra prima di concludere la prenotazione.</p></details>
  <details><summary>Quali aeroporti italiani monitorare?</summary><p>Le partenze da Milano, Roma, Napoli, Venezia, Catania e Bologna sono tra quelle che gli utenti confrontano piu spesso.</p></details>
</div>","Compagnie aeree|Compagnie tradizionali",airline,ЖА,/compagnie-aeree/uzbek-railway/,"Uzbek railway: bagagli, check-in e rotte | ConfrontaPrezziVoli","Scopri come volare con Uzbek railway: bagaglio a mano, check-in, consigli e rotte piu cercate dagli utenti italiani.","Uzbek railway bagaglio check-in",airlines,"Compagnia classificata come tradizionale nel dataset."
post,publish,"Uzbekistan Airways (HY): bagagli, check-in, rotte e consigli 2026",compagnia-aerea-uzbekistan-airways-hy,"Guida pratica su Uzbekistan Airways: bagaglio a mano, check-in, rotte popolari dall'Italia e consigli utili per prenotare.","<div class=""cpv-landing-note"">
  <p><strong>Guida pratica Uzbekistan Airways.</strong> Qui trovi una sintesi utile per capire come prenotare con Uzbekistan Airways, cosa controllare su bagagli e check-in e quali aspetti confrontare prima di acquistare il volo.</p>
</div>
<div class=""cpv-stat-grid"">
  <div class=""cpv-stat""><strong>Tradizionale</strong><span>Tipologia di compagnia secondo il dataset disponibile.</span></div>
  <div class=""cpv-stat""><strong>Check-in online</strong><span>Da verificare sempre sul sito ufficiale prima della partenza.</span></div>
  <div class=""cpv-stat""><strong>Bagagli</strong><span>Controlla franchigia e servizi inclusi in base alla tariffa scelta.</span></div>
</div>
<h2>Uzbekistan Airways: cosa controllare prima di prenotare</h2>
<p>La compagnia viene spesso valutata per tratte business, nazionali o con servizi aggiuntivi. Prima della prenotazione conviene confrontare orari, politica bagagli, flessibilita della tariffa e aeroporto di partenza disponibile in Italia.</p>
<div class=""cpv-chip-list""><span class=""cpv-chip"">FCO</span><span class=""cpv-chip"">CIA</span><span class=""cpv-chip"">MXP</span><span class=""cpv-chip"">BGY</span><span class=""cpv-chip"">LIN</span><span class=""cpv-chip"">NAP</span></div>
<div class=""cpv-landing-grid"">
  <div class=""cpv-landing-card""><strong>Bagaglio a mano</strong><p>Controlla sempre misure, peso e possibilita di aggiungere priorita o trolley in cabina.</p></div>
  <div class=""cpv-landing-card""><strong>Check-in</strong><p>Verifica finestre di apertura, app mobile, costi in aeroporto e documenti richiesti.</p></div>
  <div class=""cpv-landing-card""><strong>Partenze italiane</strong><p>Confronta i principali aeroporti italiani per capire quali rotte o fasce orarie sono piu interessanti.</p></div>
</div>
<h2>Domande frequenti su Uzbekistan Airways</h2>
<div class=""cpv-faq"">
  <details><summary>Come verificare le regole bagaglio di Uzbekistan Airways?</summary><p>Consulta sempre la pagina ufficiale prima dell'acquisto: le regole possono cambiare in base alla tariffa, alla rotta e alla data di viaggio.</p></details>
  <details><summary>Uzbekistan Airways e adatta a chi cerca il prezzo piu basso?</summary><p>Dipende dalla rotta e dai servizi necessari. In molti casi le tariffe base sono competitive, ma conviene verificare gli extra prima di concludere la prenotazione.</p></details>
  <details><summary>Quali aeroporti italiani monitorare?</summary><p>Le partenze da Milano, Roma, Napoli, Venezia, Catania e Bologna sono tra quelle che gli utenti confrontano piu spesso.</p></details>
</div>","Compagnie aeree|Compagnie tradizionali",airline,HY,/compagnie-aeree/uzbekistan-airways/,"Uzbekistan Airways: bagagli, check-in e rotte | ConfrontaPrezziVoli","Scopri come volare con Uzbekistan Airways: bagaglio a mano, check-in, consigli e rotte piu cercate dagli utenti italiani.","Uzbekistan Airways bagaglio check-in",airlines,"Compagnia classificata come tradizionale nel dataset."
post,publish,"Uzbekistan Express (0H): bagagli, check-in, rotte e consigli 2026",compagnia-aerea-uzbekistan-express-0h,"Guida pratica su Uzbekistan Express: bagaglio a mano, check-in, rotte popolari dall'Italia e consigli utili per prenotare.","<div class=""cpv-landing-note"">
  <p><strong>Guida pratica Uzbekistan Express.</strong> Qui trovi una sintesi utile per capire come prenotare con Uzbekistan Express, cosa controllare su bagagli e check-in e quali aspetti confrontare prima di acquistare il volo.</p>
</div>
<div class=""cpv-stat-grid"">
  <div class=""cpv-stat""><strong>Low cost</strong><span>Tipologia di compagnia secondo il dataset disponibile.</span></div>
  <div class=""cpv-stat""><strong>Check-in online</strong><span>Da verificare sempre sul sito ufficiale prima della partenza.</span></div>
  <div class=""cpv-stat""><strong>Bagagli</strong><span>Verifica con attenzione dimensioni e priorita del bagaglio a mano.</span></div>
</div>
<h2>Uzbekistan Express: cosa controllare prima di prenotare</h2>
<p>La compagnia e spesso cercata per city break, leisure e rotte sensibili al prezzo. Prima della prenotazione conviene confrontare orari, politica bagagli, flessibilita della tariffa e aeroporto di partenza disponibile in Italia.</p>
<div class=""cpv-chip-list""><span class=""cpv-chip"">FCO</span><span class=""cpv-chip"">CIA</span><span class=""cpv-chip"">MXP</span><span class=""cpv-chip"">BGY</span><span class=""cpv-chip"">LIN</span><span class=""cpv-chip"">NAP</span></div>
<div class=""cpv-landing-grid"">
  <div class=""cpv-landing-card""><strong>Bagaglio a mano</strong><p>Controlla sempre misure, peso e possibilita di aggiungere priorita o trolley in cabina.</p></div>
  <div class=""cpv-landing-card""><strong>Check-in</strong><p>Verifica finestre di apertura, app mobile, costi in aeroporto e documenti richiesti.</p></div>
  <div class=""cpv-landing-card""><strong>Partenze italiane</strong><p>Confronta i principali aeroporti italiani per capire quali rotte o fasce orarie sono piu interessanti.</p></div>
</div>
<h2>Domande frequenti su Uzbekistan Express</h2>
<div class=""cpv-faq"">
  <details><summary>Come verificare le regole bagaglio di Uzbekistan Express?</summary><p>Consulta sempre la pagina ufficiale prima dell'acquisto: le regole possono cambiare in base alla tariffa, alla rotta e alla data di viaggio.</p></details>
  <details><summary>Uzbekistan Express e adatta a chi cerca il prezzo piu basso?</summary><p>Dipende dalla rotta e dai servizi necessari. In molti casi le tariffe base sono competitive, ma conviene verificare gli extra prima di concludere la prenotazione.</p></details>
  <details><summary>Quali aeroporti italiani monitorare?</summary><p>Le partenze da Milano, Roma, Napoli, Venezia, Catania e Bologna sono tra quelle che gli utenti confrontano piu spesso.</p></details>
</div>","Compagnie aeree|Compagnie low cost",airline,0H,/compagnie-aeree/uzbekistan-express/,"Uzbekistan Express: bagagli, check-in e rotte | ConfrontaPrezziVoli","Scopri come volare con Uzbekistan Express: bagaglio a mano, check-in, consigli e rotte piu cercate dagli utenti italiani.","Uzbekistan Express bagaglio check-in",airlines,"Compagnia classificata come low cost nel dataset."
post,publish,"VIM Airlines (NN): bagagli, check-in, rotte e consigli 2026",compagnia-aerea-vim-airlines-nn,"Guida pratica su VIM Airlines: bagaglio a mano, check-in, rotte popolari dall'Italia e consigli utili per prenotare.","<div class=""cpv-landing-note"">
  <p><strong>Guida pratica VIM Airlines.</strong> Qui trovi una sintesi utile per capire come prenotare con VIM Airlines, cosa controllare su bagagli e check-in e quali aspetti confrontare prima di acquistare il volo.</p>
</div>
<div class=""cpv-stat-grid"">
  <div class=""cpv-stat""><strong>Tradizionale</strong><span>Tipologia di compagnia secondo il dataset disponibile.</span></div>
  <div class=""cpv-stat""><strong>Check-in online</strong><span>Da verificare sempre sul sito ufficiale prima della partenza.</span></div>
  <div class=""cpv-stat""><strong>Bagagli</strong><span>Controlla franchigia e servizi inclusi in base alla tariffa scelta.</span></div>
</div>
<h2>VIM Airlines: cosa controllare prima di prenotare</h2>
<p>La compagnia viene spesso valutata per tratte business, nazionali o con servizi aggiuntivi. Prima della prenotazione conviene confrontare orari, politica bagagli, flessibilita della tariffa e aeroporto di partenza disponibile in Italia.</p>
<div class=""cpv-chip-list""><span class=""cpv-chip"">FCO</span><span class=""cpv-chip"">CIA</span><span class=""cpv-chip"">MXP</span><span class=""cpv-chip"">BGY</span><span class=""cpv-chip"">LIN</span><span class=""cpv-chip"">NAP</span></div>
<div class=""cpv-landing-grid"">
  <div class=""cpv-landing-card""><strong>Bagaglio a mano</strong><p>Controlla sempre misure, peso e possibilita di aggiungere priorita o trolley in cabina.</p></div>
  <div class=""cpv-landing-card""><strong>Check-in</strong><p>Verifica finestre di apertura, app mobile, costi in aeroporto e documenti richiesti.</p></div>
  <div class=""cpv-landing-card""><strong>Partenze italiane</strong><p>Confronta i principali aeroporti italiani per capire quali rotte o fasce orarie sono piu interessanti.</p></div>
</div>
<h2>Domande frequenti su VIM Airlines</h2>
<div class=""cpv-faq"">
  <details><summary>Come verificare le regole bagaglio di VIM Airlines?</summary><p>Consulta sempre la pagina ufficiale prima dell'acquisto: le regole possono cambiare in base alla tariffa, alla rotta e alla data di viaggio.</p></details>
  <details><summary>VIM Airlines e adatta a chi cerca il prezzo piu basso?</summary><p>Dipende dalla rotta e dai servizi necessari. In molti casi le tariffe base sono competitive, ma conviene verificare gli extra prima di concludere la prenotazione.</p></details>
  <details><summary>Quali aeroporti italiani monitorare?</summary><p>Le partenze da Milano, Roma, Napoli, Venezia, Catania e Bologna sono tra quelle che gli utenti confrontano piu spesso.</p></details>
</div>","Compagnie aeree|Compagnie tradizionali",airline,NN,/compagnie-aeree/vim-airlines/,"VIM Airlines: bagagli, check-in e rotte | ConfrontaPrezziVoli","Scopri come volare con VIM Airlines: bagaglio a mano, check-in, consigli e rotte piu cercate dagli utenti italiani.","VIM Airlines bagaglio check-in",airlines,"Compagnia classificata come tradizionale nel dataset."
post,publish,"VLM Airlines (VG): bagagli, check-in, rotte e consigli 2026",compagnia-aerea-vlm-airlines-vg,"Guida pratica su VLM Airlines: bagaglio a mano, check-in, rotte popolari dall'Italia e consigli utili per prenotare.","<div class=""cpv-landing-note"">
  <p><strong>Guida pratica VLM Airlines.</strong> Qui trovi una sintesi utile per capire come prenotare con VLM Airlines, cosa controllare su bagagli e check-in e quali aspetti confrontare prima di acquistare il volo.</p>
</div>
<div class=""cpv-stat-grid"">
  <div class=""cpv-stat""><strong>Tradizionale</strong><span>Tipologia di compagnia secondo il dataset disponibile.</span></div>
  <div class=""cpv-stat""><strong>Check-in online</strong><span>Da verificare sempre sul sito ufficiale prima della partenza.</span></div>
  <div class=""cpv-stat""><strong>Bagagli</strong><span>Controlla franchigia e servizi inclusi in base alla tariffa scelta.</span></div>
</div>
<h2>VLM Airlines: cosa controllare prima di prenotare</h2>
<p>La compagnia viene spesso valutata per tratte business, nazionali o con servizi aggiuntivi. Prima della prenotazione conviene confrontare orari, politica bagagli, flessibilita della tariffa e aeroporto di partenza disponibile in Italia.</p>
<div class=""cpv-chip-list""><span class=""cpv-chip"">FCO</span><span class=""cpv-chip"">CIA</span><span class=""cpv-chip"">MXP</span><span class=""cpv-chip"">BGY</span><span class=""cpv-chip"">LIN</span><span class=""cpv-chip"">NAP</span></div>
<div class=""cpv-landing-grid"">
  <div class=""cpv-landing-card""><strong>Bagaglio a mano</strong><p>Controlla sempre misure, peso e possibilita di aggiungere priorita o trolley in cabina.</p></div>
  <div class=""cpv-landing-card""><strong>Check-in</strong><p>Verifica finestre di apertura, app mobile, costi in aeroporto e documenti richiesti.</p></div>
  <div class=""cpv-landing-card""><strong>Partenze italiane</strong><p>Confronta i principali aeroporti italiani per capire quali rotte o fasce orarie sono piu interessanti.</p></div>
</div>
<h2>Domande frequenti su VLM Airlines</h2>
<div class=""cpv-faq"">
  <details><summary>Come verificare le regole bagaglio di VLM Airlines?</summary><p>Consulta sempre la pagina ufficiale prima dell'acquisto: le regole possono cambiare in base alla tariffa, alla rotta e alla data di viaggio.</p></details>
  <details><summary>VLM Airlines e adatta a chi cerca il prezzo piu basso?</summary><p>Dipende dalla rotta e dai servizi necessari. In molti casi le tariffe base sono competitive, ma conviene verificare gli extra prima di concludere la prenotazione.</p></details>
  <details><summary>Quali aeroporti italiani monitorare?</summary><p>Le partenze da Milano, Roma, Napoli, Venezia, Catania e Bologna sono tra quelle che gli utenti confrontano piu spesso.</p></details>
</div>","Compagnie aeree|Compagnie tradizionali",airline,VG,/compagnie-aeree/vlm-airlines/,"VLM Airlines: bagagli, check-in e rotte | ConfrontaPrezziVoli","Scopri come volare con VLM Airlines: bagaglio a mano, check-in, consigli e rotte piu cercate dagli utenti italiani.","VLM Airlines bagaglio check-in",airlines,"Compagnia classificata come tradizionale nel dataset."
post,publish,"VOEPASS Linhas Aéreas (2Z): bagagli, check-in, rotte e consigli 2026",compagnia-aerea-voepass-linhas-a-ereas-2z,"Guida pratica su VOEPASS Linhas Aéreas: bagaglio a mano, check-in, rotte popolari dall'Italia e consigli utili per prenotare.","<div class=""cpv-landing-note"">
  <p><strong>Guida pratica VOEPASS Linhas Aéreas.</strong> Qui trovi una sintesi utile per capire come prenotare con VOEPASS Linhas Aéreas, cosa controllare su bagagli e check-in e quali aspetti confrontare prima di acquistare il volo.</p>
</div>
<div class=""cpv-stat-grid"">
  <div class=""cpv-stat""><strong>Tradizionale</strong><span>Tipologia di compagnia secondo il dataset disponibile.</span></div>
  <div class=""cpv-stat""><strong>Check-in online</strong><span>Da verificare sempre sul sito ufficiale prima della partenza.</span></div>
  <div class=""cpv-stat""><strong>Bagagli</strong><span>Controlla franchigia e servizi inclusi in base alla tariffa scelta.</span></div>
</div>
<h2>VOEPASS Linhas Aéreas: cosa controllare prima di prenotare</h2>
<p>La compagnia viene spesso valutata per tratte business, nazionali o con servizi aggiuntivi. Prima della prenotazione conviene confrontare orari, politica bagagli, flessibilita della tariffa e aeroporto di partenza disponibile in Italia.</p>
<div class=""cpv-chip-list""><span class=""cpv-chip"">FCO</span><span class=""cpv-chip"">CIA</span><span class=""cpv-chip"">MXP</span><span class=""cpv-chip"">BGY</span><span class=""cpv-chip"">LIN</span><span class=""cpv-chip"">NAP</span></div>
<div class=""cpv-landing-grid"">
  <div class=""cpv-landing-card""><strong>Bagaglio a mano</strong><p>Controlla sempre misure, peso e possibilita di aggiungere priorita o trolley in cabina.</p></div>
  <div class=""cpv-landing-card""><strong>Check-in</strong><p>Verifica finestre di apertura, app mobile, costi in aeroporto e documenti richiesti.</p></div>
  <div class=""cpv-landing-card""><strong>Partenze italiane</strong><p>Confronta i principali aeroporti italiani per capire quali rotte o fasce orarie sono piu interessanti.</p></div>
</div>
<h2>Domande frequenti su VOEPASS Linhas Aéreas</h2>
<div class=""cpv-faq"">
  <details><summary>Come verificare le regole bagaglio di VOEPASS Linhas Aéreas?</summary><p>Consulta sempre la pagina ufficiale prima dell'acquisto: le regole possono cambiare in base alla tariffa, alla rotta e alla data di viaggio.</p></details>
  <details><summary>VOEPASS Linhas Aéreas e adatta a chi cerca il prezzo piu basso?</summary><p>Dipende dalla rotta e dai servizi necessari. In molti casi le tariffe base sono competitive, ma conviene verificare gli extra prima di concludere la prenotazione.</p></details>
  <details><summary>Quali aeroporti italiani monitorare?</summary><p>Le partenze da Milano, Roma, Napoli, Venezia, Catania e Bologna sono tra quelle che gli utenti confrontano piu spesso.</p></details>
</div>","Compagnie aeree|Compagnie tradizionali",airline,2Z,/compagnie-aeree/voepass-linhas-a-ereas/,"VOEPASS Linhas Aéreas: bagagli, check-in e rotte | ConfrontaPrezziVoli","Scopri come volare con VOEPASS Linhas Aéreas: bagaglio a mano, check-in, consigli e rotte piu cercate dagli utenti italiani.","VOEPASS Linhas Aéreas bagaglio check-in",airlines,"Compagnia classificata come tradizionale nel dataset."
post,publish,"ValueJet (VK): bagagli, check-in, rotte e consigli 2026",compagnia-aerea-valuejet-vk,"Guida pratica su ValueJet: bagaglio a mano, check-in, rotte popolari dall'Italia e consigli utili per prenotare.","<div class=""cpv-landing-note"">
  <p><strong>Guida pratica ValueJet.</strong> Qui trovi una sintesi utile per capire come prenotare con ValueJet, cosa controllare su bagagli e check-in e quali aspetti confrontare prima di acquistare il volo.</p>
</div>
<div class=""cpv-stat-grid"">
  <div class=""cpv-stat""><strong>Low cost</strong><span>Tipologia di compagnia secondo il dataset disponibile.</span></div>
  <div class=""cpv-stat""><strong>Check-in online</strong><span>Da verificare sempre sul sito ufficiale prima della partenza.</span></div>
  <div class=""cpv-stat""><strong>Bagagli</strong><span>Verifica con attenzione dimensioni e priorita del bagaglio a mano.</span></div>
</div>
<h2>ValueJet: cosa controllare prima di prenotare</h2>
<p>La compagnia e spesso cercata per city break, leisure e rotte sensibili al prezzo. Prima della prenotazione conviene confrontare orari, politica bagagli, flessibilita della tariffa e aeroporto di partenza disponibile in Italia.</p>
<div class=""cpv-chip-list""><span class=""cpv-chip"">FCO</span><span class=""cpv-chip"">CIA</span><span class=""cpv-chip"">MXP</span><span class=""cpv-chip"">BGY</span><span class=""cpv-chip"">LIN</span><span class=""cpv-chip"">NAP</span></div>
<div class=""cpv-landing-grid"">
  <div class=""cpv-landing-card""><strong>Bagaglio a mano</strong><p>Controlla sempre misure, peso e possibilita di aggiungere priorita o trolley in cabina.</p></div>
  <div class=""cpv-landing-card""><strong>Check-in</strong><p>Verifica finestre di apertura, app mobile, costi in aeroporto e documenti richiesti.</p></div>
  <div class=""cpv-landing-card""><strong>Partenze italiane</strong><p>Confronta i principali aeroporti italiani per capire quali rotte o fasce orarie sono piu interessanti.</p></div>
</div>
<h2>Domande frequenti su ValueJet</h2>
<div class=""cpv-faq"">
  <details><summary>Come verificare le regole bagaglio di ValueJet?</summary><p>Consulta sempre la pagina ufficiale prima dell'acquisto: le regole possono cambiare in base alla tariffa, alla rotta e alla data di viaggio.</p></details>
  <details><summary>ValueJet e adatta a chi cerca il prezzo piu basso?</summary><p>Dipende dalla rotta e dai servizi necessari. In molti casi le tariffe base sono competitive, ma conviene verificare gli extra prima di concludere la prenotazione.</p></details>
  <details><summary>Quali aeroporti italiani monitorare?</summary><p>Le partenze da Milano, Roma, Napoli, Venezia, Catania e Bologna sono tra quelle che gli utenti confrontano piu spesso.</p></details>
</div>","Compagnie aeree|Compagnie low cost",airline,VK,/compagnie-aeree/valuejet/,"ValueJet: bagagli, check-in e rotte | ConfrontaPrezziVoli","Scopri come volare con ValueJet: bagaglio a mano, check-in, consigli e rotte piu cercate dagli utenti italiani.","ValueJet bagaglio check-in",airlines,"Compagnia classificata come low cost nel dataset."
post,publish,"Vanilla Air (JW): bagagli, check-in, rotte e consigli 2026",compagnia-aerea-vanilla-air-jw,"Guida pratica su Vanilla Air: bagaglio a mano, check-in, rotte popolari dall'Italia e consigli utili per prenotare.","<div class=""cpv-landing-note"">
  <p><strong>Guida pratica Vanilla Air.</strong> Qui trovi una sintesi utile per capire come prenotare con Vanilla Air, cosa controllare su bagagli e check-in e quali aspetti confrontare prima di acquistare il volo.</p>
</div>
<div class=""cpv-stat-grid"">
  <div class=""cpv-stat""><strong>Low cost</strong><span>Tipologia di compagnia secondo il dataset disponibile.</span></div>
  <div class=""cpv-stat""><strong>Check-in online</strong><span>Da verificare sempre sul sito ufficiale prima della partenza.</span></div>
  <div class=""cpv-stat""><strong>Bagagli</strong><span>Verifica con attenzione dimensioni e priorita del bagaglio a mano.</span></div>
</div>
<h2>Vanilla Air: cosa controllare prima di prenotare</h2>
<p>La compagnia e spesso cercata per city break, leisure e rotte sensibili al prezzo. Prima della prenotazione conviene confrontare orari, politica bagagli, flessibilita della tariffa e aeroporto di partenza disponibile in Italia.</p>
<div class=""cpv-chip-list""><span class=""cpv-chip"">FCO</span><span class=""cpv-chip"">CIA</span><span class=""cpv-chip"">MXP</span><span class=""cpv-chip"">BGY</span><span class=""cpv-chip"">LIN</span><span class=""cpv-chip"">NAP</span></div>
<div class=""cpv-landing-grid"">
  <div class=""cpv-landing-card""><strong>Bagaglio a mano</strong><p>Controlla sempre misure, peso e possibilita di aggiungere priorita o trolley in cabina.</p></div>
  <div class=""cpv-landing-card""><strong>Check-in</strong><p>Verifica finestre di apertura, app mobile, costi in aeroporto e documenti richiesti.</p></div>
  <div class=""cpv-landing-card""><strong>Partenze italiane</strong><p>Confronta i principali aeroporti italiani per capire quali rotte o fasce orarie sono piu interessanti.</p></div>
</div>
<h2>Domande frequenti su Vanilla Air</h2>
<div class=""cpv-faq"">
  <details><summary>Come verificare le regole bagaglio di Vanilla Air?</summary><p>Consulta sempre la pagina ufficiale prima dell'acquisto: le regole possono cambiare in base alla tariffa, alla rotta e alla data di viaggio.</p></details>
  <details><summary>Vanilla Air e adatta a chi cerca il prezzo piu basso?</summary><p>Dipende dalla rotta e dai servizi necessari. In molti casi le tariffe base sono competitive, ma conviene verificare gli extra prima di concludere la prenotazione.</p></details>
  <details><summary>Quali aeroporti italiani monitorare?</summary><p>Le partenze da Milano, Roma, Napoli, Venezia, Catania e Bologna sono tra quelle che gli utenti confrontano piu spesso.</p></details>
</div>","Compagnie aeree|Compagnie low cost",airline,JW,/compagnie-aeree/vanilla-air/,"Vanilla Air: bagagli, check-in e rotte | ConfrontaPrezziVoli","Scopri come volare con Vanilla Air: bagaglio a mano, check-in, consigli e rotte piu cercate dagli utenti italiani.","Vanilla Air bagaglio check-in",airlines,"Compagnia classificata come low cost nel dataset."
post,publish,"Videcom International Limited (U1): bagagli, check-in, rotte e consigli 2026",compagnia-aerea-videcom-international-limited-u1,"Guida pratica su Videcom International Limited: bagaglio a mano, check-in, rotte popolari dall'Italia e consigli utili per prenotare.","<div class=""cpv-landing-note"">
  <p><strong>Guida pratica Videcom International Limited.</strong> Qui trovi una sintesi utile per capire come prenotare con Videcom International Limited, cosa controllare su bagagli e check-in e quali aspetti confrontare prima di acquistare il volo.</p>
</div>
<div class=""cpv-stat-grid"">
  <div class=""cpv-stat""><strong>Tradizionale</strong><span>Tipologia di compagnia secondo il dataset disponibile.</span></div>
  <div class=""cpv-stat""><strong>Check-in online</strong><span>Da verificare sempre sul sito ufficiale prima della partenza.</span></div>
  <div class=""cpv-stat""><strong>Bagagli</strong><span>Controlla franchigia e servizi inclusi in base alla tariffa scelta.</span></div>
</div>
<h2>Videcom International Limited: cosa controllare prima di prenotare</h2>
<p>La compagnia viene spesso valutata per tratte business, nazionali o con servizi aggiuntivi. Prima della prenotazione conviene confrontare orari, politica bagagli, flessibilita della tariffa e aeroporto di partenza disponibile in Italia.</p>
<div class=""cpv-chip-list""><span class=""cpv-chip"">FCO</span><span class=""cpv-chip"">CIA</span><span class=""cpv-chip"">MXP</span><span class=""cpv-chip"">BGY</span><span class=""cpv-chip"">LIN</span><span class=""cpv-chip"">NAP</span></div>
<div class=""cpv-landing-grid"">
  <div class=""cpv-landing-card""><strong>Bagaglio a mano</strong><p>Controlla sempre misure, peso e possibilita di aggiungere priorita o trolley in cabina.</p></div>
  <div class=""cpv-landing-card""><strong>Check-in</strong><p>Verifica finestre di apertura, app mobile, costi in aeroporto e documenti richiesti.</p></div>
  <div class=""cpv-landing-card""><strong>Partenze italiane</strong><p>Confronta i principali aeroporti italiani per capire quali rotte o fasce orarie sono piu interessanti.</p></div>
</div>
<h2>Domande frequenti su Videcom International Limited</h2>
<div class=""cpv-faq"">
  <details><summary>Come verificare le regole bagaglio di Videcom International Limited?</summary><p>Consulta sempre la pagina ufficiale prima dell'acquisto: le regole possono cambiare in base alla tariffa, alla rotta e alla data di viaggio.</p></details>
  <details><summary>Videcom International Limited e adatta a chi cerca il prezzo piu basso?</summary><p>Dipende dalla rotta e dai servizi necessari. In molti casi le tariffe base sono competitive, ma conviene verificare gli extra prima di concludere la prenotazione.</p></details>
  <details><summary>Quali aeroporti italiani monitorare?</summary><p>Le partenze da Milano, Roma, Napoli, Venezia, Catania e Bologna sono tra quelle che gli utenti confrontano piu spesso.</p></details>
</div>","Compagnie aeree|Compagnie tradizionali",airline,U1,/compagnie-aeree/videcom-international-limited/,"Videcom International Limited: bagagli, check-in e rotte | ConfrontaPrezziVoli","Scopri come volare con Videcom International Limited: bagaglio a mano, check-in, consigli e rotte piu cercate dagli utenti italiani.","Videcom International Limited bagaglio check-in",airlines,"Compagnia classificata come tradizionale nel dataset."
post,publish,"Vieques Air Link (V4): bagagli, check-in, rotte e consigli 2026",compagnia-aerea-vieques-air-link-v4,"Guida pratica su Vieques Air Link: bagaglio a mano, check-in, rotte popolari dall'Italia e consigli utili per prenotare.","<div class=""cpv-landing-note"">
  <p><strong>Guida pratica Vieques Air Link.</strong> Qui trovi una sintesi utile per capire come prenotare con Vieques Air Link, cosa controllare su bagagli e check-in e quali aspetti confrontare prima di acquistare il volo.</p>
</div>
<div class=""cpv-stat-grid"">
  <div class=""cpv-stat""><strong>Tradizionale</strong><span>Tipologia di compagnia secondo il dataset disponibile.</span></div>
  <div class=""cpv-stat""><strong>Check-in online</strong><span>Da verificare sempre sul sito ufficiale prima della partenza.</span></div>
  <div class=""cpv-stat""><strong>Bagagli</strong><span>Controlla franchigia e servizi inclusi in base alla tariffa scelta.</span></div>
</div>
<h2>Vieques Air Link: cosa controllare prima di prenotare</h2>
<p>La compagnia viene spesso valutata per tratte business, nazionali o con servizi aggiuntivi. Prima della prenotazione conviene confrontare orari, politica bagagli, flessibilita della tariffa e aeroporto di partenza disponibile in Italia.</p>
<div class=""cpv-chip-list""><span class=""cpv-chip"">FCO</span><span class=""cpv-chip"">CIA</span><span class=""cpv-chip"">MXP</span><span class=""cpv-chip"">BGY</span><span class=""cpv-chip"">LIN</span><span class=""cpv-chip"">NAP</span></div>
<div class=""cpv-landing-grid"">
  <div class=""cpv-landing-card""><strong>Bagaglio a mano</strong><p>Controlla sempre misure, peso e possibilita di aggiungere priorita o trolley in cabina.</p></div>
  <div class=""cpv-landing-card""><strong>Check-in</strong><p>Verifica finestre di apertura, app mobile, costi in aeroporto e documenti richiesti.</p></div>
  <div class=""cpv-landing-card""><strong>Partenze italiane</strong><p>Confronta i principali aeroporti italiani per capire quali rotte o fasce orarie sono piu interessanti.</p></div>
</div>
<h2>Domande frequenti su Vieques Air Link</h2>
<div class=""cpv-faq"">
  <details><summary>Come verificare le regole bagaglio di Vieques Air Link?</summary><p>Consulta sempre la pagina ufficiale prima dell'acquisto: le regole possono cambiare in base alla tariffa, alla rotta e alla data di viaggio.</p></details>
  <details><summary>Vieques Air Link e adatta a chi cerca il prezzo piu basso?</summary><p>Dipende dalla rotta e dai servizi necessari. In molti casi le tariffe base sono competitive, ma conviene verificare gli extra prima di concludere la prenotazione.</p></details>
  <details><summary>Quali aeroporti italiani monitorare?</summary><p>Le partenze da Milano, Roma, Napoli, Venezia, Catania e Bologna sono tra quelle che gli utenti confrontano piu spesso.</p></details>
</div>","Compagnie aeree|Compagnie tradizionali",airline,V4,/compagnie-aeree/vieques-air-link/,"Vieques Air Link: bagagli, check-in e rotte | ConfrontaPrezziVoli","Scopri come volare con Vieques Air Link: bagaglio a mano, check-in, consigli e rotte piu cercate dagli utenti italiani.","Vieques Air Link bagaglio check-in",airlines,"Compagnia classificata come tradizionale nel dataset."
post,publish,"Vietjet (VJ): bagagli, check-in, rotte e consigli 2026",compagnia-aerea-vietjet-vj,"Guida pratica su Vietjet: bagaglio a mano, check-in, rotte popolari dall'Italia e consigli utili per prenotare.","<div class=""cpv-landing-note"">
  <p><strong>Guida pratica Vietjet.</strong> Qui trovi una sintesi utile per capire come prenotare con Vietjet, cosa controllare su bagagli e check-in e quali aspetti confrontare prima di acquistare il volo.</p>
</div>
<div class=""cpv-stat-grid"">
  <div class=""cpv-stat""><strong>Low cost</strong><span>Tipologia di compagnia secondo il dataset disponibile.</span></div>
  <div class=""cpv-stat""><strong>Check-in online</strong><span>Da verificare sempre sul sito ufficiale prima della partenza.</span></div>
  <div class=""cpv-stat""><strong>Bagagli</strong><span>Verifica con attenzione dimensioni e priorita del bagaglio a mano.</span></div>
</div>
<h2>Vietjet: cosa controllare prima di prenotare</h2>
<p>La compagnia e spesso cercata per city break, leisure e rotte sensibili al prezzo. Prima della prenotazione conviene confrontare orari, politica bagagli, flessibilita della tariffa e aeroporto di partenza disponibile in Italia.</p>
<div class=""cpv-chip-list""><span class=""cpv-chip"">FCO</span><span class=""cpv-chip"">CIA</span><span class=""cpv-chip"">MXP</span><span class=""cpv-chip"">BGY</span><span class=""cpv-chip"">LIN</span><span class=""cpv-chip"">NAP</span></div>
<div class=""cpv-landing-grid"">
  <div class=""cpv-landing-card""><strong>Bagaglio a mano</strong><p>Controlla sempre misure, peso e possibilita di aggiungere priorita o trolley in cabina.</p></div>
  <div class=""cpv-landing-card""><strong>Check-in</strong><p>Verifica finestre di apertura, app mobile, costi in aeroporto e documenti richiesti.</p></div>
  <div class=""cpv-landing-card""><strong>Partenze italiane</strong><p>Confronta i principali aeroporti italiani per capire quali rotte o fasce orarie sono piu interessanti.</p></div>
</div>
<h2>Domande frequenti su Vietjet</h2>
<div class=""cpv-faq"">
  <details><summary>Come verificare le regole bagaglio di Vietjet?</summary><p>Consulta sempre la pagina ufficiale prima dell'acquisto: le regole possono cambiare in base alla tariffa, alla rotta e alla data di viaggio.</p></details>
  <details><summary>Vietjet e adatta a chi cerca il prezzo piu basso?</summary><p>Dipende dalla rotta e dai servizi necessari. In molti casi le tariffe base sono competitive, ma conviene verificare gli extra prima di concludere la prenotazione.</p></details>
  <details><summary>Quali aeroporti italiani monitorare?</summary><p>Le partenze da Milano, Roma, Napoli, Venezia, Catania e Bologna sono tra quelle che gli utenti confrontano piu spesso.</p></details>
</div>","Compagnie aeree|Compagnie low cost",airline,VJ,/compagnie-aeree/vietjet/,"Vietjet: bagagli, check-in e rotte | ConfrontaPrezziVoli","Scopri come volare con Vietjet: bagaglio a mano, check-in, consigli e rotte piu cercate dagli utenti italiani.","Vietjet bagaglio check-in",airlines,"Compagnia classificata come low cost nel dataset."
post,publish,"Vietnam Airlines (VN): bagagli, check-in, rotte e consigli 2026",compagnia-aerea-vietnam-airlines-vn,"Guida pratica su Vietnam Airlines: bagaglio a mano, check-in, rotte popolari dall'Italia e consigli utili per prenotare.","<div class=""cpv-landing-note"">
  <p><strong>Guida pratica Vietnam Airlines.</strong> Qui trovi una sintesi utile per capire come prenotare con Vietnam Airlines, cosa controllare su bagagli e check-in e quali aspetti confrontare prima di acquistare il volo.</p>
</div>
<div class=""cpv-stat-grid"">
  <div class=""cpv-stat""><strong>Tradizionale</strong><span>Tipologia di compagnia secondo il dataset disponibile.</span></div>
  <div class=""cpv-stat""><strong>Check-in online</strong><span>Da verificare sempre sul sito ufficiale prima della partenza.</span></div>
  <div class=""cpv-stat""><strong>Bagagli</strong><span>Controlla franchigia e servizi inclusi in base alla tariffa scelta.</span></div>
</div>
<h2>Vietnam Airlines: cosa controllare prima di prenotare</h2>
<p>La compagnia viene spesso valutata per tratte business, nazionali o con servizi aggiuntivi. Prima della prenotazione conviene confrontare orari, politica bagagli, flessibilita della tariffa e aeroporto di partenza disponibile in Italia.</p>
<div class=""cpv-chip-list""><span class=""cpv-chip"">FCO</span><span class=""cpv-chip"">CIA</span><span class=""cpv-chip"">MXP</span><span class=""cpv-chip"">BGY</span><span class=""cpv-chip"">LIN</span><span class=""cpv-chip"">NAP</span></div>
<div class=""cpv-landing-grid"">
  <div class=""cpv-landing-card""><strong>Bagaglio a mano</strong><p>Controlla sempre misure, peso e possibilita di aggiungere priorita o trolley in cabina.</p></div>
  <div class=""cpv-landing-card""><strong>Check-in</strong><p>Verifica finestre di apertura, app mobile, costi in aeroporto e documenti richiesti.</p></div>
  <div class=""cpv-landing-card""><strong>Partenze italiane</strong><p>Confronta i principali aeroporti italiani per capire quali rotte o fasce orarie sono piu interessanti.</p></div>
</div>
<h2>Domande frequenti su Vietnam Airlines</h2>
<div class=""cpv-faq"">
  <details><summary>Come verificare le regole bagaglio di Vietnam Airlines?</summary><p>Consulta sempre la pagina ufficiale prima dell'acquisto: le regole possono cambiare in base alla tariffa, alla rotta e alla data di viaggio.</p></details>
  <details><summary>Vietnam Airlines e adatta a chi cerca il prezzo piu basso?</summary><p>Dipende dalla rotta e dai servizi necessari. In molti casi le tariffe base sono competitive, ma conviene verificare gli extra prima di concludere la prenotazione.</p></details>
  <details><summary>Quali aeroporti italiani monitorare?</summary><p>Le partenze da Milano, Roma, Napoli, Venezia, Catania e Bologna sono tra quelle che gli utenti confrontano piu spesso.</p></details>
</div>","Compagnie aeree|Compagnie tradizionali",airline,VN,/compagnie-aeree/vietnam-airlines/,"Vietnam Airlines: bagagli, check-in e rotte | ConfrontaPrezziVoli","Scopri come volare con Vietnam Airlines: bagaglio a mano, check-in, consigli e rotte piu cercate dagli utenti italiani.","Vietnam Airlines bagaglio check-in",airlines,"Compagnia classificata come tradizionale nel dataset."
post,publish,"Vietravel Airlines (VU): bagagli, check-in, rotte e consigli 2026",compagnia-aerea-vietravel-airlines-vu,"Guida pratica su Vietravel Airlines: bagaglio a mano, check-in, rotte popolari dall'Italia e consigli utili per prenotare.","<div class=""cpv-landing-note"">
  <p><strong>Guida pratica Vietravel Airlines.</strong> Qui trovi una sintesi utile per capire come prenotare con Vietravel Airlines, cosa controllare su bagagli e check-in e quali aspetti confrontare prima di acquistare il volo.</p>
</div>
<div class=""cpv-stat-grid"">
  <div class=""cpv-stat""><strong>Tradizionale</strong><span>Tipologia di compagnia secondo il dataset disponibile.</span></div>
  <div class=""cpv-stat""><strong>Check-in online</strong><span>Da verificare sempre sul sito ufficiale prima della partenza.</span></div>
  <div class=""cpv-stat""><strong>Bagagli</strong><span>Controlla franchigia e servizi inclusi in base alla tariffa scelta.</span></div>
</div>
<h2>Vietravel Airlines: cosa controllare prima di prenotare</h2>
<p>La compagnia viene spesso valutata per tratte business, nazionali o con servizi aggiuntivi. Prima della prenotazione conviene confrontare orari, politica bagagli, flessibilita della tariffa e aeroporto di partenza disponibile in Italia.</p>
<div class=""cpv-chip-list""><span class=""cpv-chip"">FCO</span><span class=""cpv-chip"">CIA</span><span class=""cpv-chip"">MXP</span><span class=""cpv-chip"">BGY</span><span class=""cpv-chip"">LIN</span><span class=""cpv-chip"">NAP</span></div>
<div class=""cpv-landing-grid"">
  <div class=""cpv-landing-card""><strong>Bagaglio a mano</strong><p>Controlla sempre misure, peso e possibilita di aggiungere priorita o trolley in cabina.</p></div>
  <div class=""cpv-landing-card""><strong>Check-in</strong><p>Verifica finestre di apertura, app mobile, costi in aeroporto e documenti richiesti.</p></div>
  <div class=""cpv-landing-card""><strong>Partenze italiane</strong><p>Confronta i principali aeroporti italiani per capire quali rotte o fasce orarie sono piu interessanti.</p></div>
</div>
<h2>Domande frequenti su Vietravel Airlines</h2>
<div class=""cpv-faq"">
  <details><summary>Come verificare le regole bagaglio di Vietravel Airlines?</summary><p>Consulta sempre la pagina ufficiale prima dell'acquisto: le regole possono cambiare in base alla tariffa, alla rotta e alla data di viaggio.</p></details>
  <details><summary>Vietravel Airlines e adatta a chi cerca il prezzo piu basso?</summary><p>Dipende dalla rotta e dai servizi necessari. In molti casi le tariffe base sono competitive, ma conviene verificare gli extra prima di concludere la prenotazione.</p></details>
  <details><summary>Quali aeroporti italiani monitorare?</summary><p>Le partenze da Milano, Roma, Napoli, Venezia, Catania e Bologna sono tra quelle che gli utenti confrontano piu spesso.</p></details>
</div>","Compagnie aeree|Compagnie tradizionali",airline,VU,/compagnie-aeree/vietravel-airlines/,"Vietravel Airlines: bagagli, check-in e rotte | ConfrontaPrezziVoli","Scopri come volare con Vietravel Airlines: bagaglio a mano, check-in, consigli e rotte piu cercate dagli utenti italiani.","Vietravel Airlines bagaglio check-in",airlines,"Compagnia classificata come tradizionale nel dataset."
post,publish,"Villa Air (VP): bagagli, check-in, rotte e consigli 2026",compagnia-aerea-villa-air-vp,"Guida pratica su Villa Air: bagaglio a mano, check-in, rotte popolari dall'Italia e consigli utili per prenotare.","<div class=""cpv-landing-note"">
  <p><strong>Guida pratica Villa Air.</strong> Qui trovi una sintesi utile per capire come prenotare con Villa Air, cosa controllare su bagagli e check-in e quali aspetti confrontare prima di acquistare il volo.</p>
</div>
<div class=""cpv-stat-grid"">
  <div class=""cpv-stat""><strong>Tradizionale</strong><span>Tipologia di compagnia secondo il dataset disponibile.</span></div>
  <div class=""cpv-stat""><strong>Check-in online</strong><span>Da verificare sempre sul sito ufficiale prima della partenza.</span></div>
  <div class=""cpv-stat""><strong>Bagagli</strong><span>Controlla franchigia e servizi inclusi in base alla tariffa scelta.</span></div>
</div>
<h2>Villa Air: cosa controllare prima di prenotare</h2>
<p>La compagnia viene spesso valutata per tratte business, nazionali o con servizi aggiuntivi. Prima della prenotazione conviene confrontare orari, politica bagagli, flessibilita della tariffa e aeroporto di partenza disponibile in Italia.</p>
<div class=""cpv-chip-list""><span class=""cpv-chip"">FCO</span><span class=""cpv-chip"">CIA</span><span class=""cpv-chip"">MXP</span><span class=""cpv-chip"">BGY</span><span class=""cpv-chip"">LIN</span><span class=""cpv-chip"">NAP</span></div>
<div class=""cpv-landing-grid"">
  <div class=""cpv-landing-card""><strong>Bagaglio a mano</strong><p>Controlla sempre misure, peso e possibilita di aggiungere priorita o trolley in cabina.</p></div>
  <div class=""cpv-landing-card""><strong>Check-in</strong><p>Verifica finestre di apertura, app mobile, costi in aeroporto e documenti richiesti.</p></div>
  <div class=""cpv-landing-card""><strong>Partenze italiane</strong><p>Confronta i principali aeroporti italiani per capire quali rotte o fasce orarie sono piu interessanti.</p></div>
</div>
<h2>Domande frequenti su Villa Air</h2>
<div class=""cpv-faq"">
  <details><summary>Come verificare le regole bagaglio di Villa Air?</summary><p>Consulta sempre la pagina ufficiale prima dell'acquisto: le regole possono cambiare in base alla tariffa, alla rotta e alla data di viaggio.</p></details>
  <details><summary>Villa Air e adatta a chi cerca il prezzo piu basso?</summary><p>Dipende dalla rotta e dai servizi necessari. In molti casi le tariffe base sono competitive, ma conviene verificare gli extra prima di concludere la prenotazione.</p></details>
  <details><summary>Quali aeroporti italiani monitorare?</summary><p>Le partenze da Milano, Roma, Napoli, Venezia, Catania e Bologna sono tra quelle che gli utenti confrontano piu spesso.</p></details>
</div>","Compagnie aeree|Compagnie tradizionali",airline,VP,/compagnie-aeree/villa-air/,"Villa Air: bagagli, check-in e rotte | ConfrontaPrezziVoli","Scopri come volare con Villa Air: bagaglio a mano, check-in, consigli e rotte piu cercate dagli utenti italiani.","Villa Air bagaglio check-in",airlines,"Compagnia classificata come tradizionale nel dataset."
post,publish,"Virgin America (VX): bagagli, check-in, rotte e consigli 2026",compagnia-aerea-virgin-america-vx,"Guida pratica su Virgin America: bagaglio a mano, check-in, rotte popolari dall'Italia e consigli utili per prenotare.","<div class=""cpv-landing-note"">
  <p><strong>Guida pratica Virgin America.</strong> Qui trovi una sintesi utile per capire come prenotare con Virgin America, cosa controllare su bagagli e check-in e quali aspetti confrontare prima di acquistare il volo.</p>
</div>
<div class=""cpv-stat-grid"">
  <div class=""cpv-stat""><strong>Low cost</strong><span>Tipologia di compagnia secondo il dataset disponibile.</span></div>
  <div class=""cpv-stat""><strong>Check-in online</strong><span>Da verificare sempre sul sito ufficiale prima della partenza.</span></div>
  <div class=""cpv-stat""><strong>Bagagli</strong><span>Verifica con attenzione dimensioni e priorita del bagaglio a mano.</span></div>
</div>
<h2>Virgin America: cosa controllare prima di prenotare</h2>
<p>La compagnia e spesso cercata per city break, leisure e rotte sensibili al prezzo. Prima della prenotazione conviene confrontare orari, politica bagagli, flessibilita della tariffa e aeroporto di partenza disponibile in Italia.</p>
<div class=""cpv-chip-list""><span class=""cpv-chip"">FCO</span><span class=""cpv-chip"">CIA</span><span class=""cpv-chip"">MXP</span><span class=""cpv-chip"">BGY</span><span class=""cpv-chip"">LIN</span><span class=""cpv-chip"">NAP</span></div>
<div class=""cpv-landing-grid"">
  <div class=""cpv-landing-card""><strong>Bagaglio a mano</strong><p>Controlla sempre misure, peso e possibilita di aggiungere priorita o trolley in cabina.</p></div>
  <div class=""cpv-landing-card""><strong>Check-in</strong><p>Verifica finestre di apertura, app mobile, costi in aeroporto e documenti richiesti.</p></div>
  <div class=""cpv-landing-card""><strong>Partenze italiane</strong><p>Confronta i principali aeroporti italiani per capire quali rotte o fasce orarie sono piu interessanti.</p></div>
</div>
<h2>Domande frequenti su Virgin America</h2>
<div class=""cpv-faq"">
  <details><summary>Come verificare le regole bagaglio di Virgin America?</summary><p>Consulta sempre la pagina ufficiale prima dell'acquisto: le regole possono cambiare in base alla tariffa, alla rotta e alla data di viaggio.</p></details>
  <details><summary>Virgin America e adatta a chi cerca il prezzo piu basso?</summary><p>Dipende dalla rotta e dai servizi necessari. In molti casi le tariffe base sono competitive, ma conviene verificare gli extra prima di concludere la prenotazione.</p></details>
  <details><summary>Quali aeroporti italiani monitorare?</summary><p>Le partenze da Milano, Roma, Napoli, Venezia, Catania e Bologna sono tra quelle che gli utenti confrontano piu spesso.</p></details>
</div>","Compagnie aeree|Compagnie low cost",airline,VX,/compagnie-aeree/virgin-america/,"Virgin America: bagagli, check-in e rotte | ConfrontaPrezziVoli","Scopri come volare con Virgin America: bagaglio a mano, check-in, consigli e rotte piu cercate dagli utenti italiani.","Virgin America bagaglio check-in",airlines,"Compagnia classificata come low cost nel dataset."
post,publish,"Virgin Atlantic (VS): bagagli, check-in, rotte e consigli 2026",compagnia-aerea-virgin-atlantic-vs,"Guida pratica su Virgin Atlantic: bagaglio a mano, check-in, rotte popolari dall'Italia e consigli utili per prenotare.","<div class=""cpv-landing-note"">
  <p><strong>Guida pratica Virgin Atlantic.</strong> Qui trovi una sintesi utile per capire come prenotare con Virgin Atlantic, cosa controllare su bagagli e check-in e quali aspetti confrontare prima di acquistare il volo.</p>
</div>
<div class=""cpv-stat-grid"">
  <div class=""cpv-stat""><strong>Tradizionale</strong><span>Tipologia di compagnia secondo il dataset disponibile.</span></div>
  <div class=""cpv-stat""><strong>Check-in online</strong><span>Da verificare sempre sul sito ufficiale prima della partenza.</span></div>
  <div class=""cpv-stat""><strong>Bagagli</strong><span>Controlla franchigia e servizi inclusi in base alla tariffa scelta.</span></div>
</div>
<h2>Virgin Atlantic: cosa controllare prima di prenotare</h2>
<p>La compagnia viene spesso valutata per tratte business, nazionali o con servizi aggiuntivi. Prima della prenotazione conviene confrontare orari, politica bagagli, flessibilita della tariffa e aeroporto di partenza disponibile in Italia.</p>
<div class=""cpv-chip-list""><span class=""cpv-chip"">FCO</span><span class=""cpv-chip"">CIA</span><span class=""cpv-chip"">MXP</span><span class=""cpv-chip"">BGY</span><span class=""cpv-chip"">LIN</span><span class=""cpv-chip"">NAP</span></div>
<div class=""cpv-landing-grid"">
  <div class=""cpv-landing-card""><strong>Bagaglio a mano</strong><p>Controlla sempre misure, peso e possibilita di aggiungere priorita o trolley in cabina.</p></div>
  <div class=""cpv-landing-card""><strong>Check-in</strong><p>Verifica finestre di apertura, app mobile, costi in aeroporto e documenti richiesti.</p></div>
  <div class=""cpv-landing-card""><strong>Partenze italiane</strong><p>Confronta i principali aeroporti italiani per capire quali rotte o fasce orarie sono piu interessanti.</p></div>
</div>
<h2>Domande frequenti su Virgin Atlantic</h2>
<div class=""cpv-faq"">
  <details><summary>Come verificare le regole bagaglio di Virgin Atlantic?</summary><p>Consulta sempre la pagina ufficiale prima dell'acquisto: le regole possono cambiare in base alla tariffa, alla rotta e alla data di viaggio.</p></details>
  <details><summary>Virgin Atlantic e adatta a chi cerca il prezzo piu basso?</summary><p>Dipende dalla rotta e dai servizi necessari. In molti casi le tariffe base sono competitive, ma conviene verificare gli extra prima di concludere la prenotazione.</p></details>
  <details><summary>Quali aeroporti italiani monitorare?</summary><p>Le partenze da Milano, Roma, Napoli, Venezia, Catania e Bologna sono tra quelle che gli utenti confrontano piu spesso.</p></details>
</div>","Compagnie aeree|Compagnie tradizionali",airline,VS,/compagnie-aeree/virgin-atlantic/,"Virgin Atlantic: bagagli, check-in e rotte | ConfrontaPrezziVoli","Scopri come volare con Virgin Atlantic: bagaglio a mano, check-in, consigli e rotte piu cercate dagli utenti italiani.","Virgin Atlantic bagaglio check-in",airlines,"Compagnia classificata come tradizionale nel dataset."
post,publish,"Virgin Australia (VA): bagagli, check-in, rotte e consigli 2026",compagnia-aerea-virgin-australia-va,"Guida pratica su Virgin Australia: bagaglio a mano, check-in, rotte popolari dall'Italia e consigli utili per prenotare.","<div class=""cpv-landing-note"">
  <p><strong>Guida pratica Virgin Australia.</strong> Qui trovi una sintesi utile per capire come prenotare con Virgin Australia, cosa controllare su bagagli e check-in e quali aspetti confrontare prima di acquistare il volo.</p>
</div>
<div class=""cpv-stat-grid"">
  <div class=""cpv-stat""><strong>Tradizionale</strong><span>Tipologia di compagnia secondo il dataset disponibile.</span></div>
  <div class=""cpv-stat""><strong>Check-in online</strong><span>Da verificare sempre sul sito ufficiale prima della partenza.</span></div>
  <div class=""cpv-stat""><strong>Bagagli</strong><span>Controlla franchigia e servizi inclusi in base alla tariffa scelta.</span></div>
</div>
<h2>Virgin Australia: cosa controllare prima di prenotare</h2>
<p>La compagnia viene spesso valutata per tratte business, nazionali o con servizi aggiuntivi. Prima della prenotazione conviene confrontare orari, politica bagagli, flessibilita della tariffa e aeroporto di partenza disponibile in Italia.</p>
<div class=""cpv-chip-list""><span class=""cpv-chip"">FCO</span><span class=""cpv-chip"">CIA</span><span class=""cpv-chip"">MXP</span><span class=""cpv-chip"">BGY</span><span class=""cpv-chip"">LIN</span><span class=""cpv-chip"">NAP</span></div>
<div class=""cpv-landing-grid"">
  <div class=""cpv-landing-card""><strong>Bagaglio a mano</strong><p>Controlla sempre misure, peso e possibilita di aggiungere priorita o trolley in cabina.</p></div>
  <div class=""cpv-landing-card""><strong>Check-in</strong><p>Verifica finestre di apertura, app mobile, costi in aeroporto e documenti richiesti.</p></div>
  <div class=""cpv-landing-card""><strong>Partenze italiane</strong><p>Confronta i principali aeroporti italiani per capire quali rotte o fasce orarie sono piu interessanti.</p></div>
</div>
<h2>Domande frequenti su Virgin Australia</h2>
<div class=""cpv-faq"">
  <details><summary>Come verificare le regole bagaglio di Virgin Australia?</summary><p>Consulta sempre la pagina ufficiale prima dell'acquisto: le regole possono cambiare in base alla tariffa, alla rotta e alla data di viaggio.</p></details>
  <details><summary>Virgin Australia e adatta a chi cerca il prezzo piu basso?</summary><p>Dipende dalla rotta e dai servizi necessari. In molti casi le tariffe base sono competitive, ma conviene verificare gli extra prima di concludere la prenotazione.</p></details>
  <details><summary>Quali aeroporti italiani monitorare?</summary><p>Le partenze da Milano, Roma, Napoli, Venezia, Catania e Bologna sono tra quelle che gli utenti confrontano piu spesso.</p></details>
</div>","Compagnie aeree|Compagnie tradizionali",airline,VA,/compagnie-aeree/virgin-australia/,"Virgin Australia: bagagli, check-in e rotte | ConfrontaPrezziVoli","Scopri come volare con Virgin Australia: bagaglio a mano, check-in, consigli e rotte piu cercate dagli utenti italiani.","Virgin Australia bagaglio check-in",airlines,"Compagnia classificata come tradizionale nel dataset."
post,publish,"Vision Air (Moldova) (4V): bagagli, check-in, rotte e consigli 2026",compagnia-aerea-vision-air-moldova-4v,"Guida pratica su Vision Air (Moldova): bagaglio a mano, check-in, rotte popolari dall'Italia e consigli utili per prenotare.","<div class=""cpv-landing-note"">
  <p><strong>Guida pratica Vision Air (Moldova).</strong> Qui trovi una sintesi utile per capire come prenotare con Vision Air (Moldova), cosa controllare su bagagli e check-in e quali aspetti confrontare prima di acquistare il volo.</p>
</div>
<div class=""cpv-stat-grid"">
  <div class=""cpv-stat""><strong>Tradizionale</strong><span>Tipologia di compagnia secondo il dataset disponibile.</span></div>
  <div class=""cpv-stat""><strong>Check-in online</strong><span>Da verificare sempre sul sito ufficiale prima della partenza.</span></div>
  <div class=""cpv-stat""><strong>Bagagli</strong><span>Controlla franchigia e servizi inclusi in base alla tariffa scelta.</span></div>
</div>
<h2>Vision Air (Moldova): cosa controllare prima di prenotare</h2>
<p>La compagnia viene spesso valutata per tratte business, nazionali o con servizi aggiuntivi. Prima della prenotazione conviene confrontare orari, politica bagagli, flessibilita della tariffa e aeroporto di partenza disponibile in Italia.</p>
<div class=""cpv-chip-list""><span class=""cpv-chip"">FCO</span><span class=""cpv-chip"">CIA</span><span class=""cpv-chip"">MXP</span><span class=""cpv-chip"">BGY</span><span class=""cpv-chip"">LIN</span><span class=""cpv-chip"">NAP</span></div>
<div class=""cpv-landing-grid"">
  <div class=""cpv-landing-card""><strong>Bagaglio a mano</strong><p>Controlla sempre misure, peso e possibilita di aggiungere priorita o trolley in cabina.</p></div>
  <div class=""cpv-landing-card""><strong>Check-in</strong><p>Verifica finestre di apertura, app mobile, costi in aeroporto e documenti richiesti.</p></div>
  <div class=""cpv-landing-card""><strong>Partenze italiane</strong><p>Confronta i principali aeroporti italiani per capire quali rotte o fasce orarie sono piu interessanti.</p></div>
</div>
<h2>Domande frequenti su Vision Air (Moldova)</h2>
<div class=""cpv-faq"">
  <details><summary>Come verificare le regole bagaglio di Vision Air (Moldova)?</summary><p>Consulta sempre la pagina ufficiale prima dell'acquisto: le regole possono cambiare in base alla tariffa, alla rotta e alla data di viaggio.</p></details>
  <details><summary>Vision Air (Moldova) e adatta a chi cerca il prezzo piu basso?</summary><p>Dipende dalla rotta e dai servizi necessari. In molti casi le tariffe base sono competitive, ma conviene verificare gli extra prima di concludere la prenotazione.</p></details>
  <details><summary>Quali aeroporti italiani monitorare?</summary><p>Le partenze da Milano, Roma, Napoli, Venezia, Catania e Bologna sono tra quelle che gli utenti confrontano piu spesso.</p></details>
</div>","Compagnie aeree|Compagnie tradizionali",airline,4V,/compagnie-aeree/vision-air-moldova/,"Vision Air (Moldova): bagagli, check-in e rotte | ConfrontaPrezziVoli","Scopri come volare con Vision Air (Moldova): bagaglio a mano, check-in, consigli e rotte piu cercate dagli utenti italiani.","Vision Air (Moldova) bagaglio check-in",airlines,"Compagnia classificata come tradizionale nel dataset."
post,publish,"Vistara (UK): bagagli, check-in, rotte e consigli 2026",compagnia-aerea-vistara-uk,"Guida pratica su Vistara: bagaglio a mano, check-in, rotte popolari dall'Italia e consigli utili per prenotare.","<div class=""cpv-landing-note"">
  <p><strong>Guida pratica Vistara.</strong> Qui trovi una sintesi utile per capire come prenotare con Vistara, cosa controllare su bagagli e check-in e quali aspetti confrontare prima di acquistare il volo.</p>
</div>
<div class=""cpv-stat-grid"">
  <div class=""cpv-stat""><strong>Tradizionale</strong><span>Tipologia di compagnia secondo il dataset disponibile.</span></div>
  <div class=""cpv-stat""><strong>Check-in online</strong><span>Da verificare sempre sul sito ufficiale prima della partenza.</span></div>
  <div class=""cpv-stat""><strong>Bagagli</strong><span>Controlla franchigia e servizi inclusi in base alla tariffa scelta.</span></div>
</div>
<h2>Vistara: cosa controllare prima di prenotare</h2>
<p>La compagnia viene spesso valutata per tratte business, nazionali o con servizi aggiuntivi. Prima della prenotazione conviene confrontare orari, politica bagagli, flessibilita della tariffa e aeroporto di partenza disponibile in Italia.</p>
<div class=""cpv-chip-list""><span class=""cpv-chip"">FCO</span><span class=""cpv-chip"">CIA</span><span class=""cpv-chip"">MXP</span><span class=""cpv-chip"">BGY</span><span class=""cpv-chip"">LIN</span><span class=""cpv-chip"">NAP</span></div>
<div class=""cpv-landing-grid"">
  <div class=""cpv-landing-card""><strong>Bagaglio a mano</strong><p>Controlla sempre misure, peso e possibilita di aggiungere priorita o trolley in cabina.</p></div>
  <div class=""cpv-landing-card""><strong>Check-in</strong><p>Verifica finestre di apertura, app mobile, costi in aeroporto e documenti richiesti.</p></div>
  <div class=""cpv-landing-card""><strong>Partenze italiane</strong><p>Confronta i principali aeroporti italiani per capire quali rotte o fasce orarie sono piu interessanti.</p></div>
</div>
<h2>Domande frequenti su Vistara</h2>
<div class=""cpv-faq"">
  <details><summary>Come verificare le regole bagaglio di Vistara?</summary><p>Consulta sempre la pagina ufficiale prima dell'acquisto: le regole possono cambiare in base alla tariffa, alla rotta e alla data di viaggio.</p></details>
  <details><summary>Vistara e adatta a chi cerca il prezzo piu basso?</summary><p>Dipende dalla rotta e dai servizi necessari. In molti casi le tariffe base sono competitive, ma conviene verificare gli extra prima di concludere la prenotazione.</p></details>
  <details><summary>Quali aeroporti italiani monitorare?</summary><p>Le partenze da Milano, Roma, Napoli, Venezia, Catania e Bologna sono tra quelle che gli utenti confrontano piu spesso.</p></details>
</div>","Compagnie aeree|Compagnie tradizionali",airline,UK,/compagnie-aeree/vistara/,"Vistara: bagagli, check-in e rotte | ConfrontaPrezziVoli","Scopri come volare con Vistara: bagaglio a mano, check-in, consigli e rotte piu cercate dagli utenti italiani.","Vistara bagaglio check-in",airlines,"Compagnia classificata come tradizionale nel dataset."
post,publish,"Viva Aerobus (VB): bagagli, check-in, rotte e consigli 2026",compagnia-aerea-viva-aerobus-vb,"Guida pratica su Viva Aerobus: bagaglio a mano, check-in, rotte popolari dall'Italia e consigli utili per prenotare.","<div class=""cpv-landing-note"">
  <p><strong>Guida pratica Viva Aerobus.</strong> Qui trovi una sintesi utile per capire come prenotare con Viva Aerobus, cosa controllare su bagagli e check-in e quali aspetti confrontare prima di acquistare il volo.</p>
</div>
<div class=""cpv-stat-grid"">
  <div class=""cpv-stat""><strong>Low cost</strong><span>Tipologia di compagnia secondo il dataset disponibile.</span></div>
  <div class=""cpv-stat""><strong>Check-in online</strong><span>Da verificare sempre sul sito ufficiale prima della partenza.</span></div>
  <div class=""cpv-stat""><strong>Bagagli</strong><span>Verifica con attenzione dimensioni e priorita del bagaglio a mano.</span></div>
</div>
<h2>Viva Aerobus: cosa controllare prima di prenotare</h2>
<p>La compagnia e spesso cercata per city break, leisure e rotte sensibili al prezzo. Prima della prenotazione conviene confrontare orari, politica bagagli, flessibilita della tariffa e aeroporto di partenza disponibile in Italia.</p>
<div class=""cpv-chip-list""><span class=""cpv-chip"">FCO</span><span class=""cpv-chip"">CIA</span><span class=""cpv-chip"">MXP</span><span class=""cpv-chip"">BGY</span><span class=""cpv-chip"">LIN</span><span class=""cpv-chip"">NAP</span></div>
<div class=""cpv-landing-grid"">
  <div class=""cpv-landing-card""><strong>Bagaglio a mano</strong><p>Controlla sempre misure, peso e possibilita di aggiungere priorita o trolley in cabina.</p></div>
  <div class=""cpv-landing-card""><strong>Check-in</strong><p>Verifica finestre di apertura, app mobile, costi in aeroporto e documenti richiesti.</p></div>
  <div class=""cpv-landing-card""><strong>Partenze italiane</strong><p>Confronta i principali aeroporti italiani per capire quali rotte o fasce orarie sono piu interessanti.</p></div>
</div>
<h2>Domande frequenti su Viva Aerobus</h2>
<div class=""cpv-faq"">
  <details><summary>Come verificare le regole bagaglio di Viva Aerobus?</summary><p>Consulta sempre la pagina ufficiale prima dell'acquisto: le regole possono cambiare in base alla tariffa, alla rotta e alla data di viaggio.</p></details>
  <details><summary>Viva Aerobus e adatta a chi cerca il prezzo piu basso?</summary><p>Dipende dalla rotta e dai servizi necessari. In molti casi le tariffe base sono competitive, ma conviene verificare gli extra prima di concludere la prenotazione.</p></details>
  <details><summary>Quali aeroporti italiani monitorare?</summary><p>Le partenze da Milano, Roma, Napoli, Venezia, Catania e Bologna sono tra quelle che gli utenti confrontano piu spesso.</p></details>
</div>","Compagnie aeree|Compagnie low cost",airline,VB,/compagnie-aeree/viva-aerobus/,"Viva Aerobus: bagagli, check-in e rotte | ConfrontaPrezziVoli","Scopri come volare con Viva Aerobus: bagaglio a mano, check-in, consigli e rotte piu cercate dagli utenti italiani.","Viva Aerobus bagaglio check-in",airlines,"Compagnia classificata come low cost nel dataset."
post,publish,"Viva Air Colombia (VH): bagagli, check-in, rotte e consigli 2026",compagnia-aerea-viva-air-colombia-vh,"Guida pratica su Viva Air Colombia: bagaglio a mano, check-in, rotte popolari dall'Italia e consigli utili per prenotare.","<div class=""cpv-landing-note"">
  <p><strong>Guida pratica Viva Air Colombia.</strong> Qui trovi una sintesi utile per capire come prenotare con Viva Air Colombia, cosa controllare su bagagli e check-in e quali aspetti confrontare prima di acquistare il volo.</p>
</div>
<div class=""cpv-stat-grid"">
  <div class=""cpv-stat""><strong>Low cost</strong><span>Tipologia di compagnia secondo il dataset disponibile.</span></div>
  <div class=""cpv-stat""><strong>Check-in online</strong><span>Da verificare sempre sul sito ufficiale prima della partenza.</span></div>
  <div class=""cpv-stat""><strong>Bagagli</strong><span>Verifica con attenzione dimensioni e priorita del bagaglio a mano.</span></div>
</div>
<h2>Viva Air Colombia: cosa controllare prima di prenotare</h2>
<p>La compagnia e spesso cercata per city break, leisure e rotte sensibili al prezzo. Prima della prenotazione conviene confrontare orari, politica bagagli, flessibilita della tariffa e aeroporto di partenza disponibile in Italia.</p>
<div class=""cpv-chip-list""><span class=""cpv-chip"">FCO</span><span class=""cpv-chip"">CIA</span><span class=""cpv-chip"">MXP</span><span class=""cpv-chip"">BGY</span><span class=""cpv-chip"">LIN</span><span class=""cpv-chip"">NAP</span></div>
<div class=""cpv-landing-grid"">
  <div class=""cpv-landing-card""><strong>Bagaglio a mano</strong><p>Controlla sempre misure, peso e possibilita di aggiungere priorita o trolley in cabina.</p></div>
  <div class=""cpv-landing-card""><strong>Check-in</strong><p>Verifica finestre di apertura, app mobile, costi in aeroporto e documenti richiesti.</p></div>
  <div class=""cpv-landing-card""><strong>Partenze italiane</strong><p>Confronta i principali aeroporti italiani per capire quali rotte o fasce orarie sono piu interessanti.</p></div>
</div>
<h2>Domande frequenti su Viva Air Colombia</h2>
<div class=""cpv-faq"">
  <details><summary>Come verificare le regole bagaglio di Viva Air Colombia?</summary><p>Consulta sempre la pagina ufficiale prima dell'acquisto: le regole possono cambiare in base alla tariffa, alla rotta e alla data di viaggio.</p></details>
  <details><summary>Viva Air Colombia e adatta a chi cerca il prezzo piu basso?</summary><p>Dipende dalla rotta e dai servizi necessari. In molti casi le tariffe base sono competitive, ma conviene verificare gli extra prima di concludere la prenotazione.</p></details>
  <details><summary>Quali aeroporti italiani monitorare?</summary><p>Le partenze da Milano, Roma, Napoli, Venezia, Catania e Bologna sono tra quelle che gli utenti confrontano piu spesso.</p></details>
</div>","Compagnie aeree|Compagnie low cost",airline,VH,/compagnie-aeree/viva-air-colombia/,"Viva Air Colombia: bagagli, check-in e rotte | ConfrontaPrezziVoli","Scopri come volare con Viva Air Colombia: bagaglio a mano, check-in, consigli e rotte piu cercate dagli utenti italiani.","Viva Air Colombia bagaglio check-in",airlines,"Compagnia classificata come low cost nel dataset."
post,publish,"Vladivostok Air (XF): bagagli, check-in, rotte e consigli 2026",compagnia-aerea-vladivostok-air-xf,"Guida pratica su Vladivostok Air: bagaglio a mano, check-in, rotte popolari dall'Italia e consigli utili per prenotare.","<div class=""cpv-landing-note"">
  <p><strong>Guida pratica Vladivostok Air.</strong> Qui trovi una sintesi utile per capire come prenotare con Vladivostok Air, cosa controllare su bagagli e check-in e quali aspetti confrontare prima di acquistare il volo.</p>
</div>
<div class=""cpv-stat-grid"">
  <div class=""cpv-stat""><strong>Tradizionale</strong><span>Tipologia di compagnia secondo il dataset disponibile.</span></div>
  <div class=""cpv-stat""><strong>Check-in online</strong><span>Da verificare sempre sul sito ufficiale prima della partenza.</span></div>
  <div class=""cpv-stat""><strong>Bagagli</strong><span>Controlla franchigia e servizi inclusi in base alla tariffa scelta.</span></div>
</div>
<h2>Vladivostok Air: cosa controllare prima di prenotare</h2>
<p>La compagnia viene spesso valutata per tratte business, nazionali o con servizi aggiuntivi. Prima della prenotazione conviene confrontare orari, politica bagagli, flessibilita della tariffa e aeroporto di partenza disponibile in Italia.</p>
<div class=""cpv-chip-list""><span class=""cpv-chip"">FCO</span><span class=""cpv-chip"">CIA</span><span class=""cpv-chip"">MXP</span><span class=""cpv-chip"">BGY</span><span class=""cpv-chip"">LIN</span><span class=""cpv-chip"">NAP</span></div>
<div class=""cpv-landing-grid"">
  <div class=""cpv-landing-card""><strong>Bagaglio a mano</strong><p>Controlla sempre misure, peso e possibilita di aggiungere priorita o trolley in cabina.</p></div>
  <div class=""cpv-landing-card""><strong>Check-in</strong><p>Verifica finestre di apertura, app mobile, costi in aeroporto e documenti richiesti.</p></div>
  <div class=""cpv-landing-card""><strong>Partenze italiane</strong><p>Confronta i principali aeroporti italiani per capire quali rotte o fasce orarie sono piu interessanti.</p></div>
</div>
<h2>Domande frequenti su Vladivostok Air</h2>
<div class=""cpv-faq"">
  <details><summary>Come verificare le regole bagaglio di Vladivostok Air?</summary><p>Consulta sempre la pagina ufficiale prima dell'acquisto: le regole possono cambiare in base alla tariffa, alla rotta e alla data di viaggio.</p></details>
  <details><summary>Vladivostok Air e adatta a chi cerca il prezzo piu basso?</summary><p>Dipende dalla rotta e dai servizi necessari. In molti casi le tariffe base sono competitive, ma conviene verificare gli extra prima di concludere la prenotazione.</p></details>
  <details><summary>Quali aeroporti italiani monitorare?</summary><p>Le partenze da Milano, Roma, Napoli, Venezia, Catania e Bologna sono tra quelle che gli utenti confrontano piu spesso.</p></details>
</div>","Compagnie aeree|Compagnie tradizionali",airline,XF,/compagnie-aeree/vladivostok-air/,"Vladivostok Air: bagagli, check-in e rotte | ConfrontaPrezziVoli","Scopri come volare con Vladivostok Air: bagaglio a mano, check-in, consigli e rotte piu cercate dagli utenti italiani.","Vladivostok Air bagaglio check-in",airlines,"Compagnia classificata come tradizionale nel dataset."
post,publish,"Volaris (Y4): bagagli, check-in, rotte e consigli 2026",compagnia-aerea-volaris-y4,"Guida pratica su Volaris: bagaglio a mano, check-in, rotte popolari dall'Italia e consigli utili per prenotare.","<div class=""cpv-landing-note"">
  <p><strong>Guida pratica Volaris.</strong> Qui trovi una sintesi utile per capire come prenotare con Volaris, cosa controllare su bagagli e check-in e quali aspetti confrontare prima di acquistare il volo.</p>
</div>
<div class=""cpv-stat-grid"">
  <div class=""cpv-stat""><strong>Low cost</strong><span>Tipologia di compagnia secondo il dataset disponibile.</span></div>
  <div class=""cpv-stat""><strong>Check-in online</strong><span>Da verificare sempre sul sito ufficiale prima della partenza.</span></div>
  <div class=""cpv-stat""><strong>Bagagli</strong><span>Verifica con attenzione dimensioni e priorita del bagaglio a mano.</span></div>
</div>
<h2>Volaris: cosa controllare prima di prenotare</h2>
<p>La compagnia e spesso cercata per city break, leisure e rotte sensibili al prezzo. Prima della prenotazione conviene confrontare orari, politica bagagli, flessibilita della tariffa e aeroporto di partenza disponibile in Italia.</p>
<div class=""cpv-chip-list""><span class=""cpv-chip"">FCO</span><span class=""cpv-chip"">CIA</span><span class=""cpv-chip"">MXP</span><span class=""cpv-chip"">BGY</span><span class=""cpv-chip"">LIN</span><span class=""cpv-chip"">NAP</span></div>
<div class=""cpv-landing-grid"">
  <div class=""cpv-landing-card""><strong>Bagaglio a mano</strong><p>Controlla sempre misure, peso e possibilita di aggiungere priorita o trolley in cabina.</p></div>
  <div class=""cpv-landing-card""><strong>Check-in</strong><p>Verifica finestre di apertura, app mobile, costi in aeroporto e documenti richiesti.</p></div>
  <div class=""cpv-landing-card""><strong>Partenze italiane</strong><p>Confronta i principali aeroporti italiani per capire quali rotte o fasce orarie sono piu interessanti.</p></div>
</div>
<h2>Domande frequenti su Volaris</h2>
<div class=""cpv-faq"">
  <details><summary>Come verificare le regole bagaglio di Volaris?</summary><p>Consulta sempre la pagina ufficiale prima dell'acquisto: le regole possono cambiare in base alla tariffa, alla rotta e alla data di viaggio.</p></details>
  <details><summary>Volaris e adatta a chi cerca il prezzo piu basso?</summary><p>Dipende dalla rotta e dai servizi necessari. In molti casi le tariffe base sono competitive, ma conviene verificare gli extra prima di concludere la prenotazione.</p></details>
  <details><summary>Quali aeroporti italiani monitorare?</summary><p>Le partenze da Milano, Roma, Napoli, Venezia, Catania e Bologna sono tra quelle che gli utenti confrontano piu spesso.</p></details>
</div>","Compagnie aeree|Compagnie low cost",airline,Y4,/compagnie-aeree/volaris/,"Volaris: bagagli, check-in e rotte | ConfrontaPrezziVoli","Scopri come volare con Volaris: bagaglio a mano, check-in, consigli e rotte piu cercate dagli utenti italiani.","Volaris bagaglio check-in",airlines,"Compagnia classificata come low cost nel dataset."
post,publish,"Volaris Costa Rica (Q6): bagagli, check-in, rotte e consigli 2026",compagnia-aerea-volaris-costa-rica-q6,"Guida pratica su Volaris Costa Rica: bagaglio a mano, check-in, rotte popolari dall'Italia e consigli utili per prenotare.","<div class=""cpv-landing-note"">
  <p><strong>Guida pratica Volaris Costa Rica.</strong> Qui trovi una sintesi utile per capire come prenotare con Volaris Costa Rica, cosa controllare su bagagli e check-in e quali aspetti confrontare prima di acquistare il volo.</p>
</div>
<div class=""cpv-stat-grid"">
  <div class=""cpv-stat""><strong>Low cost</strong><span>Tipologia di compagnia secondo il dataset disponibile.</span></div>
  <div class=""cpv-stat""><strong>Check-in online</strong><span>Da verificare sempre sul sito ufficiale prima della partenza.</span></div>
  <div class=""cpv-stat""><strong>Bagagli</strong><span>Verifica con attenzione dimensioni e priorita del bagaglio a mano.</span></div>
</div>
<h2>Volaris Costa Rica: cosa controllare prima di prenotare</h2>
<p>La compagnia e spesso cercata per city break, leisure e rotte sensibili al prezzo. Prima della prenotazione conviene confrontare orari, politica bagagli, flessibilita della tariffa e aeroporto di partenza disponibile in Italia.</p>
<div class=""cpv-chip-list""><span class=""cpv-chip"">FCO</span><span class=""cpv-chip"">CIA</span><span class=""cpv-chip"">MXP</span><span class=""cpv-chip"">BGY</span><span class=""cpv-chip"">LIN</span><span class=""cpv-chip"">NAP</span></div>
<div class=""cpv-landing-grid"">
  <div class=""cpv-landing-card""><strong>Bagaglio a mano</strong><p>Controlla sempre misure, peso e possibilita di aggiungere priorita o trolley in cabina.</p></div>
  <div class=""cpv-landing-card""><strong>Check-in</strong><p>Verifica finestre di apertura, app mobile, costi in aeroporto e documenti richiesti.</p></div>
  <div class=""cpv-landing-card""><strong>Partenze italiane</strong><p>Confronta i principali aeroporti italiani per capire quali rotte o fasce orarie sono piu interessanti.</p></div>
</div>
<h2>Domande frequenti su Volaris Costa Rica</h2>
<div class=""cpv-faq"">
  <details><summary>Come verificare le regole bagaglio di Volaris Costa Rica?</summary><p>Consulta sempre la pagina ufficiale prima dell'acquisto: le regole possono cambiare in base alla tariffa, alla rotta e alla data di viaggio.</p></details>
  <details><summary>Volaris Costa Rica e adatta a chi cerca il prezzo piu basso?</summary><p>Dipende dalla rotta e dai servizi necessari. In molti casi le tariffe base sono competitive, ma conviene verificare gli extra prima di concludere la prenotazione.</p></details>
  <details><summary>Quali aeroporti italiani monitorare?</summary><p>Le partenze da Milano, Roma, Napoli, Venezia, Catania e Bologna sono tra quelle che gli utenti confrontano piu spesso.</p></details>
</div>","Compagnie aeree|Compagnie low cost",airline,Q6,/compagnie-aeree/volaris-costa-rica/,"Volaris Costa Rica: bagagli, check-in e rotte | ConfrontaPrezziVoli","Scopri come volare con Volaris Costa Rica: bagaglio a mano, check-in, consigli e rotte piu cercate dagli utenti italiani.","Volaris Costa Rica bagaglio check-in",airlines,"Compagnia classificata come low cost nel dataset."
post,publish,"Volaris El Salvador (N3): bagagli, check-in, rotte e consigli 2026",compagnia-aerea-volaris-el-salvador-n3,"Guida pratica su Volaris El Salvador: bagaglio a mano, check-in, rotte popolari dall'Italia e consigli utili per prenotare.","<div class=""cpv-landing-note"">
  <p><strong>Guida pratica Volaris El Salvador.</strong> Qui trovi una sintesi utile per capire come prenotare con Volaris El Salvador, cosa controllare su bagagli e check-in e quali aspetti confrontare prima di acquistare il volo.</p>
</div>
<div class=""cpv-stat-grid"">
  <div class=""cpv-stat""><strong>Low cost</strong><span>Tipologia di compagnia secondo il dataset disponibile.</span></div>
  <div class=""cpv-stat""><strong>Check-in online</strong><span>Da verificare sempre sul sito ufficiale prima della partenza.</span></div>
  <div class=""cpv-stat""><strong>Bagagli</strong><span>Verifica con attenzione dimensioni e priorita del bagaglio a mano.</span></div>
</div>
<h2>Volaris El Salvador: cosa controllare prima di prenotare</h2>
<p>La compagnia e spesso cercata per city break, leisure e rotte sensibili al prezzo. Prima della prenotazione conviene confrontare orari, politica bagagli, flessibilita della tariffa e aeroporto di partenza disponibile in Italia.</p>
<div class=""cpv-chip-list""><span class=""cpv-chip"">FCO</span><span class=""cpv-chip"">CIA</span><span class=""cpv-chip"">MXP</span><span class=""cpv-chip"">BGY</span><span class=""cpv-chip"">LIN</span><span class=""cpv-chip"">NAP</span></div>
<div class=""cpv-landing-grid"">
  <div class=""cpv-landing-card""><strong>Bagaglio a mano</strong><p>Controlla sempre misure, peso e possibilita di aggiungere priorita o trolley in cabina.</p></div>
  <div class=""cpv-landing-card""><strong>Check-in</strong><p>Verifica finestre di apertura, app mobile, costi in aeroporto e documenti richiesti.</p></div>
  <div class=""cpv-landing-card""><strong>Partenze italiane</strong><p>Confronta i principali aeroporti italiani per capire quali rotte o fasce orarie sono piu interessanti.</p></div>
</div>
<h2>Domande frequenti su Volaris El Salvador</h2>
<div class=""cpv-faq"">
  <details><summary>Come verificare le regole bagaglio di Volaris El Salvador?</summary><p>Consulta sempre la pagina ufficiale prima dell'acquisto: le regole possono cambiare in base alla tariffa, alla rotta e alla data di viaggio.</p></details>
  <details><summary>Volaris El Salvador e adatta a chi cerca il prezzo piu basso?</summary><p>Dipende dalla rotta e dai servizi necessari. In molti casi le tariffe base sono competitive, ma conviene verificare gli extra prima di concludere la prenotazione.</p></details>
  <details><summary>Quali aeroporti italiani monitorare?</summary><p>Le partenze da Milano, Roma, Napoli, Venezia, Catania e Bologna sono tra quelle che gli utenti confrontano piu spesso.</p></details>
</div>","Compagnie aeree|Compagnie low cost",airline,N3,/compagnie-aeree/volaris-el-salvador/,"Volaris El Salvador: bagagli, check-in e rotte | ConfrontaPrezziVoli","Scopri come volare con Volaris El Salvador: bagaglio a mano, check-in, consigli e rotte piu cercate dagli utenti italiani.","Volaris El Salvador bagaglio check-in",airlines,"Compagnia classificata come low cost nel dataset."
post,publish,"Volga-Dnepr Airlines (VI): bagagli, check-in, rotte e consigli 2026",compagnia-aerea-volga-dnepr-airlines-vi,"Guida pratica su Volga-Dnepr Airlines: bagaglio a mano, check-in, rotte popolari dall'Italia e consigli utili per prenotare.","<div class=""cpv-landing-note"">
  <p><strong>Guida pratica Volga-Dnepr Airlines.</strong> Qui trovi una sintesi utile per capire come prenotare con Volga-Dnepr Airlines, cosa controllare su bagagli e check-in e quali aspetti confrontare prima di acquistare il volo.</p>
</div>
<div class=""cpv-stat-grid"">
  <div class=""cpv-stat""><strong>Tradizionale</strong><span>Tipologia di compagnia secondo il dataset disponibile.</span></div>
  <div class=""cpv-stat""><strong>Check-in online</strong><span>Da verificare sempre sul sito ufficiale prima della partenza.</span></div>
  <div class=""cpv-stat""><strong>Bagagli</strong><span>Controlla franchigia e servizi inclusi in base alla tariffa scelta.</span></div>
</div>
<h2>Volga-Dnepr Airlines: cosa controllare prima di prenotare</h2>
<p>La compagnia viene spesso valutata per tratte business, nazionali o con servizi aggiuntivi. Prima della prenotazione conviene confrontare orari, politica bagagli, flessibilita della tariffa e aeroporto di partenza disponibile in Italia.</p>
<div class=""cpv-chip-list""><span class=""cpv-chip"">FCO</span><span class=""cpv-chip"">CIA</span><span class=""cpv-chip"">MXP</span><span class=""cpv-chip"">BGY</span><span class=""cpv-chip"">LIN</span><span class=""cpv-chip"">NAP</span></div>
<div class=""cpv-landing-grid"">
  <div class=""cpv-landing-card""><strong>Bagaglio a mano</strong><p>Controlla sempre misure, peso e possibilita di aggiungere priorita o trolley in cabina.</p></div>
  <div class=""cpv-landing-card""><strong>Check-in</strong><p>Verifica finestre di apertura, app mobile, costi in aeroporto e documenti richiesti.</p></div>
  <div class=""cpv-landing-card""><strong>Partenze italiane</strong><p>Confronta i principali aeroporti italiani per capire quali rotte o fasce orarie sono piu interessanti.</p></div>
</div>
<h2>Domande frequenti su Volga-Dnepr Airlines</h2>
<div class=""cpv-faq"">
  <details><summary>Come verificare le regole bagaglio di Volga-Dnepr Airlines?</summary><p>Consulta sempre la pagina ufficiale prima dell'acquisto: le regole possono cambiare in base alla tariffa, alla rotta e alla data di viaggio.</p></details>
  <details><summary>Volga-Dnepr Airlines e adatta a chi cerca il prezzo piu basso?</summary><p>Dipende dalla rotta e dai servizi necessari. In molti casi le tariffe base sono competitive, ma conviene verificare gli extra prima di concludere la prenotazione.</p></details>
  <details><summary>Quali aeroporti italiani monitorare?</summary><p>Le partenze da Milano, Roma, Napoli, Venezia, Catania e Bologna sono tra quelle che gli utenti confrontano piu spesso.</p></details>
</div>","Compagnie aeree|Compagnie tradizionali",airline,VI,/compagnie-aeree/volga-dnepr-airlines/,"Volga-Dnepr Airlines: bagagli, check-in e rotte | ConfrontaPrezziVoli","Scopri come volare con Volga-Dnepr Airlines: bagaglio a mano, check-in, consigli e rotte piu cercate dagli utenti italiani.","Volga-Dnepr Airlines bagaglio check-in",airlines,"Compagnia classificata come tradizionale nel dataset."
