post_type,post_status,post_title,post_name,post_excerpt,post_content,post_category,cpv_page_type,cpv_entity_code,cpv_target_path,rank_math_title,rank_math_description,rank_math_focus_keyword,seo_batch_label,seo_priority_note
post,publish,"GoJet Airlines (G7): bagagli, check-in, rotte e consigli 2026",compagnia-aerea-gojet-airlines-g7,"Guida pratica su GoJet Airlines: bagaglio a mano, check-in, rotte popolari dall'Italia e consigli utili per prenotare.","<div class=""cpv-landing-note"">
  <p><strong>Guida pratica GoJet Airlines.</strong> Qui trovi una sintesi utile per capire come prenotare con GoJet Airlines, cosa controllare su bagagli e check-in e quali aspetti confrontare prima di acquistare il volo.</p>
</div>
<div class=""cpv-stat-grid"">
  <div class=""cpv-stat""><strong>Tradizionale</strong><span>Tipologia di compagnia secondo il dataset disponibile.</span></div>
  <div class=""cpv-stat""><strong>Check-in online</strong><span>Da verificare sempre sul sito ufficiale prima della partenza.</span></div>
  <div class=""cpv-stat""><strong>Bagagli</strong><span>Controlla franchigia e servizi inclusi in base alla tariffa scelta.</span></div>
</div>
<h2>GoJet Airlines: cosa controllare prima di prenotare</h2>
<p>La compagnia viene spesso valutata per tratte business, nazionali o con servizi aggiuntivi. Prima della prenotazione conviene confrontare orari, politica bagagli, flessibilita della tariffa e aeroporto di partenza disponibile in Italia.</p>
<div class=""cpv-chip-list""><span class=""cpv-chip"">FCO</span><span class=""cpv-chip"">CIA</span><span class=""cpv-chip"">MXP</span><span class=""cpv-chip"">BGY</span><span class=""cpv-chip"">LIN</span><span class=""cpv-chip"">NAP</span></div>
<div class=""cpv-landing-grid"">
  <div class=""cpv-landing-card""><strong>Bagaglio a mano</strong><p>Controlla sempre misure, peso e possibilita di aggiungere priorita o trolley in cabina.</p></div>
  <div class=""cpv-landing-card""><strong>Check-in</strong><p>Verifica finestre di apertura, app mobile, costi in aeroporto e documenti richiesti.</p></div>
  <div class=""cpv-landing-card""><strong>Partenze italiane</strong><p>Confronta i principali aeroporti italiani per capire quali rotte o fasce orarie sono piu interessanti.</p></div>
</div>
<h2>Domande frequenti su GoJet Airlines</h2>
<div class=""cpv-faq"">
  <details><summary>Come verificare le regole bagaglio di GoJet Airlines?</summary><p>Consulta sempre la pagina ufficiale prima dell'acquisto: le regole possono cambiare in base alla tariffa, alla rotta e alla data di viaggio.</p></details>
  <details><summary>GoJet Airlines e adatta a chi cerca il prezzo piu basso?</summary><p>Dipende dalla rotta e dai servizi necessari. In molti casi le tariffe base sono competitive, ma conviene verificare gli extra prima di concludere la prenotazione.</p></details>
  <details><summary>Quali aeroporti italiani monitorare?</summary><p>Le partenze da Milano, Roma, Napoli, Venezia, Catania e Bologna sono tra quelle che gli utenti confrontano piu spesso.</p></details>
</div>","Compagnie aeree|Compagnie tradizionali",airline,G7,/compagnie-aeree/gojet-airlines/,"GoJet Airlines: bagagli, check-in e rotte | ConfrontaPrezziVoli","Scopri come volare con GoJet Airlines: bagaglio a mano, check-in, consigli e rotte piu cercate dagli utenti italiani.","GoJet Airlines bagaglio check-in",airlines,"Compagnia classificata come tradizionale nel dataset."
post,publish,"Gol Transportes Aéreos (G3): bagagli, check-in, rotte e consigli 2026",compagnia-aerea-gol-transportes-a-ereos-g3,"Guida pratica su Gol Transportes Aéreos: bagaglio a mano, check-in, rotte popolari dall'Italia e consigli utili per prenotare.","<div class=""cpv-landing-note"">
  <p><strong>Guida pratica Gol Transportes Aéreos.</strong> Qui trovi una sintesi utile per capire come prenotare con Gol Transportes Aéreos, cosa controllare su bagagli e check-in e quali aspetti confrontare prima di acquistare il volo.</p>
</div>
<div class=""cpv-stat-grid"">
  <div class=""cpv-stat""><strong>Low cost</strong><span>Tipologia di compagnia secondo il dataset disponibile.</span></div>
  <div class=""cpv-stat""><strong>Check-in online</strong><span>Da verificare sempre sul sito ufficiale prima della partenza.</span></div>
  <div class=""cpv-stat""><strong>Bagagli</strong><span>Verifica con attenzione dimensioni e priorita del bagaglio a mano.</span></div>
</div>
<h2>Gol Transportes Aéreos: cosa controllare prima di prenotare</h2>
<p>La compagnia e spesso cercata per city break, leisure e rotte sensibili al prezzo. Prima della prenotazione conviene confrontare orari, politica bagagli, flessibilita della tariffa e aeroporto di partenza disponibile in Italia.</p>
<div class=""cpv-chip-list""><span class=""cpv-chip"">FCO</span><span class=""cpv-chip"">CIA</span><span class=""cpv-chip"">MXP</span><span class=""cpv-chip"">BGY</span><span class=""cpv-chip"">LIN</span><span class=""cpv-chip"">NAP</span></div>
<div class=""cpv-landing-grid"">
  <div class=""cpv-landing-card""><strong>Bagaglio a mano</strong><p>Controlla sempre misure, peso e possibilita di aggiungere priorita o trolley in cabina.</p></div>
  <div class=""cpv-landing-card""><strong>Check-in</strong><p>Verifica finestre di apertura, app mobile, costi in aeroporto e documenti richiesti.</p></div>
  <div class=""cpv-landing-card""><strong>Partenze italiane</strong><p>Confronta i principali aeroporti italiani per capire quali rotte o fasce orarie sono piu interessanti.</p></div>
</div>
<h2>Domande frequenti su Gol Transportes Aéreos</h2>
<div class=""cpv-faq"">
  <details><summary>Come verificare le regole bagaglio di Gol Transportes Aéreos?</summary><p>Consulta sempre la pagina ufficiale prima dell'acquisto: le regole possono cambiare in base alla tariffa, alla rotta e alla data di viaggio.</p></details>
  <details><summary>Gol Transportes Aéreos e adatta a chi cerca il prezzo piu basso?</summary><p>Dipende dalla rotta e dai servizi necessari. In molti casi le tariffe base sono competitive, ma conviene verificare gli extra prima di concludere la prenotazione.</p></details>
  <details><summary>Quali aeroporti italiani monitorare?</summary><p>Le partenze da Milano, Roma, Napoli, Venezia, Catania e Bologna sono tra quelle che gli utenti confrontano piu spesso.</p></details>
</div>","Compagnie aeree|Compagnie low cost",airline,G3,/compagnie-aeree/gol-transportes-a-ereos/,"Gol Transportes Aéreos: bagagli, check-in e rotte | ConfrontaPrezziVoli","Scopri come volare con Gol Transportes Aéreos: bagaglio a mano, check-in, consigli e rotte piu cercate dagli utenti italiani.","Gol Transportes Aéreos bagaglio check-in",airlines,"Compagnia classificata come low cost nel dataset."
post,publish,"Grand Canyon Scenic Airlines (YR): bagagli, check-in, rotte e consigli 2026",compagnia-aerea-grand-canyon-scenic-airlines-yr,"Guida pratica su Grand Canyon Scenic Airlines: bagaglio a mano, check-in, rotte popolari dall'Italia e consigli utili per prenotare.","<div class=""cpv-landing-note"">
  <p><strong>Guida pratica Grand Canyon Scenic Airlines.</strong> Qui trovi una sintesi utile per capire come prenotare con Grand Canyon Scenic Airlines, cosa controllare su bagagli e check-in e quali aspetti confrontare prima di acquistare il volo.</p>
</div>
<div class=""cpv-stat-grid"">
  <div class=""cpv-stat""><strong>Tradizionale</strong><span>Tipologia di compagnia secondo il dataset disponibile.</span></div>
  <div class=""cpv-stat""><strong>Check-in online</strong><span>Da verificare sempre sul sito ufficiale prima della partenza.</span></div>
  <div class=""cpv-stat""><strong>Bagagli</strong><span>Controlla franchigia e servizi inclusi in base alla tariffa scelta.</span></div>
</div>
<h2>Grand Canyon Scenic Airlines: cosa controllare prima di prenotare</h2>
<p>La compagnia viene spesso valutata per tratte business, nazionali o con servizi aggiuntivi. Prima della prenotazione conviene confrontare orari, politica bagagli, flessibilita della tariffa e aeroporto di partenza disponibile in Italia.</p>
<div class=""cpv-chip-list""><span class=""cpv-chip"">FCO</span><span class=""cpv-chip"">CIA</span><span class=""cpv-chip"">MXP</span><span class=""cpv-chip"">BGY</span><span class=""cpv-chip"">LIN</span><span class=""cpv-chip"">NAP</span></div>
<div class=""cpv-landing-grid"">
  <div class=""cpv-landing-card""><strong>Bagaglio a mano</strong><p>Controlla sempre misure, peso e possibilita di aggiungere priorita o trolley in cabina.</p></div>
  <div class=""cpv-landing-card""><strong>Check-in</strong><p>Verifica finestre di apertura, app mobile, costi in aeroporto e documenti richiesti.</p></div>
  <div class=""cpv-landing-card""><strong>Partenze italiane</strong><p>Confronta i principali aeroporti italiani per capire quali rotte o fasce orarie sono piu interessanti.</p></div>
</div>
<h2>Domande frequenti su Grand Canyon Scenic Airlines</h2>
<div class=""cpv-faq"">
  <details><summary>Come verificare le regole bagaglio di Grand Canyon Scenic Airlines?</summary><p>Consulta sempre la pagina ufficiale prima dell'acquisto: le regole possono cambiare in base alla tariffa, alla rotta e alla data di viaggio.</p></details>
  <details><summary>Grand Canyon Scenic Airlines e adatta a chi cerca il prezzo piu basso?</summary><p>Dipende dalla rotta e dai servizi necessari. In molti casi le tariffe base sono competitive, ma conviene verificare gli extra prima di concludere la prenotazione.</p></details>
  <details><summary>Quali aeroporti italiani monitorare?</summary><p>Le partenze da Milano, Roma, Napoli, Venezia, Catania e Bologna sono tra quelle che gli utenti confrontano piu spesso.</p></details>
</div>","Compagnie aeree|Compagnie tradizionali",airline,YR,/compagnie-aeree/grand-canyon-scenic-airlines/,"Grand Canyon Scenic Airlines: bagagli, check-in e rotte | ConfrontaPrezziVoli","Scopri come volare con Grand Canyon Scenic Airlines: bagaglio a mano, check-in, consigli e rotte piu cercate dagli utenti italiani.","Grand Canyon Scenic Airlines bagaglio check-in",airlines,"Compagnia classificata come tradizionale nel dataset."
post,publish,"Grand China Air (CN): bagagli, check-in, rotte e consigli 2026",compagnia-aerea-grand-china-air-cn,"Guida pratica su Grand China Air: bagaglio a mano, check-in, rotte popolari dall'Italia e consigli utili per prenotare.","<div class=""cpv-landing-note"">
  <p><strong>Guida pratica Grand China Air.</strong> Qui trovi una sintesi utile per capire come prenotare con Grand China Air, cosa controllare su bagagli e check-in e quali aspetti confrontare prima di acquistare il volo.</p>
</div>
<div class=""cpv-stat-grid"">
  <div class=""cpv-stat""><strong>Tradizionale</strong><span>Tipologia di compagnia secondo il dataset disponibile.</span></div>
  <div class=""cpv-stat""><strong>Check-in online</strong><span>Da verificare sempre sul sito ufficiale prima della partenza.</span></div>
  <div class=""cpv-stat""><strong>Bagagli</strong><span>Controlla franchigia e servizi inclusi in base alla tariffa scelta.</span></div>
</div>
<h2>Grand China Air: cosa controllare prima di prenotare</h2>
<p>La compagnia viene spesso valutata per tratte business, nazionali o con servizi aggiuntivi. Prima della prenotazione conviene confrontare orari, politica bagagli, flessibilita della tariffa e aeroporto di partenza disponibile in Italia.</p>
<div class=""cpv-chip-list""><span class=""cpv-chip"">FCO</span><span class=""cpv-chip"">CIA</span><span class=""cpv-chip"">MXP</span><span class=""cpv-chip"">BGY</span><span class=""cpv-chip"">LIN</span><span class=""cpv-chip"">NAP</span></div>
<div class=""cpv-landing-grid"">
  <div class=""cpv-landing-card""><strong>Bagaglio a mano</strong><p>Controlla sempre misure, peso e possibilita di aggiungere priorita o trolley in cabina.</p></div>
  <div class=""cpv-landing-card""><strong>Check-in</strong><p>Verifica finestre di apertura, app mobile, costi in aeroporto e documenti richiesti.</p></div>
  <div class=""cpv-landing-card""><strong>Partenze italiane</strong><p>Confronta i principali aeroporti italiani per capire quali rotte o fasce orarie sono piu interessanti.</p></div>
</div>
<h2>Domande frequenti su Grand China Air</h2>
<div class=""cpv-faq"">
  <details><summary>Come verificare le regole bagaglio di Grand China Air?</summary><p>Consulta sempre la pagina ufficiale prima dell'acquisto: le regole possono cambiare in base alla tariffa, alla rotta e alla data di viaggio.</p></details>
  <details><summary>Grand China Air e adatta a chi cerca il prezzo piu basso?</summary><p>Dipende dalla rotta e dai servizi necessari. In molti casi le tariffe base sono competitive, ma conviene verificare gli extra prima di concludere la prenotazione.</p></details>
  <details><summary>Quali aeroporti italiani monitorare?</summary><p>Le partenze da Milano, Roma, Napoli, Venezia, Catania e Bologna sono tra quelle che gli utenti confrontano piu spesso.</p></details>
</div>","Compagnie aeree|Compagnie tradizionali",airline,CN,/compagnie-aeree/grand-china-air/,"Grand China Air: bagagli, check-in e rotte | ConfrontaPrezziVoli","Scopri come volare con Grand China Air: bagaglio a mano, check-in, consigli e rotte piu cercate dagli utenti italiani.","Grand China Air bagaglio check-in",airlines,"Compagnia classificata come tradizionale nel dataset."
post,publish,"Grant Aviation (GV): bagagli, check-in, rotte e consigli 2026",compagnia-aerea-grant-aviation-gv,"Guida pratica su Grant Aviation: bagaglio a mano, check-in, rotte popolari dall'Italia e consigli utili per prenotare.","<div class=""cpv-landing-note"">
  <p><strong>Guida pratica Grant Aviation.</strong> Qui trovi una sintesi utile per capire come prenotare con Grant Aviation, cosa controllare su bagagli e check-in e quali aspetti confrontare prima di acquistare il volo.</p>
</div>
<div class=""cpv-stat-grid"">
  <div class=""cpv-stat""><strong>Tradizionale</strong><span>Tipologia di compagnia secondo il dataset disponibile.</span></div>
  <div class=""cpv-stat""><strong>Check-in online</strong><span>Da verificare sempre sul sito ufficiale prima della partenza.</span></div>
  <div class=""cpv-stat""><strong>Bagagli</strong><span>Controlla franchigia e servizi inclusi in base alla tariffa scelta.</span></div>
</div>
<h2>Grant Aviation: cosa controllare prima di prenotare</h2>
<p>La compagnia viene spesso valutata per tratte business, nazionali o con servizi aggiuntivi. Prima della prenotazione conviene confrontare orari, politica bagagli, flessibilita della tariffa e aeroporto di partenza disponibile in Italia.</p>
<div class=""cpv-chip-list""><span class=""cpv-chip"">FCO</span><span class=""cpv-chip"">CIA</span><span class=""cpv-chip"">MXP</span><span class=""cpv-chip"">BGY</span><span class=""cpv-chip"">LIN</span><span class=""cpv-chip"">NAP</span></div>
<div class=""cpv-landing-grid"">
  <div class=""cpv-landing-card""><strong>Bagaglio a mano</strong><p>Controlla sempre misure, peso e possibilita di aggiungere priorita o trolley in cabina.</p></div>
  <div class=""cpv-landing-card""><strong>Check-in</strong><p>Verifica finestre di apertura, app mobile, costi in aeroporto e documenti richiesti.</p></div>
  <div class=""cpv-landing-card""><strong>Partenze italiane</strong><p>Confronta i principali aeroporti italiani per capire quali rotte o fasce orarie sono piu interessanti.</p></div>
</div>
<h2>Domande frequenti su Grant Aviation</h2>
<div class=""cpv-faq"">
  <details><summary>Come verificare le regole bagaglio di Grant Aviation?</summary><p>Consulta sempre la pagina ufficiale prima dell'acquisto: le regole possono cambiare in base alla tariffa, alla rotta e alla data di viaggio.</p></details>
  <details><summary>Grant Aviation e adatta a chi cerca il prezzo piu basso?</summary><p>Dipende dalla rotta e dai servizi necessari. In molti casi le tariffe base sono competitive, ma conviene verificare gli extra prima di concludere la prenotazione.</p></details>
  <details><summary>Quali aeroporti italiani monitorare?</summary><p>Le partenze da Milano, Roma, Napoli, Venezia, Catania e Bologna sono tra quelle che gli utenti confrontano piu spesso.</p></details>
</div>","Compagnie aeree|Compagnie tradizionali",airline,GV,/compagnie-aeree/grant-aviation/,"Grant Aviation: bagagli, check-in e rotte | ConfrontaPrezziVoli","Scopri come volare con Grant Aviation: bagaglio a mano, check-in, consigli e rotte piu cercate dagli utenti italiani.","Grant Aviation bagaglio check-in",airlines,"Compagnia classificata come tradizionale nel dataset."
post,publish,"Great Lakes Airlines (ZK): bagagli, check-in, rotte e consigli 2026",compagnia-aerea-great-lakes-airlines-zk,"Guida pratica su Great Lakes Airlines: bagaglio a mano, check-in, rotte popolari dall'Italia e consigli utili per prenotare.","<div class=""cpv-landing-note"">
  <p><strong>Guida pratica Great Lakes Airlines.</strong> Qui trovi una sintesi utile per capire come prenotare con Great Lakes Airlines, cosa controllare su bagagli e check-in e quali aspetti confrontare prima di acquistare il volo.</p>
</div>
<div class=""cpv-stat-grid"">
  <div class=""cpv-stat""><strong>Tradizionale</strong><span>Tipologia di compagnia secondo il dataset disponibile.</span></div>
  <div class=""cpv-stat""><strong>Check-in online</strong><span>Da verificare sempre sul sito ufficiale prima della partenza.</span></div>
  <div class=""cpv-stat""><strong>Bagagli</strong><span>Controlla franchigia e servizi inclusi in base alla tariffa scelta.</span></div>
</div>
<h2>Great Lakes Airlines: cosa controllare prima di prenotare</h2>
<p>La compagnia viene spesso valutata per tratte business, nazionali o con servizi aggiuntivi. Prima della prenotazione conviene confrontare orari, politica bagagli, flessibilita della tariffa e aeroporto di partenza disponibile in Italia.</p>
<div class=""cpv-chip-list""><span class=""cpv-chip"">FCO</span><span class=""cpv-chip"">CIA</span><span class=""cpv-chip"">MXP</span><span class=""cpv-chip"">BGY</span><span class=""cpv-chip"">LIN</span><span class=""cpv-chip"">NAP</span></div>
<div class=""cpv-landing-grid"">
  <div class=""cpv-landing-card""><strong>Bagaglio a mano</strong><p>Controlla sempre misure, peso e possibilita di aggiungere priorita o trolley in cabina.</p></div>
  <div class=""cpv-landing-card""><strong>Check-in</strong><p>Verifica finestre di apertura, app mobile, costi in aeroporto e documenti richiesti.</p></div>
  <div class=""cpv-landing-card""><strong>Partenze italiane</strong><p>Confronta i principali aeroporti italiani per capire quali rotte o fasce orarie sono piu interessanti.</p></div>
</div>
<h2>Domande frequenti su Great Lakes Airlines</h2>
<div class=""cpv-faq"">
  <details><summary>Come verificare le regole bagaglio di Great Lakes Airlines?</summary><p>Consulta sempre la pagina ufficiale prima dell'acquisto: le regole possono cambiare in base alla tariffa, alla rotta e alla data di viaggio.</p></details>
  <details><summary>Great Lakes Airlines e adatta a chi cerca il prezzo piu basso?</summary><p>Dipende dalla rotta e dai servizi necessari. In molti casi le tariffe base sono competitive, ma conviene verificare gli extra prima di concludere la prenotazione.</p></details>
  <details><summary>Quali aeroporti italiani monitorare?</summary><p>Le partenze da Milano, Roma, Napoli, Venezia, Catania e Bologna sono tra quelle che gli utenti confrontano piu spesso.</p></details>
</div>","Compagnie aeree|Compagnie tradizionali",airline,ZK,/compagnie-aeree/great-lakes-airlines/,"Great Lakes Airlines: bagagli, check-in e rotte | ConfrontaPrezziVoli","Scopri come volare con Great Lakes Airlines: bagaglio a mano, check-in, consigli e rotte piu cercate dagli utenti italiani.","Great Lakes Airlines bagaglio check-in",airlines,"Compagnia classificata come tradizionale nel dataset."
post,publish,"Greater Bay Airlines (HB): bagagli, check-in, rotte e consigli 2026",compagnia-aerea-greater-bay-airlines-hb,"Guida pratica su Greater Bay Airlines: bagaglio a mano, check-in, rotte popolari dall'Italia e consigli utili per prenotare.","<div class=""cpv-landing-note"">
  <p><strong>Guida pratica Greater Bay Airlines.</strong> Qui trovi una sintesi utile per capire come prenotare con Greater Bay Airlines, cosa controllare su bagagli e check-in e quali aspetti confrontare prima di acquistare il volo.</p>
</div>
<div class=""cpv-stat-grid"">
  <div class=""cpv-stat""><strong>Low cost</strong><span>Tipologia di compagnia secondo il dataset disponibile.</span></div>
  <div class=""cpv-stat""><strong>Check-in online</strong><span>Da verificare sempre sul sito ufficiale prima della partenza.</span></div>
  <div class=""cpv-stat""><strong>Bagagli</strong><span>Verifica con attenzione dimensioni e priorita del bagaglio a mano.</span></div>
</div>
<h2>Greater Bay Airlines: cosa controllare prima di prenotare</h2>
<p>La compagnia e spesso cercata per city break, leisure e rotte sensibili al prezzo. Prima della prenotazione conviene confrontare orari, politica bagagli, flessibilita della tariffa e aeroporto di partenza disponibile in Italia.</p>
<div class=""cpv-chip-list""><span class=""cpv-chip"">FCO</span><span class=""cpv-chip"">CIA</span><span class=""cpv-chip"">MXP</span><span class=""cpv-chip"">BGY</span><span class=""cpv-chip"">LIN</span><span class=""cpv-chip"">NAP</span></div>
<div class=""cpv-landing-grid"">
  <div class=""cpv-landing-card""><strong>Bagaglio a mano</strong><p>Controlla sempre misure, peso e possibilita di aggiungere priorita o trolley in cabina.</p></div>
  <div class=""cpv-landing-card""><strong>Check-in</strong><p>Verifica finestre di apertura, app mobile, costi in aeroporto e documenti richiesti.</p></div>
  <div class=""cpv-landing-card""><strong>Partenze italiane</strong><p>Confronta i principali aeroporti italiani per capire quali rotte o fasce orarie sono piu interessanti.</p></div>
</div>
<h2>Domande frequenti su Greater Bay Airlines</h2>
<div class=""cpv-faq"">
  <details><summary>Come verificare le regole bagaglio di Greater Bay Airlines?</summary><p>Consulta sempre la pagina ufficiale prima dell'acquisto: le regole possono cambiare in base alla tariffa, alla rotta e alla data di viaggio.</p></details>
  <details><summary>Greater Bay Airlines e adatta a chi cerca il prezzo piu basso?</summary><p>Dipende dalla rotta e dai servizi necessari. In molti casi le tariffe base sono competitive, ma conviene verificare gli extra prima di concludere la prenotazione.</p></details>
  <details><summary>Quali aeroporti italiani monitorare?</summary><p>Le partenze da Milano, Roma, Napoli, Venezia, Catania e Bologna sono tra quelle che gli utenti confrontano piu spesso.</p></details>
</div>","Compagnie aeree|Compagnie low cost",airline,HB,/compagnie-aeree/greater-bay-airlines/,"Greater Bay Airlines: bagagli, check-in e rotte | ConfrontaPrezziVoli","Scopri come volare con Greater Bay Airlines: bagaglio a mano, check-in, consigli e rotte piu cercate dagli utenti italiani.","Greater Bay Airlines bagaglio check-in",airlines,"Compagnia classificata come low cost nel dataset."
post,publish,"Green Africa Airways (Q9): bagagli, check-in, rotte e consigli 2026",compagnia-aerea-green-africa-airways-q9,"Guida pratica su Green Africa Airways: bagaglio a mano, check-in, rotte popolari dall'Italia e consigli utili per prenotare.","<div class=""cpv-landing-note"">
  <p><strong>Guida pratica Green Africa Airways.</strong> Qui trovi una sintesi utile per capire come prenotare con Green Africa Airways, cosa controllare su bagagli e check-in e quali aspetti confrontare prima di acquistare il volo.</p>
</div>
<div class=""cpv-stat-grid"">
  <div class=""cpv-stat""><strong>Tradizionale</strong><span>Tipologia di compagnia secondo il dataset disponibile.</span></div>
  <div class=""cpv-stat""><strong>Check-in online</strong><span>Da verificare sempre sul sito ufficiale prima della partenza.</span></div>
  <div class=""cpv-stat""><strong>Bagagli</strong><span>Controlla franchigia e servizi inclusi in base alla tariffa scelta.</span></div>
</div>
<h2>Green Africa Airways: cosa controllare prima di prenotare</h2>
<p>La compagnia viene spesso valutata per tratte business, nazionali o con servizi aggiuntivi. Prima della prenotazione conviene confrontare orari, politica bagagli, flessibilita della tariffa e aeroporto di partenza disponibile in Italia.</p>
<div class=""cpv-chip-list""><span class=""cpv-chip"">FCO</span><span class=""cpv-chip"">CIA</span><span class=""cpv-chip"">MXP</span><span class=""cpv-chip"">BGY</span><span class=""cpv-chip"">LIN</span><span class=""cpv-chip"">NAP</span></div>
<div class=""cpv-landing-grid"">
  <div class=""cpv-landing-card""><strong>Bagaglio a mano</strong><p>Controlla sempre misure, peso e possibilita di aggiungere priorita o trolley in cabina.</p></div>
  <div class=""cpv-landing-card""><strong>Check-in</strong><p>Verifica finestre di apertura, app mobile, costi in aeroporto e documenti richiesti.</p></div>
  <div class=""cpv-landing-card""><strong>Partenze italiane</strong><p>Confronta i principali aeroporti italiani per capire quali rotte o fasce orarie sono piu interessanti.</p></div>
</div>
<h2>Domande frequenti su Green Africa Airways</h2>
<div class=""cpv-faq"">
  <details><summary>Come verificare le regole bagaglio di Green Africa Airways?</summary><p>Consulta sempre la pagina ufficiale prima dell'acquisto: le regole possono cambiare in base alla tariffa, alla rotta e alla data di viaggio.</p></details>
  <details><summary>Green Africa Airways e adatta a chi cerca il prezzo piu basso?</summary><p>Dipende dalla rotta e dai servizi necessari. In molti casi le tariffe base sono competitive, ma conviene verificare gli extra prima di concludere la prenotazione.</p></details>
  <details><summary>Quali aeroporti italiani monitorare?</summary><p>Le partenze da Milano, Roma, Napoli, Venezia, Catania e Bologna sono tra quelle che gli utenti confrontano piu spesso.</p></details>
</div>","Compagnie aeree|Compagnie tradizionali",airline,Q9,/compagnie-aeree/green-africa-airways/,"Green Africa Airways: bagagli, check-in e rotte | ConfrontaPrezziVoli","Scopri come volare con Green Africa Airways: bagaglio a mano, check-in, consigli e rotte piu cercate dagli utenti italiani.","Green Africa Airways bagaglio check-in",airlines,"Compagnia classificata come tradizionale nel dataset."
post,publish,"Grumeti Air (0G): bagagli, check-in, rotte e consigli 2026",compagnia-aerea-grumeti-air-0g,"Guida pratica su Grumeti Air: bagaglio a mano, check-in, rotte popolari dall'Italia e consigli utili per prenotare.","<div class=""cpv-landing-note"">
  <p><strong>Guida pratica Grumeti Air.</strong> Qui trovi una sintesi utile per capire come prenotare con Grumeti Air, cosa controllare su bagagli e check-in e quali aspetti confrontare prima di acquistare il volo.</p>
</div>
<div class=""cpv-stat-grid"">
  <div class=""cpv-stat""><strong>Tradizionale</strong><span>Tipologia di compagnia secondo il dataset disponibile.</span></div>
  <div class=""cpv-stat""><strong>Check-in online</strong><span>Da verificare sempre sul sito ufficiale prima della partenza.</span></div>
  <div class=""cpv-stat""><strong>Bagagli</strong><span>Controlla franchigia e servizi inclusi in base alla tariffa scelta.</span></div>
</div>
<h2>Grumeti Air: cosa controllare prima di prenotare</h2>
<p>La compagnia viene spesso valutata per tratte business, nazionali o con servizi aggiuntivi. Prima della prenotazione conviene confrontare orari, politica bagagli, flessibilita della tariffa e aeroporto di partenza disponibile in Italia.</p>
<div class=""cpv-chip-list""><span class=""cpv-chip"">FCO</span><span class=""cpv-chip"">CIA</span><span class=""cpv-chip"">MXP</span><span class=""cpv-chip"">BGY</span><span class=""cpv-chip"">LIN</span><span class=""cpv-chip"">NAP</span></div>
<div class=""cpv-landing-grid"">
  <div class=""cpv-landing-card""><strong>Bagaglio a mano</strong><p>Controlla sempre misure, peso e possibilita di aggiungere priorita o trolley in cabina.</p></div>
  <div class=""cpv-landing-card""><strong>Check-in</strong><p>Verifica finestre di apertura, app mobile, costi in aeroporto e documenti richiesti.</p></div>
  <div class=""cpv-landing-card""><strong>Partenze italiane</strong><p>Confronta i principali aeroporti italiani per capire quali rotte o fasce orarie sono piu interessanti.</p></div>
</div>
<h2>Domande frequenti su Grumeti Air</h2>
<div class=""cpv-faq"">
  <details><summary>Come verificare le regole bagaglio di Grumeti Air?</summary><p>Consulta sempre la pagina ufficiale prima dell'acquisto: le regole possono cambiare in base alla tariffa, alla rotta e alla data di viaggio.</p></details>
  <details><summary>Grumeti Air e adatta a chi cerca il prezzo piu basso?</summary><p>Dipende dalla rotta e dai servizi necessari. In molti casi le tariffe base sono competitive, ma conviene verificare gli extra prima di concludere la prenotazione.</p></details>
  <details><summary>Quali aeroporti italiani monitorare?</summary><p>Le partenze da Milano, Roma, Napoli, Venezia, Catania e Bologna sono tra quelle che gli utenti confrontano piu spesso.</p></details>
</div>","Compagnie aeree|Compagnie tradizionali",airline,0G,/compagnie-aeree/grumeti-air/,"Grumeti Air: bagagli, check-in e rotte | ConfrontaPrezziVoli","Scopri come volare con Grumeti Air: bagaglio a mano, check-in, consigli e rotte piu cercate dagli utenti italiani.","Grumeti Air bagaglio check-in",airlines,"Compagnia classificata come tradizionale nel dataset."
post,publish,"Gulf Air (GF): bagagli, check-in, rotte e consigli 2026",compagnia-aerea-gulf-air-gf,"Guida pratica su Gulf Air: bagaglio a mano, check-in, rotte popolari dall'Italia e consigli utili per prenotare.","<div class=""cpv-landing-note"">
  <p><strong>Guida pratica Gulf Air.</strong> Qui trovi una sintesi utile per capire come prenotare con Gulf Air, cosa controllare su bagagli e check-in e quali aspetti confrontare prima di acquistare il volo.</p>
</div>
<div class=""cpv-stat-grid"">
  <div class=""cpv-stat""><strong>Tradizionale</strong><span>Tipologia di compagnia secondo il dataset disponibile.</span></div>
  <div class=""cpv-stat""><strong>Check-in online</strong><span>Da verificare sempre sul sito ufficiale prima della partenza.</span></div>
  <div class=""cpv-stat""><strong>Bagagli</strong><span>Controlla franchigia e servizi inclusi in base alla tariffa scelta.</span></div>
</div>
<h2>Gulf Air: cosa controllare prima di prenotare</h2>
<p>La compagnia viene spesso valutata per tratte business, nazionali o con servizi aggiuntivi. Prima della prenotazione conviene confrontare orari, politica bagagli, flessibilita della tariffa e aeroporto di partenza disponibile in Italia.</p>
<div class=""cpv-chip-list""><span class=""cpv-chip"">FCO</span><span class=""cpv-chip"">CIA</span><span class=""cpv-chip"">MXP</span><span class=""cpv-chip"">BGY</span><span class=""cpv-chip"">LIN</span><span class=""cpv-chip"">NAP</span></div>
<div class=""cpv-landing-grid"">
  <div class=""cpv-landing-card""><strong>Bagaglio a mano</strong><p>Controlla sempre misure, peso e possibilita di aggiungere priorita o trolley in cabina.</p></div>
  <div class=""cpv-landing-card""><strong>Check-in</strong><p>Verifica finestre di apertura, app mobile, costi in aeroporto e documenti richiesti.</p></div>
  <div class=""cpv-landing-card""><strong>Partenze italiane</strong><p>Confronta i principali aeroporti italiani per capire quali rotte o fasce orarie sono piu interessanti.</p></div>
</div>
<h2>Domande frequenti su Gulf Air</h2>
<div class=""cpv-faq"">
  <details><summary>Come verificare le regole bagaglio di Gulf Air?</summary><p>Consulta sempre la pagina ufficiale prima dell'acquisto: le regole possono cambiare in base alla tariffa, alla rotta e alla data di viaggio.</p></details>
  <details><summary>Gulf Air e adatta a chi cerca il prezzo piu basso?</summary><p>Dipende dalla rotta e dai servizi necessari. In molti casi le tariffe base sono competitive, ma conviene verificare gli extra prima di concludere la prenotazione.</p></details>
  <details><summary>Quali aeroporti italiani monitorare?</summary><p>Le partenze da Milano, Roma, Napoli, Venezia, Catania e Bologna sono tra quelle che gli utenti confrontano piu spesso.</p></details>
</div>","Compagnie aeree|Compagnie tradizionali",airline,GF,/compagnie-aeree/gulf-air/,"Gulf Air: bagagli, check-in e rotte | ConfrontaPrezziVoli","Scopri come volare con Gulf Air: bagaglio a mano, check-in, consigli e rotte piu cercate dagli utenti italiani.","Gulf Air bagaglio check-in",airlines,"Compagnia classificata come tradizionale nel dataset."
post,publish,"GullivAir (G2): bagagli, check-in, rotte e consigli 2026",compagnia-aerea-gullivair-g2,"Guida pratica su GullivAir: bagaglio a mano, check-in, rotte popolari dall'Italia e consigli utili per prenotare.","<div class=""cpv-landing-note"">
  <p><strong>Guida pratica GullivAir.</strong> Qui trovi una sintesi utile per capire come prenotare con GullivAir, cosa controllare su bagagli e check-in e quali aspetti confrontare prima di acquistare il volo.</p>
</div>
<div class=""cpv-stat-grid"">
  <div class=""cpv-stat""><strong>Tradizionale</strong><span>Tipologia di compagnia secondo il dataset disponibile.</span></div>
  <div class=""cpv-stat""><strong>Check-in online</strong><span>Da verificare sempre sul sito ufficiale prima della partenza.</span></div>
  <div class=""cpv-stat""><strong>Bagagli</strong><span>Controlla franchigia e servizi inclusi in base alla tariffa scelta.</span></div>
</div>
<h2>GullivAir: cosa controllare prima di prenotare</h2>
<p>La compagnia viene spesso valutata per tratte business, nazionali o con servizi aggiuntivi. Prima della prenotazione conviene confrontare orari, politica bagagli, flessibilita della tariffa e aeroporto di partenza disponibile in Italia.</p>
<div class=""cpv-chip-list""><span class=""cpv-chip"">FCO</span><span class=""cpv-chip"">CIA</span><span class=""cpv-chip"">MXP</span><span class=""cpv-chip"">BGY</span><span class=""cpv-chip"">LIN</span><span class=""cpv-chip"">NAP</span></div>
<div class=""cpv-landing-grid"">
  <div class=""cpv-landing-card""><strong>Bagaglio a mano</strong><p>Controlla sempre misure, peso e possibilita di aggiungere priorita o trolley in cabina.</p></div>
  <div class=""cpv-landing-card""><strong>Check-in</strong><p>Verifica finestre di apertura, app mobile, costi in aeroporto e documenti richiesti.</p></div>
  <div class=""cpv-landing-card""><strong>Partenze italiane</strong><p>Confronta i principali aeroporti italiani per capire quali rotte o fasce orarie sono piu interessanti.</p></div>
</div>
<h2>Domande frequenti su GullivAir</h2>
<div class=""cpv-faq"">
  <details><summary>Come verificare le regole bagaglio di GullivAir?</summary><p>Consulta sempre la pagina ufficiale prima dell'acquisto: le regole possono cambiare in base alla tariffa, alla rotta e alla data di viaggio.</p></details>
  <details><summary>GullivAir e adatta a chi cerca il prezzo piu basso?</summary><p>Dipende dalla rotta e dai servizi necessari. In molti casi le tariffe base sono competitive, ma conviene verificare gli extra prima di concludere la prenotazione.</p></details>
  <details><summary>Quali aeroporti italiani monitorare?</summary><p>Le partenze da Milano, Roma, Napoli, Venezia, Catania e Bologna sono tra quelle che gli utenti confrontano piu spesso.</p></details>
</div>","Compagnie aeree|Compagnie tradizionali",airline,G2,/compagnie-aeree/gullivair/,"GullivAir: bagagli, check-in e rotte | ConfrontaPrezziVoli","Scopri come volare con GullivAir: bagaglio a mano, check-in, consigli e rotte piu cercate dagli utenti italiani.","GullivAir bagaglio check-in",airlines,"Compagnia classificata come tradizionale nel dataset."
post,publish,"Guyane Express Fly (G8): bagagli, check-in, rotte e consigli 2026",compagnia-aerea-guyane-express-fly-g8,"Guida pratica su Guyane Express Fly: bagaglio a mano, check-in, rotte popolari dall'Italia e consigli utili per prenotare.","<div class=""cpv-landing-note"">
  <p><strong>Guida pratica Guyane Express Fly.</strong> Qui trovi una sintesi utile per capire come prenotare con Guyane Express Fly, cosa controllare su bagagli e check-in e quali aspetti confrontare prima di acquistare il volo.</p>
</div>
<div class=""cpv-stat-grid"">
  <div class=""cpv-stat""><strong>Low cost</strong><span>Tipologia di compagnia secondo il dataset disponibile.</span></div>
  <div class=""cpv-stat""><strong>Check-in online</strong><span>Da verificare sempre sul sito ufficiale prima della partenza.</span></div>
  <div class=""cpv-stat""><strong>Bagagli</strong><span>Verifica con attenzione dimensioni e priorita del bagaglio a mano.</span></div>
</div>
<h2>Guyane Express Fly: cosa controllare prima di prenotare</h2>
<p>La compagnia e spesso cercata per city break, leisure e rotte sensibili al prezzo. Prima della prenotazione conviene confrontare orari, politica bagagli, flessibilita della tariffa e aeroporto di partenza disponibile in Italia.</p>
<div class=""cpv-chip-list""><span class=""cpv-chip"">FCO</span><span class=""cpv-chip"">CIA</span><span class=""cpv-chip"">MXP</span><span class=""cpv-chip"">BGY</span><span class=""cpv-chip"">LIN</span><span class=""cpv-chip"">NAP</span></div>
<div class=""cpv-landing-grid"">
  <div class=""cpv-landing-card""><strong>Bagaglio a mano</strong><p>Controlla sempre misure, peso e possibilita di aggiungere priorita o trolley in cabina.</p></div>
  <div class=""cpv-landing-card""><strong>Check-in</strong><p>Verifica finestre di apertura, app mobile, costi in aeroporto e documenti richiesti.</p></div>
  <div class=""cpv-landing-card""><strong>Partenze italiane</strong><p>Confronta i principali aeroporti italiani per capire quali rotte o fasce orarie sono piu interessanti.</p></div>
</div>
<h2>Domande frequenti su Guyane Express Fly</h2>
<div class=""cpv-faq"">
  <details><summary>Come verificare le regole bagaglio di Guyane Express Fly?</summary><p>Consulta sempre la pagina ufficiale prima dell'acquisto: le regole possono cambiare in base alla tariffa, alla rotta e alla data di viaggio.</p></details>
  <details><summary>Guyane Express Fly e adatta a chi cerca il prezzo piu basso?</summary><p>Dipende dalla rotta e dai servizi necessari. In molti casi le tariffe base sono competitive, ma conviene verificare gli extra prima di concludere la prenotazione.</p></details>
  <details><summary>Quali aeroporti italiani monitorare?</summary><p>Le partenze da Milano, Roma, Napoli, Venezia, Catania e Bologna sono tra quelle che gli utenti confrontano piu spesso.</p></details>
</div>","Compagnie aeree|Compagnie low cost",airline,G8,/compagnie-aeree/guyane-express-fly/,"Guyane Express Fly: bagagli, check-in e rotte | ConfrontaPrezziVoli","Scopri come volare con Guyane Express Fly: bagaglio a mano, check-in, consigli e rotte piu cercate dagli utenti italiani.","Guyane Express Fly bagaglio check-in",airlines,"Compagnia classificata come low cost nel dataset."
post,publish,"HK Express (UO): bagagli, check-in, rotte e consigli 2026",compagnia-aerea-hk-express-uo,"Guida pratica su HK Express: bagaglio a mano, check-in, rotte popolari dall'Italia e consigli utili per prenotare.","<div class=""cpv-landing-note"">
  <p><strong>Guida pratica HK Express.</strong> Qui trovi una sintesi utile per capire come prenotare con HK Express, cosa controllare su bagagli e check-in e quali aspetti confrontare prima di acquistare il volo.</p>
</div>
<div class=""cpv-stat-grid"">
  <div class=""cpv-stat""><strong>Low cost</strong><span>Tipologia di compagnia secondo il dataset disponibile.</span></div>
  <div class=""cpv-stat""><strong>Check-in online</strong><span>Da verificare sempre sul sito ufficiale prima della partenza.</span></div>
  <div class=""cpv-stat""><strong>Bagagli</strong><span>Verifica con attenzione dimensioni e priorita del bagaglio a mano.</span></div>
</div>
<h2>HK Express: cosa controllare prima di prenotare</h2>
<p>La compagnia e spesso cercata per city break, leisure e rotte sensibili al prezzo. Prima della prenotazione conviene confrontare orari, politica bagagli, flessibilita della tariffa e aeroporto di partenza disponibile in Italia.</p>
<div class=""cpv-chip-list""><span class=""cpv-chip"">FCO</span><span class=""cpv-chip"">CIA</span><span class=""cpv-chip"">MXP</span><span class=""cpv-chip"">BGY</span><span class=""cpv-chip"">LIN</span><span class=""cpv-chip"">NAP</span></div>
<div class=""cpv-landing-grid"">
  <div class=""cpv-landing-card""><strong>Bagaglio a mano</strong><p>Controlla sempre misure, peso e possibilita di aggiungere priorita o trolley in cabina.</p></div>
  <div class=""cpv-landing-card""><strong>Check-in</strong><p>Verifica finestre di apertura, app mobile, costi in aeroporto e documenti richiesti.</p></div>
  <div class=""cpv-landing-card""><strong>Partenze italiane</strong><p>Confronta i principali aeroporti italiani per capire quali rotte o fasce orarie sono piu interessanti.</p></div>
</div>
<h2>Domande frequenti su HK Express</h2>
<div class=""cpv-faq"">
  <details><summary>Come verificare le regole bagaglio di HK Express?</summary><p>Consulta sempre la pagina ufficiale prima dell'acquisto: le regole possono cambiare in base alla tariffa, alla rotta e alla data di viaggio.</p></details>
  <details><summary>HK Express e adatta a chi cerca il prezzo piu basso?</summary><p>Dipende dalla rotta e dai servizi necessari. In molti casi le tariffe base sono competitive, ma conviene verificare gli extra prima di concludere la prenotazione.</p></details>
  <details><summary>Quali aeroporti italiani monitorare?</summary><p>Le partenze da Milano, Roma, Napoli, Venezia, Catania e Bologna sono tra quelle che gli utenti confrontano piu spesso.</p></details>
</div>","Compagnie aeree|Compagnie low cost",airline,UO,/compagnie-aeree/hk-express/,"HK Express: bagagli, check-in e rotte | ConfrontaPrezziVoli","Scopri come volare con HK Express: bagaglio a mano, check-in, consigli e rotte piu cercate dagli utenti italiani.","HK Express bagaglio check-in",airlines,"Compagnia classificata come low cost nel dataset."
post,publish,"HOP! (A5): bagagli, check-in, rotte e consigli 2026",compagnia-aerea-hop-a5,"Guida pratica su HOP!: bagaglio a mano, check-in, rotte popolari dall'Italia e consigli utili per prenotare.","<div class=""cpv-landing-note"">
  <p><strong>Guida pratica HOP!.</strong> Qui trovi una sintesi utile per capire come prenotare con HOP!, cosa controllare su bagagli e check-in e quali aspetti confrontare prima di acquistare il volo.</p>
</div>
<div class=""cpv-stat-grid"">
  <div class=""cpv-stat""><strong>Low cost</strong><span>Tipologia di compagnia secondo il dataset disponibile.</span></div>
  <div class=""cpv-stat""><strong>Check-in online</strong><span>Da verificare sempre sul sito ufficiale prima della partenza.</span></div>
  <div class=""cpv-stat""><strong>Bagagli</strong><span>Verifica con attenzione dimensioni e priorita del bagaglio a mano.</span></div>
</div>
<h2>HOP!: cosa controllare prima di prenotare</h2>
<p>La compagnia e spesso cercata per city break, leisure e rotte sensibili al prezzo. Prima della prenotazione conviene confrontare orari, politica bagagli, flessibilita della tariffa e aeroporto di partenza disponibile in Italia.</p>
<div class=""cpv-chip-list""><span class=""cpv-chip"">FCO</span><span class=""cpv-chip"">CIA</span><span class=""cpv-chip"">MXP</span><span class=""cpv-chip"">BGY</span><span class=""cpv-chip"">LIN</span><span class=""cpv-chip"">NAP</span></div>
<div class=""cpv-landing-grid"">
  <div class=""cpv-landing-card""><strong>Bagaglio a mano</strong><p>Controlla sempre misure, peso e possibilita di aggiungere priorita o trolley in cabina.</p></div>
  <div class=""cpv-landing-card""><strong>Check-in</strong><p>Verifica finestre di apertura, app mobile, costi in aeroporto e documenti richiesti.</p></div>
  <div class=""cpv-landing-card""><strong>Partenze italiane</strong><p>Confronta i principali aeroporti italiani per capire quali rotte o fasce orarie sono piu interessanti.</p></div>
</div>
<h2>Domande frequenti su HOP!</h2>
<div class=""cpv-faq"">
  <details><summary>Come verificare le regole bagaglio di HOP!?</summary><p>Consulta sempre la pagina ufficiale prima dell'acquisto: le regole possono cambiare in base alla tariffa, alla rotta e alla data di viaggio.</p></details>
  <details><summary>HOP! e adatta a chi cerca il prezzo piu basso?</summary><p>Dipende dalla rotta e dai servizi necessari. In molti casi le tariffe base sono competitive, ma conviene verificare gli extra prima di concludere la prenotazione.</p></details>
  <details><summary>Quali aeroporti italiani monitorare?</summary><p>Le partenze da Milano, Roma, Napoli, Venezia, Catania e Bologna sono tra quelle che gli utenti confrontano piu spesso.</p></details>
</div>","Compagnie aeree|Compagnie low cost",airline,A5,/compagnie-aeree/hop/,"HOP!: bagagli, check-in e rotte | ConfrontaPrezziVoli","Scopri come volare con HOP!: bagaglio a mano, check-in, consigli e rotte piu cercate dagli utenti italiani.","HOP! bagaglio check-in",airlines,"Compagnia classificata come low cost nel dataset."
post,publish,"Hahn Air (H1): bagagli, check-in, rotte e consigli 2026",compagnia-aerea-hahn-air-h1,"Guida pratica su Hahn Air: bagaglio a mano, check-in, rotte popolari dall'Italia e consigli utili per prenotare.","<div class=""cpv-landing-note"">
  <p><strong>Guida pratica Hahn Air.</strong> Qui trovi una sintesi utile per capire come prenotare con Hahn Air, cosa controllare su bagagli e check-in e quali aspetti confrontare prima di acquistare il volo.</p>
</div>
<div class=""cpv-stat-grid"">
  <div class=""cpv-stat""><strong>Tradizionale</strong><span>Tipologia di compagnia secondo il dataset disponibile.</span></div>
  <div class=""cpv-stat""><strong>Check-in online</strong><span>Da verificare sempre sul sito ufficiale prima della partenza.</span></div>
  <div class=""cpv-stat""><strong>Bagagli</strong><span>Controlla franchigia e servizi inclusi in base alla tariffa scelta.</span></div>
</div>
<h2>Hahn Air: cosa controllare prima di prenotare</h2>
<p>La compagnia viene spesso valutata per tratte business, nazionali o con servizi aggiuntivi. Prima della prenotazione conviene confrontare orari, politica bagagli, flessibilita della tariffa e aeroporto di partenza disponibile in Italia.</p>
<div class=""cpv-chip-list""><span class=""cpv-chip"">FCO</span><span class=""cpv-chip"">CIA</span><span class=""cpv-chip"">MXP</span><span class=""cpv-chip"">BGY</span><span class=""cpv-chip"">LIN</span><span class=""cpv-chip"">NAP</span></div>
<div class=""cpv-landing-grid"">
  <div class=""cpv-landing-card""><strong>Bagaglio a mano</strong><p>Controlla sempre misure, peso e possibilita di aggiungere priorita o trolley in cabina.</p></div>
  <div class=""cpv-landing-card""><strong>Check-in</strong><p>Verifica finestre di apertura, app mobile, costi in aeroporto e documenti richiesti.</p></div>
  <div class=""cpv-landing-card""><strong>Partenze italiane</strong><p>Confronta i principali aeroporti italiani per capire quali rotte o fasce orarie sono piu interessanti.</p></div>
</div>
<h2>Domande frequenti su Hahn Air</h2>
<div class=""cpv-faq"">
  <details><summary>Come verificare le regole bagaglio di Hahn Air?</summary><p>Consulta sempre la pagina ufficiale prima dell'acquisto: le regole possono cambiare in base alla tariffa, alla rotta e alla data di viaggio.</p></details>
  <details><summary>Hahn Air e adatta a chi cerca il prezzo piu basso?</summary><p>Dipende dalla rotta e dai servizi necessari. In molti casi le tariffe base sono competitive, ma conviene verificare gli extra prima di concludere la prenotazione.</p></details>
  <details><summary>Quali aeroporti italiani monitorare?</summary><p>Le partenze da Milano, Roma, Napoli, Venezia, Catania e Bologna sono tra quelle che gli utenti confrontano piu spesso.</p></details>
</div>","Compagnie aeree|Compagnie tradizionali",airline,H1,/compagnie-aeree/hahn-air/,"Hahn Air: bagagli, check-in e rotte | ConfrontaPrezziVoli","Scopri come volare con Hahn Air: bagaglio a mano, check-in, consigli e rotte piu cercate dagli utenti italiani.","Hahn Air bagaglio check-in",airlines,"Compagnia classificata come tradizionale nel dataset."
post,publish,"Hahn Air (HR): bagagli, check-in, rotte e consigli 2026",compagnia-aerea-hahn-air-hr,"Guida pratica su Hahn Air: bagaglio a mano, check-in, rotte popolari dall'Italia e consigli utili per prenotare.","<div class=""cpv-landing-note"">
  <p><strong>Guida pratica Hahn Air.</strong> Qui trovi una sintesi utile per capire come prenotare con Hahn Air, cosa controllare su bagagli e check-in e quali aspetti confrontare prima di acquistare il volo.</p>
</div>
<div class=""cpv-stat-grid"">
  <div class=""cpv-stat""><strong>Tradizionale</strong><span>Tipologia di compagnia secondo il dataset disponibile.</span></div>
  <div class=""cpv-stat""><strong>Check-in online</strong><span>Da verificare sempre sul sito ufficiale prima della partenza.</span></div>
  <div class=""cpv-stat""><strong>Bagagli</strong><span>Controlla franchigia e servizi inclusi in base alla tariffa scelta.</span></div>
</div>
<h2>Hahn Air: cosa controllare prima di prenotare</h2>
<p>La compagnia viene spesso valutata per tratte business, nazionali o con servizi aggiuntivi. Prima della prenotazione conviene confrontare orari, politica bagagli, flessibilita della tariffa e aeroporto di partenza disponibile in Italia.</p>
<div class=""cpv-chip-list""><span class=""cpv-chip"">FCO</span><span class=""cpv-chip"">CIA</span><span class=""cpv-chip"">MXP</span><span class=""cpv-chip"">BGY</span><span class=""cpv-chip"">LIN</span><span class=""cpv-chip"">NAP</span></div>
<div class=""cpv-landing-grid"">
  <div class=""cpv-landing-card""><strong>Bagaglio a mano</strong><p>Controlla sempre misure, peso e possibilita di aggiungere priorita o trolley in cabina.</p></div>
  <div class=""cpv-landing-card""><strong>Check-in</strong><p>Verifica finestre di apertura, app mobile, costi in aeroporto e documenti richiesti.</p></div>
  <div class=""cpv-landing-card""><strong>Partenze italiane</strong><p>Confronta i principali aeroporti italiani per capire quali rotte o fasce orarie sono piu interessanti.</p></div>
</div>
<h2>Domande frequenti su Hahn Air</h2>
<div class=""cpv-faq"">
  <details><summary>Come verificare le regole bagaglio di Hahn Air?</summary><p>Consulta sempre la pagina ufficiale prima dell'acquisto: le regole possono cambiare in base alla tariffa, alla rotta e alla data di viaggio.</p></details>
  <details><summary>Hahn Air e adatta a chi cerca il prezzo piu basso?</summary><p>Dipende dalla rotta e dai servizi necessari. In molti casi le tariffe base sono competitive, ma conviene verificare gli extra prima di concludere la prenotazione.</p></details>
  <details><summary>Quali aeroporti italiani monitorare?</summary><p>Le partenze da Milano, Roma, Napoli, Venezia, Catania e Bologna sono tra quelle che gli utenti confrontano piu spesso.</p></details>
</div>","Compagnie aeree|Compagnie tradizionali",airline,HR,/compagnie-aeree/hahn-air/,"Hahn Air: bagagli, check-in e rotte | ConfrontaPrezziVoli","Scopri come volare con Hahn Air: bagaglio a mano, check-in, consigli e rotte piu cercate dagli utenti italiani.","Hahn Air bagaglio check-in",airlines,"Compagnia classificata come tradizionale nel dataset."
post,publish,"Hahn Air Technologies (X1): bagagli, check-in, rotte e consigli 2026",compagnia-aerea-hahn-air-technologies-x1,"Guida pratica su Hahn Air Technologies: bagaglio a mano, check-in, rotte popolari dall'Italia e consigli utili per prenotare.","<div class=""cpv-landing-note"">
  <p><strong>Guida pratica Hahn Air Technologies.</strong> Qui trovi una sintesi utile per capire come prenotare con Hahn Air Technologies, cosa controllare su bagagli e check-in e quali aspetti confrontare prima di acquistare il volo.</p>
</div>
<div class=""cpv-stat-grid"">
  <div class=""cpv-stat""><strong>Tradizionale</strong><span>Tipologia di compagnia secondo il dataset disponibile.</span></div>
  <div class=""cpv-stat""><strong>Check-in online</strong><span>Da verificare sempre sul sito ufficiale prima della partenza.</span></div>
  <div class=""cpv-stat""><strong>Bagagli</strong><span>Controlla franchigia e servizi inclusi in base alla tariffa scelta.</span></div>
</div>
<h2>Hahn Air Technologies: cosa controllare prima di prenotare</h2>
<p>La compagnia viene spesso valutata per tratte business, nazionali o con servizi aggiuntivi. Prima della prenotazione conviene confrontare orari, politica bagagli, flessibilita della tariffa e aeroporto di partenza disponibile in Italia.</p>
<div class=""cpv-chip-list""><span class=""cpv-chip"">FCO</span><span class=""cpv-chip"">CIA</span><span class=""cpv-chip"">MXP</span><span class=""cpv-chip"">BGY</span><span class=""cpv-chip"">LIN</span><span class=""cpv-chip"">NAP</span></div>
<div class=""cpv-landing-grid"">
  <div class=""cpv-landing-card""><strong>Bagaglio a mano</strong><p>Controlla sempre misure, peso e possibilita di aggiungere priorita o trolley in cabina.</p></div>
  <div class=""cpv-landing-card""><strong>Check-in</strong><p>Verifica finestre di apertura, app mobile, costi in aeroporto e documenti richiesti.</p></div>
  <div class=""cpv-landing-card""><strong>Partenze italiane</strong><p>Confronta i principali aeroporti italiani per capire quali rotte o fasce orarie sono piu interessanti.</p></div>
</div>
<h2>Domande frequenti su Hahn Air Technologies</h2>
<div class=""cpv-faq"">
  <details><summary>Come verificare le regole bagaglio di Hahn Air Technologies?</summary><p>Consulta sempre la pagina ufficiale prima dell'acquisto: le regole possono cambiare in base alla tariffa, alla rotta e alla data di viaggio.</p></details>
  <details><summary>Hahn Air Technologies e adatta a chi cerca il prezzo piu basso?</summary><p>Dipende dalla rotta e dai servizi necessari. In molti casi le tariffe base sono competitive, ma conviene verificare gli extra prima di concludere la prenotazione.</p></details>
  <details><summary>Quali aeroporti italiani monitorare?</summary><p>Le partenze da Milano, Roma, Napoli, Venezia, Catania e Bologna sono tra quelle che gli utenti confrontano piu spesso.</p></details>
</div>","Compagnie aeree|Compagnie tradizionali",airline,X1,/compagnie-aeree/hahn-air-technologies/,"Hahn Air Technologies: bagagli, check-in e rotte | ConfrontaPrezziVoli","Scopri come volare con Hahn Air Technologies: bagaglio a mano, check-in, consigli e rotte piu cercate dagli utenti italiani.","Hahn Air Technologies bagaglio check-in",airlines,"Compagnia classificata come tradizionale nel dataset."
post,publish,"Hainan Airlines (HU): bagagli, check-in, rotte e consigli 2026",compagnia-aerea-hainan-airlines-hu,"Guida pratica su Hainan Airlines: bagaglio a mano, check-in, rotte popolari dall'Italia e consigli utili per prenotare.","<div class=""cpv-landing-note"">
  <p><strong>Guida pratica Hainan Airlines.</strong> Qui trovi una sintesi utile per capire come prenotare con Hainan Airlines, cosa controllare su bagagli e check-in e quali aspetti confrontare prima di acquistare il volo.</p>
</div>
<div class=""cpv-stat-grid"">
  <div class=""cpv-stat""><strong>Tradizionale</strong><span>Tipologia di compagnia secondo il dataset disponibile.</span></div>
  <div class=""cpv-stat""><strong>Check-in online</strong><span>Da verificare sempre sul sito ufficiale prima della partenza.</span></div>
  <div class=""cpv-stat""><strong>Bagagli</strong><span>Controlla franchigia e servizi inclusi in base alla tariffa scelta.</span></div>
</div>
<h2>Hainan Airlines: cosa controllare prima di prenotare</h2>
<p>La compagnia viene spesso valutata per tratte business, nazionali o con servizi aggiuntivi. Prima della prenotazione conviene confrontare orari, politica bagagli, flessibilita della tariffa e aeroporto di partenza disponibile in Italia.</p>
<div class=""cpv-chip-list""><span class=""cpv-chip"">FCO</span><span class=""cpv-chip"">CIA</span><span class=""cpv-chip"">MXP</span><span class=""cpv-chip"">BGY</span><span class=""cpv-chip"">LIN</span><span class=""cpv-chip"">NAP</span></div>
<div class=""cpv-landing-grid"">
  <div class=""cpv-landing-card""><strong>Bagaglio a mano</strong><p>Controlla sempre misure, peso e possibilita di aggiungere priorita o trolley in cabina.</p></div>
  <div class=""cpv-landing-card""><strong>Check-in</strong><p>Verifica finestre di apertura, app mobile, costi in aeroporto e documenti richiesti.</p></div>
  <div class=""cpv-landing-card""><strong>Partenze italiane</strong><p>Confronta i principali aeroporti italiani per capire quali rotte o fasce orarie sono piu interessanti.</p></div>
</div>
<h2>Domande frequenti su Hainan Airlines</h2>
<div class=""cpv-faq"">
  <details><summary>Come verificare le regole bagaglio di Hainan Airlines?</summary><p>Consulta sempre la pagina ufficiale prima dell'acquisto: le regole possono cambiare in base alla tariffa, alla rotta e alla data di viaggio.</p></details>
  <details><summary>Hainan Airlines e adatta a chi cerca il prezzo piu basso?</summary><p>Dipende dalla rotta e dai servizi necessari. In molti casi le tariffe base sono competitive, ma conviene verificare gli extra prima di concludere la prenotazione.</p></details>
  <details><summary>Quali aeroporti italiani monitorare?</summary><p>Le partenze da Milano, Roma, Napoli, Venezia, Catania e Bologna sono tra quelle che gli utenti confrontano piu spesso.</p></details>
</div>","Compagnie aeree|Compagnie tradizionali",airline,HU,/compagnie-aeree/hainan-airlines/,"Hainan Airlines: bagagli, check-in e rotte | ConfrontaPrezziVoli","Scopri come volare con Hainan Airlines: bagaglio a mano, check-in, consigli e rotte piu cercate dagli utenti italiani.","Hainan Airlines bagaglio check-in",airlines,"Compagnia classificata come tradizionale nel dataset."
post,publish,"Halcyonair (7Z): bagagli, check-in, rotte e consigli 2026",compagnia-aerea-halcyonair-7z,"Guida pratica su Halcyonair: bagaglio a mano, check-in, rotte popolari dall'Italia e consigli utili per prenotare.","<div class=""cpv-landing-note"">
  <p><strong>Guida pratica Halcyonair.</strong> Qui trovi una sintesi utile per capire come prenotare con Halcyonair, cosa controllare su bagagli e check-in e quali aspetti confrontare prima di acquistare il volo.</p>
</div>
<div class=""cpv-stat-grid"">
  <div class=""cpv-stat""><strong>Tradizionale</strong><span>Tipologia di compagnia secondo il dataset disponibile.</span></div>
  <div class=""cpv-stat""><strong>Check-in online</strong><span>Da verificare sempre sul sito ufficiale prima della partenza.</span></div>
  <div class=""cpv-stat""><strong>Bagagli</strong><span>Controlla franchigia e servizi inclusi in base alla tariffa scelta.</span></div>
</div>
<h2>Halcyonair: cosa controllare prima di prenotare</h2>
<p>La compagnia viene spesso valutata per tratte business, nazionali o con servizi aggiuntivi. Prima della prenotazione conviene confrontare orari, politica bagagli, flessibilita della tariffa e aeroporto di partenza disponibile in Italia.</p>
<div class=""cpv-chip-list""><span class=""cpv-chip"">FCO</span><span class=""cpv-chip"">CIA</span><span class=""cpv-chip"">MXP</span><span class=""cpv-chip"">BGY</span><span class=""cpv-chip"">LIN</span><span class=""cpv-chip"">NAP</span></div>
<div class=""cpv-landing-grid"">
  <div class=""cpv-landing-card""><strong>Bagaglio a mano</strong><p>Controlla sempre misure, peso e possibilita di aggiungere priorita o trolley in cabina.</p></div>
  <div class=""cpv-landing-card""><strong>Check-in</strong><p>Verifica finestre di apertura, app mobile, costi in aeroporto e documenti richiesti.</p></div>
  <div class=""cpv-landing-card""><strong>Partenze italiane</strong><p>Confronta i principali aeroporti italiani per capire quali rotte o fasce orarie sono piu interessanti.</p></div>
</div>
<h2>Domande frequenti su Halcyonair</h2>
<div class=""cpv-faq"">
  <details><summary>Come verificare le regole bagaglio di Halcyonair?</summary><p>Consulta sempre la pagina ufficiale prima dell'acquisto: le regole possono cambiare in base alla tariffa, alla rotta e alla data di viaggio.</p></details>
  <details><summary>Halcyonair e adatta a chi cerca il prezzo piu basso?</summary><p>Dipende dalla rotta e dai servizi necessari. In molti casi le tariffe base sono competitive, ma conviene verificare gli extra prima di concludere la prenotazione.</p></details>
  <details><summary>Quali aeroporti italiani monitorare?</summary><p>Le partenze da Milano, Roma, Napoli, Venezia, Catania e Bologna sono tra quelle che gli utenti confrontano piu spesso.</p></details>
</div>","Compagnie aeree|Compagnie tradizionali",airline,7Z,/compagnie-aeree/halcyonair/,"Halcyonair: bagagli, check-in e rotte | ConfrontaPrezziVoli","Scopri come volare con Halcyonair: bagaglio a mano, check-in, consigli e rotte piu cercate dagli utenti italiani.","Halcyonair bagaglio check-in",airlines,"Compagnia classificata come tradizionale nel dataset."
post,publish,"Harbour Air Seaplanes (YB): bagagli, check-in, rotte e consigli 2026",compagnia-aerea-harbour-air-seaplanes-yb,"Guida pratica su Harbour Air Seaplanes: bagaglio a mano, check-in, rotte popolari dall'Italia e consigli utili per prenotare.","<div class=""cpv-landing-note"">
  <p><strong>Guida pratica Harbour Air Seaplanes.</strong> Qui trovi una sintesi utile per capire come prenotare con Harbour Air Seaplanes, cosa controllare su bagagli e check-in e quali aspetti confrontare prima di acquistare il volo.</p>
</div>
<div class=""cpv-stat-grid"">
  <div class=""cpv-stat""><strong>Tradizionale</strong><span>Tipologia di compagnia secondo il dataset disponibile.</span></div>
  <div class=""cpv-stat""><strong>Check-in online</strong><span>Da verificare sempre sul sito ufficiale prima della partenza.</span></div>
  <div class=""cpv-stat""><strong>Bagagli</strong><span>Controlla franchigia e servizi inclusi in base alla tariffa scelta.</span></div>
</div>
<h2>Harbour Air Seaplanes: cosa controllare prima di prenotare</h2>
<p>La compagnia viene spesso valutata per tratte business, nazionali o con servizi aggiuntivi. Prima della prenotazione conviene confrontare orari, politica bagagli, flessibilita della tariffa e aeroporto di partenza disponibile in Italia.</p>
<div class=""cpv-chip-list""><span class=""cpv-chip"">FCO</span><span class=""cpv-chip"">CIA</span><span class=""cpv-chip"">MXP</span><span class=""cpv-chip"">BGY</span><span class=""cpv-chip"">LIN</span><span class=""cpv-chip"">NAP</span></div>
<div class=""cpv-landing-grid"">
  <div class=""cpv-landing-card""><strong>Bagaglio a mano</strong><p>Controlla sempre misure, peso e possibilita di aggiungere priorita o trolley in cabina.</p></div>
  <div class=""cpv-landing-card""><strong>Check-in</strong><p>Verifica finestre di apertura, app mobile, costi in aeroporto e documenti richiesti.</p></div>
  <div class=""cpv-landing-card""><strong>Partenze italiane</strong><p>Confronta i principali aeroporti italiani per capire quali rotte o fasce orarie sono piu interessanti.</p></div>
</div>
<h2>Domande frequenti su Harbour Air Seaplanes</h2>
<div class=""cpv-faq"">
  <details><summary>Come verificare le regole bagaglio di Harbour Air Seaplanes?</summary><p>Consulta sempre la pagina ufficiale prima dell'acquisto: le regole possono cambiare in base alla tariffa, alla rotta e alla data di viaggio.</p></details>
  <details><summary>Harbour Air Seaplanes e adatta a chi cerca il prezzo piu basso?</summary><p>Dipende dalla rotta e dai servizi necessari. In molti casi le tariffe base sono competitive, ma conviene verificare gli extra prima di concludere la prenotazione.</p></details>
  <details><summary>Quali aeroporti italiani monitorare?</summary><p>Le partenze da Milano, Roma, Napoli, Venezia, Catania e Bologna sono tra quelle che gli utenti confrontano piu spesso.</p></details>
</div>","Compagnie aeree|Compagnie tradizionali",airline,YB,/compagnie-aeree/harbour-air-seaplanes/,"Harbour Air Seaplanes: bagagli, check-in e rotte | ConfrontaPrezziVoli","Scopri come volare con Harbour Air Seaplanes: bagaglio a mano, check-in, consigli e rotte piu cercate dagli utenti italiani.","Harbour Air Seaplanes bagaglio check-in",airlines,"Compagnia classificata come tradizionale nel dataset."
post,publish,"Hawaiian Airlines (HA): bagagli, check-in, rotte e consigli 2026",compagnia-aerea-hawaiian-airlines-ha,"Guida pratica su Hawaiian Airlines: bagaglio a mano, check-in, rotte popolari dall'Italia e consigli utili per prenotare.","<div class=""cpv-landing-note"">
  <p><strong>Guida pratica Hawaiian Airlines.</strong> Qui trovi una sintesi utile per capire come prenotare con Hawaiian Airlines, cosa controllare su bagagli e check-in e quali aspetti confrontare prima di acquistare il volo.</p>
</div>
<div class=""cpv-stat-grid"">
  <div class=""cpv-stat""><strong>Tradizionale</strong><span>Tipologia di compagnia secondo il dataset disponibile.</span></div>
  <div class=""cpv-stat""><strong>Check-in online</strong><span>Da verificare sempre sul sito ufficiale prima della partenza.</span></div>
  <div class=""cpv-stat""><strong>Bagagli</strong><span>Controlla franchigia e servizi inclusi in base alla tariffa scelta.</span></div>
</div>
<h2>Hawaiian Airlines: cosa controllare prima di prenotare</h2>
<p>La compagnia viene spesso valutata per tratte business, nazionali o con servizi aggiuntivi. Prima della prenotazione conviene confrontare orari, politica bagagli, flessibilita della tariffa e aeroporto di partenza disponibile in Italia.</p>
<div class=""cpv-chip-list""><span class=""cpv-chip"">FCO</span><span class=""cpv-chip"">CIA</span><span class=""cpv-chip"">MXP</span><span class=""cpv-chip"">BGY</span><span class=""cpv-chip"">LIN</span><span class=""cpv-chip"">NAP</span></div>
<div class=""cpv-landing-grid"">
  <div class=""cpv-landing-card""><strong>Bagaglio a mano</strong><p>Controlla sempre misure, peso e possibilita di aggiungere priorita o trolley in cabina.</p></div>
  <div class=""cpv-landing-card""><strong>Check-in</strong><p>Verifica finestre di apertura, app mobile, costi in aeroporto e documenti richiesti.</p></div>
  <div class=""cpv-landing-card""><strong>Partenze italiane</strong><p>Confronta i principali aeroporti italiani per capire quali rotte o fasce orarie sono piu interessanti.</p></div>
</div>
<h2>Domande frequenti su Hawaiian Airlines</h2>
<div class=""cpv-faq"">
  <details><summary>Come verificare le regole bagaglio di Hawaiian Airlines?</summary><p>Consulta sempre la pagina ufficiale prima dell'acquisto: le regole possono cambiare in base alla tariffa, alla rotta e alla data di viaggio.</p></details>
  <details><summary>Hawaiian Airlines e adatta a chi cerca il prezzo piu basso?</summary><p>Dipende dalla rotta e dai servizi necessari. In molti casi le tariffe base sono competitive, ma conviene verificare gli extra prima di concludere la prenotazione.</p></details>
  <details><summary>Quali aeroporti italiani monitorare?</summary><p>Le partenze da Milano, Roma, Napoli, Venezia, Catania e Bologna sono tra quelle che gli utenti confrontano piu spesso.</p></details>
</div>","Compagnie aeree|Compagnie tradizionali",airline,HA,/compagnie-aeree/hawaiian-airlines/,"Hawaiian Airlines: bagagli, check-in e rotte | ConfrontaPrezziVoli","Scopri come volare con Hawaiian Airlines: bagaglio a mano, check-in, consigli e rotte piu cercate dagli utenti italiani.","Hawaiian Airlines bagaglio check-in",airlines,"Compagnia classificata come tradizionale nel dataset."
post,publish,"Hawkair (BH): bagagli, check-in, rotte e consigli 2026",compagnia-aerea-hawkair-bh,"Guida pratica su Hawkair: bagaglio a mano, check-in, rotte popolari dall'Italia e consigli utili per prenotare.","<div class=""cpv-landing-note"">
  <p><strong>Guida pratica Hawkair.</strong> Qui trovi una sintesi utile per capire come prenotare con Hawkair, cosa controllare su bagagli e check-in e quali aspetti confrontare prima di acquistare il volo.</p>
</div>
<div class=""cpv-stat-grid"">
  <div class=""cpv-stat""><strong>Tradizionale</strong><span>Tipologia di compagnia secondo il dataset disponibile.</span></div>
  <div class=""cpv-stat""><strong>Check-in online</strong><span>Da verificare sempre sul sito ufficiale prima della partenza.</span></div>
  <div class=""cpv-stat""><strong>Bagagli</strong><span>Controlla franchigia e servizi inclusi in base alla tariffa scelta.</span></div>
</div>
<h2>Hawkair: cosa controllare prima di prenotare</h2>
<p>La compagnia viene spesso valutata per tratte business, nazionali o con servizi aggiuntivi. Prima della prenotazione conviene confrontare orari, politica bagagli, flessibilita della tariffa e aeroporto di partenza disponibile in Italia.</p>
<div class=""cpv-chip-list""><span class=""cpv-chip"">FCO</span><span class=""cpv-chip"">CIA</span><span class=""cpv-chip"">MXP</span><span class=""cpv-chip"">BGY</span><span class=""cpv-chip"">LIN</span><span class=""cpv-chip"">NAP</span></div>
<div class=""cpv-landing-grid"">
  <div class=""cpv-landing-card""><strong>Bagaglio a mano</strong><p>Controlla sempre misure, peso e possibilita di aggiungere priorita o trolley in cabina.</p></div>
  <div class=""cpv-landing-card""><strong>Check-in</strong><p>Verifica finestre di apertura, app mobile, costi in aeroporto e documenti richiesti.</p></div>
  <div class=""cpv-landing-card""><strong>Partenze italiane</strong><p>Confronta i principali aeroporti italiani per capire quali rotte o fasce orarie sono piu interessanti.</p></div>
</div>
<h2>Domande frequenti su Hawkair</h2>
<div class=""cpv-faq"">
  <details><summary>Come verificare le regole bagaglio di Hawkair?</summary><p>Consulta sempre la pagina ufficiale prima dell'acquisto: le regole possono cambiare in base alla tariffa, alla rotta e alla data di viaggio.</p></details>
  <details><summary>Hawkair e adatta a chi cerca il prezzo piu basso?</summary><p>Dipende dalla rotta e dai servizi necessari. In molti casi le tariffe base sono competitive, ma conviene verificare gli extra prima di concludere la prenotazione.</p></details>
  <details><summary>Quali aeroporti italiani monitorare?</summary><p>Le partenze da Milano, Roma, Napoli, Venezia, Catania e Bologna sono tra quelle che gli utenti confrontano piu spesso.</p></details>
</div>","Compagnie aeree|Compagnie tradizionali",airline,BH,/compagnie-aeree/hawkair/,"Hawkair: bagagli, check-in e rotte | ConfrontaPrezziVoli","Scopri come volare con Hawkair: bagaglio a mano, check-in, consigli e rotte piu cercate dagli utenti italiani.","Hawkair bagaglio check-in",airlines,"Compagnia classificata come tradizionale nel dataset."
post,publish,"Hayways (Y5): bagagli, check-in, rotte e consigli 2026",compagnia-aerea-hayways-y5,"Guida pratica su Hayways: bagaglio a mano, check-in, rotte popolari dall'Italia e consigli utili per prenotare.","<div class=""cpv-landing-note"">
  <p><strong>Guida pratica Hayways.</strong> Qui trovi una sintesi utile per capire come prenotare con Hayways, cosa controllare su bagagli e check-in e quali aspetti confrontare prima di acquistare il volo.</p>
</div>
<div class=""cpv-stat-grid"">
  <div class=""cpv-stat""><strong>Low cost</strong><span>Tipologia di compagnia secondo il dataset disponibile.</span></div>
  <div class=""cpv-stat""><strong>Check-in online</strong><span>Da verificare sempre sul sito ufficiale prima della partenza.</span></div>
  <div class=""cpv-stat""><strong>Bagagli</strong><span>Verifica con attenzione dimensioni e priorita del bagaglio a mano.</span></div>
</div>
<h2>Hayways: cosa controllare prima di prenotare</h2>
<p>La compagnia e spesso cercata per city break, leisure e rotte sensibili al prezzo. Prima della prenotazione conviene confrontare orari, politica bagagli, flessibilita della tariffa e aeroporto di partenza disponibile in Italia.</p>
<div class=""cpv-chip-list""><span class=""cpv-chip"">FCO</span><span class=""cpv-chip"">CIA</span><span class=""cpv-chip"">MXP</span><span class=""cpv-chip"">BGY</span><span class=""cpv-chip"">LIN</span><span class=""cpv-chip"">NAP</span></div>
<div class=""cpv-landing-grid"">
  <div class=""cpv-landing-card""><strong>Bagaglio a mano</strong><p>Controlla sempre misure, peso e possibilita di aggiungere priorita o trolley in cabina.</p></div>
  <div class=""cpv-landing-card""><strong>Check-in</strong><p>Verifica finestre di apertura, app mobile, costi in aeroporto e documenti richiesti.</p></div>
  <div class=""cpv-landing-card""><strong>Partenze italiane</strong><p>Confronta i principali aeroporti italiani per capire quali rotte o fasce orarie sono piu interessanti.</p></div>
</div>
<h2>Domande frequenti su Hayways</h2>
<div class=""cpv-faq"">
  <details><summary>Come verificare le regole bagaglio di Hayways?</summary><p>Consulta sempre la pagina ufficiale prima dell'acquisto: le regole possono cambiare in base alla tariffa, alla rotta e alla data di viaggio.</p></details>
  <details><summary>Hayways e adatta a chi cerca il prezzo piu basso?</summary><p>Dipende dalla rotta e dai servizi necessari. In molti casi le tariffe base sono competitive, ma conviene verificare gli extra prima di concludere la prenotazione.</p></details>
  <details><summary>Quali aeroporti italiani monitorare?</summary><p>Le partenze da Milano, Roma, Napoli, Venezia, Catania e Bologna sono tra quelle che gli utenti confrontano piu spesso.</p></details>
</div>","Compagnie aeree|Compagnie low cost",airline,Y5,/compagnie-aeree/hayways/,"Hayways: bagagli, check-in e rotte | ConfrontaPrezziVoli","Scopri come volare con Hayways: bagaglio a mano, check-in, consigli e rotte piu cercate dagli utenti italiani.","Hayways bagaglio check-in",airlines,"Compagnia classificata come low cost nel dataset."
post,publish,"Hebei Airlines (NS): bagagli, check-in, rotte e consigli 2026",compagnia-aerea-hebei-airlines-ns,"Guida pratica su Hebei Airlines: bagaglio a mano, check-in, rotte popolari dall'Italia e consigli utili per prenotare.","<div class=""cpv-landing-note"">
  <p><strong>Guida pratica Hebei Airlines.</strong> Qui trovi una sintesi utile per capire come prenotare con Hebei Airlines, cosa controllare su bagagli e check-in e quali aspetti confrontare prima di acquistare il volo.</p>
</div>
<div class=""cpv-stat-grid"">
  <div class=""cpv-stat""><strong>Tradizionale</strong><span>Tipologia di compagnia secondo il dataset disponibile.</span></div>
  <div class=""cpv-stat""><strong>Check-in online</strong><span>Da verificare sempre sul sito ufficiale prima della partenza.</span></div>
  <div class=""cpv-stat""><strong>Bagagli</strong><span>Controlla franchigia e servizi inclusi in base alla tariffa scelta.</span></div>
</div>
<h2>Hebei Airlines: cosa controllare prima di prenotare</h2>
<p>La compagnia viene spesso valutata per tratte business, nazionali o con servizi aggiuntivi. Prima della prenotazione conviene confrontare orari, politica bagagli, flessibilita della tariffa e aeroporto di partenza disponibile in Italia.</p>
<div class=""cpv-chip-list""><span class=""cpv-chip"">FCO</span><span class=""cpv-chip"">CIA</span><span class=""cpv-chip"">MXP</span><span class=""cpv-chip"">BGY</span><span class=""cpv-chip"">LIN</span><span class=""cpv-chip"">NAP</span></div>
<div class=""cpv-landing-grid"">
  <div class=""cpv-landing-card""><strong>Bagaglio a mano</strong><p>Controlla sempre misure, peso e possibilita di aggiungere priorita o trolley in cabina.</p></div>
  <div class=""cpv-landing-card""><strong>Check-in</strong><p>Verifica finestre di apertura, app mobile, costi in aeroporto e documenti richiesti.</p></div>
  <div class=""cpv-landing-card""><strong>Partenze italiane</strong><p>Confronta i principali aeroporti italiani per capire quali rotte o fasce orarie sono piu interessanti.</p></div>
</div>
<h2>Domande frequenti su Hebei Airlines</h2>
<div class=""cpv-faq"">
  <details><summary>Come verificare le regole bagaglio di Hebei Airlines?</summary><p>Consulta sempre la pagina ufficiale prima dell'acquisto: le regole possono cambiare in base alla tariffa, alla rotta e alla data di viaggio.</p></details>
  <details><summary>Hebei Airlines e adatta a chi cerca il prezzo piu basso?</summary><p>Dipende dalla rotta e dai servizi necessari. In molti casi le tariffe base sono competitive, ma conviene verificare gli extra prima di concludere la prenotazione.</p></details>
  <details><summary>Quali aeroporti italiani monitorare?</summary><p>Le partenze da Milano, Roma, Napoli, Venezia, Catania e Bologna sono tra quelle che gli utenti confrontano piu spesso.</p></details>
</div>","Compagnie aeree|Compagnie tradizionali",airline,NS,/compagnie-aeree/hebei-airlines/,"Hebei Airlines: bagagli, check-in e rotte | ConfrontaPrezziVoli","Scopri come volare con Hebei Airlines: bagaglio a mano, check-in, consigli e rotte piu cercate dagli utenti italiani.","Hebei Airlines bagaglio check-in",airlines,"Compagnia classificata come tradizionale nel dataset."
post,publish,"Heli Air Monaco (YO): bagagli, check-in, rotte e consigli 2026",compagnia-aerea-heli-air-monaco-yo,"Guida pratica su Heli Air Monaco: bagaglio a mano, check-in, rotte popolari dall'Italia e consigli utili per prenotare.","<div class=""cpv-landing-note"">
  <p><strong>Guida pratica Heli Air Monaco.</strong> Qui trovi una sintesi utile per capire come prenotare con Heli Air Monaco, cosa controllare su bagagli e check-in e quali aspetti confrontare prima di acquistare il volo.</p>
</div>
<div class=""cpv-stat-grid"">
  <div class=""cpv-stat""><strong>Tradizionale</strong><span>Tipologia di compagnia secondo il dataset disponibile.</span></div>
  <div class=""cpv-stat""><strong>Check-in online</strong><span>Da verificare sempre sul sito ufficiale prima della partenza.</span></div>
  <div class=""cpv-stat""><strong>Bagagli</strong><span>Controlla franchigia e servizi inclusi in base alla tariffa scelta.</span></div>
</div>
<h2>Heli Air Monaco: cosa controllare prima di prenotare</h2>
<p>La compagnia viene spesso valutata per tratte business, nazionali o con servizi aggiuntivi. Prima della prenotazione conviene confrontare orari, politica bagagli, flessibilita della tariffa e aeroporto di partenza disponibile in Italia.</p>
<div class=""cpv-chip-list""><span class=""cpv-chip"">FCO</span><span class=""cpv-chip"">CIA</span><span class=""cpv-chip"">MXP</span><span class=""cpv-chip"">BGY</span><span class=""cpv-chip"">LIN</span><span class=""cpv-chip"">NAP</span></div>
<div class=""cpv-landing-grid"">
  <div class=""cpv-landing-card""><strong>Bagaglio a mano</strong><p>Controlla sempre misure, peso e possibilita di aggiungere priorita o trolley in cabina.</p></div>
  <div class=""cpv-landing-card""><strong>Check-in</strong><p>Verifica finestre di apertura, app mobile, costi in aeroporto e documenti richiesti.</p></div>
  <div class=""cpv-landing-card""><strong>Partenze italiane</strong><p>Confronta i principali aeroporti italiani per capire quali rotte o fasce orarie sono piu interessanti.</p></div>
</div>
<h2>Domande frequenti su Heli Air Monaco</h2>
<div class=""cpv-faq"">
  <details><summary>Come verificare le regole bagaglio di Heli Air Monaco?</summary><p>Consulta sempre la pagina ufficiale prima dell'acquisto: le regole possono cambiare in base alla tariffa, alla rotta e alla data di viaggio.</p></details>
  <details><summary>Heli Air Monaco e adatta a chi cerca il prezzo piu basso?</summary><p>Dipende dalla rotta e dai servizi necessari. In molti casi le tariffe base sono competitive, ma conviene verificare gli extra prima di concludere la prenotazione.</p></details>
  <details><summary>Quali aeroporti italiani monitorare?</summary><p>Le partenze da Milano, Roma, Napoli, Venezia, Catania e Bologna sono tra quelle che gli utenti confrontano piu spesso.</p></details>
</div>","Compagnie aeree|Compagnie tradizionali",airline,YO,/compagnie-aeree/heli-air-monaco/,"Heli Air Monaco: bagagli, check-in e rotte | ConfrontaPrezziVoli","Scopri come volare con Heli Air Monaco: bagaglio a mano, check-in, consigli e rotte piu cercate dagli utenti italiani.","Heli Air Monaco bagaglio check-in",airlines,"Compagnia classificata come tradizionale nel dataset."
post,publish,"Helicópteros del Sureste (UV): bagagli, check-in, rotte e consigli 2026",compagnia-aerea-helic-opteros-del-sureste-uv,"Guida pratica su Helicópteros del Sureste: bagaglio a mano, check-in, rotte popolari dall'Italia e consigli utili per prenotare.","<div class=""cpv-landing-note"">
  <p><strong>Guida pratica Helicópteros del Sureste.</strong> Qui trovi una sintesi utile per capire come prenotare con Helicópteros del Sureste, cosa controllare su bagagli e check-in e quali aspetti confrontare prima di acquistare il volo.</p>
</div>
<div class=""cpv-stat-grid"">
  <div class=""cpv-stat""><strong>Tradizionale</strong><span>Tipologia di compagnia secondo il dataset disponibile.</span></div>
  <div class=""cpv-stat""><strong>Check-in online</strong><span>Da verificare sempre sul sito ufficiale prima della partenza.</span></div>
  <div class=""cpv-stat""><strong>Bagagli</strong><span>Controlla franchigia e servizi inclusi in base alla tariffa scelta.</span></div>
</div>
<h2>Helicópteros del Sureste: cosa controllare prima di prenotare</h2>
<p>La compagnia viene spesso valutata per tratte business, nazionali o con servizi aggiuntivi. Prima della prenotazione conviene confrontare orari, politica bagagli, flessibilita della tariffa e aeroporto di partenza disponibile in Italia.</p>
<div class=""cpv-chip-list""><span class=""cpv-chip"">FCO</span><span class=""cpv-chip"">CIA</span><span class=""cpv-chip"">MXP</span><span class=""cpv-chip"">BGY</span><span class=""cpv-chip"">LIN</span><span class=""cpv-chip"">NAP</span></div>
<div class=""cpv-landing-grid"">
  <div class=""cpv-landing-card""><strong>Bagaglio a mano</strong><p>Controlla sempre misure, peso e possibilita di aggiungere priorita o trolley in cabina.</p></div>
  <div class=""cpv-landing-card""><strong>Check-in</strong><p>Verifica finestre di apertura, app mobile, costi in aeroporto e documenti richiesti.</p></div>
  <div class=""cpv-landing-card""><strong>Partenze italiane</strong><p>Confronta i principali aeroporti italiani per capire quali rotte o fasce orarie sono piu interessanti.</p></div>
</div>
<h2>Domande frequenti su Helicópteros del Sureste</h2>
<div class=""cpv-faq"">
  <details><summary>Come verificare le regole bagaglio di Helicópteros del Sureste?</summary><p>Consulta sempre la pagina ufficiale prima dell'acquisto: le regole possono cambiare in base alla tariffa, alla rotta e alla data di viaggio.</p></details>
  <details><summary>Helicópteros del Sureste e adatta a chi cerca il prezzo piu basso?</summary><p>Dipende dalla rotta e dai servizi necessari. In molti casi le tariffe base sono competitive, ma conviene verificare gli extra prima di concludere la prenotazione.</p></details>
  <details><summary>Quali aeroporti italiani monitorare?</summary><p>Le partenze da Milano, Roma, Napoli, Venezia, Catania e Bologna sono tra quelle che gli utenti confrontano piu spesso.</p></details>
</div>","Compagnie aeree|Compagnie tradizionali",airline,UV,/compagnie-aeree/helic-opteros-del-sureste/,"Helicópteros del Sureste: bagagli, check-in e rotte | ConfrontaPrezziVoli","Scopri come volare con Helicópteros del Sureste: bagaglio a mano, check-in, consigli e rotte piu cercate dagli utenti italiani.","Helicópteros del Sureste bagaglio check-in",airlines,"Compagnia classificata come tradizionale nel dataset."
post,publish,"Helijet (JB): bagagli, check-in, rotte e consigli 2026",compagnia-aerea-helijet-jb,"Guida pratica su Helijet: bagaglio a mano, check-in, rotte popolari dall'Italia e consigli utili per prenotare.","<div class=""cpv-landing-note"">
  <p><strong>Guida pratica Helijet.</strong> Qui trovi una sintesi utile per capire come prenotare con Helijet, cosa controllare su bagagli e check-in e quali aspetti confrontare prima di acquistare il volo.</p>
</div>
<div class=""cpv-stat-grid"">
  <div class=""cpv-stat""><strong>Tradizionale</strong><span>Tipologia di compagnia secondo il dataset disponibile.</span></div>
  <div class=""cpv-stat""><strong>Check-in online</strong><span>Da verificare sempre sul sito ufficiale prima della partenza.</span></div>
  <div class=""cpv-stat""><strong>Bagagli</strong><span>Controlla franchigia e servizi inclusi in base alla tariffa scelta.</span></div>
</div>
<h2>Helijet: cosa controllare prima di prenotare</h2>
<p>La compagnia viene spesso valutata per tratte business, nazionali o con servizi aggiuntivi. Prima della prenotazione conviene confrontare orari, politica bagagli, flessibilita della tariffa e aeroporto di partenza disponibile in Italia.</p>
<div class=""cpv-chip-list""><span class=""cpv-chip"">FCO</span><span class=""cpv-chip"">CIA</span><span class=""cpv-chip"">MXP</span><span class=""cpv-chip"">BGY</span><span class=""cpv-chip"">LIN</span><span class=""cpv-chip"">NAP</span></div>
<div class=""cpv-landing-grid"">
  <div class=""cpv-landing-card""><strong>Bagaglio a mano</strong><p>Controlla sempre misure, peso e possibilita di aggiungere priorita o trolley in cabina.</p></div>
  <div class=""cpv-landing-card""><strong>Check-in</strong><p>Verifica finestre di apertura, app mobile, costi in aeroporto e documenti richiesti.</p></div>
  <div class=""cpv-landing-card""><strong>Partenze italiane</strong><p>Confronta i principali aeroporti italiani per capire quali rotte o fasce orarie sono piu interessanti.</p></div>
</div>
<h2>Domande frequenti su Helijet</h2>
<div class=""cpv-faq"">
  <details><summary>Come verificare le regole bagaglio di Helijet?</summary><p>Consulta sempre la pagina ufficiale prima dell'acquisto: le regole possono cambiare in base alla tariffa, alla rotta e alla data di viaggio.</p></details>
  <details><summary>Helijet e adatta a chi cerca il prezzo piu basso?</summary><p>Dipende dalla rotta e dai servizi necessari. In molti casi le tariffe base sono competitive, ma conviene verificare gli extra prima di concludere la prenotazione.</p></details>
  <details><summary>Quali aeroporti italiani monitorare?</summary><p>Le partenze da Milano, Roma, Napoli, Venezia, Catania e Bologna sono tra quelle che gli utenti confrontano piu spesso.</p></details>
</div>","Compagnie aeree|Compagnie tradizionali",airline,JB,/compagnie-aeree/helijet/,"Helijet: bagagli, check-in e rotte | ConfrontaPrezziVoli","Scopri come volare con Helijet: bagaglio a mano, check-in, consigli e rotte piu cercate dagli utenti italiani.","Helijet bagaglio check-in",airlines,"Compagnia classificata come tradizionale nel dataset."
post,publish,"Helvetic Airways (2L): bagagli, check-in, rotte e consigli 2026",compagnia-aerea-helvetic-airways-2l,"Guida pratica su Helvetic Airways: bagaglio a mano, check-in, rotte popolari dall'Italia e consigli utili per prenotare.","<div class=""cpv-landing-note"">
  <p><strong>Guida pratica Helvetic Airways.</strong> Qui trovi una sintesi utile per capire come prenotare con Helvetic Airways, cosa controllare su bagagli e check-in e quali aspetti confrontare prima di acquistare il volo.</p>
</div>
<div class=""cpv-stat-grid"">
  <div class=""cpv-stat""><strong>Tradizionale</strong><span>Tipologia di compagnia secondo il dataset disponibile.</span></div>
  <div class=""cpv-stat""><strong>Check-in online</strong><span>Da verificare sempre sul sito ufficiale prima della partenza.</span></div>
  <div class=""cpv-stat""><strong>Bagagli</strong><span>Controlla franchigia e servizi inclusi in base alla tariffa scelta.</span></div>
</div>
<h2>Helvetic Airways: cosa controllare prima di prenotare</h2>
<p>La compagnia viene spesso valutata per tratte business, nazionali o con servizi aggiuntivi. Prima della prenotazione conviene confrontare orari, politica bagagli, flessibilita della tariffa e aeroporto di partenza disponibile in Italia.</p>
<div class=""cpv-chip-list""><span class=""cpv-chip"">FCO</span><span class=""cpv-chip"">CIA</span><span class=""cpv-chip"">MXP</span><span class=""cpv-chip"">BGY</span><span class=""cpv-chip"">LIN</span><span class=""cpv-chip"">NAP</span></div>
<div class=""cpv-landing-grid"">
  <div class=""cpv-landing-card""><strong>Bagaglio a mano</strong><p>Controlla sempre misure, peso e possibilita di aggiungere priorita o trolley in cabina.</p></div>
  <div class=""cpv-landing-card""><strong>Check-in</strong><p>Verifica finestre di apertura, app mobile, costi in aeroporto e documenti richiesti.</p></div>
  <div class=""cpv-landing-card""><strong>Partenze italiane</strong><p>Confronta i principali aeroporti italiani per capire quali rotte o fasce orarie sono piu interessanti.</p></div>
</div>
<h2>Domande frequenti su Helvetic Airways</h2>
<div class=""cpv-faq"">
  <details><summary>Come verificare le regole bagaglio di Helvetic Airways?</summary><p>Consulta sempre la pagina ufficiale prima dell'acquisto: le regole possono cambiare in base alla tariffa, alla rotta e alla data di viaggio.</p></details>
  <details><summary>Helvetic Airways e adatta a chi cerca il prezzo piu basso?</summary><p>Dipende dalla rotta e dai servizi necessari. In molti casi le tariffe base sono competitive, ma conviene verificare gli extra prima di concludere la prenotazione.</p></details>
  <details><summary>Quali aeroporti italiani monitorare?</summary><p>Le partenze da Milano, Roma, Napoli, Venezia, Catania e Bologna sono tra quelle che gli utenti confrontano piu spesso.</p></details>
</div>","Compagnie aeree|Compagnie tradizionali",airline,2L,/compagnie-aeree/helvetic-airways/,"Helvetic Airways: bagagli, check-in e rotte | ConfrontaPrezziVoli","Scopri come volare con Helvetic Airways: bagaglio a mano, check-in, consigli e rotte piu cercate dagli utenti italiani.","Helvetic Airways bagaglio check-in",airlines,"Compagnia classificata come tradizionale nel dataset."
post,publish,"Heron Aviation (0V): bagagli, check-in, rotte e consigli 2026",compagnia-aerea-heron-aviation-0v,"Guida pratica su Heron Aviation: bagaglio a mano, check-in, rotte popolari dall'Italia e consigli utili per prenotare.","<div class=""cpv-landing-note"">
  <p><strong>Guida pratica Heron Aviation.</strong> Qui trovi una sintesi utile per capire come prenotare con Heron Aviation, cosa controllare su bagagli e check-in e quali aspetti confrontare prima di acquistare il volo.</p>
</div>
<div class=""cpv-stat-grid"">
  <div class=""cpv-stat""><strong>Tradizionale</strong><span>Tipologia di compagnia secondo il dataset disponibile.</span></div>
  <div class=""cpv-stat""><strong>Check-in online</strong><span>Da verificare sempre sul sito ufficiale prima della partenza.</span></div>
  <div class=""cpv-stat""><strong>Bagagli</strong><span>Controlla franchigia e servizi inclusi in base alla tariffa scelta.</span></div>
</div>
<h2>Heron Aviation: cosa controllare prima di prenotare</h2>
<p>La compagnia viene spesso valutata per tratte business, nazionali o con servizi aggiuntivi. Prima della prenotazione conviene confrontare orari, politica bagagli, flessibilita della tariffa e aeroporto di partenza disponibile in Italia.</p>
<div class=""cpv-chip-list""><span class=""cpv-chip"">FCO</span><span class=""cpv-chip"">CIA</span><span class=""cpv-chip"">MXP</span><span class=""cpv-chip"">BGY</span><span class=""cpv-chip"">LIN</span><span class=""cpv-chip"">NAP</span></div>
<div class=""cpv-landing-grid"">
  <div class=""cpv-landing-card""><strong>Bagaglio a mano</strong><p>Controlla sempre misure, peso e possibilita di aggiungere priorita o trolley in cabina.</p></div>
  <div class=""cpv-landing-card""><strong>Check-in</strong><p>Verifica finestre di apertura, app mobile, costi in aeroporto e documenti richiesti.</p></div>
  <div class=""cpv-landing-card""><strong>Partenze italiane</strong><p>Confronta i principali aeroporti italiani per capire quali rotte o fasce orarie sono piu interessanti.</p></div>
</div>
<h2>Domande frequenti su Heron Aviation</h2>
<div class=""cpv-faq"">
  <details><summary>Come verificare le regole bagaglio di Heron Aviation?</summary><p>Consulta sempre la pagina ufficiale prima dell'acquisto: le regole possono cambiare in base alla tariffa, alla rotta e alla data di viaggio.</p></details>
  <details><summary>Heron Aviation e adatta a chi cerca il prezzo piu basso?</summary><p>Dipende dalla rotta e dai servizi necessari. In molti casi le tariffe base sono competitive, ma conviene verificare gli extra prima di concludere la prenotazione.</p></details>
  <details><summary>Quali aeroporti italiani monitorare?</summary><p>Le partenze da Milano, Roma, Napoli, Venezia, Catania e Bologna sono tra quelle che gli utenti confrontano piu spesso.</p></details>
</div>","Compagnie aeree|Compagnie tradizionali",airline,0V,/compagnie-aeree/heron-aviation/,"Heron Aviation: bagagli, check-in e rotte | ConfrontaPrezziVoli","Scopri come volare con Heron Aviation: bagaglio a mano, check-in, consigli e rotte piu cercate dagli utenti italiani.","Heron Aviation bagaglio check-in",airlines,"Compagnia classificata come tradizionale nel dataset."
post,publish,"Heston Airlines (HN): bagagli, check-in, rotte e consigli 2026",compagnia-aerea-heston-airlines-hn,"Guida pratica su Heston Airlines: bagaglio a mano, check-in, rotte popolari dall'Italia e consigli utili per prenotare.","<div class=""cpv-landing-note"">
  <p><strong>Guida pratica Heston Airlines.</strong> Qui trovi una sintesi utile per capire come prenotare con Heston Airlines, cosa controllare su bagagli e check-in e quali aspetti confrontare prima di acquistare il volo.</p>
</div>
<div class=""cpv-stat-grid"">
  <div class=""cpv-stat""><strong>Tradizionale</strong><span>Tipologia di compagnia secondo il dataset disponibile.</span></div>
  <div class=""cpv-stat""><strong>Check-in online</strong><span>Da verificare sempre sul sito ufficiale prima della partenza.</span></div>
  <div class=""cpv-stat""><strong>Bagagli</strong><span>Controlla franchigia e servizi inclusi in base alla tariffa scelta.</span></div>
</div>
<h2>Heston Airlines: cosa controllare prima di prenotare</h2>
<p>La compagnia viene spesso valutata per tratte business, nazionali o con servizi aggiuntivi. Prima della prenotazione conviene confrontare orari, politica bagagli, flessibilita della tariffa e aeroporto di partenza disponibile in Italia.</p>
<div class=""cpv-chip-list""><span class=""cpv-chip"">FCO</span><span class=""cpv-chip"">CIA</span><span class=""cpv-chip"">MXP</span><span class=""cpv-chip"">BGY</span><span class=""cpv-chip"">LIN</span><span class=""cpv-chip"">NAP</span></div>
<div class=""cpv-landing-grid"">
  <div class=""cpv-landing-card""><strong>Bagaglio a mano</strong><p>Controlla sempre misure, peso e possibilita di aggiungere priorita o trolley in cabina.</p></div>
  <div class=""cpv-landing-card""><strong>Check-in</strong><p>Verifica finestre di apertura, app mobile, costi in aeroporto e documenti richiesti.</p></div>
  <div class=""cpv-landing-card""><strong>Partenze italiane</strong><p>Confronta i principali aeroporti italiani per capire quali rotte o fasce orarie sono piu interessanti.</p></div>
</div>
<h2>Domande frequenti su Heston Airlines</h2>
<div class=""cpv-faq"">
  <details><summary>Come verificare le regole bagaglio di Heston Airlines?</summary><p>Consulta sempre la pagina ufficiale prima dell'acquisto: le regole possono cambiare in base alla tariffa, alla rotta e alla data di viaggio.</p></details>
  <details><summary>Heston Airlines e adatta a chi cerca il prezzo piu basso?</summary><p>Dipende dalla rotta e dai servizi necessari. In molti casi le tariffe base sono competitive, ma conviene verificare gli extra prima di concludere la prenotazione.</p></details>
  <details><summary>Quali aeroporti italiani monitorare?</summary><p>Le partenze da Milano, Roma, Napoli, Venezia, Catania e Bologna sono tra quelle che gli utenti confrontano piu spesso.</p></details>
</div>","Compagnie aeree|Compagnie tradizionali",airline,HN,/compagnie-aeree/heston-airlines/,"Heston Airlines: bagagli, check-in e rotte | ConfrontaPrezziVoli","Scopri come volare con Heston Airlines: bagaglio a mano, check-in, consigli e rotte piu cercate dagli utenti italiani.","Heston Airlines bagaglio check-in",airlines,"Compagnia classificata come tradizionale nel dataset."
post,publish,"Hi Fly Ltd (5M): bagagli, check-in, rotte e consigli 2026",compagnia-aerea-hi-fly-ltd-5m,"Guida pratica su Hi Fly Ltd: bagaglio a mano, check-in, rotte popolari dall'Italia e consigli utili per prenotare.","<div class=""cpv-landing-note"">
  <p><strong>Guida pratica Hi Fly Ltd.</strong> Qui trovi una sintesi utile per capire come prenotare con Hi Fly Ltd, cosa controllare su bagagli e check-in e quali aspetti confrontare prima di acquistare il volo.</p>
</div>
<div class=""cpv-stat-grid"">
  <div class=""cpv-stat""><strong>Tradizionale</strong><span>Tipologia di compagnia secondo il dataset disponibile.</span></div>
  <div class=""cpv-stat""><strong>Check-in online</strong><span>Da verificare sempre sul sito ufficiale prima della partenza.</span></div>
  <div class=""cpv-stat""><strong>Bagagli</strong><span>Controlla franchigia e servizi inclusi in base alla tariffa scelta.</span></div>
</div>
<h2>Hi Fly Ltd: cosa controllare prima di prenotare</h2>
<p>La compagnia viene spesso valutata per tratte business, nazionali o con servizi aggiuntivi. Prima della prenotazione conviene confrontare orari, politica bagagli, flessibilita della tariffa e aeroporto di partenza disponibile in Italia.</p>
<div class=""cpv-chip-list""><span class=""cpv-chip"">FCO</span><span class=""cpv-chip"">CIA</span><span class=""cpv-chip"">MXP</span><span class=""cpv-chip"">BGY</span><span class=""cpv-chip"">LIN</span><span class=""cpv-chip"">NAP</span></div>
<div class=""cpv-landing-grid"">
  <div class=""cpv-landing-card""><strong>Bagaglio a mano</strong><p>Controlla sempre misure, peso e possibilita di aggiungere priorita o trolley in cabina.</p></div>
  <div class=""cpv-landing-card""><strong>Check-in</strong><p>Verifica finestre di apertura, app mobile, costi in aeroporto e documenti richiesti.</p></div>
  <div class=""cpv-landing-card""><strong>Partenze italiane</strong><p>Confronta i principali aeroporti italiani per capire quali rotte o fasce orarie sono piu interessanti.</p></div>
</div>
<h2>Domande frequenti su Hi Fly Ltd</h2>
<div class=""cpv-faq"">
  <details><summary>Come verificare le regole bagaglio di Hi Fly Ltd?</summary><p>Consulta sempre la pagina ufficiale prima dell'acquisto: le regole possono cambiare in base alla tariffa, alla rotta e alla data di viaggio.</p></details>
  <details><summary>Hi Fly Ltd e adatta a chi cerca il prezzo piu basso?</summary><p>Dipende dalla rotta e dai servizi necessari. In molti casi le tariffe base sono competitive, ma conviene verificare gli extra prima di concludere la prenotazione.</p></details>
  <details><summary>Quali aeroporti italiani monitorare?</summary><p>Le partenze da Milano, Roma, Napoli, Venezia, Catania e Bologna sono tra quelle che gli utenti confrontano piu spesso.</p></details>
</div>","Compagnie aeree|Compagnie tradizionali",airline,5M,/compagnie-aeree/hi-fly-ltd/,"Hi Fly Ltd: bagagli, check-in e rotte | ConfrontaPrezziVoli","Scopri come volare con Hi Fly Ltd: bagaglio a mano, check-in, consigli e rotte piu cercate dagli utenti italiani.","Hi Fly Ltd bagaglio check-in",airlines,"Compagnia classificata come tradizionale nel dataset."
post,publish,"HiSky (H7): bagagli, check-in, rotte e consigli 2026",compagnia-aerea-hisky-h7,"Guida pratica su HiSky: bagaglio a mano, check-in, rotte popolari dall'Italia e consigli utili per prenotare.","<div class=""cpv-landing-note"">
  <p><strong>Guida pratica HiSky.</strong> Qui trovi una sintesi utile per capire come prenotare con HiSky, cosa controllare su bagagli e check-in e quali aspetti confrontare prima di acquistare il volo.</p>
</div>
<div class=""cpv-stat-grid"">
  <div class=""cpv-stat""><strong>Tradizionale</strong><span>Tipologia di compagnia secondo il dataset disponibile.</span></div>
  <div class=""cpv-stat""><strong>Check-in online</strong><span>Da verificare sempre sul sito ufficiale prima della partenza.</span></div>
  <div class=""cpv-stat""><strong>Bagagli</strong><span>Controlla franchigia e servizi inclusi in base alla tariffa scelta.</span></div>
</div>
<h2>HiSky: cosa controllare prima di prenotare</h2>
<p>La compagnia viene spesso valutata per tratte business, nazionali o con servizi aggiuntivi. Prima della prenotazione conviene confrontare orari, politica bagagli, flessibilita della tariffa e aeroporto di partenza disponibile in Italia.</p>
<div class=""cpv-chip-list""><span class=""cpv-chip"">FCO</span><span class=""cpv-chip"">CIA</span><span class=""cpv-chip"">MXP</span><span class=""cpv-chip"">BGY</span><span class=""cpv-chip"">LIN</span><span class=""cpv-chip"">NAP</span></div>
<div class=""cpv-landing-grid"">
  <div class=""cpv-landing-card""><strong>Bagaglio a mano</strong><p>Controlla sempre misure, peso e possibilita di aggiungere priorita o trolley in cabina.</p></div>
  <div class=""cpv-landing-card""><strong>Check-in</strong><p>Verifica finestre di apertura, app mobile, costi in aeroporto e documenti richiesti.</p></div>
  <div class=""cpv-landing-card""><strong>Partenze italiane</strong><p>Confronta i principali aeroporti italiani per capire quali rotte o fasce orarie sono piu interessanti.</p></div>
</div>
<h2>Domande frequenti su HiSky</h2>
<div class=""cpv-faq"">
  <details><summary>Come verificare le regole bagaglio di HiSky?</summary><p>Consulta sempre la pagina ufficiale prima dell'acquisto: le regole possono cambiare in base alla tariffa, alla rotta e alla data di viaggio.</p></details>
  <details><summary>HiSky e adatta a chi cerca il prezzo piu basso?</summary><p>Dipende dalla rotta e dai servizi necessari. In molti casi le tariffe base sono competitive, ma conviene verificare gli extra prima di concludere la prenotazione.</p></details>
  <details><summary>Quali aeroporti italiani monitorare?</summary><p>Le partenze da Milano, Roma, Napoli, Venezia, Catania e Bologna sono tra quelle che gli utenti confrontano piu spesso.</p></details>
</div>","Compagnie aeree|Compagnie tradizionali",airline,H7,/compagnie-aeree/hisky/,"HiSky: bagagli, check-in e rotte | ConfrontaPrezziVoli","Scopri come volare con HiSky: bagaglio a mano, check-in, consigli e rotte piu cercate dagli utenti italiani.","HiSky bagaglio check-in",airlines,"Compagnia classificata come tradizionale nel dataset."
post,publish,"HiSky Europe (H4): bagagli, check-in, rotte e consigli 2026",compagnia-aerea-hisky-europe-h4,"Guida pratica su HiSky Europe: bagaglio a mano, check-in, rotte popolari dall'Italia e consigli utili per prenotare.","<div class=""cpv-landing-note"">
  <p><strong>Guida pratica HiSky Europe.</strong> Qui trovi una sintesi utile per capire come prenotare con HiSky Europe, cosa controllare su bagagli e check-in e quali aspetti confrontare prima di acquistare il volo.</p>
</div>
<div class=""cpv-stat-grid"">
  <div class=""cpv-stat""><strong>Low cost</strong><span>Tipologia di compagnia secondo il dataset disponibile.</span></div>
  <div class=""cpv-stat""><strong>Check-in online</strong><span>Da verificare sempre sul sito ufficiale prima della partenza.</span></div>
  <div class=""cpv-stat""><strong>Bagagli</strong><span>Verifica con attenzione dimensioni e priorita del bagaglio a mano.</span></div>
</div>
<h2>HiSky Europe: cosa controllare prima di prenotare</h2>
<p>La compagnia e spesso cercata per city break, leisure e rotte sensibili al prezzo. Prima della prenotazione conviene confrontare orari, politica bagagli, flessibilita della tariffa e aeroporto di partenza disponibile in Italia.</p>
<div class=""cpv-chip-list""><span class=""cpv-chip"">FCO</span><span class=""cpv-chip"">CIA</span><span class=""cpv-chip"">MXP</span><span class=""cpv-chip"">BGY</span><span class=""cpv-chip"">LIN</span><span class=""cpv-chip"">NAP</span></div>
<div class=""cpv-landing-grid"">
  <div class=""cpv-landing-card""><strong>Bagaglio a mano</strong><p>Controlla sempre misure, peso e possibilita di aggiungere priorita o trolley in cabina.</p></div>
  <div class=""cpv-landing-card""><strong>Check-in</strong><p>Verifica finestre di apertura, app mobile, costi in aeroporto e documenti richiesti.</p></div>
  <div class=""cpv-landing-card""><strong>Partenze italiane</strong><p>Confronta i principali aeroporti italiani per capire quali rotte o fasce orarie sono piu interessanti.</p></div>
</div>
<h2>Domande frequenti su HiSky Europe</h2>
<div class=""cpv-faq"">
  <details><summary>Come verificare le regole bagaglio di HiSky Europe?</summary><p>Consulta sempre la pagina ufficiale prima dell'acquisto: le regole possono cambiare in base alla tariffa, alla rotta e alla data di viaggio.</p></details>
  <details><summary>HiSky Europe e adatta a chi cerca il prezzo piu basso?</summary><p>Dipende dalla rotta e dai servizi necessari. In molti casi le tariffe base sono competitive, ma conviene verificare gli extra prima di concludere la prenotazione.</p></details>
  <details><summary>Quali aeroporti italiani monitorare?</summary><p>Le partenze da Milano, Roma, Napoli, Venezia, Catania e Bologna sono tra quelle che gli utenti confrontano piu spesso.</p></details>
</div>","Compagnie aeree|Compagnie low cost",airline,H4,/compagnie-aeree/hisky-europe/,"HiSky Europe: bagagli, check-in e rotte | ConfrontaPrezziVoli","Scopri come volare con HiSky Europe: bagaglio a mano, check-in, consigli e rotte piu cercate dagli utenti italiani.","HiSky Europe bagaglio check-in",airlines,"Compagnia classificata come low cost nel dataset."
post,publish,"Himalaya Airlines (H9): bagagli, check-in, rotte e consigli 2026",compagnia-aerea-himalaya-airlines-h9,"Guida pratica su Himalaya Airlines: bagaglio a mano, check-in, rotte popolari dall'Italia e consigli utili per prenotare.","<div class=""cpv-landing-note"">
  <p><strong>Guida pratica Himalaya Airlines.</strong> Qui trovi una sintesi utile per capire come prenotare con Himalaya Airlines, cosa controllare su bagagli e check-in e quali aspetti confrontare prima di acquistare il volo.</p>
</div>
<div class=""cpv-stat-grid"">
  <div class=""cpv-stat""><strong>Tradizionale</strong><span>Tipologia di compagnia secondo il dataset disponibile.</span></div>
  <div class=""cpv-stat""><strong>Check-in online</strong><span>Da verificare sempre sul sito ufficiale prima della partenza.</span></div>
  <div class=""cpv-stat""><strong>Bagagli</strong><span>Controlla franchigia e servizi inclusi in base alla tariffa scelta.</span></div>
</div>
<h2>Himalaya Airlines: cosa controllare prima di prenotare</h2>
<p>La compagnia viene spesso valutata per tratte business, nazionali o con servizi aggiuntivi. Prima della prenotazione conviene confrontare orari, politica bagagli, flessibilita della tariffa e aeroporto di partenza disponibile in Italia.</p>
<div class=""cpv-chip-list""><span class=""cpv-chip"">FCO</span><span class=""cpv-chip"">CIA</span><span class=""cpv-chip"">MXP</span><span class=""cpv-chip"">BGY</span><span class=""cpv-chip"">LIN</span><span class=""cpv-chip"">NAP</span></div>
<div class=""cpv-landing-grid"">
  <div class=""cpv-landing-card""><strong>Bagaglio a mano</strong><p>Controlla sempre misure, peso e possibilita di aggiungere priorita o trolley in cabina.</p></div>
  <div class=""cpv-landing-card""><strong>Check-in</strong><p>Verifica finestre di apertura, app mobile, costi in aeroporto e documenti richiesti.</p></div>
  <div class=""cpv-landing-card""><strong>Partenze italiane</strong><p>Confronta i principali aeroporti italiani per capire quali rotte o fasce orarie sono piu interessanti.</p></div>
</div>
<h2>Domande frequenti su Himalaya Airlines</h2>
<div class=""cpv-faq"">
  <details><summary>Come verificare le regole bagaglio di Himalaya Airlines?</summary><p>Consulta sempre la pagina ufficiale prima dell'acquisto: le regole possono cambiare in base alla tariffa, alla rotta e alla data di viaggio.</p></details>
  <details><summary>Himalaya Airlines e adatta a chi cerca il prezzo piu basso?</summary><p>Dipende dalla rotta e dai servizi necessari. In molti casi le tariffe base sono competitive, ma conviene verificare gli extra prima di concludere la prenotazione.</p></details>
  <details><summary>Quali aeroporti italiani monitorare?</summary><p>Le partenze da Milano, Roma, Napoli, Venezia, Catania e Bologna sono tra quelle che gli utenti confrontano piu spesso.</p></details>
</div>","Compagnie aeree|Compagnie tradizionali",airline,H9,/compagnie-aeree/himalaya-airlines/,"Himalaya Airlines: bagagli, check-in e rotte | ConfrontaPrezziVoli","Scopri come volare con Himalaya Airlines: bagaglio a mano, check-in, consigli e rotte piu cercate dagli utenti italiani.","Himalaya Airlines bagaglio check-in",airlines,"Compagnia classificata come tradizionale nel dataset."
post,publish,"Hinterland Aviation (OI): bagagli, check-in, rotte e consigli 2026",compagnia-aerea-hinterland-aviation-oi,"Guida pratica su Hinterland Aviation: bagaglio a mano, check-in, rotte popolari dall'Italia e consigli utili per prenotare.","<div class=""cpv-landing-note"">
  <p><strong>Guida pratica Hinterland Aviation.</strong> Qui trovi una sintesi utile per capire come prenotare con Hinterland Aviation, cosa controllare su bagagli e check-in e quali aspetti confrontare prima di acquistare il volo.</p>
</div>
<div class=""cpv-stat-grid"">
  <div class=""cpv-stat""><strong>Tradizionale</strong><span>Tipologia di compagnia secondo il dataset disponibile.</span></div>
  <div class=""cpv-stat""><strong>Check-in online</strong><span>Da verificare sempre sul sito ufficiale prima della partenza.</span></div>
  <div class=""cpv-stat""><strong>Bagagli</strong><span>Controlla franchigia e servizi inclusi in base alla tariffa scelta.</span></div>
</div>
<h2>Hinterland Aviation: cosa controllare prima di prenotare</h2>
<p>La compagnia viene spesso valutata per tratte business, nazionali o con servizi aggiuntivi. Prima della prenotazione conviene confrontare orari, politica bagagli, flessibilita della tariffa e aeroporto di partenza disponibile in Italia.</p>
<div class=""cpv-chip-list""><span class=""cpv-chip"">FCO</span><span class=""cpv-chip"">CIA</span><span class=""cpv-chip"">MXP</span><span class=""cpv-chip"">BGY</span><span class=""cpv-chip"">LIN</span><span class=""cpv-chip"">NAP</span></div>
<div class=""cpv-landing-grid"">
  <div class=""cpv-landing-card""><strong>Bagaglio a mano</strong><p>Controlla sempre misure, peso e possibilita di aggiungere priorita o trolley in cabina.</p></div>
  <div class=""cpv-landing-card""><strong>Check-in</strong><p>Verifica finestre di apertura, app mobile, costi in aeroporto e documenti richiesti.</p></div>
  <div class=""cpv-landing-card""><strong>Partenze italiane</strong><p>Confronta i principali aeroporti italiani per capire quali rotte o fasce orarie sono piu interessanti.</p></div>
</div>
<h2>Domande frequenti su Hinterland Aviation</h2>
<div class=""cpv-faq"">
  <details><summary>Come verificare le regole bagaglio di Hinterland Aviation?</summary><p>Consulta sempre la pagina ufficiale prima dell'acquisto: le regole possono cambiare in base alla tariffa, alla rotta e alla data di viaggio.</p></details>
  <details><summary>Hinterland Aviation e adatta a chi cerca il prezzo piu basso?</summary><p>Dipende dalla rotta e dai servizi necessari. In molti casi le tariffe base sono competitive, ma conviene verificare gli extra prima di concludere la prenotazione.</p></details>
  <details><summary>Quali aeroporti italiani monitorare?</summary><p>Le partenze da Milano, Roma, Napoli, Venezia, Catania e Bologna sono tra quelle che gli utenti confrontano piu spesso.</p></details>
</div>","Compagnie aeree|Compagnie tradizionali",airline,OI,/compagnie-aeree/hinterland-aviation/,"Hinterland Aviation: bagagli, check-in e rotte | ConfrontaPrezziVoli","Scopri come volare con Hinterland Aviation: bagaglio a mano, check-in, consigli e rotte piu cercate dagli utenti italiani.","Hinterland Aviation bagaglio check-in",airlines,"Compagnia classificata come tradizionale nel dataset."
post,publish,"Hong Kong Air Cargo Carrier Limited (RH): bagagli, check-in, rotte e consigli 2026",compagnia-aerea-hong-kong-air-cargo-carrier-limited-rh,"Guida pratica su Hong Kong Air Cargo Carrier Limited: bagaglio a mano, check-in, rotte popolari dall'Italia e consigli utili per prenotare.","<div class=""cpv-landing-note"">
  <p><strong>Guida pratica Hong Kong Air Cargo Carrier Limited.</strong> Qui trovi una sintesi utile per capire come prenotare con Hong Kong Air Cargo Carrier Limited, cosa controllare su bagagli e check-in e quali aspetti confrontare prima di acquistare il volo.</p>
</div>
<div class=""cpv-stat-grid"">
  <div class=""cpv-stat""><strong>Tradizionale</strong><span>Tipologia di compagnia secondo il dataset disponibile.</span></div>
  <div class=""cpv-stat""><strong>Check-in online</strong><span>Da verificare sempre sul sito ufficiale prima della partenza.</span></div>
  <div class=""cpv-stat""><strong>Bagagli</strong><span>Controlla franchigia e servizi inclusi in base alla tariffa scelta.</span></div>
</div>
<h2>Hong Kong Air Cargo Carrier Limited: cosa controllare prima di prenotare</h2>
<p>La compagnia viene spesso valutata per tratte business, nazionali o con servizi aggiuntivi. Prima della prenotazione conviene confrontare orari, politica bagagli, flessibilita della tariffa e aeroporto di partenza disponibile in Italia.</p>
<div class=""cpv-chip-list""><span class=""cpv-chip"">FCO</span><span class=""cpv-chip"">CIA</span><span class=""cpv-chip"">MXP</span><span class=""cpv-chip"">BGY</span><span class=""cpv-chip"">LIN</span><span class=""cpv-chip"">NAP</span></div>
<div class=""cpv-landing-grid"">
  <div class=""cpv-landing-card""><strong>Bagaglio a mano</strong><p>Controlla sempre misure, peso e possibilita di aggiungere priorita o trolley in cabina.</p></div>
  <div class=""cpv-landing-card""><strong>Check-in</strong><p>Verifica finestre di apertura, app mobile, costi in aeroporto e documenti richiesti.</p></div>
  <div class=""cpv-landing-card""><strong>Partenze italiane</strong><p>Confronta i principali aeroporti italiani per capire quali rotte o fasce orarie sono piu interessanti.</p></div>
</div>
<h2>Domande frequenti su Hong Kong Air Cargo Carrier Limited</h2>
<div class=""cpv-faq"">
  <details><summary>Come verificare le regole bagaglio di Hong Kong Air Cargo Carrier Limited?</summary><p>Consulta sempre la pagina ufficiale prima dell'acquisto: le regole possono cambiare in base alla tariffa, alla rotta e alla data di viaggio.</p></details>
  <details><summary>Hong Kong Air Cargo Carrier Limited e adatta a chi cerca il prezzo piu basso?</summary><p>Dipende dalla rotta e dai servizi necessari. In molti casi le tariffe base sono competitive, ma conviene verificare gli extra prima di concludere la prenotazione.</p></details>
  <details><summary>Quali aeroporti italiani monitorare?</summary><p>Le partenze da Milano, Roma, Napoli, Venezia, Catania e Bologna sono tra quelle che gli utenti confrontano piu spesso.</p></details>
</div>","Compagnie aeree|Compagnie tradizionali",airline,RH,/compagnie-aeree/hong-kong-air-cargo-carrier-limited/,"Hong Kong Air Cargo Carrier Limited: bagagli, check-in e rotte | ConfrontaPrezziVoli","Scopri come volare con Hong Kong Air Cargo Carrier Limited: bagaglio a mano, check-in, consigli e rotte piu cercate dagli utenti italiani.","Hong Kong Air Cargo Carrier Limited bagaglio check-in",airlines,"Compagnia classificata come tradizionale nel dataset."
post,publish,"Hong Kong Airlines (HX): bagagli, check-in, rotte e consigli 2026",compagnia-aerea-hong-kong-airlines-hx,"Guida pratica su Hong Kong Airlines: bagaglio a mano, check-in, rotte popolari dall'Italia e consigli utili per prenotare.","<div class=""cpv-landing-note"">
  <p><strong>Guida pratica Hong Kong Airlines.</strong> Qui trovi una sintesi utile per capire come prenotare con Hong Kong Airlines, cosa controllare su bagagli e check-in e quali aspetti confrontare prima di acquistare il volo.</p>
</div>
<div class=""cpv-stat-grid"">
  <div class=""cpv-stat""><strong>Tradizionale</strong><span>Tipologia di compagnia secondo il dataset disponibile.</span></div>
  <div class=""cpv-stat""><strong>Check-in online</strong><span>Da verificare sempre sul sito ufficiale prima della partenza.</span></div>
  <div class=""cpv-stat""><strong>Bagagli</strong><span>Controlla franchigia e servizi inclusi in base alla tariffa scelta.</span></div>
</div>
<h2>Hong Kong Airlines: cosa controllare prima di prenotare</h2>
<p>La compagnia viene spesso valutata per tratte business, nazionali o con servizi aggiuntivi. Prima della prenotazione conviene confrontare orari, politica bagagli, flessibilita della tariffa e aeroporto di partenza disponibile in Italia.</p>
<div class=""cpv-chip-list""><span class=""cpv-chip"">FCO</span><span class=""cpv-chip"">CIA</span><span class=""cpv-chip"">MXP</span><span class=""cpv-chip"">BGY</span><span class=""cpv-chip"">LIN</span><span class=""cpv-chip"">NAP</span></div>
<div class=""cpv-landing-grid"">
  <div class=""cpv-landing-card""><strong>Bagaglio a mano</strong><p>Controlla sempre misure, peso e possibilita di aggiungere priorita o trolley in cabina.</p></div>
  <div class=""cpv-landing-card""><strong>Check-in</strong><p>Verifica finestre di apertura, app mobile, costi in aeroporto e documenti richiesti.</p></div>
  <div class=""cpv-landing-card""><strong>Partenze italiane</strong><p>Confronta i principali aeroporti italiani per capire quali rotte o fasce orarie sono piu interessanti.</p></div>
</div>
<h2>Domande frequenti su Hong Kong Airlines</h2>
<div class=""cpv-faq"">
  <details><summary>Come verificare le regole bagaglio di Hong Kong Airlines?</summary><p>Consulta sempre la pagina ufficiale prima dell'acquisto: le regole possono cambiare in base alla tariffa, alla rotta e alla data di viaggio.</p></details>
  <details><summary>Hong Kong Airlines e adatta a chi cerca il prezzo piu basso?</summary><p>Dipende dalla rotta e dai servizi necessari. In molti casi le tariffe base sono competitive, ma conviene verificare gli extra prima di concludere la prenotazione.</p></details>
  <details><summary>Quali aeroporti italiani monitorare?</summary><p>Le partenze da Milano, Roma, Napoli, Venezia, Catania e Bologna sono tra quelle che gli utenti confrontano piu spesso.</p></details>
</div>","Compagnie aeree|Compagnie tradizionali",airline,HX,/compagnie-aeree/hong-kong-airlines/,"Hong Kong Airlines: bagagli, check-in e rotte | ConfrontaPrezziVoli","Scopri come volare con Hong Kong Airlines: bagaglio a mano, check-in, consigli e rotte piu cercate dagli utenti italiani.","Hong Kong Airlines bagaglio check-in",airlines,"Compagnia classificata come tradizionale nel dataset."
post,publish,"Horizon Air (QX): bagagli, check-in, rotte e consigli 2026",compagnia-aerea-horizon-air-qx,"Guida pratica su Horizon Air: bagaglio a mano, check-in, rotte popolari dall'Italia e consigli utili per prenotare.","<div class=""cpv-landing-note"">
  <p><strong>Guida pratica Horizon Air.</strong> Qui trovi una sintesi utile per capire come prenotare con Horizon Air, cosa controllare su bagagli e check-in e quali aspetti confrontare prima di acquistare il volo.</p>
</div>
<div class=""cpv-stat-grid"">
  <div class=""cpv-stat""><strong>Tradizionale</strong><span>Tipologia di compagnia secondo il dataset disponibile.</span></div>
  <div class=""cpv-stat""><strong>Check-in online</strong><span>Da verificare sempre sul sito ufficiale prima della partenza.</span></div>
  <div class=""cpv-stat""><strong>Bagagli</strong><span>Controlla franchigia e servizi inclusi in base alla tariffa scelta.</span></div>
</div>
<h2>Horizon Air: cosa controllare prima di prenotare</h2>
<p>La compagnia viene spesso valutata per tratte business, nazionali o con servizi aggiuntivi. Prima della prenotazione conviene confrontare orari, politica bagagli, flessibilita della tariffa e aeroporto di partenza disponibile in Italia.</p>
<div class=""cpv-chip-list""><span class=""cpv-chip"">FCO</span><span class=""cpv-chip"">CIA</span><span class=""cpv-chip"">MXP</span><span class=""cpv-chip"">BGY</span><span class=""cpv-chip"">LIN</span><span class=""cpv-chip"">NAP</span></div>
<div class=""cpv-landing-grid"">
  <div class=""cpv-landing-card""><strong>Bagaglio a mano</strong><p>Controlla sempre misure, peso e possibilita di aggiungere priorita o trolley in cabina.</p></div>
  <div class=""cpv-landing-card""><strong>Check-in</strong><p>Verifica finestre di apertura, app mobile, costi in aeroporto e documenti richiesti.</p></div>
  <div class=""cpv-landing-card""><strong>Partenze italiane</strong><p>Confronta i principali aeroporti italiani per capire quali rotte o fasce orarie sono piu interessanti.</p></div>
</div>
<h2>Domande frequenti su Horizon Air</h2>
<div class=""cpv-faq"">
  <details><summary>Come verificare le regole bagaglio di Horizon Air?</summary><p>Consulta sempre la pagina ufficiale prima dell'acquisto: le regole possono cambiare in base alla tariffa, alla rotta e alla data di viaggio.</p></details>
  <details><summary>Horizon Air e adatta a chi cerca il prezzo piu basso?</summary><p>Dipende dalla rotta e dai servizi necessari. In molti casi le tariffe base sono competitive, ma conviene verificare gli extra prima di concludere la prenotazione.</p></details>
  <details><summary>Quali aeroporti italiani monitorare?</summary><p>Le partenze da Milano, Roma, Napoli, Venezia, Catania e Bologna sono tra quelle che gli utenti confrontano piu spesso.</p></details>
</div>","Compagnie aeree|Compagnie tradizionali",airline,QX,/compagnie-aeree/horizon-air/,"Horizon Air: bagagli, check-in e rotte | ConfrontaPrezziVoli","Scopri come volare con Horizon Air: bagaglio a mano, check-in, consigli e rotte piu cercate dagli utenti italiani.","Horizon Air bagaglio check-in",airlines,"Compagnia classificata come tradizionale nel dataset."
post,publish,"Humo Air (HJ): bagagli, check-in, rotte e consigli 2026",compagnia-aerea-humo-air-hj,"Guida pratica su Humo Air: bagaglio a mano, check-in, rotte popolari dall'Italia e consigli utili per prenotare.","<div class=""cpv-landing-note"">
  <p><strong>Guida pratica Humo Air.</strong> Qui trovi una sintesi utile per capire come prenotare con Humo Air, cosa controllare su bagagli e check-in e quali aspetti confrontare prima di acquistare il volo.</p>
</div>
<div class=""cpv-stat-grid"">
  <div class=""cpv-stat""><strong>Low cost</strong><span>Tipologia di compagnia secondo il dataset disponibile.</span></div>
  <div class=""cpv-stat""><strong>Check-in online</strong><span>Da verificare sempre sul sito ufficiale prima della partenza.</span></div>
  <div class=""cpv-stat""><strong>Bagagli</strong><span>Verifica con attenzione dimensioni e priorita del bagaglio a mano.</span></div>
</div>
<h2>Humo Air: cosa controllare prima di prenotare</h2>
<p>La compagnia e spesso cercata per city break, leisure e rotte sensibili al prezzo. Prima della prenotazione conviene confrontare orari, politica bagagli, flessibilita della tariffa e aeroporto di partenza disponibile in Italia.</p>
<div class=""cpv-chip-list""><span class=""cpv-chip"">FCO</span><span class=""cpv-chip"">CIA</span><span class=""cpv-chip"">MXP</span><span class=""cpv-chip"">BGY</span><span class=""cpv-chip"">LIN</span><span class=""cpv-chip"">NAP</span></div>
<div class=""cpv-landing-grid"">
  <div class=""cpv-landing-card""><strong>Bagaglio a mano</strong><p>Controlla sempre misure, peso e possibilita di aggiungere priorita o trolley in cabina.</p></div>
  <div class=""cpv-landing-card""><strong>Check-in</strong><p>Verifica finestre di apertura, app mobile, costi in aeroporto e documenti richiesti.</p></div>
  <div class=""cpv-landing-card""><strong>Partenze italiane</strong><p>Confronta i principali aeroporti italiani per capire quali rotte o fasce orarie sono piu interessanti.</p></div>
</div>
<h2>Domande frequenti su Humo Air</h2>
<div class=""cpv-faq"">
  <details><summary>Come verificare le regole bagaglio di Humo Air?</summary><p>Consulta sempre la pagina ufficiale prima dell'acquisto: le regole possono cambiare in base alla tariffa, alla rotta e alla data di viaggio.</p></details>
  <details><summary>Humo Air e adatta a chi cerca il prezzo piu basso?</summary><p>Dipende dalla rotta e dai servizi necessari. In molti casi le tariffe base sono competitive, ma conviene verificare gli extra prima di concludere la prenotazione.</p></details>
  <details><summary>Quali aeroporti italiani monitorare?</summary><p>Le partenze da Milano, Roma, Napoli, Venezia, Catania e Bologna sono tra quelle che gli utenti confrontano piu spesso.</p></details>
</div>","Compagnie aeree|Compagnie low cost",airline,HJ,/compagnie-aeree/humo-air/,"Humo Air: bagagli, check-in e rotte | ConfrontaPrezziVoli","Scopri come volare con Humo Air: bagaglio a mano, check-in, consigli e rotte piu cercate dagli utenti italiani.","Humo Air bagaglio check-in",airlines,"Compagnia classificata come low cost nel dataset."
post,publish,"Hunnu Air (MR): bagagli, check-in, rotte e consigli 2026",compagnia-aerea-hunnu-air-mr,"Guida pratica su Hunnu Air: bagaglio a mano, check-in, rotte popolari dall'Italia e consigli utili per prenotare.","<div class=""cpv-landing-note"">
  <p><strong>Guida pratica Hunnu Air.</strong> Qui trovi una sintesi utile per capire come prenotare con Hunnu Air, cosa controllare su bagagli e check-in e quali aspetti confrontare prima di acquistare il volo.</p>
</div>
<div class=""cpv-stat-grid"">
  <div class=""cpv-stat""><strong>Tradizionale</strong><span>Tipologia di compagnia secondo il dataset disponibile.</span></div>
  <div class=""cpv-stat""><strong>Check-in online</strong><span>Da verificare sempre sul sito ufficiale prima della partenza.</span></div>
  <div class=""cpv-stat""><strong>Bagagli</strong><span>Controlla franchigia e servizi inclusi in base alla tariffa scelta.</span></div>
</div>
<h2>Hunnu Air: cosa controllare prima di prenotare</h2>
<p>La compagnia viene spesso valutata per tratte business, nazionali o con servizi aggiuntivi. Prima della prenotazione conviene confrontare orari, politica bagagli, flessibilita della tariffa e aeroporto di partenza disponibile in Italia.</p>
<div class=""cpv-chip-list""><span class=""cpv-chip"">FCO</span><span class=""cpv-chip"">CIA</span><span class=""cpv-chip"">MXP</span><span class=""cpv-chip"">BGY</span><span class=""cpv-chip"">LIN</span><span class=""cpv-chip"">NAP</span></div>
<div class=""cpv-landing-grid"">
  <div class=""cpv-landing-card""><strong>Bagaglio a mano</strong><p>Controlla sempre misure, peso e possibilita di aggiungere priorita o trolley in cabina.</p></div>
  <div class=""cpv-landing-card""><strong>Check-in</strong><p>Verifica finestre di apertura, app mobile, costi in aeroporto e documenti richiesti.</p></div>
  <div class=""cpv-landing-card""><strong>Partenze italiane</strong><p>Confronta i principali aeroporti italiani per capire quali rotte o fasce orarie sono piu interessanti.</p></div>
</div>
<h2>Domande frequenti su Hunnu Air</h2>
<div class=""cpv-faq"">
  <details><summary>Come verificare le regole bagaglio di Hunnu Air?</summary><p>Consulta sempre la pagina ufficiale prima dell'acquisto: le regole possono cambiare in base alla tariffa, alla rotta e alla data di viaggio.</p></details>
  <details><summary>Hunnu Air e adatta a chi cerca il prezzo piu basso?</summary><p>Dipende dalla rotta e dai servizi necessari. In molti casi le tariffe base sono competitive, ma conviene verificare gli extra prima di concludere la prenotazione.</p></details>
  <details><summary>Quali aeroporti italiani monitorare?</summary><p>Le partenze da Milano, Roma, Napoli, Venezia, Catania e Bologna sono tra quelle che gli utenti confrontano piu spesso.</p></details>
</div>","Compagnie aeree|Compagnie tradizionali",airline,MR,/compagnie-aeree/hunnu-air/,"Hunnu Air: bagagli, check-in e rotte | ConfrontaPrezziVoli","Scopri come volare con Hunnu Air: bagaglio a mano, check-in, consigli e rotte piu cercate dagli utenti italiani.","Hunnu Air bagaglio check-in",airlines,"Compagnia classificata come tradizionale nel dataset."
post,publish,"Hydro - Quebec (0Q): bagagli, check-in, rotte e consigli 2026",compagnia-aerea-hydro-quebec-0q,"Guida pratica su Hydro - Quebec: bagaglio a mano, check-in, rotte popolari dall'Italia e consigli utili per prenotare.","<div class=""cpv-landing-note"">
  <p><strong>Guida pratica Hydro - Quebec.</strong> Qui trovi una sintesi utile per capire come prenotare con Hydro - Quebec, cosa controllare su bagagli e check-in e quali aspetti confrontare prima di acquistare il volo.</p>
</div>
<div class=""cpv-stat-grid"">
  <div class=""cpv-stat""><strong>Tradizionale</strong><span>Tipologia di compagnia secondo il dataset disponibile.</span></div>
  <div class=""cpv-stat""><strong>Check-in online</strong><span>Da verificare sempre sul sito ufficiale prima della partenza.</span></div>
  <div class=""cpv-stat""><strong>Bagagli</strong><span>Controlla franchigia e servizi inclusi in base alla tariffa scelta.</span></div>
</div>
<h2>Hydro - Quebec: cosa controllare prima di prenotare</h2>
<p>La compagnia viene spesso valutata per tratte business, nazionali o con servizi aggiuntivi. Prima della prenotazione conviene confrontare orari, politica bagagli, flessibilita della tariffa e aeroporto di partenza disponibile in Italia.</p>
<div class=""cpv-chip-list""><span class=""cpv-chip"">FCO</span><span class=""cpv-chip"">CIA</span><span class=""cpv-chip"">MXP</span><span class=""cpv-chip"">BGY</span><span class=""cpv-chip"">LIN</span><span class=""cpv-chip"">NAP</span></div>
<div class=""cpv-landing-grid"">
  <div class=""cpv-landing-card""><strong>Bagaglio a mano</strong><p>Controlla sempre misure, peso e possibilita di aggiungere priorita o trolley in cabina.</p></div>
  <div class=""cpv-landing-card""><strong>Check-in</strong><p>Verifica finestre di apertura, app mobile, costi in aeroporto e documenti richiesti.</p></div>
  <div class=""cpv-landing-card""><strong>Partenze italiane</strong><p>Confronta i principali aeroporti italiani per capire quali rotte o fasce orarie sono piu interessanti.</p></div>
</div>
<h2>Domande frequenti su Hydro - Quebec</h2>
<div class=""cpv-faq"">
  <details><summary>Come verificare le regole bagaglio di Hydro - Quebec?</summary><p>Consulta sempre la pagina ufficiale prima dell'acquisto: le regole possono cambiare in base alla tariffa, alla rotta e alla data di viaggio.</p></details>
  <details><summary>Hydro - Quebec e adatta a chi cerca il prezzo piu basso?</summary><p>Dipende dalla rotta e dai servizi necessari. In molti casi le tariffe base sono competitive, ma conviene verificare gli extra prima di concludere la prenotazione.</p></details>
  <details><summary>Quali aeroporti italiani monitorare?</summary><p>Le partenze da Milano, Roma, Napoli, Venezia, Catania e Bologna sono tra quelle che gli utenti confrontano piu spesso.</p></details>
</div>","Compagnie aeree|Compagnie tradizionali",airline,0Q,/compagnie-aeree/hydro-quebec/,"Hydro - Quebec: bagagli, check-in e rotte | ConfrontaPrezziVoli","Scopri come volare con Hydro - Quebec: bagaglio a mano, check-in, consigli e rotte piu cercate dagli utenti italiani.","Hydro - Quebec bagaglio check-in",airlines,"Compagnia classificata come tradizionale nel dataset."
post,publish,"Héli Sécurité Hélicopter Airline (HS): bagagli, check-in, rotte e consigli 2026",compagnia-aerea-h-eli-s-ecurit-e-h-elicopter-airline-hs,"Guida pratica su Héli Sécurité Hélicopter Airline: bagaglio a mano, check-in, rotte popolari dall'Italia e consigli utili per prenotare.","<div class=""cpv-landing-note"">
  <p><strong>Guida pratica Héli Sécurité Hélicopter Airline.</strong> Qui trovi una sintesi utile per capire come prenotare con Héli Sécurité Hélicopter Airline, cosa controllare su bagagli e check-in e quali aspetti confrontare prima di acquistare il volo.</p>
</div>
<div class=""cpv-stat-grid"">
  <div class=""cpv-stat""><strong>Tradizionale</strong><span>Tipologia di compagnia secondo il dataset disponibile.</span></div>
  <div class=""cpv-stat""><strong>Check-in online</strong><span>Da verificare sempre sul sito ufficiale prima della partenza.</span></div>
  <div class=""cpv-stat""><strong>Bagagli</strong><span>Controlla franchigia e servizi inclusi in base alla tariffa scelta.</span></div>
</div>
<h2>Héli Sécurité Hélicopter Airline: cosa controllare prima di prenotare</h2>
<p>La compagnia viene spesso valutata per tratte business, nazionali o con servizi aggiuntivi. Prima della prenotazione conviene confrontare orari, politica bagagli, flessibilita della tariffa e aeroporto di partenza disponibile in Italia.</p>
<div class=""cpv-chip-list""><span class=""cpv-chip"">FCO</span><span class=""cpv-chip"">CIA</span><span class=""cpv-chip"">MXP</span><span class=""cpv-chip"">BGY</span><span class=""cpv-chip"">LIN</span><span class=""cpv-chip"">NAP</span></div>
<div class=""cpv-landing-grid"">
  <div class=""cpv-landing-card""><strong>Bagaglio a mano</strong><p>Controlla sempre misure, peso e possibilita di aggiungere priorita o trolley in cabina.</p></div>
  <div class=""cpv-landing-card""><strong>Check-in</strong><p>Verifica finestre di apertura, app mobile, costi in aeroporto e documenti richiesti.</p></div>
  <div class=""cpv-landing-card""><strong>Partenze italiane</strong><p>Confronta i principali aeroporti italiani per capire quali rotte o fasce orarie sono piu interessanti.</p></div>
</div>
<h2>Domande frequenti su Héli Sécurité Hélicopter Airline</h2>
<div class=""cpv-faq"">
  <details><summary>Come verificare le regole bagaglio di Héli Sécurité Hélicopter Airline?</summary><p>Consulta sempre la pagina ufficiale prima dell'acquisto: le regole possono cambiare in base alla tariffa, alla rotta e alla data di viaggio.</p></details>
  <details><summary>Héli Sécurité Hélicopter Airline e adatta a chi cerca il prezzo piu basso?</summary><p>Dipende dalla rotta e dai servizi necessari. In molti casi le tariffe base sono competitive, ma conviene verificare gli extra prima di concludere la prenotazione.</p></details>
  <details><summary>Quali aeroporti italiani monitorare?</summary><p>Le partenze da Milano, Roma, Napoli, Venezia, Catania e Bologna sono tra quelle che gli utenti confrontano piu spesso.</p></details>
</div>","Compagnie aeree|Compagnie tradizionali",airline,HS,/compagnie-aeree/h-eli-s-ecurit-e-h-elicopter-airline/,"Héli Sécurité Hélicopter Airline: bagagli, check-in e rotte | ConfrontaPrezziVoli","Scopri come volare con Héli Sécurité Hélicopter Airline: bagaglio a mano, check-in, consigli e rotte piu cercate dagli utenti italiani.","Héli Sécurité Hélicopter Airline bagaglio check-in",airlines,"Compagnia classificata come tradizionale nel dataset."
post,publish,"IATA - Clearing HouseInternational Air Transport Association (XB): bagagli, check-in, rotte e consigli 2026",compagnia-aerea-iata-clearing-houseinternational-air-transport-association-xb,"Guida pratica su IATA - Clearing HouseInternational Air Transport Association: bagaglio a mano, check-in, rotte popolari dall'Italia e consigli utili per prenotare.","<div class=""cpv-landing-note"">
  <p><strong>Guida pratica IATA - Clearing HouseInternational Air Transport Association.</strong> Qui trovi una sintesi utile per capire come prenotare con IATA - Clearing HouseInternational Air Transport Association, cosa controllare su bagagli e check-in e quali aspetti confrontare prima di acquistare il volo.</p>
</div>
<div class=""cpv-stat-grid"">
  <div class=""cpv-stat""><strong>Tradizionale</strong><span>Tipologia di compagnia secondo il dataset disponibile.</span></div>
  <div class=""cpv-stat""><strong>Check-in online</strong><span>Da verificare sempre sul sito ufficiale prima della partenza.</span></div>
  <div class=""cpv-stat""><strong>Bagagli</strong><span>Controlla franchigia e servizi inclusi in base alla tariffa scelta.</span></div>
</div>
<h2>IATA - Clearing HouseInternational Air Transport Association: cosa controllare prima di prenotare</h2>
<p>La compagnia viene spesso valutata per tratte business, nazionali o con servizi aggiuntivi. Prima della prenotazione conviene confrontare orari, politica bagagli, flessibilita della tariffa e aeroporto di partenza disponibile in Italia.</p>
<div class=""cpv-chip-list""><span class=""cpv-chip"">FCO</span><span class=""cpv-chip"">CIA</span><span class=""cpv-chip"">MXP</span><span class=""cpv-chip"">BGY</span><span class=""cpv-chip"">LIN</span><span class=""cpv-chip"">NAP</span></div>
<div class=""cpv-landing-grid"">
  <div class=""cpv-landing-card""><strong>Bagaglio a mano</strong><p>Controlla sempre misure, peso e possibilita di aggiungere priorita o trolley in cabina.</p></div>
  <div class=""cpv-landing-card""><strong>Check-in</strong><p>Verifica finestre di apertura, app mobile, costi in aeroporto e documenti richiesti.</p></div>
  <div class=""cpv-landing-card""><strong>Partenze italiane</strong><p>Confronta i principali aeroporti italiani per capire quali rotte o fasce orarie sono piu interessanti.</p></div>
</div>
<h2>Domande frequenti su IATA - Clearing HouseInternational Air Transport Association</h2>
<div class=""cpv-faq"">
  <details><summary>Come verificare le regole bagaglio di IATA - Clearing HouseInternational Air Transport Association?</summary><p>Consulta sempre la pagina ufficiale prima dell'acquisto: le regole possono cambiare in base alla tariffa, alla rotta e alla data di viaggio.</p></details>
  <details><summary>IATA - Clearing HouseInternational Air Transport Association e adatta a chi cerca il prezzo piu basso?</summary><p>Dipende dalla rotta e dai servizi necessari. In molti casi le tariffe base sono competitive, ma conviene verificare gli extra prima di concludere la prenotazione.</p></details>
  <details><summary>Quali aeroporti italiani monitorare?</summary><p>Le partenze da Milano, Roma, Napoli, Venezia, Catania e Bologna sono tra quelle che gli utenti confrontano piu spesso.</p></details>
</div>","Compagnie aeree|Compagnie tradizionali",airline,XB,/compagnie-aeree/iata-clearing-houseinternational-air-transport-association/,"IATA - Clearing HouseInternational Air Transport Association: bagagli, check-in e rotte | ConfrontaPrezziVoli","Scopri come volare con IATA - Clearing HouseInternational Air Transport Association: bagaglio a mano, check-in, consigli e rotte piu cercate dagli utenti italiani.","IATA - Clearing HouseInternational Air Transport Association bagaglio check-in",airlines,"Compagnia classificata come tradizionale nel dataset."
post,publish,"IBC Airways (II): bagagli, check-in, rotte e consigli 2026",compagnia-aerea-ibc-airways-ii,"Guida pratica su IBC Airways: bagaglio a mano, check-in, rotte popolari dall'Italia e consigli utili per prenotare.","<div class=""cpv-landing-note"">
  <p><strong>Guida pratica IBC Airways.</strong> Qui trovi una sintesi utile per capire come prenotare con IBC Airways, cosa controllare su bagagli e check-in e quali aspetti confrontare prima di acquistare il volo.</p>
</div>
<div class=""cpv-stat-grid"">
  <div class=""cpv-stat""><strong>Tradizionale</strong><span>Tipologia di compagnia secondo il dataset disponibile.</span></div>
  <div class=""cpv-stat""><strong>Check-in online</strong><span>Da verificare sempre sul sito ufficiale prima della partenza.</span></div>
  <div class=""cpv-stat""><strong>Bagagli</strong><span>Controlla franchigia e servizi inclusi in base alla tariffa scelta.</span></div>
</div>
<h2>IBC Airways: cosa controllare prima di prenotare</h2>
<p>La compagnia viene spesso valutata per tratte business, nazionali o con servizi aggiuntivi. Prima della prenotazione conviene confrontare orari, politica bagagli, flessibilita della tariffa e aeroporto di partenza disponibile in Italia.</p>
<div class=""cpv-chip-list""><span class=""cpv-chip"">FCO</span><span class=""cpv-chip"">CIA</span><span class=""cpv-chip"">MXP</span><span class=""cpv-chip"">BGY</span><span class=""cpv-chip"">LIN</span><span class=""cpv-chip"">NAP</span></div>
<div class=""cpv-landing-grid"">
  <div class=""cpv-landing-card""><strong>Bagaglio a mano</strong><p>Controlla sempre misure, peso e possibilita di aggiungere priorita o trolley in cabina.</p></div>
  <div class=""cpv-landing-card""><strong>Check-in</strong><p>Verifica finestre di apertura, app mobile, costi in aeroporto e documenti richiesti.</p></div>
  <div class=""cpv-landing-card""><strong>Partenze italiane</strong><p>Confronta i principali aeroporti italiani per capire quali rotte o fasce orarie sono piu interessanti.</p></div>
</div>
<h2>Domande frequenti su IBC Airways</h2>
<div class=""cpv-faq"">
  <details><summary>Come verificare le regole bagaglio di IBC Airways?</summary><p>Consulta sempre la pagina ufficiale prima dell'acquisto: le regole possono cambiare in base alla tariffa, alla rotta e alla data di viaggio.</p></details>
  <details><summary>IBC Airways e adatta a chi cerca il prezzo piu basso?</summary><p>Dipende dalla rotta e dai servizi necessari. In molti casi le tariffe base sono competitive, ma conviene verificare gli extra prima di concludere la prenotazione.</p></details>
  <details><summary>Quali aeroporti italiani monitorare?</summary><p>Le partenze da Milano, Roma, Napoli, Venezia, Catania e Bologna sono tra quelle che gli utenti confrontano piu spesso.</p></details>
</div>","Compagnie aeree|Compagnie tradizionali",airline,II,/compagnie-aeree/ibc-airways/,"IBC Airways: bagagli, check-in e rotte | ConfrontaPrezziVoli","Scopri come volare con IBC Airways: bagaglio a mano, check-in, consigli e rotte piu cercate dagli utenti italiani.","IBC Airways bagaglio check-in",airlines,"Compagnia classificata come tradizionale nel dataset."
post,publish,"IBS Software Services Americas, Inc. (V1): bagagli, check-in, rotte e consigli 2026",compagnia-aerea-ibs-software-services-americas-inc-v1,"Guida pratica su IBS Software Services Americas, Inc.: bagaglio a mano, check-in, rotte popolari dall'Italia e consigli utili per prenotare.","<div class=""cpv-landing-note"">
  <p><strong>Guida pratica IBS Software Services Americas, Inc..</strong> Qui trovi una sintesi utile per capire come prenotare con IBS Software Services Americas, Inc., cosa controllare su bagagli e check-in e quali aspetti confrontare prima di acquistare il volo.</p>
</div>
<div class=""cpv-stat-grid"">
  <div class=""cpv-stat""><strong>Tradizionale</strong><span>Tipologia di compagnia secondo il dataset disponibile.</span></div>
  <div class=""cpv-stat""><strong>Check-in online</strong><span>Da verificare sempre sul sito ufficiale prima della partenza.</span></div>
  <div class=""cpv-stat""><strong>Bagagli</strong><span>Controlla franchigia e servizi inclusi in base alla tariffa scelta.</span></div>
</div>
<h2>IBS Software Services Americas, Inc.: cosa controllare prima di prenotare</h2>
<p>La compagnia viene spesso valutata per tratte business, nazionali o con servizi aggiuntivi. Prima della prenotazione conviene confrontare orari, politica bagagli, flessibilita della tariffa e aeroporto di partenza disponibile in Italia.</p>
<div class=""cpv-chip-list""><span class=""cpv-chip"">FCO</span><span class=""cpv-chip"">CIA</span><span class=""cpv-chip"">MXP</span><span class=""cpv-chip"">BGY</span><span class=""cpv-chip"">LIN</span><span class=""cpv-chip"">NAP</span></div>
<div class=""cpv-landing-grid"">
  <div class=""cpv-landing-card""><strong>Bagaglio a mano</strong><p>Controlla sempre misure, peso e possibilita di aggiungere priorita o trolley in cabina.</p></div>
  <div class=""cpv-landing-card""><strong>Check-in</strong><p>Verifica finestre di apertura, app mobile, costi in aeroporto e documenti richiesti.</p></div>
  <div class=""cpv-landing-card""><strong>Partenze italiane</strong><p>Confronta i principali aeroporti italiani per capire quali rotte o fasce orarie sono piu interessanti.</p></div>
</div>
<h2>Domande frequenti su IBS Software Services Americas, Inc.</h2>
<div class=""cpv-faq"">
  <details><summary>Come verificare le regole bagaglio di IBS Software Services Americas, Inc.?</summary><p>Consulta sempre la pagina ufficiale prima dell'acquisto: le regole possono cambiare in base alla tariffa, alla rotta e alla data di viaggio.</p></details>
  <details><summary>IBS Software Services Americas, Inc. e adatta a chi cerca il prezzo piu basso?</summary><p>Dipende dalla rotta e dai servizi necessari. In molti casi le tariffe base sono competitive, ma conviene verificare gli extra prima di concludere la prenotazione.</p></details>
  <details><summary>Quali aeroporti italiani monitorare?</summary><p>Le partenze da Milano, Roma, Napoli, Venezia, Catania e Bologna sono tra quelle che gli utenti confrontano piu spesso.</p></details>
</div>","Compagnie aeree|Compagnie tradizionali",airline,V1,/compagnie-aeree/ibs-software-services-americas-inc/,"IBS Software Services Americas, Inc.: bagagli, check-in e rotte | ConfrontaPrezziVoli","Scopri come volare con IBS Software Services Americas, Inc.: bagaglio a mano, check-in, consigli e rotte piu cercate dagli utenti italiani.","IBS Software Services Americas, Inc. bagaglio check-in",airlines,"Compagnia classificata come tradizionale nel dataset."
post,publish,"IHY Izmir Havayollari A.S. (44): bagagli, check-in, rotte e consigli 2026",compagnia-aerea-ihy-izmir-havayollari-a-s-44,"Guida pratica su IHY Izmir Havayollari A.S.: bagaglio a mano, check-in, rotte popolari dall'Italia e consigli utili per prenotare.","<div class=""cpv-landing-note"">
  <p><strong>Guida pratica IHY Izmir Havayollari A.S..</strong> Qui trovi una sintesi utile per capire come prenotare con IHY Izmir Havayollari A.S., cosa controllare su bagagli e check-in e quali aspetti confrontare prima di acquistare il volo.</p>
</div>
<div class=""cpv-stat-grid"">
  <div class=""cpv-stat""><strong>Tradizionale</strong><span>Tipologia di compagnia secondo il dataset disponibile.</span></div>
  <div class=""cpv-stat""><strong>Check-in online</strong><span>Da verificare sempre sul sito ufficiale prima della partenza.</span></div>
  <div class=""cpv-stat""><strong>Bagagli</strong><span>Controlla franchigia e servizi inclusi in base alla tariffa scelta.</span></div>
</div>
<h2>IHY Izmir Havayollari A.S.: cosa controllare prima di prenotare</h2>
<p>La compagnia viene spesso valutata per tratte business, nazionali o con servizi aggiuntivi. Prima della prenotazione conviene confrontare orari, politica bagagli, flessibilita della tariffa e aeroporto di partenza disponibile in Italia.</p>
<div class=""cpv-chip-list""><span class=""cpv-chip"">FCO</span><span class=""cpv-chip"">CIA</span><span class=""cpv-chip"">MXP</span><span class=""cpv-chip"">BGY</span><span class=""cpv-chip"">LIN</span><span class=""cpv-chip"">NAP</span></div>
<div class=""cpv-landing-grid"">
  <div class=""cpv-landing-card""><strong>Bagaglio a mano</strong><p>Controlla sempre misure, peso e possibilita di aggiungere priorita o trolley in cabina.</p></div>
  <div class=""cpv-landing-card""><strong>Check-in</strong><p>Verifica finestre di apertura, app mobile, costi in aeroporto e documenti richiesti.</p></div>
  <div class=""cpv-landing-card""><strong>Partenze italiane</strong><p>Confronta i principali aeroporti italiani per capire quali rotte o fasce orarie sono piu interessanti.</p></div>
</div>
<h2>Domande frequenti su IHY Izmir Havayollari A.S.</h2>
<div class=""cpv-faq"">
  <details><summary>Come verificare le regole bagaglio di IHY Izmir Havayollari A.S.?</summary><p>Consulta sempre la pagina ufficiale prima dell'acquisto: le regole possono cambiare in base alla tariffa, alla rotta e alla data di viaggio.</p></details>
  <details><summary>IHY Izmir Havayollari A.S. e adatta a chi cerca il prezzo piu basso?</summary><p>Dipende dalla rotta e dai servizi necessari. In molti casi le tariffe base sono competitive, ma conviene verificare gli extra prima di concludere la prenotazione.</p></details>
  <details><summary>Quali aeroporti italiani monitorare?</summary><p>Le partenze da Milano, Roma, Napoli, Venezia, Catania e Bologna sono tra quelle che gli utenti confrontano piu spesso.</p></details>
</div>","Compagnie aeree|Compagnie tradizionali",airline,44,/compagnie-aeree/ihy-izmir-havayollari-a-s/,"IHY Izmir Havayollari A.S.: bagagli, check-in e rotte | ConfrontaPrezziVoli","Scopri come volare con IHY Izmir Havayollari A.S.: bagaglio a mano, check-in, consigli e rotte piu cercate dagli utenti italiani.","IHY Izmir Havayollari A.S. bagaglio check-in",airlines,"Compagnia classificata come tradizionale nel dataset."
post,publish,"INFINI Travel Information, Inc. (1F): bagagli, check-in, rotte e consigli 2026",compagnia-aerea-infini-travel-information-inc-1f,"Guida pratica su INFINI Travel Information, Inc.: bagaglio a mano, check-in, rotte popolari dall'Italia e consigli utili per prenotare.","<div class=""cpv-landing-note"">
  <p><strong>Guida pratica INFINI Travel Information, Inc..</strong> Qui trovi una sintesi utile per capire come prenotare con INFINI Travel Information, Inc., cosa controllare su bagagli e check-in e quali aspetti confrontare prima di acquistare il volo.</p>
</div>
<div class=""cpv-stat-grid"">
  <div class=""cpv-stat""><strong>Tradizionale</strong><span>Tipologia di compagnia secondo il dataset disponibile.</span></div>
  <div class=""cpv-stat""><strong>Check-in online</strong><span>Da verificare sempre sul sito ufficiale prima della partenza.</span></div>
  <div class=""cpv-stat""><strong>Bagagli</strong><span>Controlla franchigia e servizi inclusi in base alla tariffa scelta.</span></div>
</div>
<h2>INFINI Travel Information, Inc.: cosa controllare prima di prenotare</h2>
<p>La compagnia viene spesso valutata per tratte business, nazionali o con servizi aggiuntivi. Prima della prenotazione conviene confrontare orari, politica bagagli, flessibilita della tariffa e aeroporto di partenza disponibile in Italia.</p>
<div class=""cpv-chip-list""><span class=""cpv-chip"">FCO</span><span class=""cpv-chip"">CIA</span><span class=""cpv-chip"">MXP</span><span class=""cpv-chip"">BGY</span><span class=""cpv-chip"">LIN</span><span class=""cpv-chip"">NAP</span></div>
<div class=""cpv-landing-grid"">
  <div class=""cpv-landing-card""><strong>Bagaglio a mano</strong><p>Controlla sempre misure, peso e possibilita di aggiungere priorita o trolley in cabina.</p></div>
  <div class=""cpv-landing-card""><strong>Check-in</strong><p>Verifica finestre di apertura, app mobile, costi in aeroporto e documenti richiesti.</p></div>
  <div class=""cpv-landing-card""><strong>Partenze italiane</strong><p>Confronta i principali aeroporti italiani per capire quali rotte o fasce orarie sono piu interessanti.</p></div>
</div>
<h2>Domande frequenti su INFINI Travel Information, Inc.</h2>
<div class=""cpv-faq"">
  <details><summary>Come verificare le regole bagaglio di INFINI Travel Information, Inc.?</summary><p>Consulta sempre la pagina ufficiale prima dell'acquisto: le regole possono cambiare in base alla tariffa, alla rotta e alla data di viaggio.</p></details>
  <details><summary>INFINI Travel Information, Inc. e adatta a chi cerca il prezzo piu basso?</summary><p>Dipende dalla rotta e dai servizi necessari. In molti casi le tariffe base sono competitive, ma conviene verificare gli extra prima di concludere la prenotazione.</p></details>
  <details><summary>Quali aeroporti italiani monitorare?</summary><p>Le partenze da Milano, Roma, Napoli, Venezia, Catania e Bologna sono tra quelle che gli utenti confrontano piu spesso.</p></details>
</div>","Compagnie aeree|Compagnie tradizionali",airline,1F,/compagnie-aeree/infini-travel-information-inc/,"INFINI Travel Information, Inc.: bagagli, check-in e rotte | ConfrontaPrezziVoli","Scopri come volare con INFINI Travel Information, Inc.: bagaglio a mano, check-in, consigli e rotte piu cercate dagli utenti italiani.","INFINI Travel Information, Inc. bagaglio check-in",airlines,"Compagnia classificata come tradizionale nel dataset."
post,publish,"IRYO (I6): bagagli, check-in, rotte e consigli 2026",compagnia-aerea-iryo-i6,"Guida pratica su IRYO: bagaglio a mano, check-in, rotte popolari dall'Italia e consigli utili per prenotare.","<div class=""cpv-landing-note"">
  <p><strong>Guida pratica IRYO.</strong> Qui trovi una sintesi utile per capire come prenotare con IRYO, cosa controllare su bagagli e check-in e quali aspetti confrontare prima di acquistare il volo.</p>
</div>
<div class=""cpv-stat-grid"">
  <div class=""cpv-stat""><strong>Tradizionale</strong><span>Tipologia di compagnia secondo il dataset disponibile.</span></div>
  <div class=""cpv-stat""><strong>Check-in online</strong><span>Da verificare sempre sul sito ufficiale prima della partenza.</span></div>
  <div class=""cpv-stat""><strong>Bagagli</strong><span>Controlla franchigia e servizi inclusi in base alla tariffa scelta.</span></div>
</div>
<h2>IRYO: cosa controllare prima di prenotare</h2>
<p>La compagnia viene spesso valutata per tratte business, nazionali o con servizi aggiuntivi. Prima della prenotazione conviene confrontare orari, politica bagagli, flessibilita della tariffa e aeroporto di partenza disponibile in Italia.</p>
<div class=""cpv-chip-list""><span class=""cpv-chip"">FCO</span><span class=""cpv-chip"">CIA</span><span class=""cpv-chip"">MXP</span><span class=""cpv-chip"">BGY</span><span class=""cpv-chip"">LIN</span><span class=""cpv-chip"">NAP</span></div>
<div class=""cpv-landing-grid"">
  <div class=""cpv-landing-card""><strong>Bagaglio a mano</strong><p>Controlla sempre misure, peso e possibilita di aggiungere priorita o trolley in cabina.</p></div>
  <div class=""cpv-landing-card""><strong>Check-in</strong><p>Verifica finestre di apertura, app mobile, costi in aeroporto e documenti richiesti.</p></div>
  <div class=""cpv-landing-card""><strong>Partenze italiane</strong><p>Confronta i principali aeroporti italiani per capire quali rotte o fasce orarie sono piu interessanti.</p></div>
</div>
<h2>Domande frequenti su IRYO</h2>
<div class=""cpv-faq"">
  <details><summary>Come verificare le regole bagaglio di IRYO?</summary><p>Consulta sempre la pagina ufficiale prima dell'acquisto: le regole possono cambiare in base alla tariffa, alla rotta e alla data di viaggio.</p></details>
  <details><summary>IRYO e adatta a chi cerca il prezzo piu basso?</summary><p>Dipende dalla rotta e dai servizi necessari. In molti casi le tariffe base sono competitive, ma conviene verificare gli extra prima di concludere la prenotazione.</p></details>
  <details><summary>Quali aeroporti italiani monitorare?</summary><p>Le partenze da Milano, Roma, Napoli, Venezia, Catania e Bologna sono tra quelle che gli utenti confrontano piu spesso.</p></details>
</div>","Compagnie aeree|Compagnie tradizionali",airline,I6,/compagnie-aeree/iryo/,"IRYO: bagagli, check-in e rotte | ConfrontaPrezziVoli","Scopri come volare con IRYO: bagaglio a mano, check-in, consigli e rotte piu cercate dagli utenti italiani.","IRYO bagaglio check-in",airlines,"Compagnia classificata come tradizionale nel dataset."
post,publish,"ITA Airways (AZ): bagagli, check-in, rotte e consigli 2026",compagnia-aerea-ita-airways-az,"Guida pratica su ITA Airways: bagaglio a mano, check-in, rotte popolari dall'Italia e consigli utili per prenotare.","<div class=""cpv-landing-note"">
  <p><strong>Guida pratica ITA Airways.</strong> Qui trovi una sintesi utile per capire come prenotare con ITA Airways, cosa controllare su bagagli e check-in e quali aspetti confrontare prima di acquistare il volo.</p>
</div>
<div class=""cpv-stat-grid"">
  <div class=""cpv-stat""><strong>Tradizionale</strong><span>Tipologia di compagnia secondo il dataset disponibile.</span></div>
  <div class=""cpv-stat""><strong>Check-in online</strong><span>Da verificare sempre sul sito ufficiale prima della partenza.</span></div>
  <div class=""cpv-stat""><strong>Bagagli</strong><span>Controlla franchigia e servizi inclusi in base alla tariffa scelta.</span></div>
</div>
<h2>ITA Airways: cosa controllare prima di prenotare</h2>
<p>La compagnia viene spesso valutata per tratte business, nazionali o con servizi aggiuntivi. Prima della prenotazione conviene confrontare orari, politica bagagli, flessibilita della tariffa e aeroporto di partenza disponibile in Italia.</p>
<div class=""cpv-chip-list""><span class=""cpv-chip"">FCO</span><span class=""cpv-chip"">CIA</span><span class=""cpv-chip"">MXP</span><span class=""cpv-chip"">BGY</span><span class=""cpv-chip"">LIN</span><span class=""cpv-chip"">NAP</span></div>
<div class=""cpv-landing-grid"">
  <div class=""cpv-landing-card""><strong>Bagaglio a mano</strong><p>Controlla sempre misure, peso e possibilita di aggiungere priorita o trolley in cabina.</p></div>
  <div class=""cpv-landing-card""><strong>Check-in</strong><p>Verifica finestre di apertura, app mobile, costi in aeroporto e documenti richiesti.</p></div>
  <div class=""cpv-landing-card""><strong>Partenze italiane</strong><p>Confronta i principali aeroporti italiani per capire quali rotte o fasce orarie sono piu interessanti.</p></div>
</div>
<h2>Domande frequenti su ITA Airways</h2>
<div class=""cpv-faq"">
  <details><summary>Come verificare le regole bagaglio di ITA Airways?</summary><p>Consulta sempre la pagina ufficiale prima dell'acquisto: le regole possono cambiare in base alla tariffa, alla rotta e alla data di viaggio.</p></details>
  <details><summary>ITA Airways e adatta a chi cerca il prezzo piu basso?</summary><p>Dipende dalla rotta e dai servizi necessari. In molti casi le tariffe base sono competitive, ma conviene verificare gli extra prima di concludere la prenotazione.</p></details>
  <details><summary>Quali aeroporti italiani monitorare?</summary><p>Le partenze da Milano, Roma, Napoli, Venezia, Catania e Bologna sono tra quelle che gli utenti confrontano piu spesso.</p></details>
</div>","Compagnie aeree|Compagnie tradizionali",airline,AZ,/compagnie-aeree/ita-airways/,"ITA Airways: bagagli, check-in e rotte | ConfrontaPrezziVoli","Scopri come volare con ITA Airways: bagaglio a mano, check-in, consigli e rotte piu cercate dagli utenti italiani.","ITA Airways bagaglio check-in",airlines,"Compagnia classificata come tradizionale nel dataset."
post,publish,"ITA Software Inc. (1U): bagagli, check-in, rotte e consigli 2026",compagnia-aerea-ita-software-inc-1u,"Guida pratica su ITA Software Inc.: bagaglio a mano, check-in, rotte popolari dall'Italia e consigli utili per prenotare.","<div class=""cpv-landing-note"">
  <p><strong>Guida pratica ITA Software Inc..</strong> Qui trovi una sintesi utile per capire come prenotare con ITA Software Inc., cosa controllare su bagagli e check-in e quali aspetti confrontare prima di acquistare il volo.</p>
</div>
<div class=""cpv-stat-grid"">
  <div class=""cpv-stat""><strong>Tradizionale</strong><span>Tipologia di compagnia secondo il dataset disponibile.</span></div>
  <div class=""cpv-stat""><strong>Check-in online</strong><span>Da verificare sempre sul sito ufficiale prima della partenza.</span></div>
  <div class=""cpv-stat""><strong>Bagagli</strong><span>Controlla franchigia e servizi inclusi in base alla tariffa scelta.</span></div>
</div>
<h2>ITA Software Inc.: cosa controllare prima di prenotare</h2>
<p>La compagnia viene spesso valutata per tratte business, nazionali o con servizi aggiuntivi. Prima della prenotazione conviene confrontare orari, politica bagagli, flessibilita della tariffa e aeroporto di partenza disponibile in Italia.</p>
<div class=""cpv-chip-list""><span class=""cpv-chip"">FCO</span><span class=""cpv-chip"">CIA</span><span class=""cpv-chip"">MXP</span><span class=""cpv-chip"">BGY</span><span class=""cpv-chip"">LIN</span><span class=""cpv-chip"">NAP</span></div>
<div class=""cpv-landing-grid"">
  <div class=""cpv-landing-card""><strong>Bagaglio a mano</strong><p>Controlla sempre misure, peso e possibilita di aggiungere priorita o trolley in cabina.</p></div>
  <div class=""cpv-landing-card""><strong>Check-in</strong><p>Verifica finestre di apertura, app mobile, costi in aeroporto e documenti richiesti.</p></div>
  <div class=""cpv-landing-card""><strong>Partenze italiane</strong><p>Confronta i principali aeroporti italiani per capire quali rotte o fasce orarie sono piu interessanti.</p></div>
</div>
<h2>Domande frequenti su ITA Software Inc.</h2>
<div class=""cpv-faq"">
  <details><summary>Come verificare le regole bagaglio di ITA Software Inc.?</summary><p>Consulta sempre la pagina ufficiale prima dell'acquisto: le regole possono cambiare in base alla tariffa, alla rotta e alla data di viaggio.</p></details>
  <details><summary>ITA Software Inc. e adatta a chi cerca il prezzo piu basso?</summary><p>Dipende dalla rotta e dai servizi necessari. In molti casi le tariffe base sono competitive, ma conviene verificare gli extra prima di concludere la prenotazione.</p></details>
  <details><summary>Quali aeroporti italiani monitorare?</summary><p>Le partenze da Milano, Roma, Napoli, Venezia, Catania e Bologna sono tra quelle che gli utenti confrontano piu spesso.</p></details>
</div>","Compagnie aeree|Compagnie tradizionali",airline,1U,/compagnie-aeree/ita-software-inc/,"ITA Software Inc.: bagagli, check-in e rotte | ConfrontaPrezziVoli","Scopri come volare con ITA Software Inc.: bagaglio a mano, check-in, consigli e rotte piu cercate dagli utenti italiani.","ITA Software Inc. bagaglio check-in",airlines,"Compagnia classificata come tradizionale nel dataset."
post,publish,"Iberia (IB): bagagli, check-in, rotte e consigli 2026",compagnia-aerea-iberia-ib,"Guida pratica su Iberia: bagaglio a mano, check-in, rotte popolari dall'Italia e consigli utili per prenotare.","<div class=""cpv-landing-note"">
  <p><strong>Guida pratica Iberia.</strong> Qui trovi una sintesi utile per capire come prenotare con Iberia, cosa controllare su bagagli e check-in e quali aspetti confrontare prima di acquistare il volo.</p>
</div>
<div class=""cpv-stat-grid"">
  <div class=""cpv-stat""><strong>Tradizionale</strong><span>Tipologia di compagnia secondo il dataset disponibile.</span></div>
  <div class=""cpv-stat""><strong>Check-in online</strong><span>Da verificare sempre sul sito ufficiale prima della partenza.</span></div>
  <div class=""cpv-stat""><strong>Bagagli</strong><span>Controlla franchigia e servizi inclusi in base alla tariffa scelta.</span></div>
</div>
<h2>Iberia: cosa controllare prima di prenotare</h2>
<p>La compagnia viene spesso valutata per tratte business, nazionali o con servizi aggiuntivi. Prima della prenotazione conviene confrontare orari, politica bagagli, flessibilita della tariffa e aeroporto di partenza disponibile in Italia.</p>
<div class=""cpv-chip-list""><span class=""cpv-chip"">FCO</span><span class=""cpv-chip"">CIA</span><span class=""cpv-chip"">MXP</span><span class=""cpv-chip"">BGY</span><span class=""cpv-chip"">LIN</span><span class=""cpv-chip"">NAP</span></div>
<div class=""cpv-landing-grid"">
  <div class=""cpv-landing-card""><strong>Bagaglio a mano</strong><p>Controlla sempre misure, peso e possibilita di aggiungere priorita o trolley in cabina.</p></div>
  <div class=""cpv-landing-card""><strong>Check-in</strong><p>Verifica finestre di apertura, app mobile, costi in aeroporto e documenti richiesti.</p></div>
  <div class=""cpv-landing-card""><strong>Partenze italiane</strong><p>Confronta i principali aeroporti italiani per capire quali rotte o fasce orarie sono piu interessanti.</p></div>
</div>
<h2>Domande frequenti su Iberia</h2>
<div class=""cpv-faq"">
  <details><summary>Come verificare le regole bagaglio di Iberia?</summary><p>Consulta sempre la pagina ufficiale prima dell'acquisto: le regole possono cambiare in base alla tariffa, alla rotta e alla data di viaggio.</p></details>
  <details><summary>Iberia e adatta a chi cerca il prezzo piu basso?</summary><p>Dipende dalla rotta e dai servizi necessari. In molti casi le tariffe base sono competitive, ma conviene verificare gli extra prima di concludere la prenotazione.</p></details>
  <details><summary>Quali aeroporti italiani monitorare?</summary><p>Le partenze da Milano, Roma, Napoli, Venezia, Catania e Bologna sono tra quelle che gli utenti confrontano piu spesso.</p></details>
</div>","Compagnie aeree|Compagnie tradizionali",airline,IB,/compagnie-aeree/iberia/,"Iberia: bagagli, check-in e rotte | ConfrontaPrezziVoli","Scopri come volare con Iberia: bagaglio a mano, check-in, consigli e rotte piu cercate dagli utenti italiani.","Iberia bagaglio check-in",airlines,"Compagnia classificata come tradizionale nel dataset."
post,publish,"Iberia Express (I2): bagagli, check-in, rotte e consigli 2026",compagnia-aerea-iberia-express-i2,"Guida pratica su Iberia Express: bagaglio a mano, check-in, rotte popolari dall'Italia e consigli utili per prenotare.","<div class=""cpv-landing-note"">
  <p><strong>Guida pratica Iberia Express.</strong> Qui trovi una sintesi utile per capire come prenotare con Iberia Express, cosa controllare su bagagli e check-in e quali aspetti confrontare prima di acquistare il volo.</p>
</div>
<div class=""cpv-stat-grid"">
  <div class=""cpv-stat""><strong>Low cost</strong><span>Tipologia di compagnia secondo il dataset disponibile.</span></div>
  <div class=""cpv-stat""><strong>Check-in online</strong><span>Da verificare sempre sul sito ufficiale prima della partenza.</span></div>
  <div class=""cpv-stat""><strong>Bagagli</strong><span>Verifica con attenzione dimensioni e priorita del bagaglio a mano.</span></div>
</div>
<h2>Iberia Express: cosa controllare prima di prenotare</h2>
<p>La compagnia e spesso cercata per city break, leisure e rotte sensibili al prezzo. Prima della prenotazione conviene confrontare orari, politica bagagli, flessibilita della tariffa e aeroporto di partenza disponibile in Italia.</p>
<div class=""cpv-chip-list""><span class=""cpv-chip"">FCO</span><span class=""cpv-chip"">CIA</span><span class=""cpv-chip"">MXP</span><span class=""cpv-chip"">BGY</span><span class=""cpv-chip"">LIN</span><span class=""cpv-chip"">NAP</span></div>
<div class=""cpv-landing-grid"">
  <div class=""cpv-landing-card""><strong>Bagaglio a mano</strong><p>Controlla sempre misure, peso e possibilita di aggiungere priorita o trolley in cabina.</p></div>
  <div class=""cpv-landing-card""><strong>Check-in</strong><p>Verifica finestre di apertura, app mobile, costi in aeroporto e documenti richiesti.</p></div>
  <div class=""cpv-landing-card""><strong>Partenze italiane</strong><p>Confronta i principali aeroporti italiani per capire quali rotte o fasce orarie sono piu interessanti.</p></div>
</div>
<h2>Domande frequenti su Iberia Express</h2>
<div class=""cpv-faq"">
  <details><summary>Come verificare le regole bagaglio di Iberia Express?</summary><p>Consulta sempre la pagina ufficiale prima dell'acquisto: le regole possono cambiare in base alla tariffa, alla rotta e alla data di viaggio.</p></details>
  <details><summary>Iberia Express e adatta a chi cerca il prezzo piu basso?</summary><p>Dipende dalla rotta e dai servizi necessari. In molti casi le tariffe base sono competitive, ma conviene verificare gli extra prima di concludere la prenotazione.</p></details>
  <details><summary>Quali aeroporti italiani monitorare?</summary><p>Le partenze da Milano, Roma, Napoli, Venezia, Catania e Bologna sono tra quelle che gli utenti confrontano piu spesso.</p></details>
</div>","Compagnie aeree|Compagnie low cost",airline,I2,/compagnie-aeree/iberia-express/,"Iberia Express: bagagli, check-in e rotte | ConfrontaPrezziVoli","Scopri come volare con Iberia Express: bagaglio a mano, check-in, consigli e rotte piu cercate dagli utenti italiani.","Iberia Express bagaglio check-in",airlines,"Compagnia classificata come low cost nel dataset."
post,publish,"Iberojet (6O): bagagli, check-in, rotte e consigli 2026",compagnia-aerea-iberojet-6o,"Guida pratica su Iberojet: bagaglio a mano, check-in, rotte popolari dall'Italia e consigli utili per prenotare.","<div class=""cpv-landing-note"">
  <p><strong>Guida pratica Iberojet.</strong> Qui trovi una sintesi utile per capire come prenotare con Iberojet, cosa controllare su bagagli e check-in e quali aspetti confrontare prima di acquistare il volo.</p>
</div>
<div class=""cpv-stat-grid"">
  <div class=""cpv-stat""><strong>Tradizionale</strong><span>Tipologia di compagnia secondo il dataset disponibile.</span></div>
  <div class=""cpv-stat""><strong>Check-in online</strong><span>Da verificare sempre sul sito ufficiale prima della partenza.</span></div>
  <div class=""cpv-stat""><strong>Bagagli</strong><span>Controlla franchigia e servizi inclusi in base alla tariffa scelta.</span></div>
</div>
<h2>Iberojet: cosa controllare prima di prenotare</h2>
<p>La compagnia viene spesso valutata per tratte business, nazionali o con servizi aggiuntivi. Prima della prenotazione conviene confrontare orari, politica bagagli, flessibilita della tariffa e aeroporto di partenza disponibile in Italia.</p>
<div class=""cpv-chip-list""><span class=""cpv-chip"">FCO</span><span class=""cpv-chip"">CIA</span><span class=""cpv-chip"">MXP</span><span class=""cpv-chip"">BGY</span><span class=""cpv-chip"">LIN</span><span class=""cpv-chip"">NAP</span></div>
<div class=""cpv-landing-grid"">
  <div class=""cpv-landing-card""><strong>Bagaglio a mano</strong><p>Controlla sempre misure, peso e possibilita di aggiungere priorita o trolley in cabina.</p></div>
  <div class=""cpv-landing-card""><strong>Check-in</strong><p>Verifica finestre di apertura, app mobile, costi in aeroporto e documenti richiesti.</p></div>
  <div class=""cpv-landing-card""><strong>Partenze italiane</strong><p>Confronta i principali aeroporti italiani per capire quali rotte o fasce orarie sono piu interessanti.</p></div>
</div>
<h2>Domande frequenti su Iberojet</h2>
<div class=""cpv-faq"">
  <details><summary>Come verificare le regole bagaglio di Iberojet?</summary><p>Consulta sempre la pagina ufficiale prima dell'acquisto: le regole possono cambiare in base alla tariffa, alla rotta e alla data di viaggio.</p></details>
  <details><summary>Iberojet e adatta a chi cerca il prezzo piu basso?</summary><p>Dipende dalla rotta e dai servizi necessari. In molti casi le tariffe base sono competitive, ma conviene verificare gli extra prima di concludere la prenotazione.</p></details>
  <details><summary>Quali aeroporti italiani monitorare?</summary><p>Le partenze da Milano, Roma, Napoli, Venezia, Catania e Bologna sono tra quelle che gli utenti confrontano piu spesso.</p></details>
</div>","Compagnie aeree|Compagnie tradizionali",airline,6O,/compagnie-aeree/iberojet/,"Iberojet: bagagli, check-in e rotte | ConfrontaPrezziVoli","Scopri come volare con Iberojet: bagaglio a mano, check-in, consigli e rotte piu cercate dagli utenti italiani.","Iberojet bagaglio check-in",airlines,"Compagnia classificata come tradizionale nel dataset."
post,publish,"Iberojet (E9): bagagli, check-in, rotte e consigli 2026",compagnia-aerea-iberojet-e9,"Guida pratica su Iberojet: bagaglio a mano, check-in, rotte popolari dall'Italia e consigli utili per prenotare.","<div class=""cpv-landing-note"">
  <p><strong>Guida pratica Iberojet.</strong> Qui trovi una sintesi utile per capire come prenotare con Iberojet, cosa controllare su bagagli e check-in e quali aspetti confrontare prima di acquistare il volo.</p>
</div>
<div class=""cpv-stat-grid"">
  <div class=""cpv-stat""><strong>Tradizionale</strong><span>Tipologia di compagnia secondo il dataset disponibile.</span></div>
  <div class=""cpv-stat""><strong>Check-in online</strong><span>Da verificare sempre sul sito ufficiale prima della partenza.</span></div>
  <div class=""cpv-stat""><strong>Bagagli</strong><span>Controlla franchigia e servizi inclusi in base alla tariffa scelta.</span></div>
</div>
<h2>Iberojet: cosa controllare prima di prenotare</h2>
<p>La compagnia viene spesso valutata per tratte business, nazionali o con servizi aggiuntivi. Prima della prenotazione conviene confrontare orari, politica bagagli, flessibilita della tariffa e aeroporto di partenza disponibile in Italia.</p>
<div class=""cpv-chip-list""><span class=""cpv-chip"">FCO</span><span class=""cpv-chip"">CIA</span><span class=""cpv-chip"">MXP</span><span class=""cpv-chip"">BGY</span><span class=""cpv-chip"">LIN</span><span class=""cpv-chip"">NAP</span></div>
<div class=""cpv-landing-grid"">
  <div class=""cpv-landing-card""><strong>Bagaglio a mano</strong><p>Controlla sempre misure, peso e possibilita di aggiungere priorita o trolley in cabina.</p></div>
  <div class=""cpv-landing-card""><strong>Check-in</strong><p>Verifica finestre di apertura, app mobile, costi in aeroporto e documenti richiesti.</p></div>
  <div class=""cpv-landing-card""><strong>Partenze italiane</strong><p>Confronta i principali aeroporti italiani per capire quali rotte o fasce orarie sono piu interessanti.</p></div>
</div>
<h2>Domande frequenti su Iberojet</h2>
<div class=""cpv-faq"">
  <details><summary>Come verificare le regole bagaglio di Iberojet?</summary><p>Consulta sempre la pagina ufficiale prima dell'acquisto: le regole possono cambiare in base alla tariffa, alla rotta e alla data di viaggio.</p></details>
  <details><summary>Iberojet e adatta a chi cerca il prezzo piu basso?</summary><p>Dipende dalla rotta e dai servizi necessari. In molti casi le tariffe base sono competitive, ma conviene verificare gli extra prima di concludere la prenotazione.</p></details>
  <details><summary>Quali aeroporti italiani monitorare?</summary><p>Le partenze da Milano, Roma, Napoli, Venezia, Catania e Bologna sono tra quelle che gli utenti confrontano piu spesso.</p></details>
</div>","Compagnie aeree|Compagnie tradizionali",airline,E9,/compagnie-aeree/iberojet/,"Iberojet: bagagli, check-in e rotte | ConfrontaPrezziVoli","Scopri come volare con Iberojet: bagaglio a mano, check-in, consigli e rotte piu cercate dagli utenti italiani.","Iberojet bagaglio check-in",airlines,"Compagnia classificata come tradizionale nel dataset."
post,publish,"Ibex Airlines (FW): bagagli, check-in, rotte e consigli 2026",compagnia-aerea-ibex-airlines-fw,"Guida pratica su Ibex Airlines: bagaglio a mano, check-in, rotte popolari dall'Italia e consigli utili per prenotare.","<div class=""cpv-landing-note"">
  <p><strong>Guida pratica Ibex Airlines.</strong> Qui trovi una sintesi utile per capire come prenotare con Ibex Airlines, cosa controllare su bagagli e check-in e quali aspetti confrontare prima di acquistare il volo.</p>
</div>
<div class=""cpv-stat-grid"">
  <div class=""cpv-stat""><strong>Tradizionale</strong><span>Tipologia di compagnia secondo il dataset disponibile.</span></div>
  <div class=""cpv-stat""><strong>Check-in online</strong><span>Da verificare sempre sul sito ufficiale prima della partenza.</span></div>
  <div class=""cpv-stat""><strong>Bagagli</strong><span>Controlla franchigia e servizi inclusi in base alla tariffa scelta.</span></div>
</div>
<h2>Ibex Airlines: cosa controllare prima di prenotare</h2>
<p>La compagnia viene spesso valutata per tratte business, nazionali o con servizi aggiuntivi. Prima della prenotazione conviene confrontare orari, politica bagagli, flessibilita della tariffa e aeroporto di partenza disponibile in Italia.</p>
<div class=""cpv-chip-list""><span class=""cpv-chip"">FCO</span><span class=""cpv-chip"">CIA</span><span class=""cpv-chip"">MXP</span><span class=""cpv-chip"">BGY</span><span class=""cpv-chip"">LIN</span><span class=""cpv-chip"">NAP</span></div>
<div class=""cpv-landing-grid"">
  <div class=""cpv-landing-card""><strong>Bagaglio a mano</strong><p>Controlla sempre misure, peso e possibilita di aggiungere priorita o trolley in cabina.</p></div>
  <div class=""cpv-landing-card""><strong>Check-in</strong><p>Verifica finestre di apertura, app mobile, costi in aeroporto e documenti richiesti.</p></div>
  <div class=""cpv-landing-card""><strong>Partenze italiane</strong><p>Confronta i principali aeroporti italiani per capire quali rotte o fasce orarie sono piu interessanti.</p></div>
</div>
<h2>Domande frequenti su Ibex Airlines</h2>
<div class=""cpv-faq"">
  <details><summary>Come verificare le regole bagaglio di Ibex Airlines?</summary><p>Consulta sempre la pagina ufficiale prima dell'acquisto: le regole possono cambiare in base alla tariffa, alla rotta e alla data di viaggio.</p></details>
  <details><summary>Ibex Airlines e adatta a chi cerca il prezzo piu basso?</summary><p>Dipende dalla rotta e dai servizi necessari. In molti casi le tariffe base sono competitive, ma conviene verificare gli extra prima di concludere la prenotazione.</p></details>
  <details><summary>Quali aeroporti italiani monitorare?</summary><p>Le partenze da Milano, Roma, Napoli, Venezia, Catania e Bologna sono tra quelle che gli utenti confrontano piu spesso.</p></details>
</div>","Compagnie aeree|Compagnie tradizionali",airline,FW,/compagnie-aeree/ibex-airlines/,"Ibex Airlines: bagagli, check-in e rotte | ConfrontaPrezziVoli","Scopri come volare con Ibex Airlines: bagaglio a mano, check-in, consigli e rotte piu cercate dagli utenti italiani.","Ibex Airlines bagaglio check-in",airlines,"Compagnia classificata come tradizionale nel dataset."
post,publish,"Ibom Air (QI): bagagli, check-in, rotte e consigli 2026",compagnia-aerea-ibom-air-qi,"Guida pratica su Ibom Air: bagaglio a mano, check-in, rotte popolari dall'Italia e consigli utili per prenotare.","<div class=""cpv-landing-note"">
  <p><strong>Guida pratica Ibom Air.</strong> Qui trovi una sintesi utile per capire come prenotare con Ibom Air, cosa controllare su bagagli e check-in e quali aspetti confrontare prima di acquistare il volo.</p>
</div>
<div class=""cpv-stat-grid"">
  <div class=""cpv-stat""><strong>Tradizionale</strong><span>Tipologia di compagnia secondo il dataset disponibile.</span></div>
  <div class=""cpv-stat""><strong>Check-in online</strong><span>Da verificare sempre sul sito ufficiale prima della partenza.</span></div>
  <div class=""cpv-stat""><strong>Bagagli</strong><span>Controlla franchigia e servizi inclusi in base alla tariffa scelta.</span></div>
</div>
<h2>Ibom Air: cosa controllare prima di prenotare</h2>
<p>La compagnia viene spesso valutata per tratte business, nazionali o con servizi aggiuntivi. Prima della prenotazione conviene confrontare orari, politica bagagli, flessibilita della tariffa e aeroporto di partenza disponibile in Italia.</p>
<div class=""cpv-chip-list""><span class=""cpv-chip"">FCO</span><span class=""cpv-chip"">CIA</span><span class=""cpv-chip"">MXP</span><span class=""cpv-chip"">BGY</span><span class=""cpv-chip"">LIN</span><span class=""cpv-chip"">NAP</span></div>
<div class=""cpv-landing-grid"">
  <div class=""cpv-landing-card""><strong>Bagaglio a mano</strong><p>Controlla sempre misure, peso e possibilita di aggiungere priorita o trolley in cabina.</p></div>
  <div class=""cpv-landing-card""><strong>Check-in</strong><p>Verifica finestre di apertura, app mobile, costi in aeroporto e documenti richiesti.</p></div>
  <div class=""cpv-landing-card""><strong>Partenze italiane</strong><p>Confronta i principali aeroporti italiani per capire quali rotte o fasce orarie sono piu interessanti.</p></div>
</div>
<h2>Domande frequenti su Ibom Air</h2>
<div class=""cpv-faq"">
  <details><summary>Come verificare le regole bagaglio di Ibom Air?</summary><p>Consulta sempre la pagina ufficiale prima dell'acquisto: le regole possono cambiare in base alla tariffa, alla rotta e alla data di viaggio.</p></details>
  <details><summary>Ibom Air e adatta a chi cerca il prezzo piu basso?</summary><p>Dipende dalla rotta e dai servizi necessari. In molti casi le tariffe base sono competitive, ma conviene verificare gli extra prima di concludere la prenotazione.</p></details>
  <details><summary>Quali aeroporti italiani monitorare?</summary><p>Le partenze da Milano, Roma, Napoli, Venezia, Catania e Bologna sono tra quelle che gli utenti confrontano piu spesso.</p></details>
</div>","Compagnie aeree|Compagnie tradizionali",airline,QI,/compagnie-aeree/ibom-air/,"Ibom Air: bagagli, check-in e rotte | ConfrontaPrezziVoli","Scopri come volare con Ibom Air: bagaglio a mano, check-in, consigli e rotte piu cercate dagli utenti italiani.","Ibom Air bagaglio check-in",airlines,"Compagnia classificata come tradizionale nel dataset."
post,publish,"Icelandair (FI): bagagli, check-in, rotte e consigli 2026",compagnia-aerea-icelandair-fi,"Guida pratica su Icelandair: bagaglio a mano, check-in, rotte popolari dall'Italia e consigli utili per prenotare.","<div class=""cpv-landing-note"">
  <p><strong>Guida pratica Icelandair.</strong> Qui trovi una sintesi utile per capire come prenotare con Icelandair, cosa controllare su bagagli e check-in e quali aspetti confrontare prima di acquistare il volo.</p>
</div>
<div class=""cpv-stat-grid"">
  <div class=""cpv-stat""><strong>Tradizionale</strong><span>Tipologia di compagnia secondo il dataset disponibile.</span></div>
  <div class=""cpv-stat""><strong>Check-in online</strong><span>Da verificare sempre sul sito ufficiale prima della partenza.</span></div>
  <div class=""cpv-stat""><strong>Bagagli</strong><span>Controlla franchigia e servizi inclusi in base alla tariffa scelta.</span></div>
</div>
<h2>Icelandair: cosa controllare prima di prenotare</h2>
<p>La compagnia viene spesso valutata per tratte business, nazionali o con servizi aggiuntivi. Prima della prenotazione conviene confrontare orari, politica bagagli, flessibilita della tariffa e aeroporto di partenza disponibile in Italia.</p>
<div class=""cpv-chip-list""><span class=""cpv-chip"">FCO</span><span class=""cpv-chip"">CIA</span><span class=""cpv-chip"">MXP</span><span class=""cpv-chip"">BGY</span><span class=""cpv-chip"">LIN</span><span class=""cpv-chip"">NAP</span></div>
<div class=""cpv-landing-grid"">
  <div class=""cpv-landing-card""><strong>Bagaglio a mano</strong><p>Controlla sempre misure, peso e possibilita di aggiungere priorita o trolley in cabina.</p></div>
  <div class=""cpv-landing-card""><strong>Check-in</strong><p>Verifica finestre di apertura, app mobile, costi in aeroporto e documenti richiesti.</p></div>
  <div class=""cpv-landing-card""><strong>Partenze italiane</strong><p>Confronta i principali aeroporti italiani per capire quali rotte o fasce orarie sono piu interessanti.</p></div>
</div>
<h2>Domande frequenti su Icelandair</h2>
<div class=""cpv-faq"">
  <details><summary>Come verificare le regole bagaglio di Icelandair?</summary><p>Consulta sempre la pagina ufficiale prima dell'acquisto: le regole possono cambiare in base alla tariffa, alla rotta e alla data di viaggio.</p></details>
  <details><summary>Icelandair e adatta a chi cerca il prezzo piu basso?</summary><p>Dipende dalla rotta e dai servizi necessari. In molti casi le tariffe base sono competitive, ma conviene verificare gli extra prima di concludere la prenotazione.</p></details>
  <details><summary>Quali aeroporti italiani monitorare?</summary><p>Le partenze da Milano, Roma, Napoli, Venezia, Catania e Bologna sono tra quelle che gli utenti confrontano piu spesso.</p></details>
</div>","Compagnie aeree|Compagnie tradizionali",airline,FI,/compagnie-aeree/icelandair/,"Icelandair: bagagli, check-in e rotte | ConfrontaPrezziVoli","Scopri come volare con Icelandair: bagaglio a mano, check-in, consigli e rotte piu cercate dagli utenti italiani.","Icelandair bagaglio check-in",airlines,"Compagnia classificata come tradizionale nel dataset."
post,publish,"Ikar (EO): bagagli, check-in, rotte e consigli 2026",compagnia-aerea-ikar-eo,"Guida pratica su Ikar: bagaglio a mano, check-in, rotte popolari dall'Italia e consigli utili per prenotare.","<div class=""cpv-landing-note"">
  <p><strong>Guida pratica Ikar.</strong> Qui trovi una sintesi utile per capire come prenotare con Ikar, cosa controllare su bagagli e check-in e quali aspetti confrontare prima di acquistare il volo.</p>
</div>
<div class=""cpv-stat-grid"">
  <div class=""cpv-stat""><strong>Low cost</strong><span>Tipologia di compagnia secondo il dataset disponibile.</span></div>
  <div class=""cpv-stat""><strong>Check-in online</strong><span>Da verificare sempre sul sito ufficiale prima della partenza.</span></div>
  <div class=""cpv-stat""><strong>Bagagli</strong><span>Verifica con attenzione dimensioni e priorita del bagaglio a mano.</span></div>
</div>
<h2>Ikar: cosa controllare prima di prenotare</h2>
<p>La compagnia e spesso cercata per city break, leisure e rotte sensibili al prezzo. Prima della prenotazione conviene confrontare orari, politica bagagli, flessibilita della tariffa e aeroporto di partenza disponibile in Italia.</p>
<div class=""cpv-chip-list""><span class=""cpv-chip"">FCO</span><span class=""cpv-chip"">CIA</span><span class=""cpv-chip"">MXP</span><span class=""cpv-chip"">BGY</span><span class=""cpv-chip"">LIN</span><span class=""cpv-chip"">NAP</span></div>
<div class=""cpv-landing-grid"">
  <div class=""cpv-landing-card""><strong>Bagaglio a mano</strong><p>Controlla sempre misure, peso e possibilita di aggiungere priorita o trolley in cabina.</p></div>
  <div class=""cpv-landing-card""><strong>Check-in</strong><p>Verifica finestre di apertura, app mobile, costi in aeroporto e documenti richiesti.</p></div>
  <div class=""cpv-landing-card""><strong>Partenze italiane</strong><p>Confronta i principali aeroporti italiani per capire quali rotte o fasce orarie sono piu interessanti.</p></div>
</div>
<h2>Domande frequenti su Ikar</h2>
<div class=""cpv-faq"">
  <details><summary>Come verificare le regole bagaglio di Ikar?</summary><p>Consulta sempre la pagina ufficiale prima dell'acquisto: le regole possono cambiare in base alla tariffa, alla rotta e alla data di viaggio.</p></details>
  <details><summary>Ikar e adatta a chi cerca il prezzo piu basso?</summary><p>Dipende dalla rotta e dai servizi necessari. In molti casi le tariffe base sono competitive, ma conviene verificare gli extra prima di concludere la prenotazione.</p></details>
  <details><summary>Quali aeroporti italiani monitorare?</summary><p>Le partenze da Milano, Roma, Napoli, Venezia, Catania e Bologna sono tra quelle che gli utenti confrontano piu spesso.</p></details>
</div>","Compagnie aeree|Compagnie low cost",airline,EO,/compagnie-aeree/ikar/,"Ikar: bagagli, check-in e rotte | ConfrontaPrezziVoli","Scopri come volare con Ikar: bagaglio a mano, check-in, consigli e rotte piu cercate dagli utenti italiani.","Ikar bagaglio check-in",airlines,"Compagnia classificata come low cost nel dataset."
post,publish,"IndiGo (6E): bagagli, check-in, rotte e consigli 2026",compagnia-aerea-indigo-6e,"Guida pratica su IndiGo: bagaglio a mano, check-in, rotte popolari dall'Italia e consigli utili per prenotare.","<div class=""cpv-landing-note"">
  <p><strong>Guida pratica IndiGo.</strong> Qui trovi una sintesi utile per capire come prenotare con IndiGo, cosa controllare su bagagli e check-in e quali aspetti confrontare prima di acquistare il volo.</p>
</div>
<div class=""cpv-stat-grid"">
  <div class=""cpv-stat""><strong>Low cost</strong><span>Tipologia di compagnia secondo il dataset disponibile.</span></div>
  <div class=""cpv-stat""><strong>Check-in online</strong><span>Da verificare sempre sul sito ufficiale prima della partenza.</span></div>
  <div class=""cpv-stat""><strong>Bagagli</strong><span>Verifica con attenzione dimensioni e priorita del bagaglio a mano.</span></div>
</div>
<h2>IndiGo: cosa controllare prima di prenotare</h2>
<p>La compagnia e spesso cercata per city break, leisure e rotte sensibili al prezzo. Prima della prenotazione conviene confrontare orari, politica bagagli, flessibilita della tariffa e aeroporto di partenza disponibile in Italia.</p>
<div class=""cpv-chip-list""><span class=""cpv-chip"">FCO</span><span class=""cpv-chip"">CIA</span><span class=""cpv-chip"">MXP</span><span class=""cpv-chip"">BGY</span><span class=""cpv-chip"">LIN</span><span class=""cpv-chip"">NAP</span></div>
<div class=""cpv-landing-grid"">
  <div class=""cpv-landing-card""><strong>Bagaglio a mano</strong><p>Controlla sempre misure, peso e possibilita di aggiungere priorita o trolley in cabina.</p></div>
  <div class=""cpv-landing-card""><strong>Check-in</strong><p>Verifica finestre di apertura, app mobile, costi in aeroporto e documenti richiesti.</p></div>
  <div class=""cpv-landing-card""><strong>Partenze italiane</strong><p>Confronta i principali aeroporti italiani per capire quali rotte o fasce orarie sono piu interessanti.</p></div>
</div>
<h2>Domande frequenti su IndiGo</h2>
<div class=""cpv-faq"">
  <details><summary>Come verificare le regole bagaglio di IndiGo?</summary><p>Consulta sempre la pagina ufficiale prima dell'acquisto: le regole possono cambiare in base alla tariffa, alla rotta e alla data di viaggio.</p></details>
  <details><summary>IndiGo e adatta a chi cerca il prezzo piu basso?</summary><p>Dipende dalla rotta e dai servizi necessari. In molti casi le tariffe base sono competitive, ma conviene verificare gli extra prima di concludere la prenotazione.</p></details>
  <details><summary>Quali aeroporti italiani monitorare?</summary><p>Le partenze da Milano, Roma, Napoli, Venezia, Catania e Bologna sono tra quelle che gli utenti confrontano piu spesso.</p></details>
</div>","Compagnie aeree|Compagnie low cost",airline,6E,/compagnie-aeree/indigo/,"IndiGo: bagagli, check-in e rotte | ConfrontaPrezziVoli","Scopri come volare con IndiGo: bagaglio a mano, check-in, consigli e rotte piu cercate dagli utenti italiani.","IndiGo bagaglio check-in",airlines,"Compagnia classificata come low cost nel dataset."
post,publish,"Indonesia AirAsia (QZ): bagagli, check-in, rotte e consigli 2026",compagnia-aerea-indonesia-airasia-qz,"Guida pratica su Indonesia AirAsia: bagaglio a mano, check-in, rotte popolari dall'Italia e consigli utili per prenotare.","<div class=""cpv-landing-note"">
  <p><strong>Guida pratica Indonesia AirAsia.</strong> Qui trovi una sintesi utile per capire come prenotare con Indonesia AirAsia, cosa controllare su bagagli e check-in e quali aspetti confrontare prima di acquistare il volo.</p>
</div>
<div class=""cpv-stat-grid"">
  <div class=""cpv-stat""><strong>Low cost</strong><span>Tipologia di compagnia secondo il dataset disponibile.</span></div>
  <div class=""cpv-stat""><strong>Check-in online</strong><span>Da verificare sempre sul sito ufficiale prima della partenza.</span></div>
  <div class=""cpv-stat""><strong>Bagagli</strong><span>Verifica con attenzione dimensioni e priorita del bagaglio a mano.</span></div>
</div>
<h2>Indonesia AirAsia: cosa controllare prima di prenotare</h2>
<p>La compagnia e spesso cercata per city break, leisure e rotte sensibili al prezzo. Prima della prenotazione conviene confrontare orari, politica bagagli, flessibilita della tariffa e aeroporto di partenza disponibile in Italia.</p>
<div class=""cpv-chip-list""><span class=""cpv-chip"">FCO</span><span class=""cpv-chip"">CIA</span><span class=""cpv-chip"">MXP</span><span class=""cpv-chip"">BGY</span><span class=""cpv-chip"">LIN</span><span class=""cpv-chip"">NAP</span></div>
<div class=""cpv-landing-grid"">
  <div class=""cpv-landing-card""><strong>Bagaglio a mano</strong><p>Controlla sempre misure, peso e possibilita di aggiungere priorita o trolley in cabina.</p></div>
  <div class=""cpv-landing-card""><strong>Check-in</strong><p>Verifica finestre di apertura, app mobile, costi in aeroporto e documenti richiesti.</p></div>
  <div class=""cpv-landing-card""><strong>Partenze italiane</strong><p>Confronta i principali aeroporti italiani per capire quali rotte o fasce orarie sono piu interessanti.</p></div>
</div>
<h2>Domande frequenti su Indonesia AirAsia</h2>
<div class=""cpv-faq"">
  <details><summary>Come verificare le regole bagaglio di Indonesia AirAsia?</summary><p>Consulta sempre la pagina ufficiale prima dell'acquisto: le regole possono cambiare in base alla tariffa, alla rotta e alla data di viaggio.</p></details>
  <details><summary>Indonesia AirAsia e adatta a chi cerca il prezzo piu basso?</summary><p>Dipende dalla rotta e dai servizi necessari. In molti casi le tariffe base sono competitive, ma conviene verificare gli extra prima di concludere la prenotazione.</p></details>
  <details><summary>Quali aeroporti italiani monitorare?</summary><p>Le partenze da Milano, Roma, Napoli, Venezia, Catania e Bologna sono tra quelle che gli utenti confrontano piu spesso.</p></details>
</div>","Compagnie aeree|Compagnie low cost",airline,QZ,/compagnie-aeree/indonesia-airasia/,"Indonesia AirAsia: bagagli, check-in e rotte | ConfrontaPrezziVoli","Scopri come volare con Indonesia AirAsia: bagaglio a mano, check-in, consigli e rotte piu cercate dagli utenti italiani.","Indonesia AirAsia bagaglio check-in",airlines,"Compagnia classificata come low cost nel dataset."
post,publish,"InnoAviation (I3): bagagli, check-in, rotte e consigli 2026",compagnia-aerea-innoaviation-i3,"Guida pratica su InnoAviation: bagaglio a mano, check-in, rotte popolari dall'Italia e consigli utili per prenotare.","<div class=""cpv-landing-note"">
  <p><strong>Guida pratica InnoAviation.</strong> Qui trovi una sintesi utile per capire come prenotare con InnoAviation, cosa controllare su bagagli e check-in e quali aspetti confrontare prima di acquistare il volo.</p>
</div>
<div class=""cpv-stat-grid"">
  <div class=""cpv-stat""><strong>Tradizionale</strong><span>Tipologia di compagnia secondo il dataset disponibile.</span></div>
  <div class=""cpv-stat""><strong>Check-in online</strong><span>Da verificare sempre sul sito ufficiale prima della partenza.</span></div>
  <div class=""cpv-stat""><strong>Bagagli</strong><span>Controlla franchigia e servizi inclusi in base alla tariffa scelta.</span></div>
</div>
<h2>InnoAviation: cosa controllare prima di prenotare</h2>
<p>La compagnia viene spesso valutata per tratte business, nazionali o con servizi aggiuntivi. Prima della prenotazione conviene confrontare orari, politica bagagli, flessibilita della tariffa e aeroporto di partenza disponibile in Italia.</p>
<div class=""cpv-chip-list""><span class=""cpv-chip"">FCO</span><span class=""cpv-chip"">CIA</span><span class=""cpv-chip"">MXP</span><span class=""cpv-chip"">BGY</span><span class=""cpv-chip"">LIN</span><span class=""cpv-chip"">NAP</span></div>
<div class=""cpv-landing-grid"">
  <div class=""cpv-landing-card""><strong>Bagaglio a mano</strong><p>Controlla sempre misure, peso e possibilita di aggiungere priorita o trolley in cabina.</p></div>
  <div class=""cpv-landing-card""><strong>Check-in</strong><p>Verifica finestre di apertura, app mobile, costi in aeroporto e documenti richiesti.</p></div>
  <div class=""cpv-landing-card""><strong>Partenze italiane</strong><p>Confronta i principali aeroporti italiani per capire quali rotte o fasce orarie sono piu interessanti.</p></div>
</div>
<h2>Domande frequenti su InnoAviation</h2>
<div class=""cpv-faq"">
  <details><summary>Come verificare le regole bagaglio di InnoAviation?</summary><p>Consulta sempre la pagina ufficiale prima dell'acquisto: le regole possono cambiare in base alla tariffa, alla rotta e alla data di viaggio.</p></details>
  <details><summary>InnoAviation e adatta a chi cerca il prezzo piu basso?</summary><p>Dipende dalla rotta e dai servizi necessari. In molti casi le tariffe base sono competitive, ma conviene verificare gli extra prima di concludere la prenotazione.</p></details>
  <details><summary>Quali aeroporti italiani monitorare?</summary><p>Le partenze da Milano, Roma, Napoli, Venezia, Catania e Bologna sono tra quelle che gli utenti confrontano piu spesso.</p></details>
</div>","Compagnie aeree|Compagnie tradizionali",airline,I3,/compagnie-aeree/innoaviation/,"InnoAviation: bagagli, check-in e rotte | ConfrontaPrezziVoli","Scopri come volare con InnoAviation: bagaglio a mano, check-in, consigli e rotte piu cercate dagli utenti italiani.","InnoAviation bagaglio check-in",airlines,"Compagnia classificata come tradizionale nel dataset."
post,publish,"Insel Air Aruba (8I): bagagli, check-in, rotte e consigli 2026",compagnia-aerea-insel-air-aruba-8i,"Guida pratica su Insel Air Aruba: bagaglio a mano, check-in, rotte popolari dall'Italia e consigli utili per prenotare.","<div class=""cpv-landing-note"">
  <p><strong>Guida pratica Insel Air Aruba.</strong> Qui trovi una sintesi utile per capire come prenotare con Insel Air Aruba, cosa controllare su bagagli e check-in e quali aspetti confrontare prima di acquistare il volo.</p>
</div>
<div class=""cpv-stat-grid"">
  <div class=""cpv-stat""><strong>Tradizionale</strong><span>Tipologia di compagnia secondo il dataset disponibile.</span></div>
  <div class=""cpv-stat""><strong>Check-in online</strong><span>Da verificare sempre sul sito ufficiale prima della partenza.</span></div>
  <div class=""cpv-stat""><strong>Bagagli</strong><span>Controlla franchigia e servizi inclusi in base alla tariffa scelta.</span></div>
</div>
<h2>Insel Air Aruba: cosa controllare prima di prenotare</h2>
<p>La compagnia viene spesso valutata per tratte business, nazionali o con servizi aggiuntivi. Prima della prenotazione conviene confrontare orari, politica bagagli, flessibilita della tariffa e aeroporto di partenza disponibile in Italia.</p>
<div class=""cpv-chip-list""><span class=""cpv-chip"">FCO</span><span class=""cpv-chip"">CIA</span><span class=""cpv-chip"">MXP</span><span class=""cpv-chip"">BGY</span><span class=""cpv-chip"">LIN</span><span class=""cpv-chip"">NAP</span></div>
<div class=""cpv-landing-grid"">
  <div class=""cpv-landing-card""><strong>Bagaglio a mano</strong><p>Controlla sempre misure, peso e possibilita di aggiungere priorita o trolley in cabina.</p></div>
  <div class=""cpv-landing-card""><strong>Check-in</strong><p>Verifica finestre di apertura, app mobile, costi in aeroporto e documenti richiesti.</p></div>
  <div class=""cpv-landing-card""><strong>Partenze italiane</strong><p>Confronta i principali aeroporti italiani per capire quali rotte o fasce orarie sono piu interessanti.</p></div>
</div>
<h2>Domande frequenti su Insel Air Aruba</h2>
<div class=""cpv-faq"">
  <details><summary>Come verificare le regole bagaglio di Insel Air Aruba?</summary><p>Consulta sempre la pagina ufficiale prima dell'acquisto: le regole possono cambiare in base alla tariffa, alla rotta e alla data di viaggio.</p></details>
  <details><summary>Insel Air Aruba e adatta a chi cerca il prezzo piu basso?</summary><p>Dipende dalla rotta e dai servizi necessari. In molti casi le tariffe base sono competitive, ma conviene verificare gli extra prima di concludere la prenotazione.</p></details>
  <details><summary>Quali aeroporti italiani monitorare?</summary><p>Le partenze da Milano, Roma, Napoli, Venezia, Catania e Bologna sono tra quelle che gli utenti confrontano piu spesso.</p></details>
</div>","Compagnie aeree|Compagnie tradizionali",airline,8I,/compagnie-aeree/insel-air-aruba/,"Insel Air Aruba: bagagli, check-in e rotte | ConfrontaPrezziVoli","Scopri come volare con Insel Air Aruba: bagaglio a mano, check-in, consigli e rotte piu cercate dagli utenti italiani.","Insel Air Aruba bagaglio check-in",airlines,"Compagnia classificata come tradizionale nel dataset."
post,publish,"InterCaribbean Airways (JY): bagagli, check-in, rotte e consigli 2026",compagnia-aerea-intercaribbean-airways-jy,"Guida pratica su InterCaribbean Airways: bagaglio a mano, check-in, rotte popolari dall'Italia e consigli utili per prenotare.","<div class=""cpv-landing-note"">
  <p><strong>Guida pratica InterCaribbean Airways.</strong> Qui trovi una sintesi utile per capire come prenotare con InterCaribbean Airways, cosa controllare su bagagli e check-in e quali aspetti confrontare prima di acquistare il volo.</p>
</div>
<div class=""cpv-stat-grid"">
  <div class=""cpv-stat""><strong>Tradizionale</strong><span>Tipologia di compagnia secondo il dataset disponibile.</span></div>
  <div class=""cpv-stat""><strong>Check-in online</strong><span>Da verificare sempre sul sito ufficiale prima della partenza.</span></div>
  <div class=""cpv-stat""><strong>Bagagli</strong><span>Controlla franchigia e servizi inclusi in base alla tariffa scelta.</span></div>
</div>
<h2>InterCaribbean Airways: cosa controllare prima di prenotare</h2>
<p>La compagnia viene spesso valutata per tratte business, nazionali o con servizi aggiuntivi. Prima della prenotazione conviene confrontare orari, politica bagagli, flessibilita della tariffa e aeroporto di partenza disponibile in Italia.</p>
<div class=""cpv-chip-list""><span class=""cpv-chip"">FCO</span><span class=""cpv-chip"">CIA</span><span class=""cpv-chip"">MXP</span><span class=""cpv-chip"">BGY</span><span class=""cpv-chip"">LIN</span><span class=""cpv-chip"">NAP</span></div>
<div class=""cpv-landing-grid"">
  <div class=""cpv-landing-card""><strong>Bagaglio a mano</strong><p>Controlla sempre misure, peso e possibilita di aggiungere priorita o trolley in cabina.</p></div>
  <div class=""cpv-landing-card""><strong>Check-in</strong><p>Verifica finestre di apertura, app mobile, costi in aeroporto e documenti richiesti.</p></div>
  <div class=""cpv-landing-card""><strong>Partenze italiane</strong><p>Confronta i principali aeroporti italiani per capire quali rotte o fasce orarie sono piu interessanti.</p></div>
</div>
<h2>Domande frequenti su InterCaribbean Airways</h2>
<div class=""cpv-faq"">
  <details><summary>Come verificare le regole bagaglio di InterCaribbean Airways?</summary><p>Consulta sempre la pagina ufficiale prima dell'acquisto: le regole possono cambiare in base alla tariffa, alla rotta e alla data di viaggio.</p></details>
  <details><summary>InterCaribbean Airways e adatta a chi cerca il prezzo piu basso?</summary><p>Dipende dalla rotta e dai servizi necessari. In molti casi le tariffe base sono competitive, ma conviene verificare gli extra prima di concludere la prenotazione.</p></details>
  <details><summary>Quali aeroporti italiani monitorare?</summary><p>Le partenze da Milano, Roma, Napoli, Venezia, Catania e Bologna sono tra quelle che gli utenti confrontano piu spesso.</p></details>
</div>","Compagnie aeree|Compagnie tradizionali",airline,JY,/compagnie-aeree/intercaribbean-airways/,"InterCaribbean Airways: bagagli, check-in e rotte | ConfrontaPrezziVoli","Scopri come volare con InterCaribbean Airways: bagaglio a mano, check-in, consigli e rotte piu cercate dagli utenti italiani.","InterCaribbean Airways bagaglio check-in",airlines,"Compagnia classificata come tradizionale nel dataset."
post,publish,"IrAero (IO): bagagli, check-in, rotte e consigli 2026",compagnia-aerea-iraero-io,"Guida pratica su IrAero: bagaglio a mano, check-in, rotte popolari dall'Italia e consigli utili per prenotare.","<div class=""cpv-landing-note"">
  <p><strong>Guida pratica IrAero.</strong> Qui trovi una sintesi utile per capire come prenotare con IrAero, cosa controllare su bagagli e check-in e quali aspetti confrontare prima di acquistare il volo.</p>
</div>
<div class=""cpv-stat-grid"">
  <div class=""cpv-stat""><strong>Tradizionale</strong><span>Tipologia di compagnia secondo il dataset disponibile.</span></div>
  <div class=""cpv-stat""><strong>Check-in online</strong><span>Da verificare sempre sul sito ufficiale prima della partenza.</span></div>
  <div class=""cpv-stat""><strong>Bagagli</strong><span>Controlla franchigia e servizi inclusi in base alla tariffa scelta.</span></div>
</div>
<h2>IrAero: cosa controllare prima di prenotare</h2>
<p>La compagnia viene spesso valutata per tratte business, nazionali o con servizi aggiuntivi. Prima della prenotazione conviene confrontare orari, politica bagagli, flessibilita della tariffa e aeroporto di partenza disponibile in Italia.</p>
<div class=""cpv-chip-list""><span class=""cpv-chip"">FCO</span><span class=""cpv-chip"">CIA</span><span class=""cpv-chip"">MXP</span><span class=""cpv-chip"">BGY</span><span class=""cpv-chip"">LIN</span><span class=""cpv-chip"">NAP</span></div>
<div class=""cpv-landing-grid"">
  <div class=""cpv-landing-card""><strong>Bagaglio a mano</strong><p>Controlla sempre misure, peso e possibilita di aggiungere priorita o trolley in cabina.</p></div>
  <div class=""cpv-landing-card""><strong>Check-in</strong><p>Verifica finestre di apertura, app mobile, costi in aeroporto e documenti richiesti.</p></div>
  <div class=""cpv-landing-card""><strong>Partenze italiane</strong><p>Confronta i principali aeroporti italiani per capire quali rotte o fasce orarie sono piu interessanti.</p></div>
</div>
<h2>Domande frequenti su IrAero</h2>
<div class=""cpv-faq"">
  <details><summary>Come verificare le regole bagaglio di IrAero?</summary><p>Consulta sempre la pagina ufficiale prima dell'acquisto: le regole possono cambiare in base alla tariffa, alla rotta e alla data di viaggio.</p></details>
  <details><summary>IrAero e adatta a chi cerca il prezzo piu basso?</summary><p>Dipende dalla rotta e dai servizi necessari. In molti casi le tariffe base sono competitive, ma conviene verificare gli extra prima di concludere la prenotazione.</p></details>
  <details><summary>Quali aeroporti italiani monitorare?</summary><p>Le partenze da Milano, Roma, Napoli, Venezia, Catania e Bologna sono tra quelle che gli utenti confrontano piu spesso.</p></details>
</div>","Compagnie aeree|Compagnie tradizionali",airline,IO,/compagnie-aeree/iraero/,"IrAero: bagagli, check-in e rotte | ConfrontaPrezziVoli","Scopri come volare con IrAero: bagaglio a mano, check-in, consigli e rotte piu cercate dagli utenti italiani.","IrAero bagaglio check-in",airlines,"Compagnia classificata come tradizionale nel dataset."
post,publish,"Iran Air (IR): bagagli, check-in, rotte e consigli 2026",compagnia-aerea-iran-air-ir,"Guida pratica su Iran Air: bagaglio a mano, check-in, rotte popolari dall'Italia e consigli utili per prenotare.","<div class=""cpv-landing-note"">
  <p><strong>Guida pratica Iran Air.</strong> Qui trovi una sintesi utile per capire come prenotare con Iran Air, cosa controllare su bagagli e check-in e quali aspetti confrontare prima di acquistare il volo.</p>
</div>
<div class=""cpv-stat-grid"">
  <div class=""cpv-stat""><strong>Tradizionale</strong><span>Tipologia di compagnia secondo il dataset disponibile.</span></div>
  <div class=""cpv-stat""><strong>Check-in online</strong><span>Da verificare sempre sul sito ufficiale prima della partenza.</span></div>
  <div class=""cpv-stat""><strong>Bagagli</strong><span>Controlla franchigia e servizi inclusi in base alla tariffa scelta.</span></div>
</div>
<h2>Iran Air: cosa controllare prima di prenotare</h2>
<p>La compagnia viene spesso valutata per tratte business, nazionali o con servizi aggiuntivi. Prima della prenotazione conviene confrontare orari, politica bagagli, flessibilita della tariffa e aeroporto di partenza disponibile in Italia.</p>
<div class=""cpv-chip-list""><span class=""cpv-chip"">FCO</span><span class=""cpv-chip"">CIA</span><span class=""cpv-chip"">MXP</span><span class=""cpv-chip"">BGY</span><span class=""cpv-chip"">LIN</span><span class=""cpv-chip"">NAP</span></div>
<div class=""cpv-landing-grid"">
  <div class=""cpv-landing-card""><strong>Bagaglio a mano</strong><p>Controlla sempre misure, peso e possibilita di aggiungere priorita o trolley in cabina.</p></div>
  <div class=""cpv-landing-card""><strong>Check-in</strong><p>Verifica finestre di apertura, app mobile, costi in aeroporto e documenti richiesti.</p></div>
  <div class=""cpv-landing-card""><strong>Partenze italiane</strong><p>Confronta i principali aeroporti italiani per capire quali rotte o fasce orarie sono piu interessanti.</p></div>
</div>
<h2>Domande frequenti su Iran Air</h2>
<div class=""cpv-faq"">
  <details><summary>Come verificare le regole bagaglio di Iran Air?</summary><p>Consulta sempre la pagina ufficiale prima dell'acquisto: le regole possono cambiare in base alla tariffa, alla rotta e alla data di viaggio.</p></details>
  <details><summary>Iran Air e adatta a chi cerca il prezzo piu basso?</summary><p>Dipende dalla rotta e dai servizi necessari. In molti casi le tariffe base sono competitive, ma conviene verificare gli extra prima di concludere la prenotazione.</p></details>
  <details><summary>Quali aeroporti italiani monitorare?</summary><p>Le partenze da Milano, Roma, Napoli, Venezia, Catania e Bologna sono tra quelle che gli utenti confrontano piu spesso.</p></details>
</div>","Compagnie aeree|Compagnie tradizionali",airline,IR,/compagnie-aeree/iran-air/,"Iran Air: bagagli, check-in e rotte | ConfrontaPrezziVoli","Scopri come volare con Iran Air: bagaglio a mano, check-in, consigli e rotte piu cercate dagli utenti italiani.","Iran Air bagaglio check-in",airlines,"Compagnia classificata come tradizionale nel dataset."
post,publish,"Iran Airtour (B9): bagagli, check-in, rotte e consigli 2026",compagnia-aerea-iran-airtour-b9,"Guida pratica su Iran Airtour: bagaglio a mano, check-in, rotte popolari dall'Italia e consigli utili per prenotare.","<div class=""cpv-landing-note"">
  <p><strong>Guida pratica Iran Airtour.</strong> Qui trovi una sintesi utile per capire come prenotare con Iran Airtour, cosa controllare su bagagli e check-in e quali aspetti confrontare prima di acquistare il volo.</p>
</div>
<div class=""cpv-stat-grid"">
  <div class=""cpv-stat""><strong>Tradizionale</strong><span>Tipologia di compagnia secondo il dataset disponibile.</span></div>
  <div class=""cpv-stat""><strong>Check-in online</strong><span>Da verificare sempre sul sito ufficiale prima della partenza.</span></div>
  <div class=""cpv-stat""><strong>Bagagli</strong><span>Controlla franchigia e servizi inclusi in base alla tariffa scelta.</span></div>
</div>
<h2>Iran Airtour: cosa controllare prima di prenotare</h2>
<p>La compagnia viene spesso valutata per tratte business, nazionali o con servizi aggiuntivi. Prima della prenotazione conviene confrontare orari, politica bagagli, flessibilita della tariffa e aeroporto di partenza disponibile in Italia.</p>
<div class=""cpv-chip-list""><span class=""cpv-chip"">FCO</span><span class=""cpv-chip"">CIA</span><span class=""cpv-chip"">MXP</span><span class=""cpv-chip"">BGY</span><span class=""cpv-chip"">LIN</span><span class=""cpv-chip"">NAP</span></div>
<div class=""cpv-landing-grid"">
  <div class=""cpv-landing-card""><strong>Bagaglio a mano</strong><p>Controlla sempre misure, peso e possibilita di aggiungere priorita o trolley in cabina.</p></div>
  <div class=""cpv-landing-card""><strong>Check-in</strong><p>Verifica finestre di apertura, app mobile, costi in aeroporto e documenti richiesti.</p></div>
  <div class=""cpv-landing-card""><strong>Partenze italiane</strong><p>Confronta i principali aeroporti italiani per capire quali rotte o fasce orarie sono piu interessanti.</p></div>
</div>
<h2>Domande frequenti su Iran Airtour</h2>
<div class=""cpv-faq"">
  <details><summary>Come verificare le regole bagaglio di Iran Airtour?</summary><p>Consulta sempre la pagina ufficiale prima dell'acquisto: le regole possono cambiare in base alla tariffa, alla rotta e alla data di viaggio.</p></details>
  <details><summary>Iran Airtour e adatta a chi cerca il prezzo piu basso?</summary><p>Dipende dalla rotta e dai servizi necessari. In molti casi le tariffe base sono competitive, ma conviene verificare gli extra prima di concludere la prenotazione.</p></details>
  <details><summary>Quali aeroporti italiani monitorare?</summary><p>Le partenze da Milano, Roma, Napoli, Venezia, Catania e Bologna sono tra quelle che gli utenti confrontano piu spesso.</p></details>
</div>","Compagnie aeree|Compagnie tradizionali",airline,B9,/compagnie-aeree/iran-airtour/,"Iran Airtour: bagagli, check-in e rotte | ConfrontaPrezziVoli","Scopri come volare con Iran Airtour: bagaglio a mano, check-in, consigli e rotte piu cercate dagli utenti italiani.","Iran Airtour bagaglio check-in",airlines,"Compagnia classificata come tradizionale nel dataset."
post,publish,"Iran Aseman Airlines (EP): bagagli, check-in, rotte e consigli 2026",compagnia-aerea-iran-aseman-airlines-ep,"Guida pratica su Iran Aseman Airlines: bagaglio a mano, check-in, rotte popolari dall'Italia e consigli utili per prenotare.","<div class=""cpv-landing-note"">
  <p><strong>Guida pratica Iran Aseman Airlines.</strong> Qui trovi una sintesi utile per capire come prenotare con Iran Aseman Airlines, cosa controllare su bagagli e check-in e quali aspetti confrontare prima di acquistare il volo.</p>
</div>
<div class=""cpv-stat-grid"">
  <div class=""cpv-stat""><strong>Tradizionale</strong><span>Tipologia di compagnia secondo il dataset disponibile.</span></div>
  <div class=""cpv-stat""><strong>Check-in online</strong><span>Da verificare sempre sul sito ufficiale prima della partenza.</span></div>
  <div class=""cpv-stat""><strong>Bagagli</strong><span>Controlla franchigia e servizi inclusi in base alla tariffa scelta.</span></div>
</div>
<h2>Iran Aseman Airlines: cosa controllare prima di prenotare</h2>
<p>La compagnia viene spesso valutata per tratte business, nazionali o con servizi aggiuntivi. Prima della prenotazione conviene confrontare orari, politica bagagli, flessibilita della tariffa e aeroporto di partenza disponibile in Italia.</p>
<div class=""cpv-chip-list""><span class=""cpv-chip"">FCO</span><span class=""cpv-chip"">CIA</span><span class=""cpv-chip"">MXP</span><span class=""cpv-chip"">BGY</span><span class=""cpv-chip"">LIN</span><span class=""cpv-chip"">NAP</span></div>
<div class=""cpv-landing-grid"">
  <div class=""cpv-landing-card""><strong>Bagaglio a mano</strong><p>Controlla sempre misure, peso e possibilita di aggiungere priorita o trolley in cabina.</p></div>
  <div class=""cpv-landing-card""><strong>Check-in</strong><p>Verifica finestre di apertura, app mobile, costi in aeroporto e documenti richiesti.</p></div>
  <div class=""cpv-landing-card""><strong>Partenze italiane</strong><p>Confronta i principali aeroporti italiani per capire quali rotte o fasce orarie sono piu interessanti.</p></div>
</div>
<h2>Domande frequenti su Iran Aseman Airlines</h2>
<div class=""cpv-faq"">
  <details><summary>Come verificare le regole bagaglio di Iran Aseman Airlines?</summary><p>Consulta sempre la pagina ufficiale prima dell'acquisto: le regole possono cambiare in base alla tariffa, alla rotta e alla data di viaggio.</p></details>
  <details><summary>Iran Aseman Airlines e adatta a chi cerca il prezzo piu basso?</summary><p>Dipende dalla rotta e dai servizi necessari. In molti casi le tariffe base sono competitive, ma conviene verificare gli extra prima di concludere la prenotazione.</p></details>
  <details><summary>Quali aeroporti italiani monitorare?</summary><p>Le partenze da Milano, Roma, Napoli, Venezia, Catania e Bologna sono tra quelle che gli utenti confrontano piu spesso.</p></details>
</div>","Compagnie aeree|Compagnie tradizionali",airline,EP,/compagnie-aeree/iran-aseman-airlines/,"Iran Aseman Airlines: bagagli, check-in e rotte | ConfrontaPrezziVoli","Scopri come volare con Iran Aseman Airlines: bagaglio a mano, check-in, consigli e rotte piu cercate dagli utenti italiani.","Iran Aseman Airlines bagaglio check-in",airlines,"Compagnia classificata come tradizionale nel dataset."
post,publish,"Iraqi Airways (IA): bagagli, check-in, rotte e consigli 2026",compagnia-aerea-iraqi-airways-ia,"Guida pratica su Iraqi Airways: bagaglio a mano, check-in, rotte popolari dall'Italia e consigli utili per prenotare.","<div class=""cpv-landing-note"">
  <p><strong>Guida pratica Iraqi Airways.</strong> Qui trovi una sintesi utile per capire come prenotare con Iraqi Airways, cosa controllare su bagagli e check-in e quali aspetti confrontare prima di acquistare il volo.</p>
</div>
<div class=""cpv-stat-grid"">
  <div class=""cpv-stat""><strong>Tradizionale</strong><span>Tipologia di compagnia secondo il dataset disponibile.</span></div>
  <div class=""cpv-stat""><strong>Check-in online</strong><span>Da verificare sempre sul sito ufficiale prima della partenza.</span></div>
  <div class=""cpv-stat""><strong>Bagagli</strong><span>Controlla franchigia e servizi inclusi in base alla tariffa scelta.</span></div>
</div>
<h2>Iraqi Airways: cosa controllare prima di prenotare</h2>
<p>La compagnia viene spesso valutata per tratte business, nazionali o con servizi aggiuntivi. Prima della prenotazione conviene confrontare orari, politica bagagli, flessibilita della tariffa e aeroporto di partenza disponibile in Italia.</p>
<div class=""cpv-chip-list""><span class=""cpv-chip"">FCO</span><span class=""cpv-chip"">CIA</span><span class=""cpv-chip"">MXP</span><span class=""cpv-chip"">BGY</span><span class=""cpv-chip"">LIN</span><span class=""cpv-chip"">NAP</span></div>
<div class=""cpv-landing-grid"">
  <div class=""cpv-landing-card""><strong>Bagaglio a mano</strong><p>Controlla sempre misure, peso e possibilita di aggiungere priorita o trolley in cabina.</p></div>
  <div class=""cpv-landing-card""><strong>Check-in</strong><p>Verifica finestre di apertura, app mobile, costi in aeroporto e documenti richiesti.</p></div>
  <div class=""cpv-landing-card""><strong>Partenze italiane</strong><p>Confronta i principali aeroporti italiani per capire quali rotte o fasce orarie sono piu interessanti.</p></div>
</div>
<h2>Domande frequenti su Iraqi Airways</h2>
<div class=""cpv-faq"">
  <details><summary>Come verificare le regole bagaglio di Iraqi Airways?</summary><p>Consulta sempre la pagina ufficiale prima dell'acquisto: le regole possono cambiare in base alla tariffa, alla rotta e alla data di viaggio.</p></details>
  <details><summary>Iraqi Airways e adatta a chi cerca il prezzo piu basso?</summary><p>Dipende dalla rotta e dai servizi necessari. In molti casi le tariffe base sono competitive, ma conviene verificare gli extra prima di concludere la prenotazione.</p></details>
  <details><summary>Quali aeroporti italiani monitorare?</summary><p>Le partenze da Milano, Roma, Napoli, Venezia, Catania e Bologna sono tra quelle che gli utenti confrontano piu spesso.</p></details>
</div>","Compagnie aeree|Compagnie tradizionali",airline,IA,/compagnie-aeree/iraqi-airways/,"Iraqi Airways: bagagli, check-in e rotte | ConfrontaPrezziVoli","Scopri come volare con Iraqi Airways: bagaglio a mano, check-in, consigli e rotte piu cercate dagli utenti italiani.","Iraqi Airways bagaglio check-in",airlines,"Compagnia classificata come tradizionale nel dataset."
post,publish,"Island Air (WP): bagagli, check-in, rotte e consigli 2026",compagnia-aerea-island-air-wp,"Guida pratica su Island Air: bagaglio a mano, check-in, rotte popolari dall'Italia e consigli utili per prenotare.","<div class=""cpv-landing-note"">
  <p><strong>Guida pratica Island Air.</strong> Qui trovi una sintesi utile per capire come prenotare con Island Air, cosa controllare su bagagli e check-in e quali aspetti confrontare prima di acquistare il volo.</p>
</div>
<div class=""cpv-stat-grid"">
  <div class=""cpv-stat""><strong>Tradizionale</strong><span>Tipologia di compagnia secondo il dataset disponibile.</span></div>
  <div class=""cpv-stat""><strong>Check-in online</strong><span>Da verificare sempre sul sito ufficiale prima della partenza.</span></div>
  <div class=""cpv-stat""><strong>Bagagli</strong><span>Controlla franchigia e servizi inclusi in base alla tariffa scelta.</span></div>
</div>
<h2>Island Air: cosa controllare prima di prenotare</h2>
<p>La compagnia viene spesso valutata per tratte business, nazionali o con servizi aggiuntivi. Prima della prenotazione conviene confrontare orari, politica bagagli, flessibilita della tariffa e aeroporto di partenza disponibile in Italia.</p>
<div class=""cpv-chip-list""><span class=""cpv-chip"">FCO</span><span class=""cpv-chip"">CIA</span><span class=""cpv-chip"">MXP</span><span class=""cpv-chip"">BGY</span><span class=""cpv-chip"">LIN</span><span class=""cpv-chip"">NAP</span></div>
<div class=""cpv-landing-grid"">
  <div class=""cpv-landing-card""><strong>Bagaglio a mano</strong><p>Controlla sempre misure, peso e possibilita di aggiungere priorita o trolley in cabina.</p></div>
  <div class=""cpv-landing-card""><strong>Check-in</strong><p>Verifica finestre di apertura, app mobile, costi in aeroporto e documenti richiesti.</p></div>
  <div class=""cpv-landing-card""><strong>Partenze italiane</strong><p>Confronta i principali aeroporti italiani per capire quali rotte o fasce orarie sono piu interessanti.</p></div>
</div>
<h2>Domande frequenti su Island Air</h2>
<div class=""cpv-faq"">
  <details><summary>Come verificare le regole bagaglio di Island Air?</summary><p>Consulta sempre la pagina ufficiale prima dell'acquisto: le regole possono cambiare in base alla tariffa, alla rotta e alla data di viaggio.</p></details>
  <details><summary>Island Air e adatta a chi cerca il prezzo piu basso?</summary><p>Dipende dalla rotta e dai servizi necessari. In molti casi le tariffe base sono competitive, ma conviene verificare gli extra prima di concludere la prenotazione.</p></details>
  <details><summary>Quali aeroporti italiani monitorare?</summary><p>Le partenze da Milano, Roma, Napoli, Venezia, Catania e Bologna sono tra quelle che gli utenti confrontano piu spesso.</p></details>
</div>","Compagnie aeree|Compagnie tradizionali",airline,WP,/compagnie-aeree/island-air/,"Island Air: bagagli, check-in e rotte | ConfrontaPrezziVoli","Scopri come volare con Island Air: bagaglio a mano, check-in, consigli e rotte piu cercate dagli utenti italiani.","Island Air bagaglio check-in",airlines,"Compagnia classificata come tradizionale nel dataset."
post,publish,"Island Air Express (I4): bagagli, check-in, rotte e consigli 2026",compagnia-aerea-island-air-express-i4,"Guida pratica su Island Air Express: bagaglio a mano, check-in, rotte popolari dall'Italia e consigli utili per prenotare.","<div class=""cpv-landing-note"">
  <p><strong>Guida pratica Island Air Express.</strong> Qui trovi una sintesi utile per capire come prenotare con Island Air Express, cosa controllare su bagagli e check-in e quali aspetti confrontare prima di acquistare il volo.</p>
</div>
<div class=""cpv-stat-grid"">
  <div class=""cpv-stat""><strong>Tradizionale</strong><span>Tipologia di compagnia secondo il dataset disponibile.</span></div>
  <div class=""cpv-stat""><strong>Check-in online</strong><span>Da verificare sempre sul sito ufficiale prima della partenza.</span></div>
  <div class=""cpv-stat""><strong>Bagagli</strong><span>Controlla franchigia e servizi inclusi in base alla tariffa scelta.</span></div>
</div>
<h2>Island Air Express: cosa controllare prima di prenotare</h2>
<p>La compagnia viene spesso valutata per tratte business, nazionali o con servizi aggiuntivi. Prima della prenotazione conviene confrontare orari, politica bagagli, flessibilita della tariffa e aeroporto di partenza disponibile in Italia.</p>
<div class=""cpv-chip-list""><span class=""cpv-chip"">FCO</span><span class=""cpv-chip"">CIA</span><span class=""cpv-chip"">MXP</span><span class=""cpv-chip"">BGY</span><span class=""cpv-chip"">LIN</span><span class=""cpv-chip"">NAP</span></div>
<div class=""cpv-landing-grid"">
  <div class=""cpv-landing-card""><strong>Bagaglio a mano</strong><p>Controlla sempre misure, peso e possibilita di aggiungere priorita o trolley in cabina.</p></div>
  <div class=""cpv-landing-card""><strong>Check-in</strong><p>Verifica finestre di apertura, app mobile, costi in aeroporto e documenti richiesti.</p></div>
  <div class=""cpv-landing-card""><strong>Partenze italiane</strong><p>Confronta i principali aeroporti italiani per capire quali rotte o fasce orarie sono piu interessanti.</p></div>
</div>
<h2>Domande frequenti su Island Air Express</h2>
<div class=""cpv-faq"">
  <details><summary>Come verificare le regole bagaglio di Island Air Express?</summary><p>Consulta sempre la pagina ufficiale prima dell'acquisto: le regole possono cambiare in base alla tariffa, alla rotta e alla data di viaggio.</p></details>
  <details><summary>Island Air Express e adatta a chi cerca il prezzo piu basso?</summary><p>Dipende dalla rotta e dai servizi necessari. In molti casi le tariffe base sono competitive, ma conviene verificare gli extra prima di concludere la prenotazione.</p></details>
  <details><summary>Quali aeroporti italiani monitorare?</summary><p>Le partenze da Milano, Roma, Napoli, Venezia, Catania e Bologna sono tra quelle che gli utenti confrontano piu spesso.</p></details>
</div>","Compagnie aeree|Compagnie tradizionali",airline,I4,/compagnie-aeree/island-air-express/,"Island Air Express: bagagli, check-in e rotte | ConfrontaPrezziVoli","Scopri come volare con Island Air Express: bagaglio a mano, check-in, consigli e rotte piu cercate dagli utenti italiani.","Island Air Express bagaglio check-in",airlines,"Compagnia classificata come tradizionale nel dataset."
post,publish,"Islena de Inversiones S.A. de C.V.dba Islena Airlines (WC): bagagli, check-in, rotte e consigli 2026",compagnia-aerea-islena-de-inversiones-s-a-de-c-v-dba-islena-airlines-wc,"Guida pratica su Islena de Inversiones S.A. de C.V.dba Islena Airlines: bagaglio a mano, check-in, rotte popolari dall'Italia e consigli utili per prenotare.","<div class=""cpv-landing-note"">
  <p><strong>Guida pratica Islena de Inversiones S.A. de C.V.dba Islena Airlines.</strong> Qui trovi una sintesi utile per capire come prenotare con Islena de Inversiones S.A. de C.V.dba Islena Airlines, cosa controllare su bagagli e check-in e quali aspetti confrontare prima di acquistare il volo.</p>
</div>
<div class=""cpv-stat-grid"">
  <div class=""cpv-stat""><strong>Tradizionale</strong><span>Tipologia di compagnia secondo il dataset disponibile.</span></div>
  <div class=""cpv-stat""><strong>Check-in online</strong><span>Da verificare sempre sul sito ufficiale prima della partenza.</span></div>
  <div class=""cpv-stat""><strong>Bagagli</strong><span>Controlla franchigia e servizi inclusi in base alla tariffa scelta.</span></div>
</div>
<h2>Islena de Inversiones S.A. de C.V.dba Islena Airlines: cosa controllare prima di prenotare</h2>
<p>La compagnia viene spesso valutata per tratte business, nazionali o con servizi aggiuntivi. Prima della prenotazione conviene confrontare orari, politica bagagli, flessibilita della tariffa e aeroporto di partenza disponibile in Italia.</p>
<div class=""cpv-chip-list""><span class=""cpv-chip"">FCO</span><span class=""cpv-chip"">CIA</span><span class=""cpv-chip"">MXP</span><span class=""cpv-chip"">BGY</span><span class=""cpv-chip"">LIN</span><span class=""cpv-chip"">NAP</span></div>
<div class=""cpv-landing-grid"">
  <div class=""cpv-landing-card""><strong>Bagaglio a mano</strong><p>Controlla sempre misure, peso e possibilita di aggiungere priorita o trolley in cabina.</p></div>
  <div class=""cpv-landing-card""><strong>Check-in</strong><p>Verifica finestre di apertura, app mobile, costi in aeroporto e documenti richiesti.</p></div>
  <div class=""cpv-landing-card""><strong>Partenze italiane</strong><p>Confronta i principali aeroporti italiani per capire quali rotte o fasce orarie sono piu interessanti.</p></div>
</div>
<h2>Domande frequenti su Islena de Inversiones S.A. de C.V.dba Islena Airlines</h2>
<div class=""cpv-faq"">
  <details><summary>Come verificare le regole bagaglio di Islena de Inversiones S.A. de C.V.dba Islena Airlines?</summary><p>Consulta sempre la pagina ufficiale prima dell'acquisto: le regole possono cambiare in base alla tariffa, alla rotta e alla data di viaggio.</p></details>
  <details><summary>Islena de Inversiones S.A. de C.V.dba Islena Airlines e adatta a chi cerca il prezzo piu basso?</summary><p>Dipende dalla rotta e dai servizi necessari. In molti casi le tariffe base sono competitive, ma conviene verificare gli extra prima di concludere la prenotazione.</p></details>
  <details><summary>Quali aeroporti italiani monitorare?</summary><p>Le partenze da Milano, Roma, Napoli, Venezia, Catania e Bologna sono tra quelle che gli utenti confrontano piu spesso.</p></details>
</div>","Compagnie aeree|Compagnie tradizionali",airline,WC,/compagnie-aeree/islena-de-inversiones-s-a-de-c-v-dba-islena-airlines/,"Islena de Inversiones S.A. de C.V.dba Islena Airlines: bagagli, check-in e rotte | ConfrontaPrezziVoli","Scopri come volare con Islena de Inversiones S.A. de C.V.dba Islena Airlines: bagaglio a mano, check-in, consigli e rotte piu cercate dagli utenti italiani.","Islena de Inversiones S.A. de C.V.dba Islena Airlines bagaglio check-in",airlines,"Compagnia classificata come tradizionale nel dataset."
post,publish,"Israir Airlines (6H): bagagli, check-in, rotte e consigli 2026",compagnia-aerea-israir-airlines-6h,"Guida pratica su Israir Airlines: bagaglio a mano, check-in, rotte popolari dall'Italia e consigli utili per prenotare.","<div class=""cpv-landing-note"">
  <p><strong>Guida pratica Israir Airlines.</strong> Qui trovi una sintesi utile per capire come prenotare con Israir Airlines, cosa controllare su bagagli e check-in e quali aspetti confrontare prima di acquistare il volo.</p>
</div>
<div class=""cpv-stat-grid"">
  <div class=""cpv-stat""><strong>Tradizionale</strong><span>Tipologia di compagnia secondo il dataset disponibile.</span></div>
  <div class=""cpv-stat""><strong>Check-in online</strong><span>Da verificare sempre sul sito ufficiale prima della partenza.</span></div>
  <div class=""cpv-stat""><strong>Bagagli</strong><span>Controlla franchigia e servizi inclusi in base alla tariffa scelta.</span></div>
</div>
<h2>Israir Airlines: cosa controllare prima di prenotare</h2>
<p>La compagnia viene spesso valutata per tratte business, nazionali o con servizi aggiuntivi. Prima della prenotazione conviene confrontare orari, politica bagagli, flessibilita della tariffa e aeroporto di partenza disponibile in Italia.</p>
<div class=""cpv-chip-list""><span class=""cpv-chip"">FCO</span><span class=""cpv-chip"">CIA</span><span class=""cpv-chip"">MXP</span><span class=""cpv-chip"">BGY</span><span class=""cpv-chip"">LIN</span><span class=""cpv-chip"">NAP</span></div>
<div class=""cpv-landing-grid"">
  <div class=""cpv-landing-card""><strong>Bagaglio a mano</strong><p>Controlla sempre misure, peso e possibilita di aggiungere priorita o trolley in cabina.</p></div>
  <div class=""cpv-landing-card""><strong>Check-in</strong><p>Verifica finestre di apertura, app mobile, costi in aeroporto e documenti richiesti.</p></div>
  <div class=""cpv-landing-card""><strong>Partenze italiane</strong><p>Confronta i principali aeroporti italiani per capire quali rotte o fasce orarie sono piu interessanti.</p></div>
</div>
<h2>Domande frequenti su Israir Airlines</h2>
<div class=""cpv-faq"">
  <details><summary>Come verificare le regole bagaglio di Israir Airlines?</summary><p>Consulta sempre la pagina ufficiale prima dell'acquisto: le regole possono cambiare in base alla tariffa, alla rotta e alla data di viaggio.</p></details>
  <details><summary>Israir Airlines e adatta a chi cerca il prezzo piu basso?</summary><p>Dipende dalla rotta e dai servizi necessari. In molti casi le tariffe base sono competitive, ma conviene verificare gli extra prima di concludere la prenotazione.</p></details>
  <details><summary>Quali aeroporti italiani monitorare?</summary><p>Le partenze da Milano, Roma, Napoli, Venezia, Catania e Bologna sono tra quelle che gli utenti confrontano piu spesso.</p></details>
</div>","Compagnie aeree|Compagnie tradizionali",airline,6H,/compagnie-aeree/israir-airlines/,"Israir Airlines: bagagli, check-in e rotte | ConfrontaPrezziVoli","Scopri come volare con Israir Airlines: bagaglio a mano, check-in, consigli e rotte piu cercate dagli utenti italiani.","Israir Airlines bagaglio check-in",airlines,"Compagnia classificata come tradizionale nel dataset."
post,publish,"Itek Air (GI): bagagli, check-in, rotte e consigli 2026",compagnia-aerea-itek-air-gi,"Guida pratica su Itek Air: bagaglio a mano, check-in, rotte popolari dall'Italia e consigli utili per prenotare.","<div class=""cpv-landing-note"">
  <p><strong>Guida pratica Itek Air.</strong> Qui trovi una sintesi utile per capire come prenotare con Itek Air, cosa controllare su bagagli e check-in e quali aspetti confrontare prima di acquistare il volo.</p>
</div>
<div class=""cpv-stat-grid"">
  <div class=""cpv-stat""><strong>Tradizionale</strong><span>Tipologia di compagnia secondo il dataset disponibile.</span></div>
  <div class=""cpv-stat""><strong>Check-in online</strong><span>Da verificare sempre sul sito ufficiale prima della partenza.</span></div>
  <div class=""cpv-stat""><strong>Bagagli</strong><span>Controlla franchigia e servizi inclusi in base alla tariffa scelta.</span></div>
</div>
<h2>Itek Air: cosa controllare prima di prenotare</h2>
<p>La compagnia viene spesso valutata per tratte business, nazionali o con servizi aggiuntivi. Prima della prenotazione conviene confrontare orari, politica bagagli, flessibilita della tariffa e aeroporto di partenza disponibile in Italia.</p>
<div class=""cpv-chip-list""><span class=""cpv-chip"">FCO</span><span class=""cpv-chip"">CIA</span><span class=""cpv-chip"">MXP</span><span class=""cpv-chip"">BGY</span><span class=""cpv-chip"">LIN</span><span class=""cpv-chip"">NAP</span></div>
<div class=""cpv-landing-grid"">
  <div class=""cpv-landing-card""><strong>Bagaglio a mano</strong><p>Controlla sempre misure, peso e possibilita di aggiungere priorita o trolley in cabina.</p></div>
  <div class=""cpv-landing-card""><strong>Check-in</strong><p>Verifica finestre di apertura, app mobile, costi in aeroporto e documenti richiesti.</p></div>
  <div class=""cpv-landing-card""><strong>Partenze italiane</strong><p>Confronta i principali aeroporti italiani per capire quali rotte o fasce orarie sono piu interessanti.</p></div>
</div>
<h2>Domande frequenti su Itek Air</h2>
<div class=""cpv-faq"">
  <details><summary>Come verificare le regole bagaglio di Itek Air?</summary><p>Consulta sempre la pagina ufficiale prima dell'acquisto: le regole possono cambiare in base alla tariffa, alla rotta e alla data di viaggio.</p></details>
  <details><summary>Itek Air e adatta a chi cerca il prezzo piu basso?</summary><p>Dipende dalla rotta e dai servizi necessari. In molti casi le tariffe base sono competitive, ma conviene verificare gli extra prima di concludere la prenotazione.</p></details>
  <details><summary>Quali aeroporti italiani monitorare?</summary><p>Le partenze da Milano, Roma, Napoli, Venezia, Catania e Bologna sono tra quelle che gli utenti confrontano piu spesso.</p></details>
</div>","Compagnie aeree|Compagnie tradizionali",airline,GI,/compagnie-aeree/itek-air/,"Itek Air: bagagli, check-in e rotte | ConfrontaPrezziVoli","Scopri come volare con Itek Air: bagaglio a mano, check-in, consigli e rotte piu cercate dagli utenti italiani.","Itek Air bagaglio check-in",airlines,"Compagnia classificata come tradizionale nel dataset."
post,publish,"Izhavia (I8): bagagli, check-in, rotte e consigli 2026",compagnia-aerea-izhavia-i8,"Guida pratica su Izhavia: bagaglio a mano, check-in, rotte popolari dall'Italia e consigli utili per prenotare.","<div class=""cpv-landing-note"">
  <p><strong>Guida pratica Izhavia.</strong> Qui trovi una sintesi utile per capire come prenotare con Izhavia, cosa controllare su bagagli e check-in e quali aspetti confrontare prima di acquistare il volo.</p>
</div>
<div class=""cpv-stat-grid"">
  <div class=""cpv-stat""><strong>Tradizionale</strong><span>Tipologia di compagnia secondo il dataset disponibile.</span></div>
  <div class=""cpv-stat""><strong>Check-in online</strong><span>Da verificare sempre sul sito ufficiale prima della partenza.</span></div>
  <div class=""cpv-stat""><strong>Bagagli</strong><span>Controlla franchigia e servizi inclusi in base alla tariffa scelta.</span></div>
</div>
<h2>Izhavia: cosa controllare prima di prenotare</h2>
<p>La compagnia viene spesso valutata per tratte business, nazionali o con servizi aggiuntivi. Prima della prenotazione conviene confrontare orari, politica bagagli, flessibilita della tariffa e aeroporto di partenza disponibile in Italia.</p>
<div class=""cpv-chip-list""><span class=""cpv-chip"">FCO</span><span class=""cpv-chip"">CIA</span><span class=""cpv-chip"">MXP</span><span class=""cpv-chip"">BGY</span><span class=""cpv-chip"">LIN</span><span class=""cpv-chip"">NAP</span></div>
<div class=""cpv-landing-grid"">
  <div class=""cpv-landing-card""><strong>Bagaglio a mano</strong><p>Controlla sempre misure, peso e possibilita di aggiungere priorita o trolley in cabina.</p></div>
  <div class=""cpv-landing-card""><strong>Check-in</strong><p>Verifica finestre di apertura, app mobile, costi in aeroporto e documenti richiesti.</p></div>
  <div class=""cpv-landing-card""><strong>Partenze italiane</strong><p>Confronta i principali aeroporti italiani per capire quali rotte o fasce orarie sono piu interessanti.</p></div>
</div>
<h2>Domande frequenti su Izhavia</h2>
<div class=""cpv-faq"">
  <details><summary>Come verificare le regole bagaglio di Izhavia?</summary><p>Consulta sempre la pagina ufficiale prima dell'acquisto: le regole possono cambiare in base alla tariffa, alla rotta e alla data di viaggio.</p></details>
  <details><summary>Izhavia e adatta a chi cerca il prezzo piu basso?</summary><p>Dipende dalla rotta e dai servizi necessari. In molti casi le tariffe base sono competitive, ma conviene verificare gli extra prima di concludere la prenotazione.</p></details>
  <details><summary>Quali aeroporti italiani monitorare?</summary><p>Le partenze da Milano, Roma, Napoli, Venezia, Catania e Bologna sono tra quelle che gli utenti confrontano piu spesso.</p></details>
</div>","Compagnie aeree|Compagnie tradizionali",airline,I8,/compagnie-aeree/izhavia/,"Izhavia: bagagli, check-in e rotte | ConfrontaPrezziVoli","Scopri come volare con Izhavia: bagaglio a mano, check-in, consigli e rotte piu cercate dagli utenti italiani.","Izhavia bagaglio check-in",airlines,"Compagnia classificata come tradizionale nel dataset."
post,publish,"J&M Alaska Air (JN): bagagli, check-in, rotte e consigli 2026",compagnia-aerea-j-m-alaska-air-jn,"Guida pratica su J&M Alaska Air: bagaglio a mano, check-in, rotte popolari dall'Italia e consigli utili per prenotare.","<div class=""cpv-landing-note"">
  <p><strong>Guida pratica J&M Alaska Air.</strong> Qui trovi una sintesi utile per capire come prenotare con J&M Alaska Air, cosa controllare su bagagli e check-in e quali aspetti confrontare prima di acquistare il volo.</p>
</div>
<div class=""cpv-stat-grid"">
  <div class=""cpv-stat""><strong>Tradizionale</strong><span>Tipologia di compagnia secondo il dataset disponibile.</span></div>
  <div class=""cpv-stat""><strong>Check-in online</strong><span>Da verificare sempre sul sito ufficiale prima della partenza.</span></div>
  <div class=""cpv-stat""><strong>Bagagli</strong><span>Controlla franchigia e servizi inclusi in base alla tariffa scelta.</span></div>
</div>
<h2>J&M Alaska Air: cosa controllare prima di prenotare</h2>
<p>La compagnia viene spesso valutata per tratte business, nazionali o con servizi aggiuntivi. Prima della prenotazione conviene confrontare orari, politica bagagli, flessibilita della tariffa e aeroporto di partenza disponibile in Italia.</p>
<div class=""cpv-chip-list""><span class=""cpv-chip"">FCO</span><span class=""cpv-chip"">CIA</span><span class=""cpv-chip"">MXP</span><span class=""cpv-chip"">BGY</span><span class=""cpv-chip"">LIN</span><span class=""cpv-chip"">NAP</span></div>
<div class=""cpv-landing-grid"">
  <div class=""cpv-landing-card""><strong>Bagaglio a mano</strong><p>Controlla sempre misure, peso e possibilita di aggiungere priorita o trolley in cabina.</p></div>
  <div class=""cpv-landing-card""><strong>Check-in</strong><p>Verifica finestre di apertura, app mobile, costi in aeroporto e documenti richiesti.</p></div>
  <div class=""cpv-landing-card""><strong>Partenze italiane</strong><p>Confronta i principali aeroporti italiani per capire quali rotte o fasce orarie sono piu interessanti.</p></div>
</div>
<h2>Domande frequenti su J&M Alaska Air</h2>
<div class=""cpv-faq"">
  <details><summary>Come verificare le regole bagaglio di J&M Alaska Air?</summary><p>Consulta sempre la pagina ufficiale prima dell'acquisto: le regole possono cambiare in base alla tariffa, alla rotta e alla data di viaggio.</p></details>
  <details><summary>J&M Alaska Air e adatta a chi cerca il prezzo piu basso?</summary><p>Dipende dalla rotta e dai servizi necessari. In molti casi le tariffe base sono competitive, ma conviene verificare gli extra prima di concludere la prenotazione.</p></details>
  <details><summary>Quali aeroporti italiani monitorare?</summary><p>Le partenze da Milano, Roma, Napoli, Venezia, Catania e Bologna sono tra quelle che gli utenti confrontano piu spesso.</p></details>
</div>","Compagnie aeree|Compagnie tradizionali",airline,JN,/compagnie-aeree/j-m-alaska-air/,"J&M Alaska Air: bagagli, check-in e rotte | ConfrontaPrezziVoli","Scopri come volare con J&M Alaska Air: bagaglio a mano, check-in, consigli e rotte piu cercate dagli utenti italiani.","J&M Alaska Air bagaglio check-in",airlines,"Compagnia classificata come tradizionale nel dataset."
post,publish,"JSC ""Sirena-Travel"" (1H): bagagli, check-in, rotte e consigli 2026",compagnia-aerea-jsc-sirena-travel-1h,"Guida pratica su JSC ""Sirena-Travel"": bagaglio a mano, check-in, rotte popolari dall'Italia e consigli utili per prenotare.","<div class=""cpv-landing-note"">
  <p><strong>Guida pratica JSC ""Sirena-Travel"".</strong> Qui trovi una sintesi utile per capire come prenotare con JSC ""Sirena-Travel"", cosa controllare su bagagli e check-in e quali aspetti confrontare prima di acquistare il volo.</p>
</div>
<div class=""cpv-stat-grid"">
  <div class=""cpv-stat""><strong>Tradizionale</strong><span>Tipologia di compagnia secondo il dataset disponibile.</span></div>
  <div class=""cpv-stat""><strong>Check-in online</strong><span>Da verificare sempre sul sito ufficiale prima della partenza.</span></div>
  <div class=""cpv-stat""><strong>Bagagli</strong><span>Controlla franchigia e servizi inclusi in base alla tariffa scelta.</span></div>
</div>
<h2>JSC ""Sirena-Travel"": cosa controllare prima di prenotare</h2>
<p>La compagnia viene spesso valutata per tratte business, nazionali o con servizi aggiuntivi. Prima della prenotazione conviene confrontare orari, politica bagagli, flessibilita della tariffa e aeroporto di partenza disponibile in Italia.</p>
<div class=""cpv-chip-list""><span class=""cpv-chip"">FCO</span><span class=""cpv-chip"">CIA</span><span class=""cpv-chip"">MXP</span><span class=""cpv-chip"">BGY</span><span class=""cpv-chip"">LIN</span><span class=""cpv-chip"">NAP</span></div>
<div class=""cpv-landing-grid"">
  <div class=""cpv-landing-card""><strong>Bagaglio a mano</strong><p>Controlla sempre misure, peso e possibilita di aggiungere priorita o trolley in cabina.</p></div>
  <div class=""cpv-landing-card""><strong>Check-in</strong><p>Verifica finestre di apertura, app mobile, costi in aeroporto e documenti richiesti.</p></div>
  <div class=""cpv-landing-card""><strong>Partenze italiane</strong><p>Confronta i principali aeroporti italiani per capire quali rotte o fasce orarie sono piu interessanti.</p></div>
</div>
<h2>Domande frequenti su JSC ""Sirena-Travel""</h2>
<div class=""cpv-faq"">
  <details><summary>Come verificare le regole bagaglio di JSC ""Sirena-Travel""?</summary><p>Consulta sempre la pagina ufficiale prima dell'acquisto: le regole possono cambiare in base alla tariffa, alla rotta e alla data di viaggio.</p></details>
  <details><summary>JSC ""Sirena-Travel"" e adatta a chi cerca il prezzo piu basso?</summary><p>Dipende dalla rotta e dai servizi necessari. In molti casi le tariffe base sono competitive, ma conviene verificare gli extra prima di concludere la prenotazione.</p></details>
  <details><summary>Quali aeroporti italiani monitorare?</summary><p>Le partenze da Milano, Roma, Napoli, Venezia, Catania e Bologna sono tra quelle che gli utenti confrontano piu spesso.</p></details>
</div>","Compagnie aeree|Compagnie tradizionali",airline,1H,/compagnie-aeree/jsc-sirena-travel/,"JSC ""Sirena-Travel"": bagagli, check-in e rotte | ConfrontaPrezziVoli","Scopri come volare con JSC ""Sirena-Travel"": bagaglio a mano, check-in, consigli e rotte piu cercate dagli utenti italiani.","JSC ""Sirena-Travel"" bagaglio check-in",airlines,"Compagnia classificata come tradizionale nel dataset."
post,publish,"JSC Aircompany ATMA (IM): bagagli, check-in, rotte e consigli 2026",compagnia-aerea-jsc-aircompany-atma-im,"Guida pratica su JSC Aircompany ATMA: bagaglio a mano, check-in, rotte popolari dall'Italia e consigli utili per prenotare.","<div class=""cpv-landing-note"">
  <p><strong>Guida pratica JSC Aircompany ATMA.</strong> Qui trovi una sintesi utile per capire come prenotare con JSC Aircompany ATMA, cosa controllare su bagagli e check-in e quali aspetti confrontare prima di acquistare il volo.</p>
</div>
<div class=""cpv-stat-grid"">
  <div class=""cpv-stat""><strong>Tradizionale</strong><span>Tipologia di compagnia secondo il dataset disponibile.</span></div>
  <div class=""cpv-stat""><strong>Check-in online</strong><span>Da verificare sempre sul sito ufficiale prima della partenza.</span></div>
  <div class=""cpv-stat""><strong>Bagagli</strong><span>Controlla franchigia e servizi inclusi in base alla tariffa scelta.</span></div>
</div>
<h2>JSC Aircompany ATMA: cosa controllare prima di prenotare</h2>
<p>La compagnia viene spesso valutata per tratte business, nazionali o con servizi aggiuntivi. Prima della prenotazione conviene confrontare orari, politica bagagli, flessibilita della tariffa e aeroporto di partenza disponibile in Italia.</p>
<div class=""cpv-chip-list""><span class=""cpv-chip"">FCO</span><span class=""cpv-chip"">CIA</span><span class=""cpv-chip"">MXP</span><span class=""cpv-chip"">BGY</span><span class=""cpv-chip"">LIN</span><span class=""cpv-chip"">NAP</span></div>
<div class=""cpv-landing-grid"">
  <div class=""cpv-landing-card""><strong>Bagaglio a mano</strong><p>Controlla sempre misure, peso e possibilita di aggiungere priorita o trolley in cabina.</p></div>
  <div class=""cpv-landing-card""><strong>Check-in</strong><p>Verifica finestre di apertura, app mobile, costi in aeroporto e documenti richiesti.</p></div>
  <div class=""cpv-landing-card""><strong>Partenze italiane</strong><p>Confronta i principali aeroporti italiani per capire quali rotte o fasce orarie sono piu interessanti.</p></div>
</div>
<h2>Domande frequenti su JSC Aircompany ATMA</h2>
<div class=""cpv-faq"">
  <details><summary>Come verificare le regole bagaglio di JSC Aircompany ATMA?</summary><p>Consulta sempre la pagina ufficiale prima dell'acquisto: le regole possono cambiare in base alla tariffa, alla rotta e alla data di viaggio.</p></details>
  <details><summary>JSC Aircompany ATMA e adatta a chi cerca il prezzo piu basso?</summary><p>Dipende dalla rotta e dai servizi necessari. In molti casi le tariffe base sono competitive, ma conviene verificare gli extra prima di concludere la prenotazione.</p></details>
  <details><summary>Quali aeroporti italiani monitorare?</summary><p>Le partenze da Milano, Roma, Napoli, Venezia, Catania e Bologna sono tra quelle che gli utenti confrontano piu spesso.</p></details>
</div>","Compagnie aeree|Compagnie tradizionali",airline,IM,/compagnie-aeree/jsc-aircompany-atma/,"JSC Aircompany ATMA: bagagli, check-in e rotte | ConfrontaPrezziVoli","Scopri come volare con JSC Aircompany ATMA: bagaglio a mano, check-in, consigli e rotte piu cercate dagli utenti italiani.","JSC Aircompany ATMA bagaglio check-in",airlines,"Compagnia classificata come tradizionale nel dataset."
post,publish,"JSC Kazaviaspas (ZS): bagagli, check-in, rotte e consigli 2026",compagnia-aerea-jsc-kazaviaspas-zs,"Guida pratica su JSC Kazaviaspas: bagaglio a mano, check-in, rotte popolari dall'Italia e consigli utili per prenotare.","<div class=""cpv-landing-note"">
  <p><strong>Guida pratica JSC Kazaviaspas.</strong> Qui trovi una sintesi utile per capire come prenotare con JSC Kazaviaspas, cosa controllare su bagagli e check-in e quali aspetti confrontare prima di acquistare il volo.</p>
</div>
<div class=""cpv-stat-grid"">
  <div class=""cpv-stat""><strong>Tradizionale</strong><span>Tipologia di compagnia secondo il dataset disponibile.</span></div>
  <div class=""cpv-stat""><strong>Check-in online</strong><span>Da verificare sempre sul sito ufficiale prima della partenza.</span></div>
  <div class=""cpv-stat""><strong>Bagagli</strong><span>Controlla franchigia e servizi inclusi in base alla tariffa scelta.</span></div>
</div>
<h2>JSC Kazaviaspas: cosa controllare prima di prenotare</h2>
<p>La compagnia viene spesso valutata per tratte business, nazionali o con servizi aggiuntivi. Prima della prenotazione conviene confrontare orari, politica bagagli, flessibilita della tariffa e aeroporto di partenza disponibile in Italia.</p>
<div class=""cpv-chip-list""><span class=""cpv-chip"">FCO</span><span class=""cpv-chip"">CIA</span><span class=""cpv-chip"">MXP</span><span class=""cpv-chip"">BGY</span><span class=""cpv-chip"">LIN</span><span class=""cpv-chip"">NAP</span></div>
<div class=""cpv-landing-grid"">
  <div class=""cpv-landing-card""><strong>Bagaglio a mano</strong><p>Controlla sempre misure, peso e possibilita di aggiungere priorita o trolley in cabina.</p></div>
  <div class=""cpv-landing-card""><strong>Check-in</strong><p>Verifica finestre di apertura, app mobile, costi in aeroporto e documenti richiesti.</p></div>
  <div class=""cpv-landing-card""><strong>Partenze italiane</strong><p>Confronta i principali aeroporti italiani per capire quali rotte o fasce orarie sono piu interessanti.</p></div>
</div>
<h2>Domande frequenti su JSC Kazaviaspas</h2>
<div class=""cpv-faq"">
  <details><summary>Come verificare le regole bagaglio di JSC Kazaviaspas?</summary><p>Consulta sempre la pagina ufficiale prima dell'acquisto: le regole possono cambiare in base alla tariffa, alla rotta e alla data di viaggio.</p></details>
  <details><summary>JSC Kazaviaspas e adatta a chi cerca il prezzo piu basso?</summary><p>Dipende dalla rotta e dai servizi necessari. In molti casi le tariffe base sono competitive, ma conviene verificare gli extra prima di concludere la prenotazione.</p></details>
  <details><summary>Quali aeroporti italiani monitorare?</summary><p>Le partenze da Milano, Roma, Napoli, Venezia, Catania e Bologna sono tra quelle che gli utenti confrontano piu spesso.</p></details>
</div>","Compagnie aeree|Compagnie tradizionali",airline,ZS,/compagnie-aeree/jsc-kazaviaspas/,"JSC Kazaviaspas: bagagli, check-in e rotte | ConfrontaPrezziVoli","Scopri come volare con JSC Kazaviaspas: bagaglio a mano, check-in, consigli e rotte piu cercate dagli utenti italiani.","JSC Kazaviaspas bagaglio check-in",airlines,"Compagnia classificata come tradizionale nel dataset."
post,publish,"JSC Transport Automated InformationSystems - TAIS (1M): bagagli, check-in, rotte e consigli 2026",compagnia-aerea-jsc-transport-automated-informationsystems-tais-1m,"Guida pratica su JSC Transport Automated InformationSystems - TAIS: bagaglio a mano, check-in, rotte popolari dall'Italia e consigli utili per prenotare.","<div class=""cpv-landing-note"">
  <p><strong>Guida pratica JSC Transport Automated InformationSystems - TAIS.</strong> Qui trovi una sintesi utile per capire come prenotare con JSC Transport Automated InformationSystems - TAIS, cosa controllare su bagagli e check-in e quali aspetti confrontare prima di acquistare il volo.</p>
</div>
<div class=""cpv-stat-grid"">
  <div class=""cpv-stat""><strong>Tradizionale</strong><span>Tipologia di compagnia secondo il dataset disponibile.</span></div>
  <div class=""cpv-stat""><strong>Check-in online</strong><span>Da verificare sempre sul sito ufficiale prima della partenza.</span></div>
  <div class=""cpv-stat""><strong>Bagagli</strong><span>Controlla franchigia e servizi inclusi in base alla tariffa scelta.</span></div>
</div>
<h2>JSC Transport Automated InformationSystems - TAIS: cosa controllare prima di prenotare</h2>
<p>La compagnia viene spesso valutata per tratte business, nazionali o con servizi aggiuntivi. Prima della prenotazione conviene confrontare orari, politica bagagli, flessibilita della tariffa e aeroporto di partenza disponibile in Italia.</p>
<div class=""cpv-chip-list""><span class=""cpv-chip"">FCO</span><span class=""cpv-chip"">CIA</span><span class=""cpv-chip"">MXP</span><span class=""cpv-chip"">BGY</span><span class=""cpv-chip"">LIN</span><span class=""cpv-chip"">NAP</span></div>
<div class=""cpv-landing-grid"">
  <div class=""cpv-landing-card""><strong>Bagaglio a mano</strong><p>Controlla sempre misure, peso e possibilita di aggiungere priorita o trolley in cabina.</p></div>
  <div class=""cpv-landing-card""><strong>Check-in</strong><p>Verifica finestre di apertura, app mobile, costi in aeroporto e documenti richiesti.</p></div>
  <div class=""cpv-landing-card""><strong>Partenze italiane</strong><p>Confronta i principali aeroporti italiani per capire quali rotte o fasce orarie sono piu interessanti.</p></div>
</div>
<h2>Domande frequenti su JSC Transport Automated InformationSystems - TAIS</h2>
<div class=""cpv-faq"">
  <details><summary>Come verificare le regole bagaglio di JSC Transport Automated InformationSystems - TAIS?</summary><p>Consulta sempre la pagina ufficiale prima dell'acquisto: le regole possono cambiare in base alla tariffa, alla rotta e alla data di viaggio.</p></details>
  <details><summary>JSC Transport Automated InformationSystems - TAIS e adatta a chi cerca il prezzo piu basso?</summary><p>Dipende dalla rotta e dai servizi necessari. In molti casi le tariffe base sono competitive, ma conviene verificare gli extra prima di concludere la prenotazione.</p></details>
  <details><summary>Quali aeroporti italiani monitorare?</summary><p>Le partenze da Milano, Roma, Napoli, Venezia, Catania e Bologna sono tra quelle che gli utenti confrontano piu spesso.</p></details>
</div>","Compagnie aeree|Compagnie tradizionali",airline,1M,/compagnie-aeree/jsc-transport-automated-informationsystems-tais/,"JSC Transport Automated InformationSystems - TAIS: bagagli, check-in e rotte | ConfrontaPrezziVoli","Scopri come volare con JSC Transport Automated InformationSystems - TAIS: bagaglio a mano, check-in, consigli e rotte piu cercate dagli utenti italiani.","JSC Transport Automated InformationSystems - TAIS bagaglio check-in",airlines,"Compagnia classificata come tradizionale nel dataset."
post,publish,"Jambojet (JM): bagagli, check-in, rotte e consigli 2026",compagnia-aerea-jambojet-jm,"Guida pratica su Jambojet: bagaglio a mano, check-in, rotte popolari dall'Italia e consigli utili per prenotare.","<div class=""cpv-landing-note"">
  <p><strong>Guida pratica Jambojet.</strong> Qui trovi una sintesi utile per capire come prenotare con Jambojet, cosa controllare su bagagli e check-in e quali aspetti confrontare prima di acquistare il volo.</p>
</div>
<div class=""cpv-stat-grid"">
  <div class=""cpv-stat""><strong>Low cost</strong><span>Tipologia di compagnia secondo il dataset disponibile.</span></div>
  <div class=""cpv-stat""><strong>Check-in online</strong><span>Da verificare sempre sul sito ufficiale prima della partenza.</span></div>
  <div class=""cpv-stat""><strong>Bagagli</strong><span>Verifica con attenzione dimensioni e priorita del bagaglio a mano.</span></div>
</div>
<h2>Jambojet: cosa controllare prima di prenotare</h2>
<p>La compagnia e spesso cercata per city break, leisure e rotte sensibili al prezzo. Prima della prenotazione conviene confrontare orari, politica bagagli, flessibilita della tariffa e aeroporto di partenza disponibile in Italia.</p>
<div class=""cpv-chip-list""><span class=""cpv-chip"">FCO</span><span class=""cpv-chip"">CIA</span><span class=""cpv-chip"">MXP</span><span class=""cpv-chip"">BGY</span><span class=""cpv-chip"">LIN</span><span class=""cpv-chip"">NAP</span></div>
<div class=""cpv-landing-grid"">
  <div class=""cpv-landing-card""><strong>Bagaglio a mano</strong><p>Controlla sempre misure, peso e possibilita di aggiungere priorita o trolley in cabina.</p></div>
  <div class=""cpv-landing-card""><strong>Check-in</strong><p>Verifica finestre di apertura, app mobile, costi in aeroporto e documenti richiesti.</p></div>
  <div class=""cpv-landing-card""><strong>Partenze italiane</strong><p>Confronta i principali aeroporti italiani per capire quali rotte o fasce orarie sono piu interessanti.</p></div>
</div>
<h2>Domande frequenti su Jambojet</h2>
<div class=""cpv-faq"">
  <details><summary>Come verificare le regole bagaglio di Jambojet?</summary><p>Consulta sempre la pagina ufficiale prima dell'acquisto: le regole possono cambiare in base alla tariffa, alla rotta e alla data di viaggio.</p></details>
  <details><summary>Jambojet e adatta a chi cerca il prezzo piu basso?</summary><p>Dipende dalla rotta e dai servizi necessari. In molti casi le tariffe base sono competitive, ma conviene verificare gli extra prima di concludere la prenotazione.</p></details>
  <details><summary>Quali aeroporti italiani monitorare?</summary><p>Le partenze da Milano, Roma, Napoli, Venezia, Catania e Bologna sono tra quelle che gli utenti confrontano piu spesso.</p></details>
</div>","Compagnie aeree|Compagnie low cost",airline,JM,/compagnie-aeree/jambojet/,"Jambojet: bagagli, check-in e rotte | ConfrontaPrezziVoli","Scopri come volare con Jambojet: bagaglio a mano, check-in, consigli e rotte piu cercate dagli utenti italiani.","Jambojet bagaglio check-in",airlines,"Compagnia classificata come low cost nel dataset."
post,publish,"Japan Air Commuter (JC): bagagli, check-in, rotte e consigli 2026",compagnia-aerea-japan-air-commuter-jc,"Guida pratica su Japan Air Commuter: bagaglio a mano, check-in, rotte popolari dall'Italia e consigli utili per prenotare.","<div class=""cpv-landing-note"">
  <p><strong>Guida pratica Japan Air Commuter.</strong> Qui trovi una sintesi utile per capire come prenotare con Japan Air Commuter, cosa controllare su bagagli e check-in e quali aspetti confrontare prima di acquistare il volo.</p>
</div>
<div class=""cpv-stat-grid"">
  <div class=""cpv-stat""><strong>Tradizionale</strong><span>Tipologia di compagnia secondo il dataset disponibile.</span></div>
  <div class=""cpv-stat""><strong>Check-in online</strong><span>Da verificare sempre sul sito ufficiale prima della partenza.</span></div>
  <div class=""cpv-stat""><strong>Bagagli</strong><span>Controlla franchigia e servizi inclusi in base alla tariffa scelta.</span></div>
</div>
<h2>Japan Air Commuter: cosa controllare prima di prenotare</h2>
<p>La compagnia viene spesso valutata per tratte business, nazionali o con servizi aggiuntivi. Prima della prenotazione conviene confrontare orari, politica bagagli, flessibilita della tariffa e aeroporto di partenza disponibile in Italia.</p>
<div class=""cpv-chip-list""><span class=""cpv-chip"">FCO</span><span class=""cpv-chip"">CIA</span><span class=""cpv-chip"">MXP</span><span class=""cpv-chip"">BGY</span><span class=""cpv-chip"">LIN</span><span class=""cpv-chip"">NAP</span></div>
<div class=""cpv-landing-grid"">
  <div class=""cpv-landing-card""><strong>Bagaglio a mano</strong><p>Controlla sempre misure, peso e possibilita di aggiungere priorita o trolley in cabina.</p></div>
  <div class=""cpv-landing-card""><strong>Check-in</strong><p>Verifica finestre di apertura, app mobile, costi in aeroporto e documenti richiesti.</p></div>
  <div class=""cpv-landing-card""><strong>Partenze italiane</strong><p>Confronta i principali aeroporti italiani per capire quali rotte o fasce orarie sono piu interessanti.</p></div>
</div>
<h2>Domande frequenti su Japan Air Commuter</h2>
<div class=""cpv-faq"">
  <details><summary>Come verificare le regole bagaglio di Japan Air Commuter?</summary><p>Consulta sempre la pagina ufficiale prima dell'acquisto: le regole possono cambiare in base alla tariffa, alla rotta e alla data di viaggio.</p></details>
  <details><summary>Japan Air Commuter e adatta a chi cerca il prezzo piu basso?</summary><p>Dipende dalla rotta e dai servizi necessari. In molti casi le tariffe base sono competitive, ma conviene verificare gli extra prima di concludere la prenotazione.</p></details>
  <details><summary>Quali aeroporti italiani monitorare?</summary><p>Le partenze da Milano, Roma, Napoli, Venezia, Catania e Bologna sono tra quelle che gli utenti confrontano piu spesso.</p></details>
</div>","Compagnie aeree|Compagnie tradizionali",airline,JC,/compagnie-aeree/japan-air-commuter/,"Japan Air Commuter: bagagli, check-in e rotte | ConfrontaPrezziVoli","Scopri come volare con Japan Air Commuter: bagaglio a mano, check-in, consigli e rotte piu cercate dagli utenti italiani.","Japan Air Commuter bagaglio check-in",airlines,"Compagnia classificata come tradizionale nel dataset."
post,publish,"Japan Airlines (JL): bagagli, check-in, rotte e consigli 2026",compagnia-aerea-japan-airlines-jl,"Guida pratica su Japan Airlines: bagaglio a mano, check-in, rotte popolari dall'Italia e consigli utili per prenotare.","<div class=""cpv-landing-note"">
  <p><strong>Guida pratica Japan Airlines.</strong> Qui trovi una sintesi utile per capire come prenotare con Japan Airlines, cosa controllare su bagagli e check-in e quali aspetti confrontare prima di acquistare il volo.</p>
</div>
<div class=""cpv-stat-grid"">
  <div class=""cpv-stat""><strong>Tradizionale</strong><span>Tipologia di compagnia secondo il dataset disponibile.</span></div>
  <div class=""cpv-stat""><strong>Check-in online</strong><span>Da verificare sempre sul sito ufficiale prima della partenza.</span></div>
  <div class=""cpv-stat""><strong>Bagagli</strong><span>Controlla franchigia e servizi inclusi in base alla tariffa scelta.</span></div>
</div>
<h2>Japan Airlines: cosa controllare prima di prenotare</h2>
<p>La compagnia viene spesso valutata per tratte business, nazionali o con servizi aggiuntivi. Prima della prenotazione conviene confrontare orari, politica bagagli, flessibilita della tariffa e aeroporto di partenza disponibile in Italia.</p>
<div class=""cpv-chip-list""><span class=""cpv-chip"">FCO</span><span class=""cpv-chip"">CIA</span><span class=""cpv-chip"">MXP</span><span class=""cpv-chip"">BGY</span><span class=""cpv-chip"">LIN</span><span class=""cpv-chip"">NAP</span></div>
<div class=""cpv-landing-grid"">
  <div class=""cpv-landing-card""><strong>Bagaglio a mano</strong><p>Controlla sempre misure, peso e possibilita di aggiungere priorita o trolley in cabina.</p></div>
  <div class=""cpv-landing-card""><strong>Check-in</strong><p>Verifica finestre di apertura, app mobile, costi in aeroporto e documenti richiesti.</p></div>
  <div class=""cpv-landing-card""><strong>Partenze italiane</strong><p>Confronta i principali aeroporti italiani per capire quali rotte o fasce orarie sono piu interessanti.</p></div>
</div>
<h2>Domande frequenti su Japan Airlines</h2>
<div class=""cpv-faq"">
  <details><summary>Come verificare le regole bagaglio di Japan Airlines?</summary><p>Consulta sempre la pagina ufficiale prima dell'acquisto: le regole possono cambiare in base alla tariffa, alla rotta e alla data di viaggio.</p></details>
  <details><summary>Japan Airlines e adatta a chi cerca il prezzo piu basso?</summary><p>Dipende dalla rotta e dai servizi necessari. In molti casi le tariffe base sono competitive, ma conviene verificare gli extra prima di concludere la prenotazione.</p></details>
  <details><summary>Quali aeroporti italiani monitorare?</summary><p>Le partenze da Milano, Roma, Napoli, Venezia, Catania e Bologna sono tra quelle che gli utenti confrontano piu spesso.</p></details>
</div>","Compagnie aeree|Compagnie tradizionali",airline,JL,/compagnie-aeree/japan-airlines/,"Japan Airlines: bagagli, check-in e rotte | ConfrontaPrezziVoli","Scopri come volare con Japan Airlines: bagaglio a mano, check-in, consigli e rotte piu cercate dagli utenti italiani.","Japan Airlines bagaglio check-in",airlines,"Compagnia classificata come tradizionale nel dataset."
post,publish,"Japan Transocean Air (NU): bagagli, check-in, rotte e consigli 2026",compagnia-aerea-japan-transocean-air-nu,"Guida pratica su Japan Transocean Air: bagaglio a mano, check-in, rotte popolari dall'Italia e consigli utili per prenotare.","<div class=""cpv-landing-note"">
  <p><strong>Guida pratica Japan Transocean Air.</strong> Qui trovi una sintesi utile per capire come prenotare con Japan Transocean Air, cosa controllare su bagagli e check-in e quali aspetti confrontare prima di acquistare il volo.</p>
</div>
<div class=""cpv-stat-grid"">
  <div class=""cpv-stat""><strong>Tradizionale</strong><span>Tipologia di compagnia secondo il dataset disponibile.</span></div>
  <div class=""cpv-stat""><strong>Check-in online</strong><span>Da verificare sempre sul sito ufficiale prima della partenza.</span></div>
  <div class=""cpv-stat""><strong>Bagagli</strong><span>Controlla franchigia e servizi inclusi in base alla tariffa scelta.</span></div>
</div>
<h2>Japan Transocean Air: cosa controllare prima di prenotare</h2>
<p>La compagnia viene spesso valutata per tratte business, nazionali o con servizi aggiuntivi. Prima della prenotazione conviene confrontare orari, politica bagagli, flessibilita della tariffa e aeroporto di partenza disponibile in Italia.</p>
<div class=""cpv-chip-list""><span class=""cpv-chip"">FCO</span><span class=""cpv-chip"">CIA</span><span class=""cpv-chip"">MXP</span><span class=""cpv-chip"">BGY</span><span class=""cpv-chip"">LIN</span><span class=""cpv-chip"">NAP</span></div>
<div class=""cpv-landing-grid"">
  <div class=""cpv-landing-card""><strong>Bagaglio a mano</strong><p>Controlla sempre misure, peso e possibilita di aggiungere priorita o trolley in cabina.</p></div>
  <div class=""cpv-landing-card""><strong>Check-in</strong><p>Verifica finestre di apertura, app mobile, costi in aeroporto e documenti richiesti.</p></div>
  <div class=""cpv-landing-card""><strong>Partenze italiane</strong><p>Confronta i principali aeroporti italiani per capire quali rotte o fasce orarie sono piu interessanti.</p></div>
</div>
<h2>Domande frequenti su Japan Transocean Air</h2>
<div class=""cpv-faq"">
  <details><summary>Come verificare le regole bagaglio di Japan Transocean Air?</summary><p>Consulta sempre la pagina ufficiale prima dell'acquisto: le regole possono cambiare in base alla tariffa, alla rotta e alla data di viaggio.</p></details>
  <details><summary>Japan Transocean Air e adatta a chi cerca il prezzo piu basso?</summary><p>Dipende dalla rotta e dai servizi necessari. In molti casi le tariffe base sono competitive, ma conviene verificare gli extra prima di concludere la prenotazione.</p></details>
  <details><summary>Quali aeroporti italiani monitorare?</summary><p>Le partenze da Milano, Roma, Napoli, Venezia, Catania e Bologna sono tra quelle che gli utenti confrontano piu spesso.</p></details>
</div>","Compagnie aeree|Compagnie tradizionali",airline,NU,/compagnie-aeree/japan-transocean-air/,"Japan Transocean Air: bagagli, check-in e rotte | ConfrontaPrezziVoli","Scopri come volare con Japan Transocean Air: bagaglio a mano, check-in, consigli e rotte piu cercate dagli utenti italiani.","Japan Transocean Air bagaglio check-in",airlines,"Compagnia classificata come tradizionale nel dataset."
post,publish,"Jazeera Airways (J9): bagagli, check-in, rotte e consigli 2026",compagnia-aerea-jazeera-airways-j9,"Guida pratica su Jazeera Airways: bagaglio a mano, check-in, rotte popolari dall'Italia e consigli utili per prenotare.","<div class=""cpv-landing-note"">
  <p><strong>Guida pratica Jazeera Airways.</strong> Qui trovi una sintesi utile per capire come prenotare con Jazeera Airways, cosa controllare su bagagli e check-in e quali aspetti confrontare prima di acquistare il volo.</p>
</div>
<div class=""cpv-stat-grid"">
  <div class=""cpv-stat""><strong>Low cost</strong><span>Tipologia di compagnia secondo il dataset disponibile.</span></div>
  <div class=""cpv-stat""><strong>Check-in online</strong><span>Da verificare sempre sul sito ufficiale prima della partenza.</span></div>
  <div class=""cpv-stat""><strong>Bagagli</strong><span>Verifica con attenzione dimensioni e priorita del bagaglio a mano.</span></div>
</div>
<h2>Jazeera Airways: cosa controllare prima di prenotare</h2>
<p>La compagnia e spesso cercata per city break, leisure e rotte sensibili al prezzo. Prima della prenotazione conviene confrontare orari, politica bagagli, flessibilita della tariffa e aeroporto di partenza disponibile in Italia.</p>
<div class=""cpv-chip-list""><span class=""cpv-chip"">FCO</span><span class=""cpv-chip"">CIA</span><span class=""cpv-chip"">MXP</span><span class=""cpv-chip"">BGY</span><span class=""cpv-chip"">LIN</span><span class=""cpv-chip"">NAP</span></div>
<div class=""cpv-landing-grid"">
  <div class=""cpv-landing-card""><strong>Bagaglio a mano</strong><p>Controlla sempre misure, peso e possibilita di aggiungere priorita o trolley in cabina.</p></div>
  <div class=""cpv-landing-card""><strong>Check-in</strong><p>Verifica finestre di apertura, app mobile, costi in aeroporto e documenti richiesti.</p></div>
  <div class=""cpv-landing-card""><strong>Partenze italiane</strong><p>Confronta i principali aeroporti italiani per capire quali rotte o fasce orarie sono piu interessanti.</p></div>
</div>
<h2>Domande frequenti su Jazeera Airways</h2>
<div class=""cpv-faq"">
  <details><summary>Come verificare le regole bagaglio di Jazeera Airways?</summary><p>Consulta sempre la pagina ufficiale prima dell'acquisto: le regole possono cambiare in base alla tariffa, alla rotta e alla data di viaggio.</p></details>
  <details><summary>Jazeera Airways e adatta a chi cerca il prezzo piu basso?</summary><p>Dipende dalla rotta e dai servizi necessari. In molti casi le tariffe base sono competitive, ma conviene verificare gli extra prima di concludere la prenotazione.</p></details>
  <details><summary>Quali aeroporti italiani monitorare?</summary><p>Le partenze da Milano, Roma, Napoli, Venezia, Catania e Bologna sono tra quelle che gli utenti confrontano piu spesso.</p></details>
</div>","Compagnie aeree|Compagnie low cost",airline,J9,/compagnie-aeree/jazeera-airways/,"Jazeera Airways: bagagli, check-in e rotte | ConfrontaPrezziVoli","Scopri come volare con Jazeera Airways: bagaglio a mano, check-in, consigli e rotte piu cercate dagli utenti italiani.","Jazeera Airways bagaglio check-in",airlines,"Compagnia classificata come low cost nel dataset."
post,publish,"Jeju Air (7C): bagagli, check-in, rotte e consigli 2026",compagnia-aerea-jeju-air-7c,"Guida pratica su Jeju Air: bagaglio a mano, check-in, rotte popolari dall'Italia e consigli utili per prenotare.","<div class=""cpv-landing-note"">
  <p><strong>Guida pratica Jeju Air.</strong> Qui trovi una sintesi utile per capire come prenotare con Jeju Air, cosa controllare su bagagli e check-in e quali aspetti confrontare prima di acquistare il volo.</p>
</div>
<div class=""cpv-stat-grid"">
  <div class=""cpv-stat""><strong>Low cost</strong><span>Tipologia di compagnia secondo il dataset disponibile.</span></div>
  <div class=""cpv-stat""><strong>Check-in online</strong><span>Da verificare sempre sul sito ufficiale prima della partenza.</span></div>
  <div class=""cpv-stat""><strong>Bagagli</strong><span>Verifica con attenzione dimensioni e priorita del bagaglio a mano.</span></div>
</div>
<h2>Jeju Air: cosa controllare prima di prenotare</h2>
<p>La compagnia e spesso cercata per city break, leisure e rotte sensibili al prezzo. Prima della prenotazione conviene confrontare orari, politica bagagli, flessibilita della tariffa e aeroporto di partenza disponibile in Italia.</p>
<div class=""cpv-chip-list""><span class=""cpv-chip"">FCO</span><span class=""cpv-chip"">CIA</span><span class=""cpv-chip"">MXP</span><span class=""cpv-chip"">BGY</span><span class=""cpv-chip"">LIN</span><span class=""cpv-chip"">NAP</span></div>
<div class=""cpv-landing-grid"">
  <div class=""cpv-landing-card""><strong>Bagaglio a mano</strong><p>Controlla sempre misure, peso e possibilita di aggiungere priorita o trolley in cabina.</p></div>
  <div class=""cpv-landing-card""><strong>Check-in</strong><p>Verifica finestre di apertura, app mobile, costi in aeroporto e documenti richiesti.</p></div>
  <div class=""cpv-landing-card""><strong>Partenze italiane</strong><p>Confronta i principali aeroporti italiani per capire quali rotte o fasce orarie sono piu interessanti.</p></div>
</div>
<h2>Domande frequenti su Jeju Air</h2>
<div class=""cpv-faq"">
  <details><summary>Come verificare le regole bagaglio di Jeju Air?</summary><p>Consulta sempre la pagina ufficiale prima dell'acquisto: le regole possono cambiare in base alla tariffa, alla rotta e alla data di viaggio.</p></details>
  <details><summary>Jeju Air e adatta a chi cerca il prezzo piu basso?</summary><p>Dipende dalla rotta e dai servizi necessari. In molti casi le tariffe base sono competitive, ma conviene verificare gli extra prima di concludere la prenotazione.</p></details>
  <details><summary>Quali aeroporti italiani monitorare?</summary><p>Le partenze da Milano, Roma, Napoli, Venezia, Catania e Bologna sono tra quelle che gli utenti confrontano piu spesso.</p></details>
</div>","Compagnie aeree|Compagnie low cost",airline,7C,/compagnie-aeree/jeju-air/,"Jeju Air: bagagli, check-in e rotte | ConfrontaPrezziVoli","Scopri come volare con Jeju Air: bagaglio a mano, check-in, consigli e rotte piu cercate dagli utenti italiani.","Jeju Air bagaglio check-in",airlines,"Compagnia classificata come low cost nel dataset."
post,publish,"Jet Airways (9W): bagagli, check-in, rotte e consigli 2026",compagnia-aerea-jet-airways-9w,"Guida pratica su Jet Airways: bagaglio a mano, check-in, rotte popolari dall'Italia e consigli utili per prenotare.","<div class=""cpv-landing-note"">
  <p><strong>Guida pratica Jet Airways.</strong> Qui trovi una sintesi utile per capire come prenotare con Jet Airways, cosa controllare su bagagli e check-in e quali aspetti confrontare prima di acquistare il volo.</p>
</div>
<div class=""cpv-stat-grid"">
  <div class=""cpv-stat""><strong>Tradizionale</strong><span>Tipologia di compagnia secondo il dataset disponibile.</span></div>
  <div class=""cpv-stat""><strong>Check-in online</strong><span>Da verificare sempre sul sito ufficiale prima della partenza.</span></div>
  <div class=""cpv-stat""><strong>Bagagli</strong><span>Controlla franchigia e servizi inclusi in base alla tariffa scelta.</span></div>
</div>
<h2>Jet Airways: cosa controllare prima di prenotare</h2>
<p>La compagnia viene spesso valutata per tratte business, nazionali o con servizi aggiuntivi. Prima della prenotazione conviene confrontare orari, politica bagagli, flessibilita della tariffa e aeroporto di partenza disponibile in Italia.</p>
<div class=""cpv-chip-list""><span class=""cpv-chip"">FCO</span><span class=""cpv-chip"">CIA</span><span class=""cpv-chip"">MXP</span><span class=""cpv-chip"">BGY</span><span class=""cpv-chip"">LIN</span><span class=""cpv-chip"">NAP</span></div>
<div class=""cpv-landing-grid"">
  <div class=""cpv-landing-card""><strong>Bagaglio a mano</strong><p>Controlla sempre misure, peso e possibilita di aggiungere priorita o trolley in cabina.</p></div>
  <div class=""cpv-landing-card""><strong>Check-in</strong><p>Verifica finestre di apertura, app mobile, costi in aeroporto e documenti richiesti.</p></div>
  <div class=""cpv-landing-card""><strong>Partenze italiane</strong><p>Confronta i principali aeroporti italiani per capire quali rotte o fasce orarie sono piu interessanti.</p></div>
</div>
<h2>Domande frequenti su Jet Airways</h2>
<div class=""cpv-faq"">
  <details><summary>Come verificare le regole bagaglio di Jet Airways?</summary><p>Consulta sempre la pagina ufficiale prima dell'acquisto: le regole possono cambiare in base alla tariffa, alla rotta e alla data di viaggio.</p></details>
  <details><summary>Jet Airways e adatta a chi cerca il prezzo piu basso?</summary><p>Dipende dalla rotta e dai servizi necessari. In molti casi le tariffe base sono competitive, ma conviene verificare gli extra prima di concludere la prenotazione.</p></details>
  <details><summary>Quali aeroporti italiani monitorare?</summary><p>Le partenze da Milano, Roma, Napoli, Venezia, Catania e Bologna sono tra quelle che gli utenti confrontano piu spesso.</p></details>
</div>","Compagnie aeree|Compagnie tradizionali",airline,9W,/compagnie-aeree/jet-airways/,"Jet Airways: bagagli, check-in e rotte | ConfrontaPrezziVoli","Scopri come volare con Jet Airways: bagaglio a mano, check-in, consigli e rotte piu cercate dagli utenti italiani.","Jet Airways bagaglio check-in",airlines,"Compagnia classificata come tradizionale nel dataset."
post,publish,"Jet Airways Inc. (QJ): bagagli, check-in, rotte e consigli 2026",compagnia-aerea-jet-airways-inc-qj,"Guida pratica su Jet Airways Inc.: bagaglio a mano, check-in, rotte popolari dall'Italia e consigli utili per prenotare.","<div class=""cpv-landing-note"">
  <p><strong>Guida pratica Jet Airways Inc..</strong> Qui trovi una sintesi utile per capire come prenotare con Jet Airways Inc., cosa controllare su bagagli e check-in e quali aspetti confrontare prima di acquistare il volo.</p>
</div>
<div class=""cpv-stat-grid"">
  <div class=""cpv-stat""><strong>Tradizionale</strong><span>Tipologia di compagnia secondo il dataset disponibile.</span></div>
  <div class=""cpv-stat""><strong>Check-in online</strong><span>Da verificare sempre sul sito ufficiale prima della partenza.</span></div>
  <div class=""cpv-stat""><strong>Bagagli</strong><span>Controlla franchigia e servizi inclusi in base alla tariffa scelta.</span></div>
</div>
<h2>Jet Airways Inc.: cosa controllare prima di prenotare</h2>
<p>La compagnia viene spesso valutata per tratte business, nazionali o con servizi aggiuntivi. Prima della prenotazione conviene confrontare orari, politica bagagli, flessibilita della tariffa e aeroporto di partenza disponibile in Italia.</p>
<div class=""cpv-chip-list""><span class=""cpv-chip"">FCO</span><span class=""cpv-chip"">CIA</span><span class=""cpv-chip"">MXP</span><span class=""cpv-chip"">BGY</span><span class=""cpv-chip"">LIN</span><span class=""cpv-chip"">NAP</span></div>
<div class=""cpv-landing-grid"">
  <div class=""cpv-landing-card""><strong>Bagaglio a mano</strong><p>Controlla sempre misure, peso e possibilita di aggiungere priorita o trolley in cabina.</p></div>
  <div class=""cpv-landing-card""><strong>Check-in</strong><p>Verifica finestre di apertura, app mobile, costi in aeroporto e documenti richiesti.</p></div>
  <div class=""cpv-landing-card""><strong>Partenze italiane</strong><p>Confronta i principali aeroporti italiani per capire quali rotte o fasce orarie sono piu interessanti.</p></div>
</div>
<h2>Domande frequenti su Jet Airways Inc.</h2>
<div class=""cpv-faq"">
  <details><summary>Come verificare le regole bagaglio di Jet Airways Inc.?</summary><p>Consulta sempre la pagina ufficiale prima dell'acquisto: le regole possono cambiare in base alla tariffa, alla rotta e alla data di viaggio.</p></details>
  <details><summary>Jet Airways Inc. e adatta a chi cerca il prezzo piu basso?</summary><p>Dipende dalla rotta e dai servizi necessari. In molti casi le tariffe base sono competitive, ma conviene verificare gli extra prima di concludere la prenotazione.</p></details>
  <details><summary>Quali aeroporti italiani monitorare?</summary><p>Le partenze da Milano, Roma, Napoli, Venezia, Catania e Bologna sono tra quelle che gli utenti confrontano piu spesso.</p></details>
</div>","Compagnie aeree|Compagnie tradizionali",airline,QJ,/compagnie-aeree/jet-airways-inc/,"Jet Airways Inc.: bagagli, check-in e rotte | ConfrontaPrezziVoli","Scopri come volare con Jet Airways Inc.: bagaglio a mano, check-in, consigli e rotte piu cercate dagli utenti italiani.","Jet Airways Inc. bagaglio check-in",airlines,"Compagnia classificata come tradizionale nel dataset."
post,publish,"Jet Asia Airways (JF): bagagli, check-in, rotte e consigli 2026",compagnia-aerea-jet-asia-airways-jf,"Guida pratica su Jet Asia Airways: bagaglio a mano, check-in, rotte popolari dall'Italia e consigli utili per prenotare.","<div class=""cpv-landing-note"">
  <p><strong>Guida pratica Jet Asia Airways.</strong> Qui trovi una sintesi utile per capire come prenotare con Jet Asia Airways, cosa controllare su bagagli e check-in e quali aspetti confrontare prima di acquistare il volo.</p>
</div>
<div class=""cpv-stat-grid"">
  <div class=""cpv-stat""><strong>Tradizionale</strong><span>Tipologia di compagnia secondo il dataset disponibile.</span></div>
  <div class=""cpv-stat""><strong>Check-in online</strong><span>Da verificare sempre sul sito ufficiale prima della partenza.</span></div>
  <div class=""cpv-stat""><strong>Bagagli</strong><span>Controlla franchigia e servizi inclusi in base alla tariffa scelta.</span></div>
</div>
<h2>Jet Asia Airways: cosa controllare prima di prenotare</h2>
<p>La compagnia viene spesso valutata per tratte business, nazionali o con servizi aggiuntivi. Prima della prenotazione conviene confrontare orari, politica bagagli, flessibilita della tariffa e aeroporto di partenza disponibile in Italia.</p>
<div class=""cpv-chip-list""><span class=""cpv-chip"">FCO</span><span class=""cpv-chip"">CIA</span><span class=""cpv-chip"">MXP</span><span class=""cpv-chip"">BGY</span><span class=""cpv-chip"">LIN</span><span class=""cpv-chip"">NAP</span></div>
<div class=""cpv-landing-grid"">
  <div class=""cpv-landing-card""><strong>Bagaglio a mano</strong><p>Controlla sempre misure, peso e possibilita di aggiungere priorita o trolley in cabina.</p></div>
  <div class=""cpv-landing-card""><strong>Check-in</strong><p>Verifica finestre di apertura, app mobile, costi in aeroporto e documenti richiesti.</p></div>
  <div class=""cpv-landing-card""><strong>Partenze italiane</strong><p>Confronta i principali aeroporti italiani per capire quali rotte o fasce orarie sono piu interessanti.</p></div>
</div>
<h2>Domande frequenti su Jet Asia Airways</h2>
<div class=""cpv-faq"">
  <details><summary>Come verificare le regole bagaglio di Jet Asia Airways?</summary><p>Consulta sempre la pagina ufficiale prima dell'acquisto: le regole possono cambiare in base alla tariffa, alla rotta e alla data di viaggio.</p></details>
  <details><summary>Jet Asia Airways e adatta a chi cerca il prezzo piu basso?</summary><p>Dipende dalla rotta e dai servizi necessari. In molti casi le tariffe base sono competitive, ma conviene verificare gli extra prima di concludere la prenotazione.</p></details>
  <details><summary>Quali aeroporti italiani monitorare?</summary><p>Le partenze da Milano, Roma, Napoli, Venezia, Catania e Bologna sono tra quelle che gli utenti confrontano piu spesso.</p></details>
</div>","Compagnie aeree|Compagnie tradizionali",airline,JF,/compagnie-aeree/jet-asia-airways/,"Jet Asia Airways: bagagli, check-in e rotte | ConfrontaPrezziVoli","Scopri come volare con Jet Asia Airways: bagaglio a mano, check-in, consigli e rotte piu cercate dagli utenti italiani.","Jet Asia Airways bagaglio check-in",airlines,"Compagnia classificata come tradizionale nel dataset."
post,publish,"Jet Aviation Business (PP): bagagli, check-in, rotte e consigli 2026",compagnia-aerea-jet-aviation-business-pp,"Guida pratica su Jet Aviation Business: bagaglio a mano, check-in, rotte popolari dall'Italia e consigli utili per prenotare.","<div class=""cpv-landing-note"">
  <p><strong>Guida pratica Jet Aviation Business.</strong> Qui trovi una sintesi utile per capire come prenotare con Jet Aviation Business, cosa controllare su bagagli e check-in e quali aspetti confrontare prima di acquistare il volo.</p>
</div>
<div class=""cpv-stat-grid"">
  <div class=""cpv-stat""><strong>Tradizionale</strong><span>Tipologia di compagnia secondo il dataset disponibile.</span></div>
  <div class=""cpv-stat""><strong>Check-in online</strong><span>Da verificare sempre sul sito ufficiale prima della partenza.</span></div>
  <div class=""cpv-stat""><strong>Bagagli</strong><span>Controlla franchigia e servizi inclusi in base alla tariffa scelta.</span></div>
</div>
<h2>Jet Aviation Business: cosa controllare prima di prenotare</h2>
<p>La compagnia viene spesso valutata per tratte business, nazionali o con servizi aggiuntivi. Prima della prenotazione conviene confrontare orari, politica bagagli, flessibilita della tariffa e aeroporto di partenza disponibile in Italia.</p>
<div class=""cpv-chip-list""><span class=""cpv-chip"">FCO</span><span class=""cpv-chip"">CIA</span><span class=""cpv-chip"">MXP</span><span class=""cpv-chip"">BGY</span><span class=""cpv-chip"">LIN</span><span class=""cpv-chip"">NAP</span></div>
<div class=""cpv-landing-grid"">
  <div class=""cpv-landing-card""><strong>Bagaglio a mano</strong><p>Controlla sempre misure, peso e possibilita di aggiungere priorita o trolley in cabina.</p></div>
  <div class=""cpv-landing-card""><strong>Check-in</strong><p>Verifica finestre di apertura, app mobile, costi in aeroporto e documenti richiesti.</p></div>
  <div class=""cpv-landing-card""><strong>Partenze italiane</strong><p>Confronta i principali aeroporti italiani per capire quali rotte o fasce orarie sono piu interessanti.</p></div>
</div>
<h2>Domande frequenti su Jet Aviation Business</h2>
<div class=""cpv-faq"">
  <details><summary>Come verificare le regole bagaglio di Jet Aviation Business?</summary><p>Consulta sempre la pagina ufficiale prima dell'acquisto: le regole possono cambiare in base alla tariffa, alla rotta e alla data di viaggio.</p></details>
  <details><summary>Jet Aviation Business e adatta a chi cerca il prezzo piu basso?</summary><p>Dipende dalla rotta e dai servizi necessari. In molti casi le tariffe base sono competitive, ma conviene verificare gli extra prima di concludere la prenotazione.</p></details>
  <details><summary>Quali aeroporti italiani monitorare?</summary><p>Le partenze da Milano, Roma, Napoli, Venezia, Catania e Bologna sono tra quelle che gli utenti confrontano piu spesso.</p></details>
</div>","Compagnie aeree|Compagnie tradizionali",airline,PP,/compagnie-aeree/jet-aviation-business/,"Jet Aviation Business: bagagli, check-in e rotte | ConfrontaPrezziVoli","Scopri come volare con Jet Aviation Business: bagaglio a mano, check-in, consigli e rotte piu cercate dagli utenti italiani.","Jet Aviation Business bagaglio check-in",airlines,"Compagnia classificata come tradizionale nel dataset."
post,publish,"Jet Ops (J6): bagagli, check-in, rotte e consigli 2026",compagnia-aerea-jet-ops-j6,"Guida pratica su Jet Ops: bagaglio a mano, check-in, rotte popolari dall'Italia e consigli utili per prenotare.","<div class=""cpv-landing-note"">
  <p><strong>Guida pratica Jet Ops.</strong> Qui trovi una sintesi utile per capire come prenotare con Jet Ops, cosa controllare su bagagli e check-in e quali aspetti confrontare prima di acquistare il volo.</p>
</div>
<div class=""cpv-stat-grid"">
  <div class=""cpv-stat""><strong>Tradizionale</strong><span>Tipologia di compagnia secondo il dataset disponibile.</span></div>
  <div class=""cpv-stat""><strong>Check-in online</strong><span>Da verificare sempre sul sito ufficiale prima della partenza.</span></div>
  <div class=""cpv-stat""><strong>Bagagli</strong><span>Controlla franchigia e servizi inclusi in base alla tariffa scelta.</span></div>
</div>
<h2>Jet Ops: cosa controllare prima di prenotare</h2>
<p>La compagnia viene spesso valutata per tratte business, nazionali o con servizi aggiuntivi. Prima della prenotazione conviene confrontare orari, politica bagagli, flessibilita della tariffa e aeroporto di partenza disponibile in Italia.</p>
<div class=""cpv-chip-list""><span class=""cpv-chip"">FCO</span><span class=""cpv-chip"">CIA</span><span class=""cpv-chip"">MXP</span><span class=""cpv-chip"">BGY</span><span class=""cpv-chip"">LIN</span><span class=""cpv-chip"">NAP</span></div>
<div class=""cpv-landing-grid"">
  <div class=""cpv-landing-card""><strong>Bagaglio a mano</strong><p>Controlla sempre misure, peso e possibilita di aggiungere priorita o trolley in cabina.</p></div>
  <div class=""cpv-landing-card""><strong>Check-in</strong><p>Verifica finestre di apertura, app mobile, costi in aeroporto e documenti richiesti.</p></div>
  <div class=""cpv-landing-card""><strong>Partenze italiane</strong><p>Confronta i principali aeroporti italiani per capire quali rotte o fasce orarie sono piu interessanti.</p></div>
</div>
<h2>Domande frequenti su Jet Ops</h2>
<div class=""cpv-faq"">
  <details><summary>Come verificare le regole bagaglio di Jet Ops?</summary><p>Consulta sempre la pagina ufficiale prima dell'acquisto: le regole possono cambiare in base alla tariffa, alla rotta e alla data di viaggio.</p></details>
  <details><summary>Jet Ops e adatta a chi cerca il prezzo piu basso?</summary><p>Dipende dalla rotta e dai servizi necessari. In molti casi le tariffe base sono competitive, ma conviene verificare gli extra prima di concludere la prenotazione.</p></details>
  <details><summary>Quali aeroporti italiani monitorare?</summary><p>Le partenze da Milano, Roma, Napoli, Venezia, Catania e Bologna sono tra quelle che gli utenti confrontano piu spesso.</p></details>
</div>","Compagnie aeree|Compagnie tradizionali",airline,J6,/compagnie-aeree/jet-ops/,"Jet Ops: bagagli, check-in e rotte | ConfrontaPrezziVoli","Scopri come volare con Jet Ops: bagaglio a mano, check-in, consigli e rotte piu cercate dagli utenti italiani.","Jet Ops bagaglio check-in",airlines,"Compagnia classificata come tradizionale nel dataset."
post,publish,"Jet2.com (LS): bagagli, check-in, rotte e consigli 2026",compagnia-aerea-jet2-com-ls,"Guida pratica su Jet2.com: bagaglio a mano, check-in, rotte popolari dall'Italia e consigli utili per prenotare.","<div class=""cpv-landing-note"">
  <p><strong>Guida pratica Jet2.com.</strong> Qui trovi una sintesi utile per capire come prenotare con Jet2.com, cosa controllare su bagagli e check-in e quali aspetti confrontare prima di acquistare il volo.</p>
</div>
<div class=""cpv-stat-grid"">
  <div class=""cpv-stat""><strong>Low cost</strong><span>Tipologia di compagnia secondo il dataset disponibile.</span></div>
  <div class=""cpv-stat""><strong>Check-in online</strong><span>Da verificare sempre sul sito ufficiale prima della partenza.</span></div>
  <div class=""cpv-stat""><strong>Bagagli</strong><span>Verifica con attenzione dimensioni e priorita del bagaglio a mano.</span></div>
</div>
<h2>Jet2.com: cosa controllare prima di prenotare</h2>
<p>La compagnia e spesso cercata per city break, leisure e rotte sensibili al prezzo. Prima della prenotazione conviene confrontare orari, politica bagagli, flessibilita della tariffa e aeroporto di partenza disponibile in Italia.</p>
<div class=""cpv-chip-list""><span class=""cpv-chip"">FCO</span><span class=""cpv-chip"">CIA</span><span class=""cpv-chip"">MXP</span><span class=""cpv-chip"">BGY</span><span class=""cpv-chip"">LIN</span><span class=""cpv-chip"">NAP</span></div>
<div class=""cpv-landing-grid"">
  <div class=""cpv-landing-card""><strong>Bagaglio a mano</strong><p>Controlla sempre misure, peso e possibilita di aggiungere priorita o trolley in cabina.</p></div>
  <div class=""cpv-landing-card""><strong>Check-in</strong><p>Verifica finestre di apertura, app mobile, costi in aeroporto e documenti richiesti.</p></div>
  <div class=""cpv-landing-card""><strong>Partenze italiane</strong><p>Confronta i principali aeroporti italiani per capire quali rotte o fasce orarie sono piu interessanti.</p></div>
</div>
<h2>Domande frequenti su Jet2.com</h2>
<div class=""cpv-faq"">
  <details><summary>Come verificare le regole bagaglio di Jet2.com?</summary><p>Consulta sempre la pagina ufficiale prima dell'acquisto: le regole possono cambiare in base alla tariffa, alla rotta e alla data di viaggio.</p></details>
  <details><summary>Jet2.com e adatta a chi cerca il prezzo piu basso?</summary><p>Dipende dalla rotta e dai servizi necessari. In molti casi le tariffe base sono competitive, ma conviene verificare gli extra prima di concludere la prenotazione.</p></details>
  <details><summary>Quali aeroporti italiani monitorare?</summary><p>Le partenze da Milano, Roma, Napoli, Venezia, Catania e Bologna sono tra quelle che gli utenti confrontano piu spesso.</p></details>
</div>","Compagnie aeree|Compagnie low cost",airline,LS,/compagnie-aeree/jet2-com/,"Jet2.com: bagagli, check-in e rotte | ConfrontaPrezziVoli","Scopri come volare con Jet2.com: bagaglio a mano, check-in, consigli e rotte piu cercate dagli utenti italiani.","Jet2.com bagaglio check-in",airlines,"Compagnia classificata come low cost nel dataset."
post,publish,"JetAir Caribbean (4J): bagagli, check-in, rotte e consigli 2026",compagnia-aerea-jetair-caribbean-4j,"Guida pratica su JetAir Caribbean: bagaglio a mano, check-in, rotte popolari dall'Italia e consigli utili per prenotare.","<div class=""cpv-landing-note"">
  <p><strong>Guida pratica JetAir Caribbean.</strong> Qui trovi una sintesi utile per capire come prenotare con JetAir Caribbean, cosa controllare su bagagli e check-in e quali aspetti confrontare prima di acquistare il volo.</p>
</div>
<div class=""cpv-stat-grid"">
  <div class=""cpv-stat""><strong>Tradizionale</strong><span>Tipologia di compagnia secondo il dataset disponibile.</span></div>
  <div class=""cpv-stat""><strong>Check-in online</strong><span>Da verificare sempre sul sito ufficiale prima della partenza.</span></div>
  <div class=""cpv-stat""><strong>Bagagli</strong><span>Controlla franchigia e servizi inclusi in base alla tariffa scelta.</span></div>
</div>
<h2>JetAir Caribbean: cosa controllare prima di prenotare</h2>
<p>La compagnia viene spesso valutata per tratte business, nazionali o con servizi aggiuntivi. Prima della prenotazione conviene confrontare orari, politica bagagli, flessibilita della tariffa e aeroporto di partenza disponibile in Italia.</p>
<div class=""cpv-chip-list""><span class=""cpv-chip"">FCO</span><span class=""cpv-chip"">CIA</span><span class=""cpv-chip"">MXP</span><span class=""cpv-chip"">BGY</span><span class=""cpv-chip"">LIN</span><span class=""cpv-chip"">NAP</span></div>
<div class=""cpv-landing-grid"">
  <div class=""cpv-landing-card""><strong>Bagaglio a mano</strong><p>Controlla sempre misure, peso e possibilita di aggiungere priorita o trolley in cabina.</p></div>
  <div class=""cpv-landing-card""><strong>Check-in</strong><p>Verifica finestre di apertura, app mobile, costi in aeroporto e documenti richiesti.</p></div>
  <div class=""cpv-landing-card""><strong>Partenze italiane</strong><p>Confronta i principali aeroporti italiani per capire quali rotte o fasce orarie sono piu interessanti.</p></div>
</div>
<h2>Domande frequenti su JetAir Caribbean</h2>
<div class=""cpv-faq"">
  <details><summary>Come verificare le regole bagaglio di JetAir Caribbean?</summary><p>Consulta sempre la pagina ufficiale prima dell'acquisto: le regole possono cambiare in base alla tariffa, alla rotta e alla data di viaggio.</p></details>
  <details><summary>JetAir Caribbean e adatta a chi cerca il prezzo piu basso?</summary><p>Dipende dalla rotta e dai servizi necessari. In molti casi le tariffe base sono competitive, ma conviene verificare gli extra prima di concludere la prenotazione.</p></details>
  <details><summary>Quali aeroporti italiani monitorare?</summary><p>Le partenze da Milano, Roma, Napoli, Venezia, Catania e Bologna sono tra quelle che gli utenti confrontano piu spesso.</p></details>
</div>","Compagnie aeree|Compagnie tradizionali",airline,4J,/compagnie-aeree/jetair-caribbean/,"JetAir Caribbean: bagagli, check-in e rotte | ConfrontaPrezziVoli","Scopri come volare con JetAir Caribbean: bagaglio a mano, check-in, consigli e rotte piu cercate dagli utenti italiani.","JetAir Caribbean bagaglio check-in",airlines,"Compagnia classificata come tradizionale nel dataset."
post,publish,"JetHunter (01): bagagli, check-in, rotte e consigli 2026",compagnia-aerea-jethunter-01,"Guida pratica su JetHunter: bagaglio a mano, check-in, rotte popolari dall'Italia e consigli utili per prenotare.","<div class=""cpv-landing-note"">
  <p><strong>Guida pratica JetHunter.</strong> Qui trovi una sintesi utile per capire come prenotare con JetHunter, cosa controllare su bagagli e check-in e quali aspetti confrontare prima di acquistare il volo.</p>
</div>
<div class=""cpv-stat-grid"">
  <div class=""cpv-stat""><strong>Tradizionale</strong><span>Tipologia di compagnia secondo il dataset disponibile.</span></div>
  <div class=""cpv-stat""><strong>Check-in online</strong><span>Da verificare sempre sul sito ufficiale prima della partenza.</span></div>
  <div class=""cpv-stat""><strong>Bagagli</strong><span>Controlla franchigia e servizi inclusi in base alla tariffa scelta.</span></div>
</div>
<h2>JetHunter: cosa controllare prima di prenotare</h2>
<p>La compagnia viene spesso valutata per tratte business, nazionali o con servizi aggiuntivi. Prima della prenotazione conviene confrontare orari, politica bagagli, flessibilita della tariffa e aeroporto di partenza disponibile in Italia.</p>
<div class=""cpv-chip-list""><span class=""cpv-chip"">FCO</span><span class=""cpv-chip"">CIA</span><span class=""cpv-chip"">MXP</span><span class=""cpv-chip"">BGY</span><span class=""cpv-chip"">LIN</span><span class=""cpv-chip"">NAP</span></div>
<div class=""cpv-landing-grid"">
  <div class=""cpv-landing-card""><strong>Bagaglio a mano</strong><p>Controlla sempre misure, peso e possibilita di aggiungere priorita o trolley in cabina.</p></div>
  <div class=""cpv-landing-card""><strong>Check-in</strong><p>Verifica finestre di apertura, app mobile, costi in aeroporto e documenti richiesti.</p></div>
  <div class=""cpv-landing-card""><strong>Partenze italiane</strong><p>Confronta i principali aeroporti italiani per capire quali rotte o fasce orarie sono piu interessanti.</p></div>
</div>
<h2>Domande frequenti su JetHunter</h2>
<div class=""cpv-faq"">
  <details><summary>Come verificare le regole bagaglio di JetHunter?</summary><p>Consulta sempre la pagina ufficiale prima dell'acquisto: le regole possono cambiare in base alla tariffa, alla rotta e alla data di viaggio.</p></details>
  <details><summary>JetHunter e adatta a chi cerca il prezzo piu basso?</summary><p>Dipende dalla rotta e dai servizi necessari. In molti casi le tariffe base sono competitive, ma conviene verificare gli extra prima di concludere la prenotazione.</p></details>
  <details><summary>Quali aeroporti italiani monitorare?</summary><p>Le partenze da Milano, Roma, Napoli, Venezia, Catania e Bologna sono tra quelle che gli utenti confrontano piu spesso.</p></details>
</div>","Compagnie aeree|Compagnie tradizionali",airline,01,/compagnie-aeree/jethunter/,"JetHunter: bagagli, check-in e rotte | ConfrontaPrezziVoli","Scopri come volare con JetHunter: bagaglio a mano, check-in, consigli e rotte piu cercate dagli utenti italiani.","JetHunter bagaglio check-in",airlines,"Compagnia classificata come tradizionale nel dataset."
post,publish,"JetLite (S2): bagagli, check-in, rotte e consigli 2026",compagnia-aerea-jetlite-s2,"Guida pratica su JetLite: bagaglio a mano, check-in, rotte popolari dall'Italia e consigli utili per prenotare.","<div class=""cpv-landing-note"">
  <p><strong>Guida pratica JetLite.</strong> Qui trovi una sintesi utile per capire come prenotare con JetLite, cosa controllare su bagagli e check-in e quali aspetti confrontare prima di acquistare il volo.</p>
</div>
<div class=""cpv-stat-grid"">
  <div class=""cpv-stat""><strong>Low cost</strong><span>Tipologia di compagnia secondo il dataset disponibile.</span></div>
  <div class=""cpv-stat""><strong>Check-in online</strong><span>Da verificare sempre sul sito ufficiale prima della partenza.</span></div>
  <div class=""cpv-stat""><strong>Bagagli</strong><span>Verifica con attenzione dimensioni e priorita del bagaglio a mano.</span></div>
</div>
<h2>JetLite: cosa controllare prima di prenotare</h2>
<p>La compagnia e spesso cercata per city break, leisure e rotte sensibili al prezzo. Prima della prenotazione conviene confrontare orari, politica bagagli, flessibilita della tariffa e aeroporto di partenza disponibile in Italia.</p>
<div class=""cpv-chip-list""><span class=""cpv-chip"">FCO</span><span class=""cpv-chip"">CIA</span><span class=""cpv-chip"">MXP</span><span class=""cpv-chip"">BGY</span><span class=""cpv-chip"">LIN</span><span class=""cpv-chip"">NAP</span></div>
<div class=""cpv-landing-grid"">
  <div class=""cpv-landing-card""><strong>Bagaglio a mano</strong><p>Controlla sempre misure, peso e possibilita di aggiungere priorita o trolley in cabina.</p></div>
  <div class=""cpv-landing-card""><strong>Check-in</strong><p>Verifica finestre di apertura, app mobile, costi in aeroporto e documenti richiesti.</p></div>
  <div class=""cpv-landing-card""><strong>Partenze italiane</strong><p>Confronta i principali aeroporti italiani per capire quali rotte o fasce orarie sono piu interessanti.</p></div>
</div>
<h2>Domande frequenti su JetLite</h2>
<div class=""cpv-faq"">
  <details><summary>Come verificare le regole bagaglio di JetLite?</summary><p>Consulta sempre la pagina ufficiale prima dell'acquisto: le regole possono cambiare in base alla tariffa, alla rotta e alla data di viaggio.</p></details>
  <details><summary>JetLite e adatta a chi cerca il prezzo piu basso?</summary><p>Dipende dalla rotta e dai servizi necessari. In molti casi le tariffe base sono competitive, ma conviene verificare gli extra prima di concludere la prenotazione.</p></details>
  <details><summary>Quali aeroporti italiani monitorare?</summary><p>Le partenze da Milano, Roma, Napoli, Venezia, Catania e Bologna sono tra quelle che gli utenti confrontano piu spesso.</p></details>
</div>","Compagnie aeree|Compagnie low cost",airline,S2,/compagnie-aeree/jetlite/,"JetLite: bagagli, check-in e rotte | ConfrontaPrezziVoli","Scopri come volare con JetLite: bagaglio a mano, check-in, consigli e rotte piu cercate dagli utenti italiani.","JetLite bagaglio check-in",airlines,"Compagnia classificata come low cost nel dataset."
post,publish,"JetSmart (JA): bagagli, check-in, rotte e consigli 2026",compagnia-aerea-jetsmart-ja,"Guida pratica su JetSmart: bagaglio a mano, check-in, rotte popolari dall'Italia e consigli utili per prenotare.","<div class=""cpv-landing-note"">
  <p><strong>Guida pratica JetSmart.</strong> Qui trovi una sintesi utile per capire come prenotare con JetSmart, cosa controllare su bagagli e check-in e quali aspetti confrontare prima di acquistare il volo.</p>
</div>
<div class=""cpv-stat-grid"">
  <div class=""cpv-stat""><strong>Low cost</strong><span>Tipologia di compagnia secondo il dataset disponibile.</span></div>
  <div class=""cpv-stat""><strong>Check-in online</strong><span>Da verificare sempre sul sito ufficiale prima della partenza.</span></div>
  <div class=""cpv-stat""><strong>Bagagli</strong><span>Verifica con attenzione dimensioni e priorita del bagaglio a mano.</span></div>
</div>
<h2>JetSmart: cosa controllare prima di prenotare</h2>
<p>La compagnia e spesso cercata per city break, leisure e rotte sensibili al prezzo. Prima della prenotazione conviene confrontare orari, politica bagagli, flessibilita della tariffa e aeroporto di partenza disponibile in Italia.</p>
<div class=""cpv-chip-list""><span class=""cpv-chip"">FCO</span><span class=""cpv-chip"">CIA</span><span class=""cpv-chip"">MXP</span><span class=""cpv-chip"">BGY</span><span class=""cpv-chip"">LIN</span><span class=""cpv-chip"">NAP</span></div>
<div class=""cpv-landing-grid"">
  <div class=""cpv-landing-card""><strong>Bagaglio a mano</strong><p>Controlla sempre misure, peso e possibilita di aggiungere priorita o trolley in cabina.</p></div>
  <div class=""cpv-landing-card""><strong>Check-in</strong><p>Verifica finestre di apertura, app mobile, costi in aeroporto e documenti richiesti.</p></div>
  <div class=""cpv-landing-card""><strong>Partenze italiane</strong><p>Confronta i principali aeroporti italiani per capire quali rotte o fasce orarie sono piu interessanti.</p></div>
</div>
<h2>Domande frequenti su JetSmart</h2>
<div class=""cpv-faq"">
  <details><summary>Come verificare le regole bagaglio di JetSmart?</summary><p>Consulta sempre la pagina ufficiale prima dell'acquisto: le regole possono cambiare in base alla tariffa, alla rotta e alla data di viaggio.</p></details>
  <details><summary>JetSmart e adatta a chi cerca il prezzo piu basso?</summary><p>Dipende dalla rotta e dai servizi necessari. In molti casi le tariffe base sono competitive, ma conviene verificare gli extra prima di concludere la prenotazione.</p></details>
  <details><summary>Quali aeroporti italiani monitorare?</summary><p>Le partenze da Milano, Roma, Napoli, Venezia, Catania e Bologna sono tra quelle che gli utenti confrontano piu spesso.</p></details>
</div>","Compagnie aeree|Compagnie low cost",airline,JA,/compagnie-aeree/jetsmart/,"JetSmart: bagagli, check-in e rotte | ConfrontaPrezziVoli","Scopri come volare con JetSmart: bagaglio a mano, check-in, consigli e rotte piu cercate dagli utenti italiani.","JetSmart bagaglio check-in",airlines,"Compagnia classificata come low cost nel dataset."
post,publish,"JetSmart Argentina (WJ): bagagli, check-in, rotte e consigli 2026",compagnia-aerea-jetsmart-argentina-wj,"Guida pratica su JetSmart Argentina: bagaglio a mano, check-in, rotte popolari dall'Italia e consigli utili per prenotare.","<div class=""cpv-landing-note"">
  <p><strong>Guida pratica JetSmart Argentina.</strong> Qui trovi una sintesi utile per capire come prenotare con JetSmart Argentina, cosa controllare su bagagli e check-in e quali aspetti confrontare prima di acquistare il volo.</p>
</div>
<div class=""cpv-stat-grid"">
  <div class=""cpv-stat""><strong>Low cost</strong><span>Tipologia di compagnia secondo il dataset disponibile.</span></div>
  <div class=""cpv-stat""><strong>Check-in online</strong><span>Da verificare sempre sul sito ufficiale prima della partenza.</span></div>
  <div class=""cpv-stat""><strong>Bagagli</strong><span>Verifica con attenzione dimensioni e priorita del bagaglio a mano.</span></div>
</div>
<h2>JetSmart Argentina: cosa controllare prima di prenotare</h2>
<p>La compagnia e spesso cercata per city break, leisure e rotte sensibili al prezzo. Prima della prenotazione conviene confrontare orari, politica bagagli, flessibilita della tariffa e aeroporto di partenza disponibile in Italia.</p>
<div class=""cpv-chip-list""><span class=""cpv-chip"">FCO</span><span class=""cpv-chip"">CIA</span><span class=""cpv-chip"">MXP</span><span class=""cpv-chip"">BGY</span><span class=""cpv-chip"">LIN</span><span class=""cpv-chip"">NAP</span></div>
<div class=""cpv-landing-grid"">
  <div class=""cpv-landing-card""><strong>Bagaglio a mano</strong><p>Controlla sempre misure, peso e possibilita di aggiungere priorita o trolley in cabina.</p></div>
  <div class=""cpv-landing-card""><strong>Check-in</strong><p>Verifica finestre di apertura, app mobile, costi in aeroporto e documenti richiesti.</p></div>
  <div class=""cpv-landing-card""><strong>Partenze italiane</strong><p>Confronta i principali aeroporti italiani per capire quali rotte o fasce orarie sono piu interessanti.</p></div>
</div>
<h2>Domande frequenti su JetSmart Argentina</h2>
<div class=""cpv-faq"">
  <details><summary>Come verificare le regole bagaglio di JetSmart Argentina?</summary><p>Consulta sempre la pagina ufficiale prima dell'acquisto: le regole possono cambiare in base alla tariffa, alla rotta e alla data di viaggio.</p></details>
  <details><summary>JetSmart Argentina e adatta a chi cerca il prezzo piu basso?</summary><p>Dipende dalla rotta e dai servizi necessari. In molti casi le tariffe base sono competitive, ma conviene verificare gli extra prima di concludere la prenotazione.</p></details>
  <details><summary>Quali aeroporti italiani monitorare?</summary><p>Le partenze da Milano, Roma, Napoli, Venezia, Catania e Bologna sono tra quelle che gli utenti confrontano piu spesso.</p></details>
</div>","Compagnie aeree|Compagnie low cost",airline,WJ,/compagnie-aeree/jetsmart-argentina/,"JetSmart Argentina: bagagli, check-in e rotte | ConfrontaPrezziVoli","Scopri come volare con JetSmart Argentina: bagaglio a mano, check-in, consigli e rotte piu cercate dagli utenti italiani.","JetSmart Argentina bagaglio check-in",airlines,"Compagnia classificata come low cost nel dataset."
post,publish,"JetSmart Peru (JZ): bagagli, check-in, rotte e consigli 2026",compagnia-aerea-jetsmart-peru-jz,"Guida pratica su JetSmart Peru: bagaglio a mano, check-in, rotte popolari dall'Italia e consigli utili per prenotare.","<div class=""cpv-landing-note"">
  <p><strong>Guida pratica JetSmart Peru.</strong> Qui trovi una sintesi utile per capire come prenotare con JetSmart Peru, cosa controllare su bagagli e check-in e quali aspetti confrontare prima di acquistare il volo.</p>
</div>
<div class=""cpv-stat-grid"">
  <div class=""cpv-stat""><strong>Low cost</strong><span>Tipologia di compagnia secondo il dataset disponibile.</span></div>
  <div class=""cpv-stat""><strong>Check-in online</strong><span>Da verificare sempre sul sito ufficiale prima della partenza.</span></div>
  <div class=""cpv-stat""><strong>Bagagli</strong><span>Verifica con attenzione dimensioni e priorita del bagaglio a mano.</span></div>
</div>
<h2>JetSmart Peru: cosa controllare prima di prenotare</h2>
<p>La compagnia e spesso cercata per city break, leisure e rotte sensibili al prezzo. Prima della prenotazione conviene confrontare orari, politica bagagli, flessibilita della tariffa e aeroporto di partenza disponibile in Italia.</p>
<div class=""cpv-chip-list""><span class=""cpv-chip"">FCO</span><span class=""cpv-chip"">CIA</span><span class=""cpv-chip"">MXP</span><span class=""cpv-chip"">BGY</span><span class=""cpv-chip"">LIN</span><span class=""cpv-chip"">NAP</span></div>
<div class=""cpv-landing-grid"">
  <div class=""cpv-landing-card""><strong>Bagaglio a mano</strong><p>Controlla sempre misure, peso e possibilita di aggiungere priorita o trolley in cabina.</p></div>
  <div class=""cpv-landing-card""><strong>Check-in</strong><p>Verifica finestre di apertura, app mobile, costi in aeroporto e documenti richiesti.</p></div>
  <div class=""cpv-landing-card""><strong>Partenze italiane</strong><p>Confronta i principali aeroporti italiani per capire quali rotte o fasce orarie sono piu interessanti.</p></div>
</div>
<h2>Domande frequenti su JetSmart Peru</h2>
<div class=""cpv-faq"">
  <details><summary>Come verificare le regole bagaglio di JetSmart Peru?</summary><p>Consulta sempre la pagina ufficiale prima dell'acquisto: le regole possono cambiare in base alla tariffa, alla rotta e alla data di viaggio.</p></details>
  <details><summary>JetSmart Peru e adatta a chi cerca il prezzo piu basso?</summary><p>Dipende dalla rotta e dai servizi necessari. In molti casi le tariffe base sono competitive, ma conviene verificare gli extra prima di concludere la prenotazione.</p></details>
  <details><summary>Quali aeroporti italiani monitorare?</summary><p>Le partenze da Milano, Roma, Napoli, Venezia, Catania e Bologna sono tra quelle che gli utenti confrontano piu spesso.</p></details>
</div>","Compagnie aeree|Compagnie low cost",airline,JZ,/compagnie-aeree/jetsmart-peru/,"JetSmart Peru: bagagli, check-in e rotte | ConfrontaPrezziVoli","Scopri come volare con JetSmart Peru: bagaglio a mano, check-in, consigli e rotte piu cercate dagli utenti italiani.","JetSmart Peru bagaglio check-in",airlines,"Compagnia classificata come low cost nel dataset."
post,publish,"Jetairfly (TB): bagagli, check-in, rotte e consigli 2026",compagnia-aerea-jetairfly-tb,"Guida pratica su Jetairfly: bagaglio a mano, check-in, rotte popolari dall'Italia e consigli utili per prenotare.","<div class=""cpv-landing-note"">
  <p><strong>Guida pratica Jetairfly.</strong> Qui trovi una sintesi utile per capire come prenotare con Jetairfly, cosa controllare su bagagli e check-in e quali aspetti confrontare prima di acquistare il volo.</p>
</div>
<div class=""cpv-stat-grid"">
  <div class=""cpv-stat""><strong>Low cost</strong><span>Tipologia di compagnia secondo il dataset disponibile.</span></div>
  <div class=""cpv-stat""><strong>Check-in online</strong><span>Da verificare sempre sul sito ufficiale prima della partenza.</span></div>
  <div class=""cpv-stat""><strong>Bagagli</strong><span>Verifica con attenzione dimensioni e priorita del bagaglio a mano.</span></div>
</div>
<h2>Jetairfly: cosa controllare prima di prenotare</h2>
<p>La compagnia e spesso cercata per city break, leisure e rotte sensibili al prezzo. Prima della prenotazione conviene confrontare orari, politica bagagli, flessibilita della tariffa e aeroporto di partenza disponibile in Italia.</p>
<div class=""cpv-chip-list""><span class=""cpv-chip"">FCO</span><span class=""cpv-chip"">CIA</span><span class=""cpv-chip"">MXP</span><span class=""cpv-chip"">BGY</span><span class=""cpv-chip"">LIN</span><span class=""cpv-chip"">NAP</span></div>
<div class=""cpv-landing-grid"">
  <div class=""cpv-landing-card""><strong>Bagaglio a mano</strong><p>Controlla sempre misure, peso e possibilita di aggiungere priorita o trolley in cabina.</p></div>
  <div class=""cpv-landing-card""><strong>Check-in</strong><p>Verifica finestre di apertura, app mobile, costi in aeroporto e documenti richiesti.</p></div>
  <div class=""cpv-landing-card""><strong>Partenze italiane</strong><p>Confronta i principali aeroporti italiani per capire quali rotte o fasce orarie sono piu interessanti.</p></div>
</div>
<h2>Domande frequenti su Jetairfly</h2>
<div class=""cpv-faq"">
  <details><summary>Come verificare le regole bagaglio di Jetairfly?</summary><p>Consulta sempre la pagina ufficiale prima dell'acquisto: le regole possono cambiare in base alla tariffa, alla rotta e alla data di viaggio.</p></details>
  <details><summary>Jetairfly e adatta a chi cerca il prezzo piu basso?</summary><p>Dipende dalla rotta e dai servizi necessari. In molti casi le tariffe base sono competitive, ma conviene verificare gli extra prima di concludere la prenotazione.</p></details>
  <details><summary>Quali aeroporti italiani monitorare?</summary><p>Le partenze da Milano, Roma, Napoli, Venezia, Catania e Bologna sono tra quelle che gli utenti confrontano piu spesso.</p></details>
</div>","Compagnie aeree|Compagnie low cost",airline,TB,/compagnie-aeree/jetairfly/,"Jetairfly: bagagli, check-in e rotte | ConfrontaPrezziVoli","Scopri come volare con Jetairfly: bagaglio a mano, check-in, consigli e rotte piu cercate dagli utenti italiani.","Jetairfly bagaglio check-in",airlines,"Compagnia classificata come low cost nel dataset."
post,publish,"Jetstar (JQ): bagagli, check-in, rotte e consigli 2026",compagnia-aerea-jetstar-jq,"Guida pratica su Jetstar: bagaglio a mano, check-in, rotte popolari dall'Italia e consigli utili per prenotare.","<div class=""cpv-landing-note"">
  <p><strong>Guida pratica Jetstar.</strong> Qui trovi una sintesi utile per capire come prenotare con Jetstar, cosa controllare su bagagli e check-in e quali aspetti confrontare prima di acquistare il volo.</p>
</div>
<div class=""cpv-stat-grid"">
  <div class=""cpv-stat""><strong>Low cost</strong><span>Tipologia di compagnia secondo il dataset disponibile.</span></div>
  <div class=""cpv-stat""><strong>Check-in online</strong><span>Da verificare sempre sul sito ufficiale prima della partenza.</span></div>
  <div class=""cpv-stat""><strong>Bagagli</strong><span>Verifica con attenzione dimensioni e priorita del bagaglio a mano.</span></div>
</div>
<h2>Jetstar: cosa controllare prima di prenotare</h2>
<p>La compagnia e spesso cercata per city break, leisure e rotte sensibili al prezzo. Prima della prenotazione conviene confrontare orari, politica bagagli, flessibilita della tariffa e aeroporto di partenza disponibile in Italia.</p>
<div class=""cpv-chip-list""><span class=""cpv-chip"">FCO</span><span class=""cpv-chip"">CIA</span><span class=""cpv-chip"">MXP</span><span class=""cpv-chip"">BGY</span><span class=""cpv-chip"">LIN</span><span class=""cpv-chip"">NAP</span></div>
<div class=""cpv-landing-grid"">
  <div class=""cpv-landing-card""><strong>Bagaglio a mano</strong><p>Controlla sempre misure, peso e possibilita di aggiungere priorita o trolley in cabina.</p></div>
  <div class=""cpv-landing-card""><strong>Check-in</strong><p>Verifica finestre di apertura, app mobile, costi in aeroporto e documenti richiesti.</p></div>
  <div class=""cpv-landing-card""><strong>Partenze italiane</strong><p>Confronta i principali aeroporti italiani per capire quali rotte o fasce orarie sono piu interessanti.</p></div>
</div>
<h2>Domande frequenti su Jetstar</h2>
<div class=""cpv-faq"">
  <details><summary>Come verificare le regole bagaglio di Jetstar?</summary><p>Consulta sempre la pagina ufficiale prima dell'acquisto: le regole possono cambiare in base alla tariffa, alla rotta e alla data di viaggio.</p></details>
  <details><summary>Jetstar e adatta a chi cerca il prezzo piu basso?</summary><p>Dipende dalla rotta e dai servizi necessari. In molti casi le tariffe base sono competitive, ma conviene verificare gli extra prima di concludere la prenotazione.</p></details>
  <details><summary>Quali aeroporti italiani monitorare?</summary><p>Le partenze da Milano, Roma, Napoli, Venezia, Catania e Bologna sono tra quelle che gli utenti confrontano piu spesso.</p></details>
</div>","Compagnie aeree|Compagnie low cost",airline,JQ,/compagnie-aeree/jetstar/,"Jetstar: bagagli, check-in e rotte | ConfrontaPrezziVoli","Scopri come volare con Jetstar: bagaglio a mano, check-in, consigli e rotte piu cercate dagli utenti italiani.","Jetstar bagaglio check-in",airlines,"Compagnia classificata come low cost nel dataset."
post,publish,"Jetstar Asia (3K): bagagli, check-in, rotte e consigli 2026",compagnia-aerea-jetstar-asia-3k,"Guida pratica su Jetstar Asia: bagaglio a mano, check-in, rotte popolari dall'Italia e consigli utili per prenotare.","<div class=""cpv-landing-note"">
  <p><strong>Guida pratica Jetstar Asia.</strong> Qui trovi una sintesi utile per capire come prenotare con Jetstar Asia, cosa controllare su bagagli e check-in e quali aspetti confrontare prima di acquistare il volo.</p>
</div>
<div class=""cpv-stat-grid"">
  <div class=""cpv-stat""><strong>Low cost</strong><span>Tipologia di compagnia secondo il dataset disponibile.</span></div>
  <div class=""cpv-stat""><strong>Check-in online</strong><span>Da verificare sempre sul sito ufficiale prima della partenza.</span></div>
  <div class=""cpv-stat""><strong>Bagagli</strong><span>Verifica con attenzione dimensioni e priorita del bagaglio a mano.</span></div>
</div>
<h2>Jetstar Asia: cosa controllare prima di prenotare</h2>
<p>La compagnia e spesso cercata per city break, leisure e rotte sensibili al prezzo. Prima della prenotazione conviene confrontare orari, politica bagagli, flessibilita della tariffa e aeroporto di partenza disponibile in Italia.</p>
<div class=""cpv-chip-list""><span class=""cpv-chip"">FCO</span><span class=""cpv-chip"">CIA</span><span class=""cpv-chip"">MXP</span><span class=""cpv-chip"">BGY</span><span class=""cpv-chip"">LIN</span><span class=""cpv-chip"">NAP</span></div>
<div class=""cpv-landing-grid"">
  <div class=""cpv-landing-card""><strong>Bagaglio a mano</strong><p>Controlla sempre misure, peso e possibilita di aggiungere priorita o trolley in cabina.</p></div>
  <div class=""cpv-landing-card""><strong>Check-in</strong><p>Verifica finestre di apertura, app mobile, costi in aeroporto e documenti richiesti.</p></div>
  <div class=""cpv-landing-card""><strong>Partenze italiane</strong><p>Confronta i principali aeroporti italiani per capire quali rotte o fasce orarie sono piu interessanti.</p></div>
</div>
<h2>Domande frequenti su Jetstar Asia</h2>
<div class=""cpv-faq"">
  <details><summary>Come verificare le regole bagaglio di Jetstar Asia?</summary><p>Consulta sempre la pagina ufficiale prima dell'acquisto: le regole possono cambiare in base alla tariffa, alla rotta e alla data di viaggio.</p></details>
  <details><summary>Jetstar Asia e adatta a chi cerca il prezzo piu basso?</summary><p>Dipende dalla rotta e dai servizi necessari. In molti casi le tariffe base sono competitive, ma conviene verificare gli extra prima di concludere la prenotazione.</p></details>
  <details><summary>Quali aeroporti italiani monitorare?</summary><p>Le partenze da Milano, Roma, Napoli, Venezia, Catania e Bologna sono tra quelle che gli utenti confrontano piu spesso.</p></details>
</div>","Compagnie aeree|Compagnie low cost",airline,3K,/compagnie-aeree/jetstar-asia/,"Jetstar Asia: bagagli, check-in e rotte | ConfrontaPrezziVoli","Scopri come volare con Jetstar Asia: bagaglio a mano, check-in, consigli e rotte piu cercate dagli utenti italiani.","Jetstar Asia bagaglio check-in",airlines,"Compagnia classificata come low cost nel dataset."
