post_type,post_status,post_title,post_name,post_excerpt,post_content,post_category,cpv_page_type,cpv_entity_code,cpv_target_path,rank_math_title,rank_math_description,rank_math_focus_keyword,seo_batch_label,seo_priority_note
post,publish,"Voli per Anahim Lake (YAA): offerte, compagnie e periodo migliore per prenotare",voli-per-anahim-lake-yaa,"Confronta voli per Anahim Lake dai principali aeroporti italiani. Scopri prezzi indicativi, compagnie e consigli utili per organizzare la partenza.","<div class=""cpv-landing-note"">
  <p><strong>Perche cercare voli per Anahim Lake qui.</strong> Questa pagina raccoglie un quadro rapido delle partenze italiane piu interessanti per Anahim Lake, con tariffe indicative e consigli per scegliere il periodo piu vantaggioso.</p>
</div>
<div class=""cpv-stat-grid"">
  <div class=""cpv-stat""><strong>EUR 193</strong><span>Prezzo indicativo da monitorare dalle principali aree aeroportuali italiane.</span></div>
  <div class=""cpv-stat""><strong>luglio</strong><span>Periodo spesso interessante per tenere sotto controllo la rotta.</span></div>
  <div class=""cpv-stat""><strong>9</strong><span>Aeroporti italiani prioritari da confrontare per questa destinazione.</span></div>
</div>
<h2>Offerte voli per Anahim Lake</h2>
<p>Per trovare il miglior equilibrio tra prezzo, durata e comfort, conviene verificare piu aeroporti di partenza italiani e confrontare giorni feriali e weekend.</p>
<table>
  <thead>
    <tr><th>Partenza</th><th>Prezzo da</th><th>Durata indicativa</th><th>Mese da monitorare</th></tr>
  </thead>
  <tbody>
    <tr><td>Leonardo da Vinci-Fiumicino Airport (FCO)</td><td>EUR 145</td><td>8h 00</td><td>luglio</td></tr><tr><td>Ciampino-G. B. Pastine International Airport (CIA)</td><td>EUR 181</td><td>5h 00</td><td>luglio</td></tr><tr><td>Milano Malpensa Airport (MXP)</td><td>EUR 54</td><td>1h 50</td><td>dicembre</td></tr><tr><td>Orio al Serio International Airport (BGY)</td><td>EUR 108</td><td>3h 50</td><td>giugno</td></tr><tr><td>Milano Linate Airport (LIN)</td><td>EUR 113</td><td>2h 40</td><td>novembre</td></tr><tr><td>Naples International Airport (NAP)</td><td>EUR 32</td><td>8h 10</td><td>febbraio</td></tr><tr><td>Venice Marco Polo Airport (VCE)</td><td>EUR 172</td><td>1h 30</td><td>ottobre</td></tr><tr><td>Catania-Fontanarossa Airport (CTA)</td><td>EUR 122</td><td>2h 10</td><td>agosto</td></tr><tr><td>Guglielmo Marconi Airport (BLQ)</td><td>EUR 74</td><td>2h 10</td><td>agosto</td></tr>
  </tbody>
</table>
<h2>Aeroporti italiani da cui conviene partire</h2>
<div class=""cpv-chip-list""><span class=""cpv-chip"">Leonardo da Vinci-Fiumicino Airport</span><span class=""cpv-chip"">Ciampino-G. B. Pastine International Airport</span><span class=""cpv-chip"">Milano Malpensa Airport</span><span class=""cpv-chip"">Orio al Serio International Airport</span><span class=""cpv-chip"">Milano Linate Airport</span><span class=""cpv-chip"">Naples International Airport</span></div>
<div class=""cpv-landing-grid"">
  <div class=""cpv-landing-card""><strong>City break</strong><p>Se Anahim Lake e una meta urbana, le partenze del venerdi e del sabato sono spesso le piu monitorate.</p></div>
  <div class=""cpv-landing-card""><strong>Viaggi stagionali</strong><p>In alcuni periodi dell'anno le tariffe possono variare molto, soprattutto vicino ai ponti e alle festivita.</p></div>
  <div class=""cpv-landing-card""><strong>Confronto rapido</strong><p>Valuta aeroporti maggiori e secondari per capire se un piccolo spostamento porta a un risparmio concreto.</p></div>
</div>
<h2>Domande frequenti sui voli per Anahim Lake</h2>
<div class=""cpv-faq"">
  <details><summary>Qual e il modo migliore per cercare voli per Anahim Lake?</summary><p>Confronta piu aeroporti italiani, prova date flessibili e verifica anche partenze infrasettimanali per migliorare le possibilita di risparmio.</p></details>
  <details><summary>Meglio volo diretto o con scalo?</summary><p>Per tratte medio-brevi il diretto e spesso la scelta piu comoda, mentre su alcune rotte uno scalo puo ridurre il prezzo finale.</p></details>
  <details><summary>Quando controllare i prezzi per Anahim Lake?</summary><p>Vale la pena iniziare a monitorare la rotta in anticipo e verificare con regolarita i giorni piu vicini alla partenza ideale.</p></details>
</div>","Voli per citta|Voli intercontinentali",city,YAA,/voli-per/anahim-lake/,"Voli per Anahim Lake (YAA): offerte e guide | ConfrontaPrezziVoli","Trova voli per Anahim Lake dai principali aeroporti italiani. Tariffe indicative da EUR 193 e consigli per scegliere il periodo migliore.","voli per Anahim Lake",cities,"Mese tipicamente conveniente: luglio"
post,publish,"Voli per Anapa (AAQ): offerte, compagnie e periodo migliore per prenotare",voli-per-anapa-aaq,"Confronta voli per Anapa dai principali aeroporti italiani. Scopri prezzi indicativi, compagnie e consigli utili per organizzare la partenza.","<div class=""cpv-landing-note"">
  <p><strong>Perche cercare voli per Anapa qui.</strong> Questa pagina raccoglie un quadro rapido delle partenze italiane piu interessanti per Anapa, con tariffe indicative e consigli per scegliere il periodo piu vantaggioso.</p>
</div>
<div class=""cpv-stat-grid"">
  <div class=""cpv-stat""><strong>EUR 185</strong><span>Prezzo indicativo da monitorare dalle principali aree aeroportuali italiane.</span></div>
  <div class=""cpv-stat""><strong>novembre</strong><span>Periodo spesso interessante per tenere sotto controllo la rotta.</span></div>
  <div class=""cpv-stat""><strong>9</strong><span>Aeroporti italiani prioritari da confrontare per questa destinazione.</span></div>
</div>
<h2>Offerte voli per Anapa</h2>
<p>Per trovare il miglior equilibrio tra prezzo, durata e comfort, conviene verificare piu aeroporti di partenza italiani e confrontare giorni feriali e weekend.</p>
<table>
  <thead>
    <tr><th>Partenza</th><th>Prezzo da</th><th>Durata indicativa</th><th>Mese da monitorare</th></tr>
  </thead>
  <tbody>
    <tr><td>Leonardo da Vinci-Fiumicino Airport (FCO)</td><td>EUR 121</td><td>8h 00</td><td>luglio</td></tr><tr><td>Ciampino-G. B. Pastine International Airport (CIA)</td><td>EUR 105</td><td>6h 20</td><td>marzo</td></tr><tr><td>Milano Malpensa Airport (MXP)</td><td>EUR 58</td><td>7h 30</td><td>aprile</td></tr><tr><td>Orio al Serio International Airport (BGY)</td><td>EUR 76</td><td>11h 30</td><td>ottobre</td></tr><tr><td>Milano Linate Airport (LIN)</td><td>EUR 73</td><td>3h 00</td><td>luglio</td></tr><tr><td>Naples International Airport (NAP)</td><td>EUR 48</td><td>8h 50</td><td>giugno</td></tr><tr><td>Venice Marco Polo Airport (VCE)</td><td>EUR 72</td><td>5h 50</td><td>giugno</td></tr><tr><td>Catania-Fontanarossa Airport (CTA)</td><td>EUR 98</td><td>10h 10</td><td>agosto</td></tr><tr><td>Guglielmo Marconi Airport (BLQ)</td><td>EUR 170</td><td>1h 10</td><td>agosto</td></tr>
  </tbody>
</table>
<h2>Aeroporti italiani da cui conviene partire</h2>
<div class=""cpv-chip-list""><span class=""cpv-chip"">Leonardo da Vinci-Fiumicino Airport</span><span class=""cpv-chip"">Ciampino-G. B. Pastine International Airport</span><span class=""cpv-chip"">Milano Malpensa Airport</span><span class=""cpv-chip"">Orio al Serio International Airport</span><span class=""cpv-chip"">Milano Linate Airport</span><span class=""cpv-chip"">Naples International Airport</span></div>
<div class=""cpv-landing-grid"">
  <div class=""cpv-landing-card""><strong>City break</strong><p>Se Anapa e una meta urbana, le partenze del venerdi e del sabato sono spesso le piu monitorate.</p></div>
  <div class=""cpv-landing-card""><strong>Viaggi stagionali</strong><p>In alcuni periodi dell'anno le tariffe possono variare molto, soprattutto vicino ai ponti e alle festivita.</p></div>
  <div class=""cpv-landing-card""><strong>Confronto rapido</strong><p>Valuta aeroporti maggiori e secondari per capire se un piccolo spostamento porta a un risparmio concreto.</p></div>
</div>
<h2>Domande frequenti sui voli per Anapa</h2>
<div class=""cpv-faq"">
  <details><summary>Qual e il modo migliore per cercare voli per Anapa?</summary><p>Confronta piu aeroporti italiani, prova date flessibili e verifica anche partenze infrasettimanali per migliorare le possibilita di risparmio.</p></details>
  <details><summary>Meglio volo diretto o con scalo?</summary><p>Per tratte medio-brevi il diretto e spesso la scelta piu comoda, mentre su alcune rotte uno scalo puo ridurre il prezzo finale.</p></details>
  <details><summary>Quando controllare i prezzi per Anapa?</summary><p>Vale la pena iniziare a monitorare la rotta in anticipo e verificare con regolarita i giorni piu vicini alla partenza ideale.</p></details>
</div>","Voli per citta|Voli intercontinentali",city,AAQ,/voli-per/anapa/,"Voli per Anapa (AAQ): offerte e guide | ConfrontaPrezziVoli","Trova voli per Anapa dai principali aeroporti italiani. Tariffe indicative da EUR 185 e consigli per scegliere il periodo migliore.","voli per Anapa",cities,"Mese tipicamente conveniente: novembre"
post,publish,"Voli per Anchorage (ANC): offerte, compagnie e periodo migliore per prenotare",voli-per-anchorage-anc,"Confronta voli per Anchorage dai principali aeroporti italiani. Scopri prezzi indicativi, compagnie e consigli utili per organizzare la partenza.","<div class=""cpv-landing-note"">
  <p><strong>Perche cercare voli per Anchorage qui.</strong> Questa pagina raccoglie un quadro rapido delle partenze italiane piu interessanti per Anchorage, con tariffe indicative e consigli per scegliere il periodo piu vantaggioso.</p>
</div>
<div class=""cpv-stat-grid"">
  <div class=""cpv-stat""><strong>EUR 148</strong><span>Prezzo indicativo da monitorare dalle principali aree aeroportuali italiane.</span></div>
  <div class=""cpv-stat""><strong>ottobre</strong><span>Periodo spesso interessante per tenere sotto controllo la rotta.</span></div>
  <div class=""cpv-stat""><strong>9</strong><span>Aeroporti italiani prioritari da confrontare per questa destinazione.</span></div>
</div>
<h2>Offerte voli per Anchorage</h2>
<p>Per trovare il miglior equilibrio tra prezzo, durata e comfort, conviene verificare piu aeroporti di partenza italiani e confrontare giorni feriali e weekend.</p>
<table>
  <thead>
    <tr><th>Partenza</th><th>Prezzo da</th><th>Durata indicativa</th><th>Mese da monitorare</th></tr>
  </thead>
  <tbody>
    <tr><td>Leonardo da Vinci-Fiumicino Airport (FCO)</td><td>EUR 92</td><td>9h 10</td><td>febbraio</td></tr><tr><td>Ciampino-G. B. Pastine International Airport (CIA)</td><td>EUR 56</td><td>4h 10</td><td>febbraio</td></tr><tr><td>Milano Malpensa Airport (MXP)</td><td>EUR 43</td><td>2h 00</td><td>gennaio</td></tr><tr><td>Orio al Serio International Airport (BGY)</td><td>EUR 181</td><td>9h 00</td><td>luglio</td></tr><tr><td>Milano Linate Airport (LIN)</td><td>EUR 144</td><td>2h 50</td><td>giugno</td></tr><tr><td>Naples International Airport (NAP)</td><td>EUR 61</td><td>7h 00</td><td>luglio</td></tr><tr><td>Venice Marco Polo Airport (VCE)</td><td>EUR 105</td><td>6h 20</td><td>marzo</td></tr><tr><td>Catania-Fontanarossa Airport (CTA)</td><td>EUR 59</td><td>9h 40</td><td>maggio</td></tr><tr><td>Guglielmo Marconi Airport (BLQ)</td><td>EUR 143</td><td>4h 40</td><td>maggio</td></tr>
  </tbody>
</table>
<h2>Aeroporti italiani da cui conviene partire</h2>
<div class=""cpv-chip-list""><span class=""cpv-chip"">Leonardo da Vinci-Fiumicino Airport</span><span class=""cpv-chip"">Ciampino-G. B. Pastine International Airport</span><span class=""cpv-chip"">Milano Malpensa Airport</span><span class=""cpv-chip"">Orio al Serio International Airport</span><span class=""cpv-chip"">Milano Linate Airport</span><span class=""cpv-chip"">Naples International Airport</span></div>
<div class=""cpv-landing-grid"">
  <div class=""cpv-landing-card""><strong>City break</strong><p>Se Anchorage e una meta urbana, le partenze del venerdi e del sabato sono spesso le piu monitorate.</p></div>
  <div class=""cpv-landing-card""><strong>Viaggi stagionali</strong><p>In alcuni periodi dell'anno le tariffe possono variare molto, soprattutto vicino ai ponti e alle festivita.</p></div>
  <div class=""cpv-landing-card""><strong>Confronto rapido</strong><p>Valuta aeroporti maggiori e secondari per capire se un piccolo spostamento porta a un risparmio concreto.</p></div>
</div>
<h2>Domande frequenti sui voli per Anchorage</h2>
<div class=""cpv-faq"">
  <details><summary>Qual e il modo migliore per cercare voli per Anchorage?</summary><p>Confronta piu aeroporti italiani, prova date flessibili e verifica anche partenze infrasettimanali per migliorare le possibilita di risparmio.</p></details>
  <details><summary>Meglio volo diretto o con scalo?</summary><p>Per tratte medio-brevi il diretto e spesso la scelta piu comoda, mentre su alcune rotte uno scalo puo ridurre il prezzo finale.</p></details>
  <details><summary>Quando controllare i prezzi per Anchorage?</summary><p>Vale la pena iniziare a monitorare la rotta in anticipo e verificare con regolarita i giorni piu vicini alla partenza ideale.</p></details>
</div>","Voli per citta|Voli intercontinentali",city,ANC,/voli-per/anchorage/,"Voli per Anchorage (ANC): offerte e guide | ConfrontaPrezziVoli","Trova voli per Anchorage dai principali aeroporti italiani. Tariffe indicative da EUR 148 e consigli per scegliere il periodo migliore.","voli per Anchorage",cities,"Mese tipicamente conveniente: ottobre"
post,publish,"Voli per Ancona (AOI): offerte, compagnie e periodo migliore per prenotare",voli-per-ancona-aoi,"Confronta voli per Ancona dai principali aeroporti italiani. Scopri prezzi indicativi, compagnie e consigli utili per organizzare la partenza.","<div class=""cpv-landing-note"">
  <p><strong>Perche cercare voli per Ancona qui.</strong> Questa pagina raccoglie un quadro rapido delle partenze italiane piu interessanti per Ancona, con tariffe indicative e consigli per scegliere il periodo piu vantaggioso.</p>
</div>
<div class=""cpv-stat-grid"">
  <div class=""cpv-stat""><strong>EUR 37</strong><span>Prezzo indicativo da monitorare dalle principali aree aeroportuali italiane.</span></div>
  <div class=""cpv-stat""><strong>luglio</strong><span>Periodo spesso interessante per tenere sotto controllo la rotta.</span></div>
  <div class=""cpv-stat""><strong>9</strong><span>Aeroporti italiani prioritari da confrontare per questa destinazione.</span></div>
</div>
<h2>Offerte voli per Ancona</h2>
<p>Per trovare il miglior equilibrio tra prezzo, durata e comfort, conviene verificare piu aeroporti di partenza italiani e confrontare giorni feriali e weekend.</p>
<table>
  <thead>
    <tr><th>Partenza</th><th>Prezzo da</th><th>Durata indicativa</th><th>Mese da monitorare</th></tr>
  </thead>
  <tbody>
    <tr><td>Leonardo da Vinci-Fiumicino Airport (FCO)</td><td>EUR 101</td><td>2h 40</td><td>novembre</td></tr><tr><td>Ciampino-G. B. Pastine International Airport (CIA)</td><td>EUR 189</td><td>1h 20</td><td>marzo</td></tr><tr><td>Milano Malpensa Airport (MXP)</td><td>EUR 158</td><td>6h 10</td><td>agosto</td></tr><tr><td>Orio al Serio International Airport (BGY)</td><td>EUR 100</td><td>11h 30</td><td>ottobre</td></tr><tr><td>Milano Linate Airport (LIN)</td><td>EUR 189</td><td>1h 20</td><td>marzo</td></tr><tr><td>Naples International Airport (NAP)</td><td>EUR 24</td><td>2h 50</td><td>giugno</td></tr><tr><td>Venice Marco Polo Airport (VCE)</td><td>EUR 140</td><td>9h 10</td><td>febbraio</td></tr><tr><td>Catania-Fontanarossa Airport (CTA)</td><td>EUR 38</td><td>10h 10</td><td>agosto</td></tr><tr><td>Guglielmo Marconi Airport (BLQ)</td><td>EUR 98</td><td>5h 10</td><td>agosto</td></tr>
  </tbody>
</table>
<h2>Aeroporti italiani da cui conviene partire</h2>
<div class=""cpv-chip-list""><span class=""cpv-chip"">Leonardo da Vinci-Fiumicino Airport</span><span class=""cpv-chip"">Ciampino-G. B. Pastine International Airport</span><span class=""cpv-chip"">Milano Malpensa Airport</span><span class=""cpv-chip"">Orio al Serio International Airport</span><span class=""cpv-chip"">Milano Linate Airport</span><span class=""cpv-chip"">Naples International Airport</span></div>
<div class=""cpv-landing-grid"">
  <div class=""cpv-landing-card""><strong>City break</strong><p>Se Ancona e una meta urbana, le partenze del venerdi e del sabato sono spesso le piu monitorate.</p></div>
  <div class=""cpv-landing-card""><strong>Viaggi stagionali</strong><p>In alcuni periodi dell'anno le tariffe possono variare molto, soprattutto vicino ai ponti e alle festivita.</p></div>
  <div class=""cpv-landing-card""><strong>Confronto rapido</strong><p>Valuta aeroporti maggiori e secondari per capire se un piccolo spostamento porta a un risparmio concreto.</p></div>
</div>
<h2>Domande frequenti sui voli per Ancona</h2>
<div class=""cpv-faq"">
  <details><summary>Qual e il modo migliore per cercare voli per Ancona?</summary><p>Confronta piu aeroporti italiani, prova date flessibili e verifica anche partenze infrasettimanali per migliorare le possibilita di risparmio.</p></details>
  <details><summary>Meglio volo diretto o con scalo?</summary><p>Per tratte medio-brevi il diretto e spesso la scelta piu comoda, mentre su alcune rotte uno scalo puo ridurre il prezzo finale.</p></details>
  <details><summary>Quando controllare i prezzi per Ancona?</summary><p>Vale la pena iniziare a monitorare la rotta in anticipo e verificare con regolarita i giorni piu vicini alla partenza ideale.</p></details>
</div>","Voli per citta|Voli in Europa",city,AOI,/voli-per/ancona/,"Voli per Ancona (AOI): offerte e guide | ConfrontaPrezziVoli","Trova voli per Ancona dai principali aeroporti italiani. Tariffe indicative da EUR 37 e consigli per scegliere il periodo migliore.","voli per Ancona",cities,"Mese tipicamente conveniente: luglio"
post,publish,"Voli per Andahuaylas (ANS): offerte, compagnie e periodo migliore per prenotare",voli-per-andahuaylas-ans,"Confronta voli per Andahuaylas dai principali aeroporti italiani. Scopri prezzi indicativi, compagnie e consigli utili per organizzare la partenza.","<div class=""cpv-landing-note"">
  <p><strong>Perche cercare voli per Andahuaylas qui.</strong> Questa pagina raccoglie un quadro rapido delle partenze italiane piu interessanti per Andahuaylas, con tariffe indicative e consigli per scegliere il periodo piu vantaggioso.</p>
</div>
<div class=""cpv-stat-grid"">
  <div class=""cpv-stat""><strong>EUR 52</strong><span>Prezzo indicativo da monitorare dalle principali aree aeroportuali italiane.</span></div>
  <div class=""cpv-stat""><strong>ottobre</strong><span>Periodo spesso interessante per tenere sotto controllo la rotta.</span></div>
  <div class=""cpv-stat""><strong>9</strong><span>Aeroporti italiani prioritari da confrontare per questa destinazione.</span></div>
</div>
<h2>Offerte voli per Andahuaylas</h2>
<p>Per trovare il miglior equilibrio tra prezzo, durata e comfort, conviene verificare piu aeroporti di partenza italiani e confrontare giorni feriali e weekend.</p>
<table>
  <thead>
    <tr><th>Partenza</th><th>Prezzo da</th><th>Durata indicativa</th><th>Mese da monitorare</th></tr>
  </thead>
  <tbody>
    <tr><td>Leonardo da Vinci-Fiumicino Airport (FCO)</td><td>EUR 156</td><td>10h 50</td><td>giugno</td></tr><tr><td>Ciampino-G. B. Pastine International Airport (CIA)</td><td>EUR 72</td><td>5h 50</td><td>giugno</td></tr><tr><td>Milano Malpensa Airport (MXP)</td><td>EUR 95</td><td>2h 40</td><td>maggio</td></tr><tr><td>Orio al Serio International Airport (BGY)</td><td>EUR 25</td><td>8h 00</td><td>luglio</td></tr><tr><td>Milano Linate Airport (LIN)</td><td>EUR 84</td><td>1h 50</td><td>giugno</td></tr><tr><td>Naples International Airport (NAP)</td><td>EUR 177</td><td>2h 20</td><td>marzo</td></tr><tr><td>Venice Marco Polo Airport (VCE)</td><td>EUR 113</td><td>10h 40</td><td>novembre</td></tr><tr><td>Catania-Fontanarossa Airport (CTA)</td><td>EUR 95</td><td>9h 40</td><td>maggio</td></tr><tr><td>Guglielmo Marconi Airport (BLQ)</td><td>EUR 23</td><td>7h 40</td><td>maggio</td></tr>
  </tbody>
</table>
<h2>Aeroporti italiani da cui conviene partire</h2>
<div class=""cpv-chip-list""><span class=""cpv-chip"">Leonardo da Vinci-Fiumicino Airport</span><span class=""cpv-chip"">Ciampino-G. B. Pastine International Airport</span><span class=""cpv-chip"">Milano Malpensa Airport</span><span class=""cpv-chip"">Orio al Serio International Airport</span><span class=""cpv-chip"">Milano Linate Airport</span><span class=""cpv-chip"">Naples International Airport</span></div>
<div class=""cpv-landing-grid"">
  <div class=""cpv-landing-card""><strong>City break</strong><p>Se Andahuaylas e una meta urbana, le partenze del venerdi e del sabato sono spesso le piu monitorate.</p></div>
  <div class=""cpv-landing-card""><strong>Viaggi stagionali</strong><p>In alcuni periodi dell'anno le tariffe possono variare molto, soprattutto vicino ai ponti e alle festivita.</p></div>
  <div class=""cpv-landing-card""><strong>Confronto rapido</strong><p>Valuta aeroporti maggiori e secondari per capire se un piccolo spostamento porta a un risparmio concreto.</p></div>
</div>
<h2>Domande frequenti sui voli per Andahuaylas</h2>
<div class=""cpv-faq"">
  <details><summary>Qual e il modo migliore per cercare voli per Andahuaylas?</summary><p>Confronta piu aeroporti italiani, prova date flessibili e verifica anche partenze infrasettimanali per migliorare le possibilita di risparmio.</p></details>
  <details><summary>Meglio volo diretto o con scalo?</summary><p>Per tratte medio-brevi il diretto e spesso la scelta piu comoda, mentre su alcune rotte uno scalo puo ridurre il prezzo finale.</p></details>
  <details><summary>Quando controllare i prezzi per Andahuaylas?</summary><p>Vale la pena iniziare a monitorare la rotta in anticipo e verificare con regolarita i giorni piu vicini alla partenza ideale.</p></details>
</div>","Voli per citta|Voli intercontinentali",city,ANS,/voli-per/andahuaylas/,"Voli per Andahuaylas (ANS): offerte e guide | ConfrontaPrezziVoli","Trova voli per Andahuaylas dai principali aeroporti italiani. Tariffe indicative da EUR 52 e consigli per scegliere il periodo migliore.","voli per Andahuaylas",cities,"Mese tipicamente conveniente: ottobre"
post,publish,"Voli per Andenes (ANX): offerte, compagnie e periodo migliore per prenotare",voli-per-andenes-anx,"Confronta voli per Andenes dai principali aeroporti italiani. Scopri prezzi indicativi, compagnie e consigli utili per organizzare la partenza.","<div class=""cpv-landing-note"">
  <p><strong>Perche cercare voli per Andenes qui.</strong> Questa pagina raccoglie un quadro rapido delle partenze italiane piu interessanti per Andenes, con tariffe indicative e consigli per scegliere il periodo piu vantaggioso.</p>
</div>
<div class=""cpv-stat-grid"">
  <div class=""cpv-stat""><strong>EUR 44</strong><span>Prezzo indicativo da monitorare dalle principali aree aeroportuali italiane.</span></div>
  <div class=""cpv-stat""><strong>febbraio</strong><span>Periodo spesso interessante per tenere sotto controllo la rotta.</span></div>
  <div class=""cpv-stat""><strong>9</strong><span>Aeroporti italiani prioritari da confrontare per questa destinazione.</span></div>
</div>
<h2>Offerte voli per Andenes</h2>
<p>Per trovare il miglior equilibrio tra prezzo, durata e comfort, conviene verificare piu aeroporti di partenza italiani e confrontare giorni feriali e weekend.</p>
<table>
  <thead>
    <tr><th>Partenza</th><th>Prezzo da</th><th>Durata indicativa</th><th>Mese da monitorare</th></tr>
  </thead>
  <tbody>
    <tr><td>Leonardo da Vinci-Fiumicino Airport (FCO)</td><td>EUR 52</td><td>2h 30</td><td>ottobre</td></tr><tr><td>Ciampino-G. B. Pastine International Airport (CIA)</td><td>EUR 36</td><td>5h 50</td><td>giugno</td></tr><tr><td>Milano Malpensa Airport (MXP)</td><td>EUR 115</td><td>2h 00</td><td>gennaio</td></tr><tr><td>Orio al Serio International Airport (BGY)</td><td>EUR 21</td><td>8h 20</td><td>marzo</td></tr><tr><td>Milano Linate Airport (LIN)</td><td>EUR 188</td><td>7h 10</td><td>febbraio</td></tr><tr><td>Naples International Airport (NAP)</td><td>EUR 65</td><td>8h 40</td><td>novembre</td></tr><tr><td>Venice Marco Polo Airport (VCE)</td><td>EUR 85</td><td>6h 00</td><td>luglio</td></tr><tr><td>Catania-Fontanarossa Airport (CTA)</td><td>EUR 83</td><td>9h 40</td><td>maggio</td></tr><tr><td>Guglielmo Marconi Airport (BLQ)</td><td>EUR 39</td><td>7h 20</td><td>settembre</td></tr>
  </tbody>
</table>
<h2>Aeroporti italiani da cui conviene partire</h2>
<div class=""cpv-chip-list""><span class=""cpv-chip"">Leonardo da Vinci-Fiumicino Airport</span><span class=""cpv-chip"">Ciampino-G. B. Pastine International Airport</span><span class=""cpv-chip"">Milano Malpensa Airport</span><span class=""cpv-chip"">Orio al Serio International Airport</span><span class=""cpv-chip"">Milano Linate Airport</span><span class=""cpv-chip"">Naples International Airport</span></div>
<div class=""cpv-landing-grid"">
  <div class=""cpv-landing-card""><strong>City break</strong><p>Se Andenes e una meta urbana, le partenze del venerdi e del sabato sono spesso le piu monitorate.</p></div>
  <div class=""cpv-landing-card""><strong>Viaggi stagionali</strong><p>In alcuni periodi dell'anno le tariffe possono variare molto, soprattutto vicino ai ponti e alle festivita.</p></div>
  <div class=""cpv-landing-card""><strong>Confronto rapido</strong><p>Valuta aeroporti maggiori e secondari per capire se un piccolo spostamento porta a un risparmio concreto.</p></div>
</div>
<h2>Domande frequenti sui voli per Andenes</h2>
<div class=""cpv-faq"">
  <details><summary>Qual e il modo migliore per cercare voli per Andenes?</summary><p>Confronta piu aeroporti italiani, prova date flessibili e verifica anche partenze infrasettimanali per migliorare le possibilita di risparmio.</p></details>
  <details><summary>Meglio volo diretto o con scalo?</summary><p>Per tratte medio-brevi il diretto e spesso la scelta piu comoda, mentre su alcune rotte uno scalo puo ridurre il prezzo finale.</p></details>
  <details><summary>Quando controllare i prezzi per Andenes?</summary><p>Vale la pena iniziare a monitorare la rotta in anticipo e verificare con regolarita i giorni piu vicini alla partenza ideale.</p></details>
</div>","Voli per citta|Voli in Europa",city,ANX,/voli-per/andenes/,"Voli per Andenes (ANX): offerte e guide | ConfrontaPrezziVoli","Trova voli per Andenes dai principali aeroporti italiani. Tariffe indicative da EUR 44 e consigli per scegliere il periodo migliore.","voli per Andenes",cities,"Mese tipicamente conveniente: febbraio"
post,publish,"Voli per Andizhan (AZN): offerte, compagnie e periodo migliore per prenotare",voli-per-andizhan-azn,"Confronta voli per Andizhan dai principali aeroporti italiani. Scopri prezzi indicativi, compagnie e consigli utili per organizzare la partenza.","<div class=""cpv-landing-note"">
  <p><strong>Perche cercare voli per Andizhan qui.</strong> Questa pagina raccoglie un quadro rapido delle partenze italiane piu interessanti per Andizhan, con tariffe indicative e consigli per scegliere il periodo piu vantaggioso.</p>
</div>
<div class=""cpv-stat-grid"">
  <div class=""cpv-stat""><strong>EUR 140</strong><span>Prezzo indicativo da monitorare dalle principali aree aeroportuali italiane.</span></div>
  <div class=""cpv-stat""><strong>febbraio</strong><span>Periodo spesso interessante per tenere sotto controllo la rotta.</span></div>
  <div class=""cpv-stat""><strong>9</strong><span>Aeroporti italiani prioritari da confrontare per questa destinazione.</span></div>
</div>
<h2>Offerte voli per Andizhan</h2>
<p>Per trovare il miglior equilibrio tra prezzo, durata e comfort, conviene verificare piu aeroporti di partenza italiani e confrontare giorni feriali e weekend.</p>
<table>
  <thead>
    <tr><th>Partenza</th><th>Prezzo da</th><th>Durata indicativa</th><th>Mese da monitorare</th></tr>
  </thead>
  <tbody>
    <tr><td>Leonardo da Vinci-Fiumicino Airport (FCO)</td><td>EUR 32</td><td>8h 10</td><td>febbraio</td></tr><tr><td>Ciampino-G. B. Pastine International Airport (CIA)</td><td>EUR 120</td><td>6h 50</td><td>giugno</td></tr><tr><td>Milano Malpensa Airport (MXP)</td><td>EUR 155</td><td>6h 40</td><td>maggio</td></tr><tr><td>Orio al Serio International Airport (BGY)</td><td>EUR 69</td><td>9h 20</td><td>marzo</td></tr><tr><td>Milano Linate Airport (LIN)</td><td>EUR 184</td><td>7h 30</td><td>ottobre</td></tr><tr><td>Naples International Airport (NAP)</td><td>EUR 169</td><td>10h 00</td><td>luglio</td></tr><tr><td>Venice Marco Polo Airport (VCE)</td><td>EUR 73</td><td>1h 00</td><td>luglio</td></tr><tr><td>Catania-Fontanarossa Airport (CTA)</td><td>EUR 39</td><td>3h 20</td><td>settembre</td></tr><tr><td>Guglielmo Marconi Airport (BLQ)</td><td>EUR 103</td><td>5h 00</td><td>gennaio</td></tr>
  </tbody>
</table>
<h2>Aeroporti italiani da cui conviene partire</h2>
<div class=""cpv-chip-list""><span class=""cpv-chip"">Leonardo da Vinci-Fiumicino Airport</span><span class=""cpv-chip"">Ciampino-G. B. Pastine International Airport</span><span class=""cpv-chip"">Milano Malpensa Airport</span><span class=""cpv-chip"">Orio al Serio International Airport</span><span class=""cpv-chip"">Milano Linate Airport</span><span class=""cpv-chip"">Naples International Airport</span></div>
<div class=""cpv-landing-grid"">
  <div class=""cpv-landing-card""><strong>City break</strong><p>Se Andizhan e una meta urbana, le partenze del venerdi e del sabato sono spesso le piu monitorate.</p></div>
  <div class=""cpv-landing-card""><strong>Viaggi stagionali</strong><p>In alcuni periodi dell'anno le tariffe possono variare molto, soprattutto vicino ai ponti e alle festivita.</p></div>
  <div class=""cpv-landing-card""><strong>Confronto rapido</strong><p>Valuta aeroporti maggiori e secondari per capire se un piccolo spostamento porta a un risparmio concreto.</p></div>
</div>
<h2>Domande frequenti sui voli per Andizhan</h2>
<div class=""cpv-faq"">
  <details><summary>Qual e il modo migliore per cercare voli per Andizhan?</summary><p>Confronta piu aeroporti italiani, prova date flessibili e verifica anche partenze infrasettimanali per migliorare le possibilita di risparmio.</p></details>
  <details><summary>Meglio volo diretto o con scalo?</summary><p>Per tratte medio-brevi il diretto e spesso la scelta piu comoda, mentre su alcune rotte uno scalo puo ridurre il prezzo finale.</p></details>
  <details><summary>Quando controllare i prezzi per Andizhan?</summary><p>Vale la pena iniziare a monitorare la rotta in anticipo e verificare con regolarita i giorni piu vicini alla partenza ideale.</p></details>
</div>","Voli per citta|Voli intercontinentali",city,AZN,/voli-per/andizhan/,"Voli per Andizhan (AZN): offerte e guide | ConfrontaPrezziVoli","Trova voli per Andizhan dai principali aeroporti italiani. Tariffe indicative da EUR 140 e consigli per scegliere il periodo migliore.","voli per Andizhan",cities,"Mese tipicamente conveniente: febbraio"
post,publish,"Voli per Angelholm/Helsingborg (AGH): offerte, compagnie e periodo migliore per prenotare",voli-per-angelholm-helsingborg-agh,"Confronta voli per Angelholm/Helsingborg dai principali aeroporti italiani. Scopri prezzi indicativi, compagnie e consigli utili per organizzare la partenza.","<div class=""cpv-landing-note"">
  <p><strong>Perche cercare voli per Angelholm/Helsingborg qui.</strong> Questa pagina raccoglie un quadro rapido delle partenze italiane piu interessanti per Angelholm/Helsingborg, con tariffe indicative e consigli per scegliere il periodo piu vantaggioso.</p>
</div>
<div class=""cpv-stat-grid"">
  <div class=""cpv-stat""><strong>EUR 67</strong><span>Prezzo indicativo da monitorare dalle principali aree aeroportuali italiane.</span></div>
  <div class=""cpv-stat""><strong>gennaio</strong><span>Periodo spesso interessante per tenere sotto controllo la rotta.</span></div>
  <div class=""cpv-stat""><strong>9</strong><span>Aeroporti italiani prioritari da confrontare per questa destinazione.</span></div>
</div>
<h2>Offerte voli per Angelholm/Helsingborg</h2>
<p>Per trovare il miglior equilibrio tra prezzo, durata e comfort, conviene verificare piu aeroporti di partenza italiani e confrontare giorni feriali e weekend.</p>
<table>
  <thead>
    <tr><th>Partenza</th><th>Prezzo da</th><th>Durata indicativa</th><th>Mese da monitorare</th></tr>
  </thead>
  <tbody>
    <tr><td>Leonardo da Vinci-Fiumicino Airport (FCO)</td><td>EUR 107</td><td>8h 40</td><td>maggio</td></tr><tr><td>Ciampino-G. B. Pastine International Airport (CIA)</td><td>EUR 155</td><td>2h 40</td><td>maggio</td></tr><tr><td>Milano Malpensa Airport (MXP)</td><td>EUR 164</td><td>10h 10</td><td>febbraio</td></tr><tr><td>Orio al Serio International Airport (BGY)</td><td>EUR 170</td><td>1h 10</td><td>agosto</td></tr><tr><td>Milano Linate Airport (LIN)</td><td>EUR 91</td><td>8h 00</td><td>gennaio</td></tr><tr><td>Naples International Airport (NAP)</td><td>EUR 194</td><td>11h 10</td><td>agosto</td></tr><tr><td>Venice Marco Polo Airport (VCE)</td><td>EUR 182</td><td>7h 10</td><td>agosto</td></tr><tr><td>Catania-Fontanarossa Airport (CTA)</td><td>EUR 28</td><td>4h 30</td><td>ottobre</td></tr><tr><td>Guglielmo Marconi Airport (BLQ)</td><td>EUR 164</td><td>7h 10</td><td>febbraio</td></tr>
  </tbody>
</table>
<h2>Aeroporti italiani da cui conviene partire</h2>
<div class=""cpv-chip-list""><span class=""cpv-chip"">Leonardo da Vinci-Fiumicino Airport</span><span class=""cpv-chip"">Ciampino-G. B. Pastine International Airport</span><span class=""cpv-chip"">Milano Malpensa Airport</span><span class=""cpv-chip"">Orio al Serio International Airport</span><span class=""cpv-chip"">Milano Linate Airport</span><span class=""cpv-chip"">Naples International Airport</span></div>
<div class=""cpv-landing-grid"">
  <div class=""cpv-landing-card""><strong>City break</strong><p>Se Angelholm/Helsingborg e una meta urbana, le partenze del venerdi e del sabato sono spesso le piu monitorate.</p></div>
  <div class=""cpv-landing-card""><strong>Viaggi stagionali</strong><p>In alcuni periodi dell'anno le tariffe possono variare molto, soprattutto vicino ai ponti e alle festivita.</p></div>
  <div class=""cpv-landing-card""><strong>Confronto rapido</strong><p>Valuta aeroporti maggiori e secondari per capire se un piccolo spostamento porta a un risparmio concreto.</p></div>
</div>
<h2>Domande frequenti sui voli per Angelholm/Helsingborg</h2>
<div class=""cpv-faq"">
  <details><summary>Qual e il modo migliore per cercare voli per Angelholm/Helsingborg?</summary><p>Confronta piu aeroporti italiani, prova date flessibili e verifica anche partenze infrasettimanali per migliorare le possibilita di risparmio.</p></details>
  <details><summary>Meglio volo diretto o con scalo?</summary><p>Per tratte medio-brevi il diretto e spesso la scelta piu comoda, mentre su alcune rotte uno scalo puo ridurre il prezzo finale.</p></details>
  <details><summary>Quando controllare i prezzi per Angelholm/Helsingborg?</summary><p>Vale la pena iniziare a monitorare la rotta in anticipo e verificare con regolarita i giorni piu vicini alla partenza ideale.</p></details>
</div>","Voli per citta|Voli in Europa",city,AGH,/voli-per/angelholm-helsingborg/,"Voli per Angelholm/Helsingborg (AGH): offerte e guide | ConfrontaPrezziVoli","Trova voli per Angelholm/Helsingborg dai principali aeroporti italiani. Tariffe indicative da EUR 67 e consigli per scegliere il periodo migliore.","voli per Angelholm/Helsingborg",cities,"Mese tipicamente conveniente: gennaio"
post,publish,"Voli per Angers (ANE): offerte, compagnie e periodo migliore per prenotare",voli-per-angers-ane,"Confronta voli per Angers dai principali aeroporti italiani. Scopri prezzi indicativi, compagnie e consigli utili per organizzare la partenza.","<div class=""cpv-landing-note"">
  <p><strong>Perche cercare voli per Angers qui.</strong> Questa pagina raccoglie un quadro rapido delle partenze italiane piu interessanti per Angers, con tariffe indicative e consigli per scegliere il periodo piu vantaggioso.</p>
</div>
<div class=""cpv-stat-grid"">
  <div class=""cpv-stat""><strong>EUR 27</strong><span>Prezzo indicativo da monitorare dalle principali aree aeroportuali italiane.</span></div>
  <div class=""cpv-stat""><strong>settembre</strong><span>Periodo spesso interessante per tenere sotto controllo la rotta.</span></div>
  <div class=""cpv-stat""><strong>9</strong><span>Aeroporti italiani prioritari da confrontare per questa destinazione.</span></div>
</div>
<h2>Offerte voli per Angers</h2>
<p>Per trovare il miglior equilibrio tra prezzo, durata e comfort, conviene verificare piu aeroporti di partenza italiani e confrontare giorni feriali e weekend.</p>
<table>
  <thead>
    <tr><th>Partenza</th><th>Prezzo da</th><th>Durata indicativa</th><th>Mese da monitorare</th></tr>
  </thead>
  <tbody>
    <tr><td>Leonardo da Vinci-Fiumicino Airport (FCO)</td><td>EUR 119</td><td>5h 40</td><td>maggio</td></tr><tr><td>Ciampino-G. B. Pastine International Airport (CIA)</td><td>EUR 171</td><td>11h 20</td><td>settembre</td></tr><tr><td>Milano Malpensa Airport (MXP)</td><td>EUR 152</td><td>10h 10</td><td>febbraio</td></tr><tr><td>Orio al Serio International Airport (BGY)</td><td>EUR 86</td><td>3h 10</td><td>agosto</td></tr><tr><td>Milano Linate Airport (LIN)</td><td>EUR 123</td><td>3h 20</td><td>settembre</td></tr><tr><td>Naples International Airport (NAP)</td><td>EUR 130</td><td>6h 30</td><td>aprile</td></tr><tr><td>Venice Marco Polo Airport (VCE)</td><td>EUR 90</td><td>2h 50</td><td>dicembre</td></tr><tr><td>Catania-Fontanarossa Airport (CTA)</td><td>EUR 140</td><td>4h 10</td><td>febbraio</td></tr><tr><td>Guglielmo Marconi Airport (BLQ)</td><td>EUR 48</td><td>8h 50</td><td>giugno</td></tr>
  </tbody>
</table>
<h2>Aeroporti italiani da cui conviene partire</h2>
<div class=""cpv-chip-list""><span class=""cpv-chip"">Leonardo da Vinci-Fiumicino Airport</span><span class=""cpv-chip"">Ciampino-G. B. Pastine International Airport</span><span class=""cpv-chip"">Milano Malpensa Airport</span><span class=""cpv-chip"">Orio al Serio International Airport</span><span class=""cpv-chip"">Milano Linate Airport</span><span class=""cpv-chip"">Naples International Airport</span></div>
<div class=""cpv-landing-grid"">
  <div class=""cpv-landing-card""><strong>City break</strong><p>Se Angers e una meta urbana, le partenze del venerdi e del sabato sono spesso le piu monitorate.</p></div>
  <div class=""cpv-landing-card""><strong>Viaggi stagionali</strong><p>In alcuni periodi dell'anno le tariffe possono variare molto, soprattutto vicino ai ponti e alle festivita.</p></div>
  <div class=""cpv-landing-card""><strong>Confronto rapido</strong><p>Valuta aeroporti maggiori e secondari per capire se un piccolo spostamento porta a un risparmio concreto.</p></div>
</div>
<h2>Domande frequenti sui voli per Angers</h2>
<div class=""cpv-faq"">
  <details><summary>Qual e il modo migliore per cercare voli per Angers?</summary><p>Confronta piu aeroporti italiani, prova date flessibili e verifica anche partenze infrasettimanali per migliorare le possibilita di risparmio.</p></details>
  <details><summary>Meglio volo diretto o con scalo?</summary><p>Per tratte medio-brevi il diretto e spesso la scelta piu comoda, mentre su alcune rotte uno scalo puo ridurre il prezzo finale.</p></details>
  <details><summary>Quando controllare i prezzi per Angers?</summary><p>Vale la pena iniziare a monitorare la rotta in anticipo e verificare con regolarita i giorni piu vicini alla partenza ideale.</p></details>
</div>","Voli per citta|Voli in Europa",city,ANE,/voli-per/angers/,"Voli per Angers (ANE): offerte e guide | ConfrontaPrezziVoli","Trova voli per Angers dai principali aeroporti italiani. Tariffe indicative da EUR 27 e consigli per scegliere il periodo migliore.","voli per Angers",cities,"Mese tipicamente conveniente: settembre"
post,publish,"Voli per Angling Lake (YAX): offerte, compagnie e periodo migliore per prenotare",voli-per-angling-lake-yax,"Confronta voli per Angling Lake dai principali aeroporti italiani. Scopri prezzi indicativi, compagnie e consigli utili per organizzare la partenza.","<div class=""cpv-landing-note"">
  <p><strong>Perche cercare voli per Angling Lake qui.</strong> Questa pagina raccoglie un quadro rapido delle partenze italiane piu interessanti per Angling Lake, con tariffe indicative e consigli per scegliere il periodo piu vantaggioso.</p>
</div>
<div class=""cpv-stat-grid"">
  <div class=""cpv-stat""><strong>EUR 105</strong><span>Prezzo indicativo da monitorare dalle principali aree aeroportuali italiane.</span></div>
  <div class=""cpv-stat""><strong>marzo</strong><span>Periodo spesso interessante per tenere sotto controllo la rotta.</span></div>
  <div class=""cpv-stat""><strong>9</strong><span>Aeroporti italiani prioritari da confrontare per questa destinazione.</span></div>
</div>
<h2>Offerte voli per Angling Lake</h2>
<p>Per trovare il miglior equilibrio tra prezzo, durata e comfort, conviene verificare piu aeroporti di partenza italiani e confrontare giorni feriali e weekend.</p>
<table>
  <thead>
    <tr><th>Partenza</th><th>Prezzo da</th><th>Durata indicativa</th><th>Mese da monitorare</th></tr>
  </thead>
  <tbody>
    <tr><td>Leonardo da Vinci-Fiumicino Airport (FCO)</td><td>EUR 177</td><td>1h 20</td><td>marzo</td></tr><tr><td>Ciampino-G. B. Pastine International Airport (CIA)</td><td>EUR 113</td><td>7h 40</td><td>novembre</td></tr><tr><td>Milano Malpensa Airport (MXP)</td><td>EUR 170</td><td>1h 10</td><td>agosto</td></tr><tr><td>Orio al Serio International Airport (BGY)</td><td>EUR 116</td><td>8h 10</td><td>febbraio</td></tr><tr><td>Milano Linate Airport (LIN)</td><td>EUR 141</td><td>8h 20</td><td>marzo</td></tr><tr><td>Naples International Airport (NAP)</td><td>EUR 48</td><td>4h 50</td><td>giugno</td></tr><tr><td>Venice Marco Polo Airport (VCE)</td><td>EUR 160</td><td>7h 30</td><td>ottobre</td></tr><tr><td>Catania-Fontanarossa Airport (CTA)</td><td>EUR 70</td><td>2h 30</td><td>aprile</td></tr><tr><td>Guglielmo Marconi Airport (BLQ)</td><td>EUR 182</td><td>3h 10</td><td>agosto</td></tr>
  </tbody>
</table>
<h2>Aeroporti italiani da cui conviene partire</h2>
<div class=""cpv-chip-list""><span class=""cpv-chip"">Leonardo da Vinci-Fiumicino Airport</span><span class=""cpv-chip"">Ciampino-G. B. Pastine International Airport</span><span class=""cpv-chip"">Milano Malpensa Airport</span><span class=""cpv-chip"">Orio al Serio International Airport</span><span class=""cpv-chip"">Milano Linate Airport</span><span class=""cpv-chip"">Naples International Airport</span></div>
<div class=""cpv-landing-grid"">
  <div class=""cpv-landing-card""><strong>City break</strong><p>Se Angling Lake e una meta urbana, le partenze del venerdi e del sabato sono spesso le piu monitorate.</p></div>
  <div class=""cpv-landing-card""><strong>Viaggi stagionali</strong><p>In alcuni periodi dell'anno le tariffe possono variare molto, soprattutto vicino ai ponti e alle festivita.</p></div>
  <div class=""cpv-landing-card""><strong>Confronto rapido</strong><p>Valuta aeroporti maggiori e secondari per capire se un piccolo spostamento porta a un risparmio concreto.</p></div>
</div>
<h2>Domande frequenti sui voli per Angling Lake</h2>
<div class=""cpv-faq"">
  <details><summary>Qual e il modo migliore per cercare voli per Angling Lake?</summary><p>Confronta piu aeroporti italiani, prova date flessibili e verifica anche partenze infrasettimanali per migliorare le possibilita di risparmio.</p></details>
  <details><summary>Meglio volo diretto o con scalo?</summary><p>Per tratte medio-brevi il diretto e spesso la scelta piu comoda, mentre su alcune rotte uno scalo puo ridurre il prezzo finale.</p></details>
  <details><summary>Quando controllare i prezzi per Angling Lake?</summary><p>Vale la pena iniziare a monitorare la rotta in anticipo e verificare con regolarita i giorni piu vicini alla partenza ideale.</p></details>
</div>","Voli per citta|Voli intercontinentali",city,YAX,/voli-per/angling-lake/,"Voli per Angling Lake (YAX): offerte e guide | ConfrontaPrezziVoli","Trova voli per Angling Lake dai principali aeroporti italiani. Tariffe indicative da EUR 105 e consigli per scegliere il periodo migliore.","voli per Angling Lake",cities,"Mese tipicamente conveniente: marzo"
post,publish,"Voli per Aniak (ANI): offerte, compagnie e periodo migliore per prenotare",voli-per-aniak-ani,"Confronta voli per Aniak dai principali aeroporti italiani. Scopri prezzi indicativi, compagnie e consigli utili per organizzare la partenza.","<div class=""cpv-landing-note"">
  <p><strong>Perche cercare voli per Aniak qui.</strong> Questa pagina raccoglie un quadro rapido delle partenze italiane piu interessanti per Aniak, con tariffe indicative e consigli per scegliere il periodo piu vantaggioso.</p>
</div>
<div class=""cpv-stat-grid"">
  <div class=""cpv-stat""><strong>EUR 130</strong><span>Prezzo indicativo da monitorare dalle principali aree aeroportuali italiane.</span></div>
  <div class=""cpv-stat""><strong>aprile</strong><span>Periodo spesso interessante per tenere sotto controllo la rotta.</span></div>
  <div class=""cpv-stat""><strong>9</strong><span>Aeroporti italiani prioritari da confrontare per questa destinazione.</span></div>
</div>
<h2>Offerte voli per Aniak</h2>
<p>Per trovare il miglior equilibrio tra prezzo, durata e comfort, conviene verificare piu aeroporti di partenza italiani e confrontare giorni feriali e weekend.</p>
<table>
  <thead>
    <tr><th>Partenza</th><th>Prezzo da</th><th>Durata indicativa</th><th>Mese da monitorare</th></tr>
  </thead>
  <tbody>
    <tr><td>Leonardo da Vinci-Fiumicino Airport (FCO)</td><td>EUR 46</td><td>3h 30</td><td>aprile</td></tr><tr><td>Ciampino-G. B. Pastine International Airport (CIA)</td><td>EUR 130</td><td>3h 30</td><td>aprile</td></tr><tr><td>Milano Malpensa Airport (MXP)</td><td>EUR 41</td><td>2h 40</td><td>novembre</td></tr><tr><td>Orio al Serio International Airport (BGY)</td><td>EUR 155</td><td>5h 40</td><td>maggio</td></tr><tr><td>Milano Linate Airport (LIN)</td><td>EUR 54</td><td>9h 50</td><td>dicembre</td></tr><tr><td>Naples International Airport (NAP)</td><td>EUR 59</td><td>11h 40</td><td>maggio</td></tr><tr><td>Venice Marco Polo Airport (VCE)</td><td>EUR 95</td><td>1h 40</td><td>maggio</td></tr><tr><td>Catania-Fontanarossa Airport (CTA)</td><td>EUR 169</td><td>3h 00</td><td>luglio</td></tr><tr><td>Guglielmo Marconi Airport (BLQ)</td><td>EUR 81</td><td>2h 20</td><td>marzo</td></tr>
  </tbody>
</table>
<h2>Aeroporti italiani da cui conviene partire</h2>
<div class=""cpv-chip-list""><span class=""cpv-chip"">Leonardo da Vinci-Fiumicino Airport</span><span class=""cpv-chip"">Ciampino-G. B. Pastine International Airport</span><span class=""cpv-chip"">Milano Malpensa Airport</span><span class=""cpv-chip"">Orio al Serio International Airport</span><span class=""cpv-chip"">Milano Linate Airport</span><span class=""cpv-chip"">Naples International Airport</span></div>
<div class=""cpv-landing-grid"">
  <div class=""cpv-landing-card""><strong>City break</strong><p>Se Aniak e una meta urbana, le partenze del venerdi e del sabato sono spesso le piu monitorate.</p></div>
  <div class=""cpv-landing-card""><strong>Viaggi stagionali</strong><p>In alcuni periodi dell'anno le tariffe possono variare molto, soprattutto vicino ai ponti e alle festivita.</p></div>
  <div class=""cpv-landing-card""><strong>Confronto rapido</strong><p>Valuta aeroporti maggiori e secondari per capire se un piccolo spostamento porta a un risparmio concreto.</p></div>
</div>
<h2>Domande frequenti sui voli per Aniak</h2>
<div class=""cpv-faq"">
  <details><summary>Qual e il modo migliore per cercare voli per Aniak?</summary><p>Confronta piu aeroporti italiani, prova date flessibili e verifica anche partenze infrasettimanali per migliorare le possibilita di risparmio.</p></details>
  <details><summary>Meglio volo diretto o con scalo?</summary><p>Per tratte medio-brevi il diretto e spesso la scelta piu comoda, mentre su alcune rotte uno scalo puo ridurre il prezzo finale.</p></details>
  <details><summary>Quando controllare i prezzi per Aniak?</summary><p>Vale la pena iniziare a monitorare la rotta in anticipo e verificare con regolarita i giorni piu vicini alla partenza ideale.</p></details>
</div>","Voli per citta|Voli intercontinentali",city,ANI,/voli-per/aniak/,"Voli per Aniak (ANI): offerte e guide | ConfrontaPrezziVoli","Trova voli per Aniak dai principali aeroporti italiani. Tariffe indicative da EUR 130 e consigli per scegliere il periodo migliore.","voli per Aniak",cities,"Mese tipicamente conveniente: aprile"
post,publish,"Voli per Anjouan (AJN): offerte, compagnie e periodo migliore per prenotare",voli-per-anjouan-ajn,"Confronta voli per Anjouan dai principali aeroporti italiani. Scopri prezzi indicativi, compagnie e consigli utili per organizzare la partenza.","<div class=""cpv-landing-note"">
  <p><strong>Perche cercare voli per Anjouan qui.</strong> Questa pagina raccoglie un quadro rapido delle partenze italiane piu interessanti per Anjouan, con tariffe indicative e consigli per scegliere il periodo piu vantaggioso.</p>
</div>
<div class=""cpv-stat-grid"">
  <div class=""cpv-stat""><strong>EUR 163</strong><span>Prezzo indicativo da monitorare dalle principali aree aeroportuali italiane.</span></div>
  <div class=""cpv-stat""><strong>gennaio</strong><span>Periodo spesso interessante per tenere sotto controllo la rotta.</span></div>
  <div class=""cpv-stat""><strong>9</strong><span>Aeroporti italiani prioritari da confrontare per questa destinazione.</span></div>
</div>
<h2>Offerte voli per Anjouan</h2>
<p>Per trovare il miglior equilibrio tra prezzo, durata e comfort, conviene verificare piu aeroporti di partenza italiani e confrontare giorni feriali e weekend.</p>
<table>
  <thead>
    <tr><th>Partenza</th><th>Prezzo da</th><th>Durata indicativa</th><th>Mese da monitorare</th></tr>
  </thead>
  <tbody>
    <tr><td>Leonardo da Vinci-Fiumicino Airport (FCO)</td><td>EUR 159</td><td>7h 20</td><td>settembre</td></tr><tr><td>Ciampino-G. B. Pastine International Airport (CIA)</td><td>EUR 75</td><td>9h 20</td><td>settembre</td></tr><tr><td>Milano Malpensa Airport (MXP)</td><td>EUR 52</td><td>7h 30</td><td>ottobre</td></tr><tr><td>Orio al Serio International Airport (BGY)</td><td>EUR 194</td><td>5h 10</td><td>agosto</td></tr><tr><td>Milano Linate Airport (LIN)</td><td>EUR 167</td><td>8h 40</td><td>maggio</td></tr><tr><td>Naples International Airport (NAP)</td><td>EUR 118</td><td>4h 30</td><td>aprile</td></tr><tr><td>Venice Marco Polo Airport (VCE)</td><td>EUR 130</td><td>1h 30</td><td>aprile</td></tr><tr><td>Catania-Fontanarossa Airport (CTA)</td><td>EUR 164</td><td>11h 10</td><td>febbraio</td></tr><tr><td>Guglielmo Marconi Airport (BLQ)</td><td>EUR 112</td><td>8h 30</td><td>ottobre</td></tr>
  </tbody>
</table>
<h2>Aeroporti italiani da cui conviene partire</h2>
<div class=""cpv-chip-list""><span class=""cpv-chip"">Leonardo da Vinci-Fiumicino Airport</span><span class=""cpv-chip"">Ciampino-G. B. Pastine International Airport</span><span class=""cpv-chip"">Milano Malpensa Airport</span><span class=""cpv-chip"">Orio al Serio International Airport</span><span class=""cpv-chip"">Milano Linate Airport</span><span class=""cpv-chip"">Naples International Airport</span></div>
<div class=""cpv-landing-grid"">
  <div class=""cpv-landing-card""><strong>City break</strong><p>Se Anjouan e una meta urbana, le partenze del venerdi e del sabato sono spesso le piu monitorate.</p></div>
  <div class=""cpv-landing-card""><strong>Viaggi stagionali</strong><p>In alcuni periodi dell'anno le tariffe possono variare molto, soprattutto vicino ai ponti e alle festivita.</p></div>
  <div class=""cpv-landing-card""><strong>Confronto rapido</strong><p>Valuta aeroporti maggiori e secondari per capire se un piccolo spostamento porta a un risparmio concreto.</p></div>
</div>
<h2>Domande frequenti sui voli per Anjouan</h2>
<div class=""cpv-faq"">
  <details><summary>Qual e il modo migliore per cercare voli per Anjouan?</summary><p>Confronta piu aeroporti italiani, prova date flessibili e verifica anche partenze infrasettimanali per migliorare le possibilita di risparmio.</p></details>
  <details><summary>Meglio volo diretto o con scalo?</summary><p>Per tratte medio-brevi il diretto e spesso la scelta piu comoda, mentre su alcune rotte uno scalo puo ridurre il prezzo finale.</p></details>
  <details><summary>Quando controllare i prezzi per Anjouan?</summary><p>Vale la pena iniziare a monitorare la rotta in anticipo e verificare con regolarita i giorni piu vicini alla partenza ideale.</p></details>
</div>","Voli per citta|Voli intercontinentali",city,AJN,/voli-per/anjouan/,"Voli per Anjouan (AJN): offerte e guide | ConfrontaPrezziVoli","Trova voli per Anjouan dai principali aeroporti italiani. Tariffe indicative da EUR 163 e consigli per scegliere il periodo migliore.","voli per Anjouan",cities,"Mese tipicamente conveniente: gennaio"
post,publish,"Voli per Ankang (AKA): offerte, compagnie e periodo migliore per prenotare",voli-per-ankang-aka,"Confronta voli per Ankang dai principali aeroporti italiani. Scopri prezzi indicativi, compagnie e consigli utili per organizzare la partenza.","<div class=""cpv-landing-note"">
  <p><strong>Perche cercare voli per Ankang qui.</strong> Questa pagina raccoglie un quadro rapido delle partenze italiane piu interessanti per Ankang, con tariffe indicative e consigli per scegliere il periodo piu vantaggioso.</p>
</div>
<div class=""cpv-stat-grid"">
  <div class=""cpv-stat""><strong>EUR 155</strong><span>Prezzo indicativo da monitorare dalle principali aree aeroportuali italiane.</span></div>
  <div class=""cpv-stat""><strong>maggio</strong><span>Periodo spesso interessante per tenere sotto controllo la rotta.</span></div>
  <div class=""cpv-stat""><strong>9</strong><span>Aeroporti italiani prioritari da confrontare per questa destinazione.</span></div>
</div>
<h2>Offerte voli per Ankang</h2>
<p>Per trovare il miglior equilibrio tra prezzo, durata e comfort, conviene verificare piu aeroporti di partenza italiani e confrontare giorni feriali e weekend.</p>
<table>
  <thead>
    <tr><th>Partenza</th><th>Prezzo da</th><th>Durata indicativa</th><th>Mese da monitorare</th></tr>
  </thead>
  <tbody>
    <tr><td>Leonardo da Vinci-Fiumicino Airport (FCO)</td><td>EUR 63</td><td>5h 20</td><td>settembre</td></tr><tr><td>Ciampino-G. B. Pastine International Airport (CIA)</td><td>EUR 23</td><td>2h 40</td><td>maggio</td></tr><tr><td>Milano Malpensa Airport (MXP)</td><td>EUR 192</td><td>5h 50</td><td>giugno</td></tr><tr><td>Orio al Serio International Airport (BGY)</td><td>EUR 178</td><td>4h 30</td><td>aprile</td></tr><tr><td>Milano Linate Airport (LIN)</td><td>EUR 19</td><td>5h 00</td><td>gennaio</td></tr><tr><td>Naples International Airport (NAP)</td><td>EUR 50</td><td>7h 10</td><td>agosto</td></tr><tr><td>Venice Marco Polo Airport (VCE)</td><td>EUR 198</td><td>2h 50</td><td>dicembre</td></tr><tr><td>Catania-Fontanarossa Airport (CTA)</td><td>EUR 136</td><td>8h 30</td><td>ottobre</td></tr><tr><td>Guglielmo Marconi Airport (BLQ)</td><td>EUR 128</td><td>4h 10</td><td>febbraio</td></tr>
  </tbody>
</table>
<h2>Aeroporti italiani da cui conviene partire</h2>
<div class=""cpv-chip-list""><span class=""cpv-chip"">Leonardo da Vinci-Fiumicino Airport</span><span class=""cpv-chip"">Ciampino-G. B. Pastine International Airport</span><span class=""cpv-chip"">Milano Malpensa Airport</span><span class=""cpv-chip"">Orio al Serio International Airport</span><span class=""cpv-chip"">Milano Linate Airport</span><span class=""cpv-chip"">Naples International Airport</span></div>
<div class=""cpv-landing-grid"">
  <div class=""cpv-landing-card""><strong>City break</strong><p>Se Ankang e una meta urbana, le partenze del venerdi e del sabato sono spesso le piu monitorate.</p></div>
  <div class=""cpv-landing-card""><strong>Viaggi stagionali</strong><p>In alcuni periodi dell'anno le tariffe possono variare molto, soprattutto vicino ai ponti e alle festivita.</p></div>
  <div class=""cpv-landing-card""><strong>Confronto rapido</strong><p>Valuta aeroporti maggiori e secondari per capire se un piccolo spostamento porta a un risparmio concreto.</p></div>
</div>
<h2>Domande frequenti sui voli per Ankang</h2>
<div class=""cpv-faq"">
  <details><summary>Qual e il modo migliore per cercare voli per Ankang?</summary><p>Confronta piu aeroporti italiani, prova date flessibili e verifica anche partenze infrasettimanali per migliorare le possibilita di risparmio.</p></details>
  <details><summary>Meglio volo diretto o con scalo?</summary><p>Per tratte medio-brevi il diretto e spesso la scelta piu comoda, mentre su alcune rotte uno scalo puo ridurre il prezzo finale.</p></details>
  <details><summary>Quando controllare i prezzi per Ankang?</summary><p>Vale la pena iniziare a monitorare la rotta in anticipo e verificare con regolarita i giorni piu vicini alla partenza ideale.</p></details>
</div>","Voli per citta|Voli intercontinentali",city,AKA,/voli-per/ankang/,"Voli per Ankang (AKA): offerte e guide | ConfrontaPrezziVoli","Trova voli per Ankang dai principali aeroporti italiani. Tariffe indicative da EUR 155 e consigli per scegliere il periodo migliore.","voli per Ankang",cities,"Mese tipicamente conveniente: maggio"
post,publish,"Voli per Ankara (ANK): offerte, compagnie e periodo migliore per prenotare",voli-per-ankara-ank,"Confronta voli per Ankara dai principali aeroporti italiani. Scopri prezzi indicativi, compagnie e consigli utili per organizzare la partenza.","<div class=""cpv-landing-note"">
  <p><strong>Perche cercare voli per Ankara qui.</strong> Questa pagina raccoglie un quadro rapido delle partenze italiane piu interessanti per Ankara, con tariffe indicative e consigli per scegliere il periodo piu vantaggioso.</p>
</div>
<div class=""cpv-stat-grid"">
  <div class=""cpv-stat""><strong>EUR 102</strong><span>Prezzo indicativo da monitorare dalle principali aree aeroportuali italiane.</span></div>
  <div class=""cpv-stat""><strong>dicembre</strong><span>Periodo spesso interessante per tenere sotto controllo la rotta.</span></div>
  <div class=""cpv-stat""><strong>9</strong><span>Aeroporti italiani prioritari da confrontare per questa destinazione.</span></div>
</div>
<h2>Offerte voli per Ankara</h2>
<p>Per trovare il miglior equilibrio tra prezzo, durata e comfort, conviene verificare piu aeroporti di partenza italiani e confrontare giorni feriali e weekend.</p>
<table>
  <thead>
    <tr><th>Partenza</th><th>Prezzo da</th><th>Durata indicativa</th><th>Mese da monitorare</th></tr>
  </thead>
  <tbody>
    <tr><td>Leonardo da Vinci-Fiumicino Airport (FCO)</td><td>EUR 98</td><td>2h 10</td><td>agosto</td></tr><tr><td>Ciampino-G. B. Pastine International Airport (CIA)</td><td>EUR 118</td><td>9h 30</td><td>aprile</td></tr><tr><td>Milano Malpensa Airport (MXP)</td><td>EUR 125</td><td>1h 40</td><td>novembre</td></tr><tr><td>Orio al Serio International Airport (BGY)</td><td>EUR 191</td><td>8h 40</td><td>maggio</td></tr><tr><td>Milano Linate Airport (LIN)</td><td>EUR 102</td><td>11h 50</td><td>dicembre</td></tr><tr><td>Naples International Airport (NAP)</td><td>EUR 195</td><td>3h 20</td><td>settembre</td></tr><tr><td>Venice Marco Polo Airport (VCE)</td><td>EUR 151</td><td>5h 00</td><td>gennaio</td></tr><tr><td>Catania-Fontanarossa Airport (CTA)</td><td>EUR 169</td><td>10h 00</td><td>luglio</td></tr><tr><td>Guglielmo Marconi Airport (BLQ)</td><td>EUR 193</td><td>10h 00</td><td>luglio</td></tr>
  </tbody>
</table>
<h2>Aeroporti italiani da cui conviene partire</h2>
<div class=""cpv-chip-list""><span class=""cpv-chip"">Leonardo da Vinci-Fiumicino Airport</span><span class=""cpv-chip"">Ciampino-G. B. Pastine International Airport</span><span class=""cpv-chip"">Milano Malpensa Airport</span><span class=""cpv-chip"">Orio al Serio International Airport</span><span class=""cpv-chip"">Milano Linate Airport</span><span class=""cpv-chip"">Naples International Airport</span></div>
<div class=""cpv-landing-grid"">
  <div class=""cpv-landing-card""><strong>City break</strong><p>Se Ankara e una meta urbana, le partenze del venerdi e del sabato sono spesso le piu monitorate.</p></div>
  <div class=""cpv-landing-card""><strong>Viaggi stagionali</strong><p>In alcuni periodi dell'anno le tariffe possono variare molto, soprattutto vicino ai ponti e alle festivita.</p></div>
  <div class=""cpv-landing-card""><strong>Confronto rapido</strong><p>Valuta aeroporti maggiori e secondari per capire se un piccolo spostamento porta a un risparmio concreto.</p></div>
</div>
<h2>Domande frequenti sui voli per Ankara</h2>
<div class=""cpv-faq"">
  <details><summary>Qual e il modo migliore per cercare voli per Ankara?</summary><p>Confronta piu aeroporti italiani, prova date flessibili e verifica anche partenze infrasettimanali per migliorare le possibilita di risparmio.</p></details>
  <details><summary>Meglio volo diretto o con scalo?</summary><p>Per tratte medio-brevi il diretto e spesso la scelta piu comoda, mentre su alcune rotte uno scalo puo ridurre il prezzo finale.</p></details>
  <details><summary>Quando controllare i prezzi per Ankara?</summary><p>Vale la pena iniziare a monitorare la rotta in anticipo e verificare con regolarita i giorni piu vicini alla partenza ideale.</p></details>
</div>","Voli per citta|Voli in Europa",city,ANK,/voli-per/ankara/,"Voli per Ankara (ANK): offerte e guide | ConfrontaPrezziVoli","Trova voli per Ankara dai principali aeroporti italiani. Tariffe indicative da EUR 102 e consigli per scegliere il periodo migliore.","voli per Ankara",cities,"Mese tipicamente conveniente: dicembre"
post,publish,"Voli per Ann (VBA): offerte, compagnie e periodo migliore per prenotare",voli-per-ann-vba,"Confronta voli per Ann dai principali aeroporti italiani. Scopri prezzi indicativi, compagnie e consigli utili per organizzare la partenza.","<div class=""cpv-landing-note"">
  <p><strong>Perche cercare voli per Ann qui.</strong> Questa pagina raccoglie un quadro rapido delle partenze italiane piu interessanti per Ann, con tariffe indicative e consigli per scegliere il periodo piu vantaggioso.</p>
</div>
<div class=""cpv-stat-grid"">
  <div class=""cpv-stat""><strong>EUR 115</strong><span>Prezzo indicativo da monitorare dalle principali aree aeroportuali italiane.</span></div>
  <div class=""cpv-stat""><strong>gennaio</strong><span>Periodo spesso interessante per tenere sotto controllo la rotta.</span></div>
  <div class=""cpv-stat""><strong>9</strong><span>Aeroporti italiani prioritari da confrontare per questa destinazione.</span></div>
</div>
<h2>Offerte voli per Ann</h2>
<p>Per trovare il miglior equilibrio tra prezzo, durata e comfort, conviene verificare piu aeroporti di partenza italiani e confrontare giorni feriali e weekend.</p>
<table>
  <thead>
    <tr><th>Partenza</th><th>Prezzo da</th><th>Durata indicativa</th><th>Mese da monitorare</th></tr>
  </thead>
  <tbody>
    <tr><td>Leonardo da Vinci-Fiumicino Airport (FCO)</td><td>EUR 155</td><td>5h 40</td><td>maggio</td></tr><tr><td>Ciampino-G. B. Pastine International Airport (CIA)</td><td>EUR 83</td><td>4h 40</td><td>maggio</td></tr><tr><td>Milano Malpensa Airport (MXP)</td><td>EUR 132</td><td>9h 50</td><td>giugno</td></tr><tr><td>Orio al Serio International Airport (BGY)</td><td>EUR 78</td><td>1h 50</td><td>dicembre</td></tr><tr><td>Milano Linate Airport (LIN)</td><td>EUR 159</td><td>2h 20</td><td>settembre</td></tr><tr><td>Naples International Airport (NAP)</td><td>EUR 30</td><td>4h 50</td><td>dicembre</td></tr><tr><td>Venice Marco Polo Airport (VCE)</td><td>EUR 174</td><td>5h 50</td><td>dicembre</td></tr><tr><td>Catania-Fontanarossa Airport (CTA)</td><td>EUR 24</td><td>2h 50</td><td>giugno</td></tr><tr><td>Guglielmo Marconi Airport (BLQ)</td><td>EUR 72</td><td>10h 50</td><td>giugno</td></tr>
  </tbody>
</table>
<h2>Aeroporti italiani da cui conviene partire</h2>
<div class=""cpv-chip-list""><span class=""cpv-chip"">Leonardo da Vinci-Fiumicino Airport</span><span class=""cpv-chip"">Ciampino-G. B. Pastine International Airport</span><span class=""cpv-chip"">Milano Malpensa Airport</span><span class=""cpv-chip"">Orio al Serio International Airport</span><span class=""cpv-chip"">Milano Linate Airport</span><span class=""cpv-chip"">Naples International Airport</span></div>
<div class=""cpv-landing-grid"">
  <div class=""cpv-landing-card""><strong>City break</strong><p>Se Ann e una meta urbana, le partenze del venerdi e del sabato sono spesso le piu monitorate.</p></div>
  <div class=""cpv-landing-card""><strong>Viaggi stagionali</strong><p>In alcuni periodi dell'anno le tariffe possono variare molto, soprattutto vicino ai ponti e alle festivita.</p></div>
  <div class=""cpv-landing-card""><strong>Confronto rapido</strong><p>Valuta aeroporti maggiori e secondari per capire se un piccolo spostamento porta a un risparmio concreto.</p></div>
</div>
<h2>Domande frequenti sui voli per Ann</h2>
<div class=""cpv-faq"">
  <details><summary>Qual e il modo migliore per cercare voli per Ann?</summary><p>Confronta piu aeroporti italiani, prova date flessibili e verifica anche partenze infrasettimanali per migliorare le possibilita di risparmio.</p></details>
  <details><summary>Meglio volo diretto o con scalo?</summary><p>Per tratte medio-brevi il diretto e spesso la scelta piu comoda, mentre su alcune rotte uno scalo puo ridurre il prezzo finale.</p></details>
  <details><summary>Quando controllare i prezzi per Ann?</summary><p>Vale la pena iniziare a monitorare la rotta in anticipo e verificare con regolarita i giorni piu vicini alla partenza ideale.</p></details>
</div>","Voli per citta|Voli intercontinentali",city,VBA,/voli-per/ann/,"Voli per Ann (VBA): offerte e guide | ConfrontaPrezziVoli","Trova voli per Ann dai principali aeroporti italiani. Tariffe indicative da EUR 115 e consigli per scegliere il periodo migliore.","voli per Ann",cities,"Mese tipicamente conveniente: gennaio"
post,publish,"Voli per Annaba (AAE): offerte, compagnie e periodo migliore per prenotare",voli-per-annaba-aae,"Confronta voli per Annaba dai principali aeroporti italiani. Scopri prezzi indicativi, compagnie e consigli utili per organizzare la partenza.","<div class=""cpv-landing-note"">
  <p><strong>Perche cercare voli per Annaba qui.</strong> Questa pagina raccoglie un quadro rapido delle partenze italiane piu interessanti per Annaba, con tariffe indicative e consigli per scegliere il periodo piu vantaggioso.</p>
</div>
<div class=""cpv-stat-grid"">
  <div class=""cpv-stat""><strong>EUR 126</strong><span>Prezzo indicativo da monitorare dalle principali aree aeroportuali italiane.</span></div>
  <div class=""cpv-stat""><strong>dicembre</strong><span>Periodo spesso interessante per tenere sotto controllo la rotta.</span></div>
  <div class=""cpv-stat""><strong>9</strong><span>Aeroporti italiani prioritari da confrontare per questa destinazione.</span></div>
</div>
<h2>Offerte voli per Annaba</h2>
<p>Per trovare il miglior equilibrio tra prezzo, durata e comfort, conviene verificare piu aeroporti di partenza italiani e confrontare giorni feriali e weekend.</p>
<table>
  <thead>
    <tr><th>Partenza</th><th>Prezzo da</th><th>Durata indicativa</th><th>Mese da monitorare</th></tr>
  </thead>
  <tbody>
    <tr><td>Leonardo da Vinci-Fiumicino Airport (FCO)</td><td>EUR 54</td><td>4h 50</td><td>dicembre</td></tr><tr><td>Ciampino-G. B. Pastine International Airport (CIA)</td><td>EUR 146</td><td>8h 10</td><td>agosto</td></tr><tr><td>Milano Malpensa Airport (MXP)</td><td>EUR 185</td><td>2h 40</td><td>novembre</td></tr><tr><td>Orio al Serio International Airport (BGY)</td><td>EUR 91</td><td>3h 00</td><td>gennaio</td></tr><tr><td>Milano Linate Airport (LIN)</td><td>EUR 94</td><td>9h 30</td><td>aprile</td></tr><tr><td>Naples International Airport (NAP)</td><td>EUR 111</td><td>11h 20</td><td>settembre</td></tr><tr><td>Venice Marco Polo Airport (VCE)</td><td>EUR 151</td><td>11h 00</td><td>gennaio</td></tr><tr><td>Catania-Fontanarossa Airport (CTA)</td><td>EUR 193</td><td>1h 00</td><td>luglio</td></tr><tr><td>Guglielmo Marconi Airport (BLQ)</td><td>EUR 89</td><td>7h 40</td><td>novembre</td></tr>
  </tbody>
</table>
<h2>Aeroporti italiani da cui conviene partire</h2>
<div class=""cpv-chip-list""><span class=""cpv-chip"">Leonardo da Vinci-Fiumicino Airport</span><span class=""cpv-chip"">Ciampino-G. B. Pastine International Airport</span><span class=""cpv-chip"">Milano Malpensa Airport</span><span class=""cpv-chip"">Orio al Serio International Airport</span><span class=""cpv-chip"">Milano Linate Airport</span><span class=""cpv-chip"">Naples International Airport</span></div>
<div class=""cpv-landing-grid"">
  <div class=""cpv-landing-card""><strong>City break</strong><p>Se Annaba e una meta urbana, le partenze del venerdi e del sabato sono spesso le piu monitorate.</p></div>
  <div class=""cpv-landing-card""><strong>Viaggi stagionali</strong><p>In alcuni periodi dell'anno le tariffe possono variare molto, soprattutto vicino ai ponti e alle festivita.</p></div>
  <div class=""cpv-landing-card""><strong>Confronto rapido</strong><p>Valuta aeroporti maggiori e secondari per capire se un piccolo spostamento porta a un risparmio concreto.</p></div>
</div>
<h2>Domande frequenti sui voli per Annaba</h2>
<div class=""cpv-faq"">
  <details><summary>Qual e il modo migliore per cercare voli per Annaba?</summary><p>Confronta piu aeroporti italiani, prova date flessibili e verifica anche partenze infrasettimanali per migliorare le possibilita di risparmio.</p></details>
  <details><summary>Meglio volo diretto o con scalo?</summary><p>Per tratte medio-brevi il diretto e spesso la scelta piu comoda, mentre su alcune rotte uno scalo puo ridurre il prezzo finale.</p></details>
  <details><summary>Quando controllare i prezzi per Annaba?</summary><p>Vale la pena iniziare a monitorare la rotta in anticipo e verificare con regolarita i giorni piu vicini alla partenza ideale.</p></details>
</div>","Voli per citta|Voli intercontinentali",city,AAE,/voli-per/annaba/,"Voli per Annaba (AAE): offerte e guide | ConfrontaPrezziVoli","Trova voli per Annaba dai principali aeroporti italiani. Tariffe indicative da EUR 126 e consigli per scegliere il periodo migliore.","voli per Annaba",cities,"Mese tipicamente conveniente: dicembre"
post,publish,"Voli per Anqing (AQG): offerte, compagnie e periodo migliore per prenotare",voli-per-anqing-aqg,"Confronta voli per Anqing dai principali aeroporti italiani. Scopri prezzi indicativi, compagnie e consigli utili per organizzare la partenza.","<div class=""cpv-landing-note"">
  <p><strong>Perche cercare voli per Anqing qui.</strong> Questa pagina raccoglie un quadro rapido delle partenze italiane piu interessanti per Anqing, con tariffe indicative e consigli per scegliere il periodo piu vantaggioso.</p>
</div>
<div class=""cpv-stat-grid"">
  <div class=""cpv-stat""><strong>EUR 21</strong><span>Prezzo indicativo da monitorare dalle principali aree aeroportuali italiane.</span></div>
  <div class=""cpv-stat""><strong>marzo</strong><span>Periodo spesso interessante per tenere sotto controllo la rotta.</span></div>
  <div class=""cpv-stat""><strong>9</strong><span>Aeroporti italiani prioritari da confrontare per questa destinazione.</span></div>
</div>
<h2>Offerte voli per Anqing</h2>
<p>Per trovare il miglior equilibrio tra prezzo, durata e comfort, conviene verificare piu aeroporti di partenza italiani e confrontare giorni feriali e weekend.</p>
<table>
  <thead>
    <tr><th>Partenza</th><th>Prezzo da</th><th>Durata indicativa</th><th>Mese da monitorare</th></tr>
  </thead>
  <tbody>
    <tr><td>Leonardo da Vinci-Fiumicino Airport (FCO)</td><td>EUR 193</td><td>7h 00</td><td>luglio</td></tr><tr><td>Ciampino-G. B. Pastine International Airport (CIA)</td><td>EUR 197</td><td>10h 40</td><td>novembre</td></tr><tr><td>Milano Malpensa Airport (MXP)</td><td>EUR 22</td><td>5h 30</td><td>aprile</td></tr><tr><td>Orio al Serio International Airport (BGY)</td><td>EUR 72</td><td>9h 50</td><td>giugno</td></tr><tr><td>Milano Linate Airport (LIN)</td><td>EUR 129</td><td>8h 20</td><td>marzo</td></tr><tr><td>Naples International Airport (NAP)</td><td>EUR 36</td><td>1h 50</td><td>giugno</td></tr><tr><td>Venice Marco Polo Airport (VCE)</td><td>EUR 128</td><td>6h 10</td><td>febbraio</td></tr><tr><td>Catania-Fontanarossa Airport (CTA)</td><td>EUR 110</td><td>3h 10</td><td>agosto</td></tr><tr><td>Guglielmo Marconi Airport (BLQ)</td><td>EUR 30</td><td>6h 50</td><td>dicembre</td></tr>
  </tbody>
</table>
<h2>Aeroporti italiani da cui conviene partire</h2>
<div class=""cpv-chip-list""><span class=""cpv-chip"">Leonardo da Vinci-Fiumicino Airport</span><span class=""cpv-chip"">Ciampino-G. B. Pastine International Airport</span><span class=""cpv-chip"">Milano Malpensa Airport</span><span class=""cpv-chip"">Orio al Serio International Airport</span><span class=""cpv-chip"">Milano Linate Airport</span><span class=""cpv-chip"">Naples International Airport</span></div>
<div class=""cpv-landing-grid"">
  <div class=""cpv-landing-card""><strong>City break</strong><p>Se Anqing e una meta urbana, le partenze del venerdi e del sabato sono spesso le piu monitorate.</p></div>
  <div class=""cpv-landing-card""><strong>Viaggi stagionali</strong><p>In alcuni periodi dell'anno le tariffe possono variare molto, soprattutto vicino ai ponti e alle festivita.</p></div>
  <div class=""cpv-landing-card""><strong>Confronto rapido</strong><p>Valuta aeroporti maggiori e secondari per capire se un piccolo spostamento porta a un risparmio concreto.</p></div>
</div>
<h2>Domande frequenti sui voli per Anqing</h2>
<div class=""cpv-faq"">
  <details><summary>Qual e il modo migliore per cercare voli per Anqing?</summary><p>Confronta piu aeroporti italiani, prova date flessibili e verifica anche partenze infrasettimanali per migliorare le possibilita di risparmio.</p></details>
  <details><summary>Meglio volo diretto o con scalo?</summary><p>Per tratte medio-brevi il diretto e spesso la scelta piu comoda, mentre su alcune rotte uno scalo puo ridurre il prezzo finale.</p></details>
  <details><summary>Quando controllare i prezzi per Anqing?</summary><p>Vale la pena iniziare a monitorare la rotta in anticipo e verificare con regolarita i giorni piu vicini alla partenza ideale.</p></details>
</div>","Voli per citta|Voli intercontinentali",city,AQG,/voli-per/anqing/,"Voli per Anqing (AQG): offerte e guide | ConfrontaPrezziVoli","Trova voli per Anqing dai principali aeroporti italiani. Tariffe indicative da EUR 21 e consigli per scegliere il periodo migliore.","voli per Anqing",cities,"Mese tipicamente conveniente: marzo"
post,publish,"Voli per Anshan (AOG): offerte, compagnie e periodo migliore per prenotare",voli-per-anshan-aog,"Confronta voli per Anshan dai principali aeroporti italiani. Scopri prezzi indicativi, compagnie e consigli utili per organizzare la partenza.","<div class=""cpv-landing-note"">
  <p><strong>Perche cercare voli per Anshan qui.</strong> Questa pagina raccoglie un quadro rapido delle partenze italiane piu interessanti per Anshan, con tariffe indicative e consigli per scegliere il periodo piu vantaggioso.</p>
</div>
<div class=""cpv-stat-grid"">
  <div class=""cpv-stat""><strong>EUR 28</strong><span>Prezzo indicativo da monitorare dalle principali aree aeroportuali italiane.</span></div>
  <div class=""cpv-stat""><strong>ottobre</strong><span>Periodo spesso interessante per tenere sotto controllo la rotta.</span></div>
  <div class=""cpv-stat""><strong>9</strong><span>Aeroporti italiani prioritari da confrontare per questa destinazione.</span></div>
</div>
<h2>Offerte voli per Anshan</h2>
<p>Per trovare il miglior equilibrio tra prezzo, durata e comfort, conviene verificare piu aeroporti di partenza italiani e confrontare giorni feriali e weekend.</p>
<table>
  <thead>
    <tr><th>Partenza</th><th>Prezzo da</th><th>Durata indicativa</th><th>Mese da monitorare</th></tr>
  </thead>
  <tbody>
    <tr><td>Leonardo da Vinci-Fiumicino Airport (FCO)</td><td>EUR 56</td><td>5h 10</td><td>febbraio</td></tr><tr><td>Ciampino-G. B. Pastine International Airport (CIA)</td><td>EUR 32</td><td>3h 10</td><td>febbraio</td></tr><tr><td>Milano Malpensa Airport (MXP)</td><td>EUR 139</td><td>5h 00</td><td>gennaio</td></tr><tr><td>Orio al Serio International Airport (BGY)</td><td>EUR 93</td><td>3h 20</td><td>marzo</td></tr><tr><td>Milano Linate Airport (LIN)</td><td>EUR 196</td><td>2h 30</td><td>ottobre</td></tr><tr><td>Naples International Airport (NAP)</td><td>EUR 73</td><td>5h 00</td><td>luglio</td></tr><tr><td>Venice Marco Polo Airport (VCE)</td><td>EUR 89</td><td>10h 40</td><td>novembre</td></tr><tr><td>Catania-Fontanarossa Airport (CTA)</td><td>EUR 59</td><td>1h 40</td><td>maggio</td></tr><tr><td>Guglielmo Marconi Airport (BLQ)</td><td>EUR 191</td><td>7h 40</td><td>maggio</td></tr>
  </tbody>
</table>
<h2>Aeroporti italiani da cui conviene partire</h2>
<div class=""cpv-chip-list""><span class=""cpv-chip"">Leonardo da Vinci-Fiumicino Airport</span><span class=""cpv-chip"">Ciampino-G. B. Pastine International Airport</span><span class=""cpv-chip"">Milano Malpensa Airport</span><span class=""cpv-chip"">Orio al Serio International Airport</span><span class=""cpv-chip"">Milano Linate Airport</span><span class=""cpv-chip"">Naples International Airport</span></div>
<div class=""cpv-landing-grid"">
  <div class=""cpv-landing-card""><strong>City break</strong><p>Se Anshan e una meta urbana, le partenze del venerdi e del sabato sono spesso le piu monitorate.</p></div>
  <div class=""cpv-landing-card""><strong>Viaggi stagionali</strong><p>In alcuni periodi dell'anno le tariffe possono variare molto, soprattutto vicino ai ponti e alle festivita.</p></div>
  <div class=""cpv-landing-card""><strong>Confronto rapido</strong><p>Valuta aeroporti maggiori e secondari per capire se un piccolo spostamento porta a un risparmio concreto.</p></div>
</div>
<h2>Domande frequenti sui voli per Anshan</h2>
<div class=""cpv-faq"">
  <details><summary>Qual e il modo migliore per cercare voli per Anshan?</summary><p>Confronta piu aeroporti italiani, prova date flessibili e verifica anche partenze infrasettimanali per migliorare le possibilita di risparmio.</p></details>
  <details><summary>Meglio volo diretto o con scalo?</summary><p>Per tratte medio-brevi il diretto e spesso la scelta piu comoda, mentre su alcune rotte uno scalo puo ridurre il prezzo finale.</p></details>
  <details><summary>Quando controllare i prezzi per Anshan?</summary><p>Vale la pena iniziare a monitorare la rotta in anticipo e verificare con regolarita i giorni piu vicini alla partenza ideale.</p></details>
</div>","Voli per citta|Voli intercontinentali",city,AOG,/voli-per/anshan/,"Voli per Anshan (AOG): offerte e guide | ConfrontaPrezziVoli","Trova voli per Anshan dai principali aeroporti italiani. Tariffe indicative da EUR 28 e consigli per scegliere il periodo migliore.","voli per Anshan",cities,"Mese tipicamente conveniente: ottobre"
post,publish,"Voli per Anta (ATA): offerte, compagnie e periodo migliore per prenotare",voli-per-anta-ata,"Confronta voli per Anta dai principali aeroporti italiani. Scopri prezzi indicativi, compagnie e consigli utili per organizzare la partenza.","<div class=""cpv-landing-note"">
  <p><strong>Perche cercare voli per Anta qui.</strong> Questa pagina raccoglie un quadro rapido delle partenze italiane piu interessanti per Anta, con tariffe indicative e consigli per scegliere il periodo piu vantaggioso.</p>
</div>
<div class=""cpv-stat-grid"">
  <div class=""cpv-stat""><strong>EUR 93</strong><span>Prezzo indicativo da monitorare dalle principali aree aeroportuali italiane.</span></div>
  <div class=""cpv-stat""><strong>marzo</strong><span>Periodo spesso interessante per tenere sotto controllo la rotta.</span></div>
  <div class=""cpv-stat""><strong>9</strong><span>Aeroporti italiani prioritari da confrontare per questa destinazione.</span></div>
</div>
<h2>Offerte voli per Anta</h2>
<p>Per trovare il miglior equilibrio tra prezzo, durata e comfort, conviene verificare piu aeroporti di partenza italiani e confrontare giorni feriali e weekend.</p>
<table>
  <thead>
    <tr><th>Partenza</th><th>Prezzo da</th><th>Durata indicativa</th><th>Mese da monitorare</th></tr>
  </thead>
  <tbody>
    <tr><td>Leonardo da Vinci-Fiumicino Airport (FCO)</td><td>EUR 153</td><td>4h 20</td><td>marzo</td></tr><tr><td>Ciampino-G. B. Pastine International Airport (CIA)</td><td>EUR 169</td><td>7h 00</td><td>luglio</td></tr><tr><td>Milano Malpensa Airport (MXP)</td><td>EUR 182</td><td>5h 10</td><td>agosto</td></tr><tr><td>Orio al Serio International Airport (BGY)</td><td>EUR 176</td><td>4h 10</td><td>febbraio</td></tr><tr><td>Milano Linate Airport (LIN)</td><td>EUR 145</td><td>2h 00</td><td>luglio</td></tr><tr><td>Naples International Airport (NAP)</td><td>EUR 112</td><td>3h 30</td><td>ottobre</td></tr><tr><td>Venice Marco Polo Airport (VCE)</td><td>EUR 160</td><td>7h 30</td><td>ottobre</td></tr><tr><td>Catania-Fontanarossa Airport (CTA)</td><td>EUR 78</td><td>7h 50</td><td>dicembre</td></tr><tr><td>Guglielmo Marconi Airport (BLQ)</td><td>EUR 190</td><td>5h 30</td><td>aprile</td></tr>
  </tbody>
</table>
<h2>Aeroporti italiani da cui conviene partire</h2>
<div class=""cpv-chip-list""><span class=""cpv-chip"">Leonardo da Vinci-Fiumicino Airport</span><span class=""cpv-chip"">Ciampino-G. B. Pastine International Airport</span><span class=""cpv-chip"">Milano Malpensa Airport</span><span class=""cpv-chip"">Orio al Serio International Airport</span><span class=""cpv-chip"">Milano Linate Airport</span><span class=""cpv-chip"">Naples International Airport</span></div>
<div class=""cpv-landing-grid"">
  <div class=""cpv-landing-card""><strong>City break</strong><p>Se Anta e una meta urbana, le partenze del venerdi e del sabato sono spesso le piu monitorate.</p></div>
  <div class=""cpv-landing-card""><strong>Viaggi stagionali</strong><p>In alcuni periodi dell'anno le tariffe possono variare molto, soprattutto vicino ai ponti e alle festivita.</p></div>
  <div class=""cpv-landing-card""><strong>Confronto rapido</strong><p>Valuta aeroporti maggiori e secondari per capire se un piccolo spostamento porta a un risparmio concreto.</p></div>
</div>
<h2>Domande frequenti sui voli per Anta</h2>
<div class=""cpv-faq"">
  <details><summary>Qual e il modo migliore per cercare voli per Anta?</summary><p>Confronta piu aeroporti italiani, prova date flessibili e verifica anche partenze infrasettimanali per migliorare le possibilita di risparmio.</p></details>
  <details><summary>Meglio volo diretto o con scalo?</summary><p>Per tratte medio-brevi il diretto e spesso la scelta piu comoda, mentre su alcune rotte uno scalo puo ridurre il prezzo finale.</p></details>
  <details><summary>Quando controllare i prezzi per Anta?</summary><p>Vale la pena iniziare a monitorare la rotta in anticipo e verificare con regolarita i giorni piu vicini alla partenza ideale.</p></details>
</div>","Voli per citta|Voli intercontinentali",city,ATA,/voli-per/anta/,"Voli per Anta (ATA): offerte e guide | ConfrontaPrezziVoli","Trova voli per Anta dai principali aeroporti italiani. Tariffe indicative da EUR 93 e consigli per scegliere il periodo migliore.","voli per Anta",cities,"Mese tipicamente conveniente: marzo"
post,publish,"Voli per Antakya (HTY): offerte, compagnie e periodo migliore per prenotare",voli-per-antakya-hty,"Confronta voli per Antakya dai principali aeroporti italiani. Scopri prezzi indicativi, compagnie e consigli utili per organizzare la partenza.","<div class=""cpv-landing-note"">
  <p><strong>Perche cercare voli per Antakya qui.</strong> Questa pagina raccoglie un quadro rapido delle partenze italiane piu interessanti per Antakya, con tariffe indicative e consigli per scegliere il periodo piu vantaggioso.</p>
</div>
<div class=""cpv-stat-grid"">
  <div class=""cpv-stat""><strong>EUR 178</strong><span>Prezzo indicativo da monitorare dalle principali aree aeroportuali italiane.</span></div>
  <div class=""cpv-stat""><strong>aprile</strong><span>Periodo spesso interessante per tenere sotto controllo la rotta.</span></div>
  <div class=""cpv-stat""><strong>9</strong><span>Aeroporti italiani prioritari da confrontare per questa destinazione.</span></div>
</div>
<h2>Offerte voli per Antakya</h2>
<p>Per trovare il miglior equilibrio tra prezzo, durata e comfort, conviene verificare piu aeroporti di partenza italiani e confrontare giorni feriali e weekend.</p>
<table>
  <thead>
    <tr><th>Partenza</th><th>Prezzo da</th><th>Durata indicativa</th><th>Mese da monitorare</th></tr>
  </thead>
  <tbody>
    <tr><td>Leonardo da Vinci-Fiumicino Airport (FCO)</td><td>EUR 102</td><td>6h 50</td><td>dicembre</td></tr><tr><td>Ciampino-G. B. Pastine International Airport (CIA)</td><td>EUR 50</td><td>4h 10</td><td>agosto</td></tr><tr><td>Milano Malpensa Airport (MXP)</td><td>EUR 153</td><td>10h 20</td><td>marzo</td></tr><tr><td>Orio al Serio International Airport (BGY)</td><td>EUR 127</td><td>6h 00</td><td>gennaio</td></tr><tr><td>Milano Linate Airport (LIN)</td><td>EUR 134</td><td>4h 10</td><td>agosto</td></tr><tr><td>Naples International Airport (NAP)</td><td>EUR 159</td><td>7h 20</td><td>settembre</td></tr><tr><td>Venice Marco Polo Airport (VCE)</td><td>EUR 63</td><td>7h 20</td><td>settembre</td></tr><tr><td>Catania-Fontanarossa Airport (CTA)</td><td>EUR 61</td><td>1h 00</td><td>luglio</td></tr><tr><td>Guglielmo Marconi Airport (BLQ)</td><td>EUR 193</td><td>1h 00</td><td>luglio</td></tr>
  </tbody>
</table>
<h2>Aeroporti italiani da cui conviene partire</h2>
<div class=""cpv-chip-list""><span class=""cpv-chip"">Leonardo da Vinci-Fiumicino Airport</span><span class=""cpv-chip"">Ciampino-G. B. Pastine International Airport</span><span class=""cpv-chip"">Milano Malpensa Airport</span><span class=""cpv-chip"">Orio al Serio International Airport</span><span class=""cpv-chip"">Milano Linate Airport</span><span class=""cpv-chip"">Naples International Airport</span></div>
<div class=""cpv-landing-grid"">
  <div class=""cpv-landing-card""><strong>City break</strong><p>Se Antakya e una meta urbana, le partenze del venerdi e del sabato sono spesso le piu monitorate.</p></div>
  <div class=""cpv-landing-card""><strong>Viaggi stagionali</strong><p>In alcuni periodi dell'anno le tariffe possono variare molto, soprattutto vicino ai ponti e alle festivita.</p></div>
  <div class=""cpv-landing-card""><strong>Confronto rapido</strong><p>Valuta aeroporti maggiori e secondari per capire se un piccolo spostamento porta a un risparmio concreto.</p></div>
</div>
<h2>Domande frequenti sui voli per Antakya</h2>
<div class=""cpv-faq"">
  <details><summary>Qual e il modo migliore per cercare voli per Antakya?</summary><p>Confronta piu aeroporti italiani, prova date flessibili e verifica anche partenze infrasettimanali per migliorare le possibilita di risparmio.</p></details>
  <details><summary>Meglio volo diretto o con scalo?</summary><p>Per tratte medio-brevi il diretto e spesso la scelta piu comoda, mentre su alcune rotte uno scalo puo ridurre il prezzo finale.</p></details>
  <details><summary>Quando controllare i prezzi per Antakya?</summary><p>Vale la pena iniziare a monitorare la rotta in anticipo e verificare con regolarita i giorni piu vicini alla partenza ideale.</p></details>
</div>","Voli per citta|Voli in Europa",city,HTY,/voli-per/antakya/,"Voli per Antakya (HTY): offerte e guide | ConfrontaPrezziVoli","Trova voli per Antakya dai principali aeroporti italiani. Tariffe indicative da EUR 178 e consigli per scegliere il periodo migliore.","voli per Antakya",cities,"Mese tipicamente conveniente: aprile"
post,publish,"Voli per Antalya (AYT): offerte, compagnie e periodo migliore per prenotare",voli-per-antalya-ayt,"Confronta voli per Antalya dai principali aeroporti italiani. Scopri prezzi indicativi, compagnie e consigli utili per organizzare la partenza.","<div class=""cpv-landing-note"">
  <p><strong>Perche cercare voli per Antalya qui.</strong> Questa pagina raccoglie un quadro rapido delle partenze italiane piu interessanti per Antalya, con tariffe indicative e consigli per scegliere il periodo piu vantaggioso.</p>
</div>
<div class=""cpv-stat-grid"">
  <div class=""cpv-stat""><strong>EUR 23</strong><span>Prezzo indicativo da monitorare dalle principali aree aeroportuali italiane.</span></div>
  <div class=""cpv-stat""><strong>maggio</strong><span>Periodo spesso interessante per tenere sotto controllo la rotta.</span></div>
  <div class=""cpv-stat""><strong>9</strong><span>Aeroporti italiani prioritari da confrontare per questa destinazione.</span></div>
</div>
<h2>Offerte voli per Antalya</h2>
<p>Per trovare il miglior equilibrio tra prezzo, durata e comfort, conviene verificare piu aeroporti di partenza italiani e confrontare giorni feriali e weekend.</p>
<table>
  <thead>
    <tr><th>Partenza</th><th>Prezzo da</th><th>Durata indicativa</th><th>Mese da monitorare</th></tr>
  </thead>
  <tbody>
    <tr><td>Leonardo da Vinci-Fiumicino Airport (FCO)</td><td>EUR 67</td><td>2h 00</td><td>gennaio</td></tr><tr><td>Ciampino-G. B. Pastine International Airport (CIA)</td><td>EUR 191</td><td>6h 40</td><td>maggio</td></tr><tr><td>Milano Malpensa Airport (MXP)</td><td>EUR 180</td><td>4h 50</td><td>giugno</td></tr><tr><td>Orio al Serio International Airport (BGY)</td><td>EUR 138</td><td>2h 50</td><td>dicembre</td></tr><tr><td>Milano Linate Airport (LIN)</td><td>EUR 123</td><td>11h 20</td><td>settembre</td></tr><tr><td>Naples International Airport (NAP)</td><td>EUR 98</td><td>9h 10</td><td>agosto</td></tr><tr><td>Venice Marco Polo Airport (VCE)</td><td>EUR 74</td><td>4h 10</td><td>agosto</td></tr><tr><td>Catania-Fontanarossa Airport (CTA)</td><td>EUR 44</td><td>10h 10</td><td>febbraio</td></tr><tr><td>Guglielmo Marconi Airport (BLQ)</td><td>EUR 104</td><td>10h 10</td><td>febbraio</td></tr>
  </tbody>
</table>
<h2>Aeroporti italiani da cui conviene partire</h2>
<div class=""cpv-chip-list""><span class=""cpv-chip"">Leonardo da Vinci-Fiumicino Airport</span><span class=""cpv-chip"">Ciampino-G. B. Pastine International Airport</span><span class=""cpv-chip"">Milano Malpensa Airport</span><span class=""cpv-chip"">Orio al Serio International Airport</span><span class=""cpv-chip"">Milano Linate Airport</span><span class=""cpv-chip"">Naples International Airport</span></div>
<div class=""cpv-landing-grid"">
  <div class=""cpv-landing-card""><strong>City break</strong><p>Se Antalya e una meta urbana, le partenze del venerdi e del sabato sono spesso le piu monitorate.</p></div>
  <div class=""cpv-landing-card""><strong>Viaggi stagionali</strong><p>In alcuni periodi dell'anno le tariffe possono variare molto, soprattutto vicino ai ponti e alle festivita.</p></div>
  <div class=""cpv-landing-card""><strong>Confronto rapido</strong><p>Valuta aeroporti maggiori e secondari per capire se un piccolo spostamento porta a un risparmio concreto.</p></div>
</div>
<h2>Domande frequenti sui voli per Antalya</h2>
<div class=""cpv-faq"">
  <details><summary>Qual e il modo migliore per cercare voli per Antalya?</summary><p>Confronta piu aeroporti italiani, prova date flessibili e verifica anche partenze infrasettimanali per migliorare le possibilita di risparmio.</p></details>
  <details><summary>Meglio volo diretto o con scalo?</summary><p>Per tratte medio-brevi il diretto e spesso la scelta piu comoda, mentre su alcune rotte uno scalo puo ridurre il prezzo finale.</p></details>
  <details><summary>Quando controllare i prezzi per Antalya?</summary><p>Vale la pena iniziare a monitorare la rotta in anticipo e verificare con regolarita i giorni piu vicini alla partenza ideale.</p></details>
</div>","Voli per citta|Voli in Europa",city,AYT,/voli-per/antalya/,"Voli per Antalya (AYT): offerte e guide | ConfrontaPrezziVoli","Trova voli per Antalya dai principali aeroporti italiani. Tariffe indicative da EUR 23 e consigli per scegliere il periodo migliore.","voli per Antalya",cities,"Mese tipicamente conveniente: maggio"
post,publish,"Voli per Antananarivo (TNR): offerte, compagnie e periodo migliore per prenotare",voli-per-antananarivo-tnr,"Confronta voli per Antananarivo dai principali aeroporti italiani. Scopri prezzi indicativi, compagnie e consigli utili per organizzare la partenza.","<div class=""cpv-landing-note"">
  <p><strong>Perche cercare voli per Antananarivo qui.</strong> Questa pagina raccoglie un quadro rapido delle partenze italiane piu interessanti per Antananarivo, con tariffe indicative e consigli per scegliere il periodo piu vantaggioso.</p>
</div>
<div class=""cpv-stat-grid"">
  <div class=""cpv-stat""><strong>EUR 91</strong><span>Prezzo indicativo da monitorare dalle principali aree aeroportuali italiane.</span></div>
  <div class=""cpv-stat""><strong>gennaio</strong><span>Periodo spesso interessante per tenere sotto controllo la rotta.</span></div>
  <div class=""cpv-stat""><strong>9</strong><span>Aeroporti italiani prioritari da confrontare per questa destinazione.</span></div>
</div>
<h2>Offerte voli per Antananarivo</h2>
<p>Per trovare il miglior equilibrio tra prezzo, durata e comfort, conviene verificare piu aeroporti di partenza italiani e confrontare giorni feriali e weekend.</p>
<table>
  <thead>
    <tr><th>Partenza</th><th>Prezzo da</th><th>Durata indicativa</th><th>Mese da monitorare</th></tr>
  </thead>
  <tbody>
    <tr><td>Leonardo da Vinci-Fiumicino Airport (FCO)</td><td>EUR 143</td><td>8h 40</td><td>maggio</td></tr><tr><td>Ciampino-G. B. Pastine International Airport (CIA)</td><td>EUR 47</td><td>8h 40</td><td>maggio</td></tr><tr><td>Milano Malpensa Airport (MXP)</td><td>EUR 84</td><td>10h 50</td><td>giugno</td></tr><tr><td>Orio al Serio International Airport (BGY)</td><td>EUR 178</td><td>6h 30</td><td>aprile</td></tr><tr><td>Milano Linate Airport (LIN)</td><td>EUR 147</td><td>2h 20</td><td>settembre</td></tr><tr><td>Naples International Airport (NAP)</td><td>EUR 166</td><td>3h 30</td><td>aprile</td></tr><tr><td>Venice Marco Polo Airport (VCE)</td><td>EUR 50</td><td>1h 10</td><td>agosto</td></tr><tr><td>Catania-Fontanarossa Airport (CTA)</td><td>EUR 144</td><td>11h 50</td><td>giugno</td></tr><tr><td>Guglielmo Marconi Airport (BLQ)</td><td>EUR 140</td><td>10h 10</td><td>febbraio</td></tr>
  </tbody>
</table>
<h2>Aeroporti italiani da cui conviene partire</h2>
<div class=""cpv-chip-list""><span class=""cpv-chip"">Leonardo da Vinci-Fiumicino Airport</span><span class=""cpv-chip"">Ciampino-G. B. Pastine International Airport</span><span class=""cpv-chip"">Milano Malpensa Airport</span><span class=""cpv-chip"">Orio al Serio International Airport</span><span class=""cpv-chip"">Milano Linate Airport</span><span class=""cpv-chip"">Naples International Airport</span></div>
<div class=""cpv-landing-grid"">
  <div class=""cpv-landing-card""><strong>City break</strong><p>Se Antananarivo e una meta urbana, le partenze del venerdi e del sabato sono spesso le piu monitorate.</p></div>
  <div class=""cpv-landing-card""><strong>Viaggi stagionali</strong><p>In alcuni periodi dell'anno le tariffe possono variare molto, soprattutto vicino ai ponti e alle festivita.</p></div>
  <div class=""cpv-landing-card""><strong>Confronto rapido</strong><p>Valuta aeroporti maggiori e secondari per capire se un piccolo spostamento porta a un risparmio concreto.</p></div>
</div>
<h2>Domande frequenti sui voli per Antananarivo</h2>
<div class=""cpv-faq"">
  <details><summary>Qual e il modo migliore per cercare voli per Antananarivo?</summary><p>Confronta piu aeroporti italiani, prova date flessibili e verifica anche partenze infrasettimanali per migliorare le possibilita di risparmio.</p></details>
  <details><summary>Meglio volo diretto o con scalo?</summary><p>Per tratte medio-brevi il diretto e spesso la scelta piu comoda, mentre su alcune rotte uno scalo puo ridurre il prezzo finale.</p></details>
  <details><summary>Quando controllare i prezzi per Antananarivo?</summary><p>Vale la pena iniziare a monitorare la rotta in anticipo e verificare con regolarita i giorni piu vicini alla partenza ideale.</p></details>
</div>","Voli per citta|Voli intercontinentali",city,TNR,/voli-per/antananarivo/,"Voli per Antananarivo (TNR): offerte e guide | ConfrontaPrezziVoli","Trova voli per Antananarivo dai principali aeroporti italiani. Tariffe indicative da EUR 91 e consigli per scegliere il periodo migliore.","voli per Antananarivo",cities,"Mese tipicamente conveniente: gennaio"
post,publish,"Voli per Antigua (ANU): offerte, compagnie e periodo migliore per prenotare",voli-per-antigua-anu,"Confronta voli per Antigua dai principali aeroporti italiani. Scopri prezzi indicativi, compagnie e consigli utili per organizzare la partenza.","<div class=""cpv-landing-note"">
  <p><strong>Perche cercare voli per Antigua qui.</strong> Questa pagina raccoglie un quadro rapido delle partenze italiane piu interessanti per Antigua, con tariffe indicative e consigli per scegliere il periodo piu vantaggioso.</p>
</div>
<div class=""cpv-stat-grid"">
  <div class=""cpv-stat""><strong>EUR 103</strong><span>Prezzo indicativo da monitorare dalle principali aree aeroportuali italiane.</span></div>
  <div class=""cpv-stat""><strong>gennaio</strong><span>Periodo spesso interessante per tenere sotto controllo la rotta.</span></div>
  <div class=""cpv-stat""><strong>9</strong><span>Aeroporti italiani prioritari da confrontare per questa destinazione.</span></div>
</div>
<h2>Offerte voli per Antigua</h2>
<p>Per trovare il miglior equilibrio tra prezzo, durata e comfort, conviene verificare piu aeroporti di partenza italiani e confrontare giorni feriali e weekend.</p>
<table>
  <thead>
    <tr><th>Partenza</th><th>Prezzo da</th><th>Durata indicativa</th><th>Mese da monitorare</th></tr>
  </thead>
  <tbody>
    <tr><td>Leonardo da Vinci-Fiumicino Airport (FCO)</td><td>EUR 47</td><td>11h 40</td><td>maggio</td></tr><tr><td>Ciampino-G. B. Pastine International Airport (CIA)</td><td>EUR 19</td><td>8h 00</td><td>gennaio</td></tr><tr><td>Milano Malpensa Airport (MXP)</td><td>EUR 28</td><td>3h 30</td><td>ottobre</td></tr><tr><td>Orio al Serio International Airport (BGY)</td><td>EUR 102</td><td>3h 50</td><td>dicembre</td></tr><tr><td>Milano Linate Airport (LIN)</td><td>EUR 23</td><td>5h 40</td><td>maggio</td></tr><tr><td>Naples International Airport (NAP)</td><td>EUR 94</td><td>2h 30</td><td>aprile</td></tr><tr><td>Venice Marco Polo Airport (VCE)</td><td>EUR 118</td><td>4h 30</td><td>aprile</td></tr><tr><td>Catania-Fontanarossa Airport (CTA)</td><td>EUR 168</td><td>1h 50</td><td>giugno</td></tr><tr><td>Guglielmo Marconi Airport (BLQ)</td><td>EUR 188</td><td>6h 10</td><td>febbraio</td></tr>
  </tbody>
</table>
<h2>Aeroporti italiani da cui conviene partire</h2>
<div class=""cpv-chip-list""><span class=""cpv-chip"">Leonardo da Vinci-Fiumicino Airport</span><span class=""cpv-chip"">Ciampino-G. B. Pastine International Airport</span><span class=""cpv-chip"">Milano Malpensa Airport</span><span class=""cpv-chip"">Orio al Serio International Airport</span><span class=""cpv-chip"">Milano Linate Airport</span><span class=""cpv-chip"">Naples International Airport</span></div>
<div class=""cpv-landing-grid"">
  <div class=""cpv-landing-card""><strong>City break</strong><p>Se Antigua e una meta urbana, le partenze del venerdi e del sabato sono spesso le piu monitorate.</p></div>
  <div class=""cpv-landing-card""><strong>Viaggi stagionali</strong><p>In alcuni periodi dell'anno le tariffe possono variare molto, soprattutto vicino ai ponti e alle festivita.</p></div>
  <div class=""cpv-landing-card""><strong>Confronto rapido</strong><p>Valuta aeroporti maggiori e secondari per capire se un piccolo spostamento porta a un risparmio concreto.</p></div>
</div>
<h2>Domande frequenti sui voli per Antigua</h2>
<div class=""cpv-faq"">
  <details><summary>Qual e il modo migliore per cercare voli per Antigua?</summary><p>Confronta piu aeroporti italiani, prova date flessibili e verifica anche partenze infrasettimanali per migliorare le possibilita di risparmio.</p></details>
  <details><summary>Meglio volo diretto o con scalo?</summary><p>Per tratte medio-brevi il diretto e spesso la scelta piu comoda, mentre su alcune rotte uno scalo puo ridurre il prezzo finale.</p></details>
  <details><summary>Quando controllare i prezzi per Antigua?</summary><p>Vale la pena iniziare a monitorare la rotta in anticipo e verificare con regolarita i giorni piu vicini alla partenza ideale.</p></details>
</div>","Voli per citta|Voli intercontinentali",city,ANU,/voli-per/antigua/,"Voli per Antigua (ANU): offerte e guide | ConfrontaPrezziVoli","Trova voli per Antigua dai principali aeroporti italiani. Tariffe indicative da EUR 103 e consigli per scegliere il periodo migliore.","voli per Antigua",cities,"Mese tipicamente conveniente: gennaio"
post,publish,"Voli per Antique (EUQ): offerte, compagnie e periodo migliore per prenotare",voli-per-antique-euq,"Confronta voli per Antique dai principali aeroporti italiani. Scopri prezzi indicativi, compagnie e consigli utili per organizzare la partenza.","<div class=""cpv-landing-note"">
  <p><strong>Perche cercare voli per Antique qui.</strong> Questa pagina raccoglie un quadro rapido delle partenze italiane piu interessanti per Antique, con tariffe indicative e consigli per scegliere il periodo piu vantaggioso.</p>
</div>
<div class=""cpv-stat-grid"">
  <div class=""cpv-stat""><strong>EUR 74</strong><span>Prezzo indicativo da monitorare dalle principali aree aeroportuali italiane.</span></div>
  <div class=""cpv-stat""><strong>agosto</strong><span>Periodo spesso interessante per tenere sotto controllo la rotta.</span></div>
  <div class=""cpv-stat""><strong>9</strong><span>Aeroporti italiani prioritari da confrontare per questa destinazione.</span></div>
</div>
<h2>Offerte voli per Antique</h2>
<p>Per trovare il miglior equilibrio tra prezzo, durata e comfort, conviene verificare piu aeroporti di partenza italiani e confrontare giorni feriali e weekend.</p>
<table>
  <thead>
    <tr><th>Partenza</th><th>Prezzo da</th><th>Durata indicativa</th><th>Mese da monitorare</th></tr>
  </thead>
  <tbody>
    <tr><td>Leonardo da Vinci-Fiumicino Airport (FCO)</td><td>EUR 110</td><td>6h 10</td><td>agosto</td></tr><tr><td>Ciampino-G. B. Pastine International Airport (CIA)</td><td>EUR 134</td><td>4h 10</td><td>agosto</td></tr><tr><td>Milano Malpensa Airport (MXP)</td><td>EUR 113</td><td>4h 40</td><td>novembre</td></tr><tr><td>Orio al Serio International Airport (BGY)</td><td>EUR 175</td><td>7h 00</td><td>gennaio</td></tr><tr><td>Milano Linate Airport (LIN)</td><td>EUR 170</td><td>7h 10</td><td>agosto</td></tr><tr><td>Naples International Airport (NAP)</td><td>EUR 167</td><td>5h 40</td><td>maggio</td></tr><tr><td>Venice Marco Polo Airport (VCE)</td><td>EUR 167</td><td>2h 40</td><td>maggio</td></tr><tr><td>Catania-Fontanarossa Airport (CTA)</td><td>EUR 105</td><td>4h 20</td><td>marzo</td></tr><tr><td>Guglielmo Marconi Airport (BLQ)</td><td>EUR 57</td><td>8h 20</td><td>marzo</td></tr>
  </tbody>
</table>
<h2>Aeroporti italiani da cui conviene partire</h2>
<div class=""cpv-chip-list""><span class=""cpv-chip"">Leonardo da Vinci-Fiumicino Airport</span><span class=""cpv-chip"">Ciampino-G. B. Pastine International Airport</span><span class=""cpv-chip"">Milano Malpensa Airport</span><span class=""cpv-chip"">Orio al Serio International Airport</span><span class=""cpv-chip"">Milano Linate Airport</span><span class=""cpv-chip"">Naples International Airport</span></div>
<div class=""cpv-landing-grid"">
  <div class=""cpv-landing-card""><strong>City break</strong><p>Se Antique e una meta urbana, le partenze del venerdi e del sabato sono spesso le piu monitorate.</p></div>
  <div class=""cpv-landing-card""><strong>Viaggi stagionali</strong><p>In alcuni periodi dell'anno le tariffe possono variare molto, soprattutto vicino ai ponti e alle festivita.</p></div>
  <div class=""cpv-landing-card""><strong>Confronto rapido</strong><p>Valuta aeroporti maggiori e secondari per capire se un piccolo spostamento porta a un risparmio concreto.</p></div>
</div>
<h2>Domande frequenti sui voli per Antique</h2>
<div class=""cpv-faq"">
  <details><summary>Qual e il modo migliore per cercare voli per Antique?</summary><p>Confronta piu aeroporti italiani, prova date flessibili e verifica anche partenze infrasettimanali per migliorare le possibilita di risparmio.</p></details>
  <details><summary>Meglio volo diretto o con scalo?</summary><p>Per tratte medio-brevi il diretto e spesso la scelta piu comoda, mentre su alcune rotte uno scalo puo ridurre il prezzo finale.</p></details>
  <details><summary>Quando controllare i prezzi per Antique?</summary><p>Vale la pena iniziare a monitorare la rotta in anticipo e verificare con regolarita i giorni piu vicini alla partenza ideale.</p></details>
</div>","Voli per citta|Voli intercontinentali",city,EUQ,/voli-per/antique/,"Voli per Antique (EUQ): offerte e guide | ConfrontaPrezziVoli","Trova voli per Antique dai principali aeroporti italiani. Tariffe indicative da EUR 74 e consigli per scegliere il periodo migliore.","voli per Antique",cities,"Mese tipicamente conveniente: agosto"
post,publish,"Voli per Antofagasta (ANF): offerte, compagnie e periodo migliore per prenotare",voli-per-antofagasta-anf,"Confronta voli per Antofagasta dai principali aeroporti italiani. Scopri prezzi indicativi, compagnie e consigli utili per organizzare la partenza.","<div class=""cpv-landing-note"">
  <p><strong>Perche cercare voli per Antofagasta qui.</strong> Questa pagina raccoglie un quadro rapido delle partenze italiane piu interessanti per Antofagasta, con tariffe indicative e consigli per scegliere il periodo piu vantaggioso.</p>
</div>
<div class=""cpv-stat-grid"">
  <div class=""cpv-stat""><strong>EUR 65</strong><span>Prezzo indicativo da monitorare dalle principali aree aeroportuali italiane.</span></div>
  <div class=""cpv-stat""><strong>novembre</strong><span>Periodo spesso interessante per tenere sotto controllo la rotta.</span></div>
  <div class=""cpv-stat""><strong>9</strong><span>Aeroporti italiani prioritari da confrontare per questa destinazione.</span></div>
</div>
<h2>Offerte voli per Antofagasta</h2>
<p>Per trovare il miglior equilibrio tra prezzo, durata e comfort, conviene verificare piu aeroporti di partenza italiani e confrontare giorni feriali e weekend.</p>
<table>
  <thead>
    <tr><th>Partenza</th><th>Prezzo da</th><th>Durata indicativa</th><th>Mese da monitorare</th></tr>
  </thead>
  <tbody>
    <tr><td>Leonardo da Vinci-Fiumicino Airport (FCO)</td><td>EUR 117</td><td>5h 20</td><td>marzo</td></tr><tr><td>Ciampino-G. B. Pastine International Airport (CIA)</td><td>EUR 105</td><td>3h 20</td><td>marzo</td></tr><tr><td>Milano Malpensa Airport (MXP)</td><td>EUR 186</td><td>10h 50</td><td>dicembre</td></tr><tr><td>Orio al Serio International Airport (BGY)</td><td>EUR 44</td><td>7h 10</td><td>febbraio</td></tr><tr><td>Milano Linate Airport (LIN)</td><td>EUR 181</td><td>8h 00</td><td>luglio</td></tr><tr><td>Naples International Airport (NAP)</td><td>EUR 104</td><td>1h 10</td><td>febbraio</td></tr><tr><td>Venice Marco Polo Airport (VCE)</td><td>EUR 32</td><td>9h 10</td><td>febbraio</td></tr><tr><td>Catania-Fontanarossa Airport (CTA)</td><td>EUR 78</td><td>2h 50</td><td>dicembre</td></tr><tr><td>Guglielmo Marconi Airport (BLQ)</td><td>EUR 82</td><td>8h 30</td><td>aprile</td></tr>
  </tbody>
</table>
<h2>Aeroporti italiani da cui conviene partire</h2>
<div class=""cpv-chip-list""><span class=""cpv-chip"">Leonardo da Vinci-Fiumicino Airport</span><span class=""cpv-chip"">Ciampino-G. B. Pastine International Airport</span><span class=""cpv-chip"">Milano Malpensa Airport</span><span class=""cpv-chip"">Orio al Serio International Airport</span><span class=""cpv-chip"">Milano Linate Airport</span><span class=""cpv-chip"">Naples International Airport</span></div>
<div class=""cpv-landing-grid"">
  <div class=""cpv-landing-card""><strong>City break</strong><p>Se Antofagasta e una meta urbana, le partenze del venerdi e del sabato sono spesso le piu monitorate.</p></div>
  <div class=""cpv-landing-card""><strong>Viaggi stagionali</strong><p>In alcuni periodi dell'anno le tariffe possono variare molto, soprattutto vicino ai ponti e alle festivita.</p></div>
  <div class=""cpv-landing-card""><strong>Confronto rapido</strong><p>Valuta aeroporti maggiori e secondari per capire se un piccolo spostamento porta a un risparmio concreto.</p></div>
</div>
<h2>Domande frequenti sui voli per Antofagasta</h2>
<div class=""cpv-faq"">
  <details><summary>Qual e il modo migliore per cercare voli per Antofagasta?</summary><p>Confronta piu aeroporti italiani, prova date flessibili e verifica anche partenze infrasettimanali per migliorare le possibilita di risparmio.</p></details>
  <details><summary>Meglio volo diretto o con scalo?</summary><p>Per tratte medio-brevi il diretto e spesso la scelta piu comoda, mentre su alcune rotte uno scalo puo ridurre il prezzo finale.</p></details>
  <details><summary>Quando controllare i prezzi per Antofagasta?</summary><p>Vale la pena iniziare a monitorare la rotta in anticipo e verificare con regolarita i giorni piu vicini alla partenza ideale.</p></details>
</div>","Voli per citta|Voli intercontinentali",city,ANF,/voli-per/antofagasta/,"Voli per Antofagasta (ANF): offerte e guide | ConfrontaPrezziVoli","Trova voli per Antofagasta dai principali aeroporti italiani. Tariffe indicative da EUR 65 e consigli per scegliere il periodo migliore.","voli per Antofagasta",cities,"Mese tipicamente conveniente: novembre"
post,publish,"Voli per Antsiranana (DIE): offerte, compagnie e periodo migliore per prenotare",voli-per-antsiranana-die,"Confronta voli per Antsiranana dai principali aeroporti italiani. Scopri prezzi indicativi, compagnie e consigli utili per organizzare la partenza.","<div class=""cpv-landing-note"">
  <p><strong>Perche cercare voli per Antsiranana qui.</strong> Questa pagina raccoglie un quadro rapido delle partenze italiane piu interessanti per Antsiranana, con tariffe indicative e consigli per scegliere il periodo piu vantaggioso.</p>
</div>
<div class=""cpv-stat-grid"">
  <div class=""cpv-stat""><strong>EUR 139</strong><span>Prezzo indicativo da monitorare dalle principali aree aeroportuali italiane.</span></div>
  <div class=""cpv-stat""><strong>gennaio</strong><span>Periodo spesso interessante per tenere sotto controllo la rotta.</span></div>
  <div class=""cpv-stat""><strong>9</strong><span>Aeroporti italiani prioritari da confrontare per questa destinazione.</span></div>
</div>
<h2>Offerte voli per Antsiranana</h2>
<p>Per trovare il miglior equilibrio tra prezzo, durata e comfort, conviene verificare piu aeroporti di partenza italiani e confrontare giorni feriali e weekend.</p>
<table>
  <thead>
    <tr><th>Partenza</th><th>Prezzo da</th><th>Durata indicativa</th><th>Mese da monitorare</th></tr>
  </thead>
  <tbody>
    <tr><td>Leonardo da Vinci-Fiumicino Airport (FCO)</td><td>EUR 119</td><td>2h 40</td><td>maggio</td></tr><tr><td>Ciampino-G. B. Pastine International Airport (CIA)</td><td>EUR 91</td><td>10h 00</td><td>gennaio</td></tr><tr><td>Milano Malpensa Airport (MXP)</td><td>EUR 188</td><td>2h 10</td><td>febbraio</td></tr><tr><td>Orio al Serio International Airport (BGY)</td><td>EUR 86</td><td>3h 10</td><td>agosto</td></tr><tr><td>Milano Linate Airport (LIN)</td><td>EUR 143</td><td>4h 40</td><td>maggio</td></tr><tr><td>Naples International Airport (NAP)</td><td>EUR 78</td><td>10h 50</td><td>dicembre</td></tr><tr><td>Venice Marco Polo Airport (VCE)</td><td>EUR 178</td><td>1h 30</td><td>aprile</td></tr><tr><td>Catania-Fontanarossa Airport (CTA)</td><td>EUR 152</td><td>11h 10</td><td>febbraio</td></tr><tr><td>Guglielmo Marconi Airport (BLQ)</td><td>EUR 84</td><td>2h 50</td><td>giugno</td></tr>
  </tbody>
</table>
<h2>Aeroporti italiani da cui conviene partire</h2>
<div class=""cpv-chip-list""><span class=""cpv-chip"">Leonardo da Vinci-Fiumicino Airport</span><span class=""cpv-chip"">Ciampino-G. B. Pastine International Airport</span><span class=""cpv-chip"">Milano Malpensa Airport</span><span class=""cpv-chip"">Orio al Serio International Airport</span><span class=""cpv-chip"">Milano Linate Airport</span><span class=""cpv-chip"">Naples International Airport</span></div>
<div class=""cpv-landing-grid"">
  <div class=""cpv-landing-card""><strong>City break</strong><p>Se Antsiranana e una meta urbana, le partenze del venerdi e del sabato sono spesso le piu monitorate.</p></div>
  <div class=""cpv-landing-card""><strong>Viaggi stagionali</strong><p>In alcuni periodi dell'anno le tariffe possono variare molto, soprattutto vicino ai ponti e alle festivita.</p></div>
  <div class=""cpv-landing-card""><strong>Confronto rapido</strong><p>Valuta aeroporti maggiori e secondari per capire se un piccolo spostamento porta a un risparmio concreto.</p></div>
</div>
<h2>Domande frequenti sui voli per Antsiranana</h2>
<div class=""cpv-faq"">
  <details><summary>Qual e il modo migliore per cercare voli per Antsiranana?</summary><p>Confronta piu aeroporti italiani, prova date flessibili e verifica anche partenze infrasettimanali per migliorare le possibilita di risparmio.</p></details>
  <details><summary>Meglio volo diretto o con scalo?</summary><p>Per tratte medio-brevi il diretto e spesso la scelta piu comoda, mentre su alcune rotte uno scalo puo ridurre il prezzo finale.</p></details>
  <details><summary>Quando controllare i prezzi per Antsiranana?</summary><p>Vale la pena iniziare a monitorare la rotta in anticipo e verificare con regolarita i giorni piu vicini alla partenza ideale.</p></details>
</div>","Voli per citta|Voli intercontinentali",city,DIE,/voli-per/antsiranana/,"Voli per Antsiranana (DIE): offerte e guide | ConfrontaPrezziVoli","Trova voli per Antsiranana dai principali aeroporti italiani. Tariffe indicative da EUR 139 e consigli per scegliere il periodo migliore.","voli per Antsiranana",cities,"Mese tipicamente conveniente: gennaio"
post,publish,"Voli per Antwerp (ANR): offerte, compagnie e periodo migliore per prenotare",voli-per-antwerp-anr,"Confronta voli per Antwerp dai principali aeroporti italiani. Scopri prezzi indicativi, compagnie e consigli utili per organizzare la partenza.","<div class=""cpv-landing-note"">
  <p><strong>Perche cercare voli per Antwerp qui.</strong> Questa pagina raccoglie un quadro rapido delle partenze italiane piu interessanti per Antwerp, con tariffe indicative e consigli per scegliere il periodo piu vantaggioso.</p>
</div>
<div class=""cpv-stat-grid"">
  <div class=""cpv-stat""><strong>EUR 74</strong><span>Prezzo indicativo da monitorare dalle principali aree aeroportuali italiane.</span></div>
  <div class=""cpv-stat""><strong>agosto</strong><span>Periodo spesso interessante per tenere sotto controllo la rotta.</span></div>
  <div class=""cpv-stat""><strong>9</strong><span>Aeroporti italiani prioritari da confrontare per questa destinazione.</span></div>
</div>
<h2>Offerte voli per Antwerp</h2>
<p>Per trovare il miglior equilibrio tra prezzo, durata e comfort, conviene verificare piu aeroporti di partenza italiani e confrontare giorni feriali e weekend.</p>
<table>
  <thead>
    <tr><th>Partenza</th><th>Prezzo da</th><th>Durata indicativa</th><th>Mese da monitorare</th></tr>
  </thead>
  <tbody>
    <tr><td>Leonardo da Vinci-Fiumicino Airport (FCO)</td><td>EUR 114</td><td>1h 50</td><td>dicembre</td></tr><tr><td>Ciampino-G. B. Pastine International Airport (CIA)</td><td>EUR 122</td><td>10h 10</td><td>agosto</td></tr><tr><td>Milano Malpensa Airport (MXP)</td><td>EUR 113</td><td>4h 40</td><td>novembre</td></tr><tr><td>Orio al Serio International Airport (BGY)</td><td>EUR 179</td><td>1h 40</td><td>maggio</td></tr><tr><td>Milano Linate Airport (LIN)</td><td>EUR 34</td><td>5h 30</td><td>aprile</td></tr><tr><td>Naples International Airport (NAP)</td><td>EUR 179</td><td>2h 40</td><td>maggio</td></tr><tr><td>Venice Marco Polo Airport (VCE)</td><td>EUR 51</td><td>9h 20</td><td>settembre</td></tr><tr><td>Catania-Fontanarossa Airport (CTA)</td><td>EUR 81</td><td>10h 20</td><td>marzo</td></tr><tr><td>Guglielmo Marconi Airport (BLQ)</td><td>EUR 137</td><td>9h 40</td><td>novembre</td></tr>
  </tbody>
</table>
<h2>Aeroporti italiani da cui conviene partire</h2>
<div class=""cpv-chip-list""><span class=""cpv-chip"">Leonardo da Vinci-Fiumicino Airport</span><span class=""cpv-chip"">Ciampino-G. B. Pastine International Airport</span><span class=""cpv-chip"">Milano Malpensa Airport</span><span class=""cpv-chip"">Orio al Serio International Airport</span><span class=""cpv-chip"">Milano Linate Airport</span><span class=""cpv-chip"">Naples International Airport</span></div>
<div class=""cpv-landing-grid"">
  <div class=""cpv-landing-card""><strong>City break</strong><p>Se Antwerp e una meta urbana, le partenze del venerdi e del sabato sono spesso le piu monitorate.</p></div>
  <div class=""cpv-landing-card""><strong>Viaggi stagionali</strong><p>In alcuni periodi dell'anno le tariffe possono variare molto, soprattutto vicino ai ponti e alle festivita.</p></div>
  <div class=""cpv-landing-card""><strong>Confronto rapido</strong><p>Valuta aeroporti maggiori e secondari per capire se un piccolo spostamento porta a un risparmio concreto.</p></div>
</div>
<h2>Domande frequenti sui voli per Antwerp</h2>
<div class=""cpv-faq"">
  <details><summary>Qual e il modo migliore per cercare voli per Antwerp?</summary><p>Confronta piu aeroporti italiani, prova date flessibili e verifica anche partenze infrasettimanali per migliorare le possibilita di risparmio.</p></details>
  <details><summary>Meglio volo diretto o con scalo?</summary><p>Per tratte medio-brevi il diretto e spesso la scelta piu comoda, mentre su alcune rotte uno scalo puo ridurre il prezzo finale.</p></details>
  <details><summary>Quando controllare i prezzi per Antwerp?</summary><p>Vale la pena iniziare a monitorare la rotta in anticipo e verificare con regolarita i giorni piu vicini alla partenza ideale.</p></details>
</div>","Voli per citta|Voli in Europa",city,ANR,/voli-per/antwerp/,"Voli per Antwerp (ANR): offerte e guide | ConfrontaPrezziVoli","Trova voli per Antwerp dai principali aeroporti italiani. Tariffe indicative da EUR 74 e consigli per scegliere il periodo migliore.","voli per Antwerp",cities,"Mese tipicamente conveniente: agosto"
post,publish,"Voli per Anvik (ANV): offerte, compagnie e periodo migliore per prenotare",voli-per-anvik-anv,"Confronta voli per Anvik dai principali aeroporti italiani. Scopri prezzi indicativi, compagnie e consigli utili per organizzare la partenza.","<div class=""cpv-landing-note"">
  <p><strong>Perche cercare voli per Anvik qui.</strong> Questa pagina raccoglie un quadro rapido delle partenze italiane piu interessanti per Anvik, con tariffe indicative e consigli per scegliere il periodo piu vantaggioso.</p>
</div>
<div class=""cpv-stat-grid"">
  <div class=""cpv-stat""><strong>EUR 29</strong><span>Prezzo indicativo da monitorare dalle principali aree aeroportuali italiane.</span></div>
  <div class=""cpv-stat""><strong>novembre</strong><span>Periodo spesso interessante per tenere sotto controllo la rotta.</span></div>
  <div class=""cpv-stat""><strong>9</strong><span>Aeroporti italiani prioritari da confrontare per questa destinazione.</span></div>
</div>
<h2>Offerte voli per Anvik</h2>
<p>Per trovare il miglior equilibrio tra prezzo, durata e comfort, conviene verificare piu aeroporti di partenza italiani e confrontare giorni feriali e weekend.</p>
<table>
  <thead>
    <tr><th>Partenza</th><th>Prezzo da</th><th>Durata indicativa</th><th>Mese da monitorare</th></tr>
  </thead>
  <tbody>
    <tr><td>Leonardo da Vinci-Fiumicino Airport (FCO)</td><td>EUR 113</td><td>1h 40</td><td>novembre</td></tr><tr><td>Ciampino-G. B. Pastine International Airport (CIA)</td><td>EUR 177</td><td>11h 20</td><td>marzo</td></tr><tr><td>Milano Malpensa Airport (MXP)</td><td>EUR 50</td><td>3h 10</td><td>agosto</td></tr><tr><td>Orio al Serio International Airport (BGY)</td><td>EUR 76</td><td>4h 30</td><td>ottobre</td></tr><tr><td>Milano Linate Airport (LIN)</td><td>EUR 61</td><td>4h 00</td><td>luglio</td></tr><tr><td>Naples International Airport (NAP)</td><td>EUR 180</td><td>3h 50</td><td>giugno</td></tr><tr><td>Venice Marco Polo Airport (VCE)</td><td>EUR 48</td><td>11h 50</td><td>giugno</td></tr><tr><td>Catania-Fontanarossa Airport (CTA)</td><td>EUR 74</td><td>9h 10</td><td>agosto</td></tr><tr><td>Guglielmo Marconi Airport (BLQ)</td><td>EUR 150</td><td>7h 50</td><td>dicembre</td></tr>
  </tbody>
</table>
<h2>Aeroporti italiani da cui conviene partire</h2>
<div class=""cpv-chip-list""><span class=""cpv-chip"">Leonardo da Vinci-Fiumicino Airport</span><span class=""cpv-chip"">Ciampino-G. B. Pastine International Airport</span><span class=""cpv-chip"">Milano Malpensa Airport</span><span class=""cpv-chip"">Orio al Serio International Airport</span><span class=""cpv-chip"">Milano Linate Airport</span><span class=""cpv-chip"">Naples International Airport</span></div>
<div class=""cpv-landing-grid"">
  <div class=""cpv-landing-card""><strong>City break</strong><p>Se Anvik e una meta urbana, le partenze del venerdi e del sabato sono spesso le piu monitorate.</p></div>
  <div class=""cpv-landing-card""><strong>Viaggi stagionali</strong><p>In alcuni periodi dell'anno le tariffe possono variare molto, soprattutto vicino ai ponti e alle festivita.</p></div>
  <div class=""cpv-landing-card""><strong>Confronto rapido</strong><p>Valuta aeroporti maggiori e secondari per capire se un piccolo spostamento porta a un risparmio concreto.</p></div>
</div>
<h2>Domande frequenti sui voli per Anvik</h2>
<div class=""cpv-faq"">
  <details><summary>Qual e il modo migliore per cercare voli per Anvik?</summary><p>Confronta piu aeroporti italiani, prova date flessibili e verifica anche partenze infrasettimanali per migliorare le possibilita di risparmio.</p></details>
  <details><summary>Meglio volo diretto o con scalo?</summary><p>Per tratte medio-brevi il diretto e spesso la scelta piu comoda, mentre su alcune rotte uno scalo puo ridurre il prezzo finale.</p></details>
  <details><summary>Quando controllare i prezzi per Anvik?</summary><p>Vale la pena iniziare a monitorare la rotta in anticipo e verificare con regolarita i giorni piu vicini alla partenza ideale.</p></details>
</div>","Voli per citta|Voli intercontinentali",city,ANV,/voli-per/anvik/,"Voli per Anvik (ANV): offerte e guide | ConfrontaPrezziVoli","Trova voli per Anvik dai principali aeroporti italiani. Tariffe indicative da EUR 29 e consigli per scegliere il periodo migliore.","voli per Anvik",cities,"Mese tipicamente conveniente: novembre"
post,publish,"Voli per Aomori (AOJ): offerte, compagnie e periodo migliore per prenotare",voli-per-aomori-aoj,"Confronta voli per Aomori dai principali aeroporti italiani. Scopri prezzi indicativi, compagnie e consigli utili per organizzare la partenza.","<div class=""cpv-landing-note"">
  <p><strong>Perche cercare voli per Aomori qui.</strong> Questa pagina raccoglie un quadro rapido delle partenze italiane piu interessanti per Aomori, con tariffe indicative e consigli per scegliere il periodo piu vantaggioso.</p>
</div>
<div class=""cpv-stat-grid"">
  <div class=""cpv-stat""><strong>EUR 107</strong><span>Prezzo indicativo da monitorare dalle principali aree aeroportuali italiane.</span></div>
  <div class=""cpv-stat""><strong>maggio</strong><span>Periodo spesso interessante per tenere sotto controllo la rotta.</span></div>
  <div class=""cpv-stat""><strong>9</strong><span>Aeroporti italiani prioritari da confrontare per questa destinazione.</span></div>
</div>
<h2>Offerte voli per Aomori</h2>
<p>Per trovare il miglior equilibrio tra prezzo, durata e comfort, conviene verificare piu aeroporti di partenza italiani e confrontare giorni feriali e weekend.</p>
<table>
  <thead>
    <tr><th>Partenza</th><th>Prezzo da</th><th>Durata indicativa</th><th>Mese da monitorare</th></tr>
  </thead>
  <tbody>
    <tr><td>Leonardo da Vinci-Fiumicino Airport (FCO)</td><td>EUR 183</td><td>4h 20</td><td>settembre</td></tr><tr><td>Ciampino-G. B. Pastine International Airport (CIA)</td><td>EUR 35</td><td>11h 40</td><td>maggio</td></tr><tr><td>Milano Malpensa Airport (MXP)</td><td>EUR 44</td><td>4h 10</td><td>febbraio</td></tr><tr><td>Orio al Serio International Airport (BGY)</td><td>EUR 70</td><td>1h 30</td><td>aprile</td></tr><tr><td>Milano Linate Airport (LIN)</td><td>EUR 27</td><td>11h 20</td><td>settembre</td></tr><tr><td>Naples International Airport (NAP)</td><td>EUR 126</td><td>9h 50</td><td>dicembre</td></tr><tr><td>Venice Marco Polo Airport (VCE)</td><td>EUR 126</td><td>1h 50</td><td>dicembre</td></tr><tr><td>Catania-Fontanarossa Airport (CTA)</td><td>EUR 52</td><td>2h 30</td><td>ottobre</td></tr><tr><td>Guglielmo Marconi Airport (BLQ)</td><td>EUR 24</td><td>5h 50</td><td>giugno</td></tr>
  </tbody>
</table>
<h2>Aeroporti italiani da cui conviene partire</h2>
<div class=""cpv-chip-list""><span class=""cpv-chip"">Leonardo da Vinci-Fiumicino Airport</span><span class=""cpv-chip"">Ciampino-G. B. Pastine International Airport</span><span class=""cpv-chip"">Milano Malpensa Airport</span><span class=""cpv-chip"">Orio al Serio International Airport</span><span class=""cpv-chip"">Milano Linate Airport</span><span class=""cpv-chip"">Naples International Airport</span></div>
<div class=""cpv-landing-grid"">
  <div class=""cpv-landing-card""><strong>City break</strong><p>Se Aomori e una meta urbana, le partenze del venerdi e del sabato sono spesso le piu monitorate.</p></div>
  <div class=""cpv-landing-card""><strong>Viaggi stagionali</strong><p>In alcuni periodi dell'anno le tariffe possono variare molto, soprattutto vicino ai ponti e alle festivita.</p></div>
  <div class=""cpv-landing-card""><strong>Confronto rapido</strong><p>Valuta aeroporti maggiori e secondari per capire se un piccolo spostamento porta a un risparmio concreto.</p></div>
</div>
<h2>Domande frequenti sui voli per Aomori</h2>
<div class=""cpv-faq"">
  <details><summary>Qual e il modo migliore per cercare voli per Aomori?</summary><p>Confronta piu aeroporti italiani, prova date flessibili e verifica anche partenze infrasettimanali per migliorare le possibilita di risparmio.</p></details>
  <details><summary>Meglio volo diretto o con scalo?</summary><p>Per tratte medio-brevi il diretto e spesso la scelta piu comoda, mentre su alcune rotte uno scalo puo ridurre il prezzo finale.</p></details>
  <details><summary>Quando controllare i prezzi per Aomori?</summary><p>Vale la pena iniziare a monitorare la rotta in anticipo e verificare con regolarita i giorni piu vicini alla partenza ideale.</p></details>
</div>","Voli per citta|Voli intercontinentali",city,AOJ,/voli-per/aomori/,"Voli per Aomori (AOJ): offerte e guide | ConfrontaPrezziVoli","Trova voli per Aomori dai principali aeroporti italiani. Tariffe indicative da EUR 107 e consigli per scegliere il periodo migliore.","voli per Aomori",cities,"Mese tipicamente conveniente: maggio"
post,publish,"Voli per Apartado (APO): offerte, compagnie e periodo migliore per prenotare",voli-per-apartado-apo,"Confronta voli per Apartado dai principali aeroporti italiani. Scopri prezzi indicativi, compagnie e consigli utili per organizzare la partenza.","<div class=""cpv-landing-note"">
  <p><strong>Perche cercare voli per Apartado qui.</strong> Questa pagina raccoglie un quadro rapido delle partenze italiane piu interessanti per Apartado, con tariffe indicative e consigli per scegliere il periodo piu vantaggioso.</p>
</div>
<div class=""cpv-stat-grid"">
  <div class=""cpv-stat""><strong>EUR 180</strong><span>Prezzo indicativo da monitorare dalle principali aree aeroportuali italiane.</span></div>
  <div class=""cpv-stat""><strong>giugno</strong><span>Periodo spesso interessante per tenere sotto controllo la rotta.</span></div>
  <div class=""cpv-stat""><strong>9</strong><span>Aeroporti italiani prioritari da confrontare per questa destinazione.</span></div>
</div>
<h2>Offerte voli per Apartado</h2>
<p>Per trovare il miglior equilibrio tra prezzo, durata e comfort, conviene verificare piu aeroporti di partenza italiani e confrontare giorni feriali e weekend.</p>
<table>
  <thead>
    <tr><th>Partenza</th><th>Prezzo da</th><th>Durata indicativa</th><th>Mese da monitorare</th></tr>
  </thead>
  <tbody>
    <tr><td>Leonardo da Vinci-Fiumicino Airport (FCO)</td><td>EUR 184</td><td>4h 30</td><td>ottobre</td></tr><tr><td>Ciampino-G. B. Pastine International Airport (CIA)</td><td>EUR 24</td><td>11h 50</td><td>giugno</td></tr><tr><td>Milano Malpensa Airport (MXP)</td><td>EUR 103</td><td>2h 00</td><td>gennaio</td></tr><tr><td>Orio al Serio International Airport (BGY)</td><td>EUR 61</td><td>9h 00</td><td>luglio</td></tr><tr><td>Milano Linate Airport (LIN)</td><td>EUR 48</td><td>7h 50</td><td>giugno</td></tr><tr><td>Naples International Airport (NAP)</td><td>EUR 61</td><td>10h 00</td><td>luglio</td></tr><tr><td>Venice Marco Polo Airport (VCE)</td><td>EUR 73</td><td>7h 00</td><td>luglio</td></tr><tr><td>Catania-Fontanarossa Airport (CTA)</td><td>EUR 27</td><td>6h 20</td><td>settembre</td></tr><tr><td>Guglielmo Marconi Airport (BLQ)</td><td>EUR 31</td><td>7h 00</td><td>gennaio</td></tr>
  </tbody>
</table>
<h2>Aeroporti italiani da cui conviene partire</h2>
<div class=""cpv-chip-list""><span class=""cpv-chip"">Leonardo da Vinci-Fiumicino Airport</span><span class=""cpv-chip"">Ciampino-G. B. Pastine International Airport</span><span class=""cpv-chip"">Milano Malpensa Airport</span><span class=""cpv-chip"">Orio al Serio International Airport</span><span class=""cpv-chip"">Milano Linate Airport</span><span class=""cpv-chip"">Naples International Airport</span></div>
<div class=""cpv-landing-grid"">
  <div class=""cpv-landing-card""><strong>City break</strong><p>Se Apartado e una meta urbana, le partenze del venerdi e del sabato sono spesso le piu monitorate.</p></div>
  <div class=""cpv-landing-card""><strong>Viaggi stagionali</strong><p>In alcuni periodi dell'anno le tariffe possono variare molto, soprattutto vicino ai ponti e alle festivita.</p></div>
  <div class=""cpv-landing-card""><strong>Confronto rapido</strong><p>Valuta aeroporti maggiori e secondari per capire se un piccolo spostamento porta a un risparmio concreto.</p></div>
</div>
<h2>Domande frequenti sui voli per Apartado</h2>
<div class=""cpv-faq"">
  <details><summary>Qual e il modo migliore per cercare voli per Apartado?</summary><p>Confronta piu aeroporti italiani, prova date flessibili e verifica anche partenze infrasettimanali per migliorare le possibilita di risparmio.</p></details>
  <details><summary>Meglio volo diretto o con scalo?</summary><p>Per tratte medio-brevi il diretto e spesso la scelta piu comoda, mentre su alcune rotte uno scalo puo ridurre il prezzo finale.</p></details>
  <details><summary>Quando controllare i prezzi per Apartado?</summary><p>Vale la pena iniziare a monitorare la rotta in anticipo e verificare con regolarita i giorni piu vicini alla partenza ideale.</p></details>
</div>","Voli per citta|Voli intercontinentali",city,APO,/voli-per/apartado/,"Voli per Apartado (APO): offerte e guide | ConfrontaPrezziVoli","Trova voli per Apartado dai principali aeroporti italiani. Tariffe indicative da EUR 180 e consigli per scegliere il periodo migliore.","voli per Apartado",cities,"Mese tipicamente conveniente: giugno"
post,publish,"Voli per Apia (APW): offerte, compagnie e periodo migliore per prenotare",voli-per-apia-apw,"Confronta voli per Apia dai principali aeroporti italiani. Scopri prezzi indicativi, compagnie e consigli utili per organizzare la partenza.","<div class=""cpv-landing-note"">
  <p><strong>Perche cercare voli per Apia qui.</strong> Questa pagina raccoglie un quadro rapido delle partenze italiane piu interessanti per Apia, con tariffe indicative e consigli per scegliere il periodo piu vantaggioso.</p>
</div>
<div class=""cpv-stat-grid"">
  <div class=""cpv-stat""><strong>EUR 194</strong><span>Prezzo indicativo da monitorare dalle principali aree aeroportuali italiane.</span></div>
  <div class=""cpv-stat""><strong>agosto</strong><span>Periodo spesso interessante per tenere sotto controllo la rotta.</span></div>
  <div class=""cpv-stat""><strong>9</strong><span>Aeroporti italiani prioritari da confrontare per questa destinazione.</span></div>
</div>
<h2>Offerte voli per Apia</h2>
<p>Per trovare il miglior equilibrio tra prezzo, durata e comfort, conviene verificare piu aeroporti di partenza italiani e confrontare giorni feriali e weekend.</p>
<table>
  <thead>
    <tr><th>Partenza</th><th>Prezzo da</th><th>Durata indicativa</th><th>Mese da monitorare</th></tr>
  </thead>
  <tbody>
    <tr><td>Leonardo da Vinci-Fiumicino Airport (FCO)</td><td>EUR 90</td><td>9h 50</td><td>dicembre</td></tr><tr><td>Ciampino-G. B. Pastine International Airport (CIA)</td><td>EUR 34</td><td>6h 30</td><td>aprile</td></tr><tr><td>Milano Malpensa Airport (MXP)</td><td>EUR 33</td><td>5h 20</td><td>marzo</td></tr><tr><td>Orio al Serio International Airport (BGY)</td><td>EUR 147</td><td>5h 20</td><td>settembre</td></tr><tr><td>Milano Linate Airport (LIN)</td><td>EUR 146</td><td>10h 10</td><td>agosto</td></tr><tr><td>Naples International Airport (NAP)</td><td>EUR 159</td><td>4h 20</td><td>settembre</td></tr><tr><td>Venice Marco Polo Airport (VCE)</td><td>EUR 31</td><td>9h 00</td><td>gennaio</td></tr><tr><td>Catania-Fontanarossa Airport (CTA)</td><td>EUR 21</td><td>3h 20</td><td>marzo</td></tr><tr><td>Guglielmo Marconi Airport (BLQ)</td><td>EUR 121</td><td>6h 00</td><td>luglio</td></tr>
  </tbody>
</table>
<h2>Aeroporti italiani da cui conviene partire</h2>
<div class=""cpv-chip-list""><span class=""cpv-chip"">Leonardo da Vinci-Fiumicino Airport</span><span class=""cpv-chip"">Ciampino-G. B. Pastine International Airport</span><span class=""cpv-chip"">Milano Malpensa Airport</span><span class=""cpv-chip"">Orio al Serio International Airport</span><span class=""cpv-chip"">Milano Linate Airport</span><span class=""cpv-chip"">Naples International Airport</span></div>
<div class=""cpv-landing-grid"">
  <div class=""cpv-landing-card""><strong>City break</strong><p>Se Apia e una meta urbana, le partenze del venerdi e del sabato sono spesso le piu monitorate.</p></div>
  <div class=""cpv-landing-card""><strong>Viaggi stagionali</strong><p>In alcuni periodi dell'anno le tariffe possono variare molto, soprattutto vicino ai ponti e alle festivita.</p></div>
  <div class=""cpv-landing-card""><strong>Confronto rapido</strong><p>Valuta aeroporti maggiori e secondari per capire se un piccolo spostamento porta a un risparmio concreto.</p></div>
</div>
<h2>Domande frequenti sui voli per Apia</h2>
<div class=""cpv-faq"">
  <details><summary>Qual e il modo migliore per cercare voli per Apia?</summary><p>Confronta piu aeroporti italiani, prova date flessibili e verifica anche partenze infrasettimanali per migliorare le possibilita di risparmio.</p></details>
  <details><summary>Meglio volo diretto o con scalo?</summary><p>Per tratte medio-brevi il diretto e spesso la scelta piu comoda, mentre su alcune rotte uno scalo puo ridurre il prezzo finale.</p></details>
  <details><summary>Quando controllare i prezzi per Apia?</summary><p>Vale la pena iniziare a monitorare la rotta in anticipo e verificare con regolarita i giorni piu vicini alla partenza ideale.</p></details>
</div>","Voli per citta|Voli intercontinentali",city,APW,/voli-per/apia/,"Voli per Apia (APW): offerte e guide | ConfrontaPrezziVoli","Trova voli per Apia dai principali aeroporti italiani. Tariffe indicative da EUR 194 e consigli per scegliere il periodo migliore.","voli per Apia",cities,"Mese tipicamente conveniente: agosto"
post,publish,"Voli per Appleton (ATW): offerte, compagnie e periodo migliore per prenotare",voli-per-appleton-atw,"Confronta voli per Appleton dai principali aeroporti italiani. Scopri prezzi indicativi, compagnie e consigli utili per organizzare la partenza.","<div class=""cpv-landing-note"">
  <p><strong>Perche cercare voli per Appleton qui.</strong> Questa pagina raccoglie un quadro rapido delle partenze italiane piu interessanti per Appleton, con tariffe indicative e consigli per scegliere il periodo piu vantaggioso.</p>
</div>
<div class=""cpv-stat-grid"">
  <div class=""cpv-stat""><strong>EUR 74</strong><span>Prezzo indicativo da monitorare dalle principali aree aeroportuali italiane.</span></div>
  <div class=""cpv-stat""><strong>agosto</strong><span>Periodo spesso interessante per tenere sotto controllo la rotta.</span></div>
  <div class=""cpv-stat""><strong>9</strong><span>Aeroporti italiani prioritari da confrontare per questa destinazione.</span></div>
</div>
<h2>Offerte voli per Appleton</h2>
<p>Per trovare il miglior equilibrio tra prezzo, durata e comfort, conviene verificare piu aeroporti di partenza italiani e confrontare giorni feriali e weekend.</p>
<table>
  <thead>
    <tr><th>Partenza</th><th>Prezzo da</th><th>Durata indicativa</th><th>Mese da monitorare</th></tr>
  </thead>
  <tbody>
    <tr><td>Leonardo da Vinci-Fiumicino Airport (FCO)</td><td>EUR 122</td><td>11h 10</td><td>agosto</td></tr><tr><td>Ciampino-G. B. Pastine International Airport (CIA)</td><td>EUR 170</td><td>5h 10</td><td>agosto</td></tr><tr><td>Milano Malpensa Airport (MXP)</td><td>EUR 157</td><td>5h 00</td><td>luglio</td></tr><tr><td>Orio al Serio International Airport (BGY)</td><td>EUR 107</td><td>10h 40</td><td>maggio</td></tr><tr><td>Milano Linate Airport (LIN)</td><td>EUR 90</td><td>7h 50</td><td>dicembre</td></tr><tr><td>Naples International Airport (NAP)</td><td>EUR 163</td><td>2h 00</td><td>gennaio</td></tr><tr><td>Venice Marco Polo Airport (VCE)</td><td>EUR 31</td><td>10h 00</td><td>gennaio</td></tr><tr><td>Catania-Fontanarossa Airport (CTA)</td><td>EUR 77</td><td>11h 40</td><td>novembre</td></tr><tr><td>Guglielmo Marconi Airport (BLQ)</td><td>EUR 45</td><td>11h 20</td><td>marzo</td></tr>
  </tbody>
</table>
<h2>Aeroporti italiani da cui conviene partire</h2>
<div class=""cpv-chip-list""><span class=""cpv-chip"">Leonardo da Vinci-Fiumicino Airport</span><span class=""cpv-chip"">Ciampino-G. B. Pastine International Airport</span><span class=""cpv-chip"">Milano Malpensa Airport</span><span class=""cpv-chip"">Orio al Serio International Airport</span><span class=""cpv-chip"">Milano Linate Airport</span><span class=""cpv-chip"">Naples International Airport</span></div>
<div class=""cpv-landing-grid"">
  <div class=""cpv-landing-card""><strong>City break</strong><p>Se Appleton e una meta urbana, le partenze del venerdi e del sabato sono spesso le piu monitorate.</p></div>
  <div class=""cpv-landing-card""><strong>Viaggi stagionali</strong><p>In alcuni periodi dell'anno le tariffe possono variare molto, soprattutto vicino ai ponti e alle festivita.</p></div>
  <div class=""cpv-landing-card""><strong>Confronto rapido</strong><p>Valuta aeroporti maggiori e secondari per capire se un piccolo spostamento porta a un risparmio concreto.</p></div>
</div>
<h2>Domande frequenti sui voli per Appleton</h2>
<div class=""cpv-faq"">
  <details><summary>Qual e il modo migliore per cercare voli per Appleton?</summary><p>Confronta piu aeroporti italiani, prova date flessibili e verifica anche partenze infrasettimanali per migliorare le possibilita di risparmio.</p></details>
  <details><summary>Meglio volo diretto o con scalo?</summary><p>Per tratte medio-brevi il diretto e spesso la scelta piu comoda, mentre su alcune rotte uno scalo puo ridurre il prezzo finale.</p></details>
  <details><summary>Quando controllare i prezzi per Appleton?</summary><p>Vale la pena iniziare a monitorare la rotta in anticipo e verificare con regolarita i giorni piu vicini alla partenza ideale.</p></details>
</div>","Voli per citta|Voli intercontinentali",city,ATW,/voli-per/appleton/,"Voli per Appleton (ATW): offerte e guide | ConfrontaPrezziVoli","Trova voli per Appleton dai principali aeroporti italiani. Tariffe indicative da EUR 74 e consigli per scegliere il periodo migliore.","voli per Appleton",cities,"Mese tipicamente conveniente: agosto"
post,publish,"Voli per Aqaba (AQJ): offerte, compagnie e periodo migliore per prenotare",voli-per-aqaba-aqj,"Confronta voli per Aqaba dai principali aeroporti italiani. Scopri prezzi indicativi, compagnie e consigli utili per organizzare la partenza.","<div class=""cpv-landing-note"">
  <p><strong>Perche cercare voli per Aqaba qui.</strong> Questa pagina raccoglie un quadro rapido delle partenze italiane piu interessanti per Aqaba, con tariffe indicative e consigli per scegliere il periodo piu vantaggioso.</p>
</div>
<div class=""cpv-stat-grid"">
  <div class=""cpv-stat""><strong>EUR 158</strong><span>Prezzo indicativo da monitorare dalle principali aree aeroportuali italiane.</span></div>
  <div class=""cpv-stat""><strong>agosto</strong><span>Periodo spesso interessante per tenere sotto controllo la rotta.</span></div>
  <div class=""cpv-stat""><strong>9</strong><span>Aeroporti italiani prioritari da confrontare per questa destinazione.</span></div>
</div>
<h2>Offerte voli per Aqaba</h2>
<p>Per trovare il miglior equilibrio tra prezzo, durata e comfort, conviene verificare piu aeroporti di partenza italiani e confrontare giorni feriali e weekend.</p>
<table>
  <thead>
    <tr><th>Partenza</th><th>Prezzo da</th><th>Durata indicativa</th><th>Mese da monitorare</th></tr>
  </thead>
  <tbody>
    <tr><td>Leonardo da Vinci-Fiumicino Airport (FCO)</td><td>EUR 166</td><td>3h 30</td><td>aprile</td></tr><tr><td>Ciampino-G. B. Pastine International Airport (CIA)</td><td>EUR 58</td><td>7h 30</td><td>aprile</td></tr><tr><td>Milano Malpensa Airport (MXP)</td><td>EUR 37</td><td>7h 00</td><td>luglio</td></tr><tr><td>Orio al Serio International Airport (BGY)</td><td>EUR 131</td><td>1h 40</td><td>maggio</td></tr><tr><td>Milano Linate Airport (LIN)</td><td>EUR 90</td><td>5h 50</td><td>dicembre</td></tr><tr><td>Naples International Airport (NAP)</td><td>EUR 191</td><td>4h 40</td><td>maggio</td></tr><tr><td>Venice Marco Polo Airport (VCE)</td><td>EUR 51</td><td>6h 20</td><td>settembre</td></tr><tr><td>Catania-Fontanarossa Airport (CTA)</td><td>EUR 69</td><td>7h 20</td><td>marzo</td></tr><tr><td>Guglielmo Marconi Airport (BLQ)</td><td>EUR 177</td><td>10h 20</td><td>marzo</td></tr>
  </tbody>
</table>
<h2>Aeroporti italiani da cui conviene partire</h2>
<div class=""cpv-chip-list""><span class=""cpv-chip"">Leonardo da Vinci-Fiumicino Airport</span><span class=""cpv-chip"">Ciampino-G. B. Pastine International Airport</span><span class=""cpv-chip"">Milano Malpensa Airport</span><span class=""cpv-chip"">Orio al Serio International Airport</span><span class=""cpv-chip"">Milano Linate Airport</span><span class=""cpv-chip"">Naples International Airport</span></div>
<div class=""cpv-landing-grid"">
  <div class=""cpv-landing-card""><strong>City break</strong><p>Se Aqaba e una meta urbana, le partenze del venerdi e del sabato sono spesso le piu monitorate.</p></div>
  <div class=""cpv-landing-card""><strong>Viaggi stagionali</strong><p>In alcuni periodi dell'anno le tariffe possono variare molto, soprattutto vicino ai ponti e alle festivita.</p></div>
  <div class=""cpv-landing-card""><strong>Confronto rapido</strong><p>Valuta aeroporti maggiori e secondari per capire se un piccolo spostamento porta a un risparmio concreto.</p></div>
</div>
<h2>Domande frequenti sui voli per Aqaba</h2>
<div class=""cpv-faq"">
  <details><summary>Qual e il modo migliore per cercare voli per Aqaba?</summary><p>Confronta piu aeroporti italiani, prova date flessibili e verifica anche partenze infrasettimanali per migliorare le possibilita di risparmio.</p></details>
  <details><summary>Meglio volo diretto o con scalo?</summary><p>Per tratte medio-brevi il diretto e spesso la scelta piu comoda, mentre su alcune rotte uno scalo puo ridurre il prezzo finale.</p></details>
  <details><summary>Quando controllare i prezzi per Aqaba?</summary><p>Vale la pena iniziare a monitorare la rotta in anticipo e verificare con regolarita i giorni piu vicini alla partenza ideale.</p></details>
</div>","Voli per citta|Voli intercontinentali",city,AQJ,/voli-per/aqaba/,"Voli per Aqaba (AQJ): offerte e guide | ConfrontaPrezziVoli","Trova voli per Aqaba dai principali aeroporti italiani. Tariffe indicative da EUR 158 e consigli per scegliere il periodo migliore.","voli per Aqaba",cities,"Mese tipicamente conveniente: agosto"
post,publish,"Voli per Aracaju (AJU): offerte, compagnie e periodo migliore per prenotare",voli-per-aracaju-aju,"Confronta voli per Aracaju dai principali aeroporti italiani. Scopri prezzi indicativi, compagnie e consigli utili per organizzare la partenza.","<div class=""cpv-landing-note"">
  <p><strong>Perche cercare voli per Aracaju qui.</strong> Questa pagina raccoglie un quadro rapido delle partenze italiane piu interessanti per Aracaju, con tariffe indicative e consigli per scegliere il periodo piu vantaggioso.</p>
</div>
<div class=""cpv-stat-grid"">
  <div class=""cpv-stat""><strong>EUR 143</strong><span>Prezzo indicativo da monitorare dalle principali aree aeroportuali italiane.</span></div>
  <div class=""cpv-stat""><strong>maggio</strong><span>Periodo spesso interessante per tenere sotto controllo la rotta.</span></div>
  <div class=""cpv-stat""><strong>9</strong><span>Aeroporti italiani prioritari da confrontare per questa destinazione.</span></div>
</div>
<h2>Offerte voli per Aracaju</h2>
<p>Per trovare il miglior equilibrio tra prezzo, durata e comfort, conviene verificare piu aeroporti di partenza italiani e confrontare giorni feriali e weekend.</p>
<table>
  <thead>
    <tr><th>Partenza</th><th>Prezzo da</th><th>Durata indicativa</th><th>Mese da monitorare</th></tr>
  </thead>
  <tbody>
    <tr><td>Leonardo da Vinci-Fiumicino Airport (FCO)</td><td>EUR 127</td><td>11h 00</td><td>gennaio</td></tr><tr><td>Ciampino-G. B. Pastine International Airport (CIA)</td><td>EUR 23</td><td>5h 40</td><td>maggio</td></tr><tr><td>Milano Malpensa Airport (MXP)</td><td>EUR 52</td><td>6h 30</td><td>ottobre</td></tr><tr><td>Orio al Serio International Airport (BGY)</td><td>EUR 126</td><td>3h 50</td><td>dicembre</td></tr><tr><td>Milano Linate Airport (LIN)</td><td>EUR 67</td><td>9h 00</td><td>gennaio</td></tr><tr><td>Naples International Airport (NAP)</td><td>EUR 194</td><td>1h 10</td><td>agosto</td></tr><tr><td>Venice Marco Polo Airport (VCE)</td><td>EUR 54</td><td>9h 50</td><td>dicembre</td></tr><tr><td>Catania-Fontanarossa Airport (CTA)</td><td>EUR 128</td><td>8h 10</td><td>febbraio</td></tr><tr><td>Guglielmo Marconi Airport (BLQ)</td><td>EUR 100</td><td>5h 30</td><td>ottobre</td></tr>
  </tbody>
</table>
<h2>Aeroporti italiani da cui conviene partire</h2>
<div class=""cpv-chip-list""><span class=""cpv-chip"">Leonardo da Vinci-Fiumicino Airport</span><span class=""cpv-chip"">Ciampino-G. B. Pastine International Airport</span><span class=""cpv-chip"">Milano Malpensa Airport</span><span class=""cpv-chip"">Orio al Serio International Airport</span><span class=""cpv-chip"">Milano Linate Airport</span><span class=""cpv-chip"">Naples International Airport</span></div>
<div class=""cpv-landing-grid"">
  <div class=""cpv-landing-card""><strong>City break</strong><p>Se Aracaju e una meta urbana, le partenze del venerdi e del sabato sono spesso le piu monitorate.</p></div>
  <div class=""cpv-landing-card""><strong>Viaggi stagionali</strong><p>In alcuni periodi dell'anno le tariffe possono variare molto, soprattutto vicino ai ponti e alle festivita.</p></div>
  <div class=""cpv-landing-card""><strong>Confronto rapido</strong><p>Valuta aeroporti maggiori e secondari per capire se un piccolo spostamento porta a un risparmio concreto.</p></div>
</div>
<h2>Domande frequenti sui voli per Aracaju</h2>
<div class=""cpv-faq"">
  <details><summary>Qual e il modo migliore per cercare voli per Aracaju?</summary><p>Confronta piu aeroporti italiani, prova date flessibili e verifica anche partenze infrasettimanali per migliorare le possibilita di risparmio.</p></details>
  <details><summary>Meglio volo diretto o con scalo?</summary><p>Per tratte medio-brevi il diretto e spesso la scelta piu comoda, mentre su alcune rotte uno scalo puo ridurre il prezzo finale.</p></details>
  <details><summary>Quando controllare i prezzi per Aracaju?</summary><p>Vale la pena iniziare a monitorare la rotta in anticipo e verificare con regolarita i giorni piu vicini alla partenza ideale.</p></details>
</div>","Voli per citta|Voli intercontinentali",city,AJU,/voli-per/aracaju/,"Voli per Aracaju (AJU): offerte e guide | ConfrontaPrezziVoli","Trova voli per Aracaju dai principali aeroporti italiani. Tariffe indicative da EUR 143 e consigli per scegliere il periodo migliore.","voli per Aracaju",cities,"Mese tipicamente conveniente: maggio"
post,publish,"Voli per Aracatuba (ARU): offerte, compagnie e periodo migliore per prenotare",voli-per-aracatuba-aru,"Confronta voli per Aracatuba dai principali aeroporti italiani. Scopri prezzi indicativi, compagnie e consigli utili per organizzare la partenza.","<div class=""cpv-landing-note"">
  <p><strong>Perche cercare voli per Aracatuba qui.</strong> Questa pagina raccoglie un quadro rapido delle partenze italiane piu interessanti per Aracatuba, con tariffe indicative e consigli per scegliere il periodo piu vantaggioso.</p>
</div>
<div class=""cpv-stat-grid"">
  <div class=""cpv-stat""><strong>EUR 124</strong><span>Prezzo indicativo da monitorare dalle principali aree aeroportuali italiane.</span></div>
  <div class=""cpv-stat""><strong>ottobre</strong><span>Periodo spesso interessante per tenere sotto controllo la rotta.</span></div>
  <div class=""cpv-stat""><strong>9</strong><span>Aeroporti italiani prioritari da confrontare per questa destinazione.</span></div>
</div>
<h2>Offerte voli per Aracatuba</h2>
<p>Per trovare il miglior equilibrio tra prezzo, durata e comfort, conviene verificare piu aeroporti di partenza italiani e confrontare giorni feriali e weekend.</p>
<table>
  <thead>
    <tr><th>Partenza</th><th>Prezzo da</th><th>Durata indicativa</th><th>Mese da monitorare</th></tr>
  </thead>
  <tbody>
    <tr><td>Leonardo da Vinci-Fiumicino Airport (FCO)</td><td>EUR 104</td><td>8h 10</td><td>febbraio</td></tr><tr><td>Ciampino-G. B. Pastine International Airport (CIA)</td><td>EUR 100</td><td>5h 30</td><td>ottobre</td></tr><tr><td>Milano Malpensa Airport (MXP)</td><td>EUR 179</td><td>11h 40</td><td>maggio</td></tr><tr><td>Orio al Serio International Airport (BGY)</td><td>EUR 65</td><td>1h 40</td><td>novembre</td></tr><tr><td>Milano Linate Airport (LIN)</td><td>EUR 128</td><td>10h 10</td><td>febbraio</td></tr><tr><td>Naples International Airport (NAP)</td><td>EUR 101</td><td>6h 40</td><td>novembre</td></tr><tr><td>Venice Marco Polo Airport (VCE)</td><td>EUR 169</td><td>2h 00</td><td>luglio</td></tr><tr><td>Catania-Fontanarossa Airport (CTA)</td><td>EUR 67</td><td>5h 00</td><td>gennaio</td></tr><tr><td>Guglielmo Marconi Airport (BLQ)</td><td>EUR 79</td><td>10h 00</td><td>gennaio</td></tr>
  </tbody>
</table>
<h2>Aeroporti italiani da cui conviene partire</h2>
<div class=""cpv-chip-list""><span class=""cpv-chip"">Leonardo da Vinci-Fiumicino Airport</span><span class=""cpv-chip"">Ciampino-G. B. Pastine International Airport</span><span class=""cpv-chip"">Milano Malpensa Airport</span><span class=""cpv-chip"">Orio al Serio International Airport</span><span class=""cpv-chip"">Milano Linate Airport</span><span class=""cpv-chip"">Naples International Airport</span></div>
<div class=""cpv-landing-grid"">
  <div class=""cpv-landing-card""><strong>City break</strong><p>Se Aracatuba e una meta urbana, le partenze del venerdi e del sabato sono spesso le piu monitorate.</p></div>
  <div class=""cpv-landing-card""><strong>Viaggi stagionali</strong><p>In alcuni periodi dell'anno le tariffe possono variare molto, soprattutto vicino ai ponti e alle festivita.</p></div>
  <div class=""cpv-landing-card""><strong>Confronto rapido</strong><p>Valuta aeroporti maggiori e secondari per capire se un piccolo spostamento porta a un risparmio concreto.</p></div>
</div>
<h2>Domande frequenti sui voli per Aracatuba</h2>
<div class=""cpv-faq"">
  <details><summary>Qual e il modo migliore per cercare voli per Aracatuba?</summary><p>Confronta piu aeroporti italiani, prova date flessibili e verifica anche partenze infrasettimanali per migliorare le possibilita di risparmio.</p></details>
  <details><summary>Meglio volo diretto o con scalo?</summary><p>Per tratte medio-brevi il diretto e spesso la scelta piu comoda, mentre su alcune rotte uno scalo puo ridurre il prezzo finale.</p></details>
  <details><summary>Quando controllare i prezzi per Aracatuba?</summary><p>Vale la pena iniziare a monitorare la rotta in anticipo e verificare con regolarita i giorni piu vicini alla partenza ideale.</p></details>
</div>","Voli per citta|Voli intercontinentali",city,ARU,/voli-per/aracatuba/,"Voli per Aracatuba (ARU): offerte e guide | ConfrontaPrezziVoli","Trova voli per Aracatuba dai principali aeroporti italiani. Tariffe indicative da EUR 124 e consigli per scegliere il periodo migliore.","voli per Aracatuba",cities,"Mese tipicamente conveniente: ottobre"
post,publish,"Voli per Arad (ARW): offerte, compagnie e periodo migliore per prenotare",voli-per-arad-arw,"Confronta voli per Arad dai principali aeroporti italiani. Scopri prezzi indicativi, compagnie e consigli utili per organizzare la partenza.","<div class=""cpv-landing-note"">
  <p><strong>Perche cercare voli per Arad qui.</strong> Questa pagina raccoglie un quadro rapido delle partenze italiane piu interessanti per Arad, con tariffe indicative e consigli per scegliere il periodo piu vantaggioso.</p>
</div>
<div class=""cpv-stat-grid"">
  <div class=""cpv-stat""><strong>EUR 72</strong><span>Prezzo indicativo da monitorare dalle principali aree aeroportuali italiane.</span></div>
  <div class=""cpv-stat""><strong>giugno</strong><span>Periodo spesso interessante per tenere sotto controllo la rotta.</span></div>
  <div class=""cpv-stat""><strong>9</strong><span>Aeroporti italiani prioritari da confrontare per questa destinazione.</span></div>
</div>
<h2>Offerte voli per Arad</h2>
<p>Per trovare il miglior equilibrio tra prezzo, durata e comfort, conviene verificare piu aeroporti di partenza italiani e confrontare giorni feriali e weekend.</p>
<table>
  <thead>
    <tr><th>Partenza</th><th>Prezzo da</th><th>Durata indicativa</th><th>Mese da monitorare</th></tr>
  </thead>
  <tbody>
    <tr><td>Leonardo da Vinci-Fiumicino Airport (FCO)</td><td>EUR 60</td><td>10h 50</td><td>giugno</td></tr><tr><td>Ciampino-G. B. Pastine International Airport (CIA)</td><td>EUR 44</td><td>5h 10</td><td>febbraio</td></tr><tr><td>Milano Malpensa Airport (MXP)</td><td>EUR 191</td><td>4h 40</td><td>maggio</td></tr><tr><td>Orio al Serio International Airport (BGY)</td><td>EUR 29</td><td>9h 40</td><td>novembre</td></tr><tr><td>Milano Linate Airport (LIN)</td><td>EUR 100</td><td>2h 30</td><td>ottobre</td></tr><tr><td>Naples International Airport (NAP)</td><td>EUR 109</td><td>4h 00</td><td>luglio</td></tr><tr><td>Venice Marco Polo Airport (VCE)</td><td>EUR 129</td><td>5h 20</td><td>marzo</td></tr><tr><td>Catania-Fontanarossa Airport (CTA)</td><td>EUR 59</td><td>10h 40</td><td>maggio</td></tr><tr><td>Guglielmo Marconi Airport (BLQ)</td><td>EUR 107</td><td>8h 40</td><td>maggio</td></tr>
  </tbody>
</table>
<h2>Aeroporti italiani da cui conviene partire</h2>
<div class=""cpv-chip-list""><span class=""cpv-chip"">Leonardo da Vinci-Fiumicino Airport</span><span class=""cpv-chip"">Ciampino-G. B. Pastine International Airport</span><span class=""cpv-chip"">Milano Malpensa Airport</span><span class=""cpv-chip"">Orio al Serio International Airport</span><span class=""cpv-chip"">Milano Linate Airport</span><span class=""cpv-chip"">Naples International Airport</span></div>
<div class=""cpv-landing-grid"">
  <div class=""cpv-landing-card""><strong>City break</strong><p>Se Arad e una meta urbana, le partenze del venerdi e del sabato sono spesso le piu monitorate.</p></div>
  <div class=""cpv-landing-card""><strong>Viaggi stagionali</strong><p>In alcuni periodi dell'anno le tariffe possono variare molto, soprattutto vicino ai ponti e alle festivita.</p></div>
  <div class=""cpv-landing-card""><strong>Confronto rapido</strong><p>Valuta aeroporti maggiori e secondari per capire se un piccolo spostamento porta a un risparmio concreto.</p></div>
</div>
<h2>Domande frequenti sui voli per Arad</h2>
<div class=""cpv-faq"">
  <details><summary>Qual e il modo migliore per cercare voli per Arad?</summary><p>Confronta piu aeroporti italiani, prova date flessibili e verifica anche partenze infrasettimanali per migliorare le possibilita di risparmio.</p></details>
  <details><summary>Meglio volo diretto o con scalo?</summary><p>Per tratte medio-brevi il diretto e spesso la scelta piu comoda, mentre su alcune rotte uno scalo puo ridurre il prezzo finale.</p></details>
  <details><summary>Quando controllare i prezzi per Arad?</summary><p>Vale la pena iniziare a monitorare la rotta in anticipo e verificare con regolarita i giorni piu vicini alla partenza ideale.</p></details>
</div>","Voli per citta|Voli in Europa",city,ARW,/voli-per/arad/,"Voli per Arad (ARW): offerte e guide | ConfrontaPrezziVoli","Trova voli per Arad dai principali aeroporti italiani. Tariffe indicative da EUR 72 e consigli per scegliere il periodo migliore.","voli per Arad",cities,"Mese tipicamente conveniente: giugno"
post,publish,"Voli per Araguaina (AUX): offerte, compagnie e periodo migliore per prenotare",voli-per-araguaina-aux,"Confronta voli per Araguaina dai principali aeroporti italiani. Scopri prezzi indicativi, compagnie e consigli utili per organizzare la partenza.","<div class=""cpv-landing-note"">
  <p><strong>Perche cercare voli per Araguaina qui.</strong> Questa pagina raccoglie un quadro rapido delle partenze italiane piu interessanti per Araguaina, con tariffe indicative e consigli per scegliere il periodo piu vantaggioso.</p>
</div>
<div class=""cpv-stat-grid"">
  <div class=""cpv-stat""><strong>EUR 82</strong><span>Prezzo indicativo da monitorare dalle principali aree aeroportuali italiane.</span></div>
  <div class=""cpv-stat""><strong>aprile</strong><span>Periodo spesso interessante per tenere sotto controllo la rotta.</span></div>
  <div class=""cpv-stat""><strong>9</strong><span>Aeroporti italiani prioritari da confrontare per questa destinazione.</span></div>
</div>
<h2>Offerte voli per Araguaina</h2>
<p>Per trovare il miglior equilibrio tra prezzo, durata e comfort, conviene verificare piu aeroporti di partenza italiani e confrontare giorni feriali e weekend.</p>
<table>
  <thead>
    <tr><th>Partenza</th><th>Prezzo da</th><th>Durata indicativa</th><th>Mese da monitorare</th></tr>
  </thead>
  <tbody>
    <tr><td>Leonardo da Vinci-Fiumicino Airport (FCO)</td><td>EUR 126</td><td>5h 50</td><td>dicembre</td></tr><tr><td>Ciampino-G. B. Pastine International Airport (CIA)</td><td>EUR 38</td><td>5h 10</td><td>agosto</td></tr><tr><td>Milano Malpensa Airport (MXP)</td><td>EUR 197</td><td>7h 40</td><td>novembre</td></tr><tr><td>Orio al Serio International Airport (BGY)</td><td>EUR 107</td><td>4h 40</td><td>maggio</td></tr><tr><td>Milano Linate Airport (LIN)</td><td>EUR 62</td><td>2h 10</td><td>agosto</td></tr><tr><td>Naples International Airport (NAP)</td><td>EUR 63</td><td>6h 20</td><td>settembre</td></tr><tr><td>Venice Marco Polo Airport (VCE)</td><td>EUR 87</td><td>3h 20</td><td>settembre</td></tr><tr><td>Catania-Fontanarossa Airport (CTA)</td><td>EUR 177</td><td>7h 20</td><td>marzo</td></tr><tr><td>Guglielmo Marconi Airport (BLQ)</td><td>EUR 145</td><td>10h 00</td><td>luglio</td></tr>
  </tbody>
</table>
<h2>Aeroporti italiani da cui conviene partire</h2>
<div class=""cpv-chip-list""><span class=""cpv-chip"">Leonardo da Vinci-Fiumicino Airport</span><span class=""cpv-chip"">Ciampino-G. B. Pastine International Airport</span><span class=""cpv-chip"">Milano Malpensa Airport</span><span class=""cpv-chip"">Orio al Serio International Airport</span><span class=""cpv-chip"">Milano Linate Airport</span><span class=""cpv-chip"">Naples International Airport</span></div>
<div class=""cpv-landing-grid"">
  <div class=""cpv-landing-card""><strong>City break</strong><p>Se Araguaina e una meta urbana, le partenze del venerdi e del sabato sono spesso le piu monitorate.</p></div>
  <div class=""cpv-landing-card""><strong>Viaggi stagionali</strong><p>In alcuni periodi dell'anno le tariffe possono variare molto, soprattutto vicino ai ponti e alle festivita.</p></div>
  <div class=""cpv-landing-card""><strong>Confronto rapido</strong><p>Valuta aeroporti maggiori e secondari per capire se un piccolo spostamento porta a un risparmio concreto.</p></div>
</div>
<h2>Domande frequenti sui voli per Araguaina</h2>
<div class=""cpv-faq"">
  <details><summary>Qual e il modo migliore per cercare voli per Araguaina?</summary><p>Confronta piu aeroporti italiani, prova date flessibili e verifica anche partenze infrasettimanali per migliorare le possibilita di risparmio.</p></details>
  <details><summary>Meglio volo diretto o con scalo?</summary><p>Per tratte medio-brevi il diretto e spesso la scelta piu comoda, mentre su alcune rotte uno scalo puo ridurre il prezzo finale.</p></details>
  <details><summary>Quando controllare i prezzi per Araguaina?</summary><p>Vale la pena iniziare a monitorare la rotta in anticipo e verificare con regolarita i giorni piu vicini alla partenza ideale.</p></details>
</div>","Voli per citta|Voli intercontinentali",city,AUX,/voli-per/araguaina/,"Voli per Araguaina (AUX): offerte e guide | ConfrontaPrezziVoli","Trova voli per Araguaina dai principali aeroporti italiani. Tariffe indicative da EUR 82 e consigli per scegliere il periodo migliore.","voli per Araguaina",cities,"Mese tipicamente conveniente: aprile"
post,publish,"Voli per Arar (RAE): offerte, compagnie e periodo migliore per prenotare",voli-per-arar-rae,"Confronta voli per Arar dai principali aeroporti italiani. Scopri prezzi indicativi, compagnie e consigli utili per organizzare la partenza.","<div class=""cpv-landing-note"">
  <p><strong>Perche cercare voli per Arar qui.</strong> Questa pagina raccoglie un quadro rapido delle partenze italiane piu interessanti per Arar, con tariffe indicative e consigli per scegliere il periodo piu vantaggioso.</p>
</div>
<div class=""cpv-stat-grid"">
  <div class=""cpv-stat""><strong>EUR 169</strong><span>Prezzo indicativo da monitorare dalle principali aree aeroportuali italiane.</span></div>
  <div class=""cpv-stat""><strong>luglio</strong><span>Periodo spesso interessante per tenere sotto controllo la rotta.</span></div>
  <div class=""cpv-stat""><strong>9</strong><span>Aeroporti italiani prioritari da confrontare per questa destinazione.</span></div>
</div>
<h2>Offerte voli per Arar</h2>
<p>Per trovare il miglior equilibrio tra prezzo, durata e comfort, conviene verificare piu aeroporti di partenza italiani e confrontare giorni feriali e weekend.</p>
<table>
  <thead>
    <tr><th>Partenza</th><th>Prezzo da</th><th>Durata indicativa</th><th>Mese da monitorare</th></tr>
  </thead>
  <tbody>
    <tr><td>Leonardo da Vinci-Fiumicino Airport (FCO)</td><td>EUR 117</td><td>2h 20</td><td>marzo</td></tr><tr><td>Ciampino-G. B. Pastine International Airport (CIA)</td><td>EUR 61</td><td>7h 00</td><td>luglio</td></tr><tr><td>Milano Malpensa Airport (MXP)</td><td>EUR 190</td><td>1h 30</td><td>aprile</td></tr><tr><td>Orio al Serio International Airport (BGY)</td><td>EUR 148</td><td>7h 30</td><td>ottobre</td></tr><tr><td>Milano Linate Airport (LIN)</td><td>EUR 25</td><td>4h 00</td><td>luglio</td></tr><tr><td>Naples International Airport (NAP)</td><td>EUR 20</td><td>4h 10</td><td>febbraio</td></tr><tr><td>Venice Marco Polo Airport (VCE)</td><td>EUR 52</td><td>5h 30</td><td>ottobre</td></tr><tr><td>Catania-Fontanarossa Airport (CTA)</td><td>EUR 74</td><td>1h 10</td><td>agosto</td></tr><tr><td>Guglielmo Marconi Airport (BLQ)</td><td>EUR 142</td><td>4h 30</td><td>aprile</td></tr>
  </tbody>
</table>
<h2>Aeroporti italiani da cui conviene partire</h2>
<div class=""cpv-chip-list""><span class=""cpv-chip"">Leonardo da Vinci-Fiumicino Airport</span><span class=""cpv-chip"">Ciampino-G. B. Pastine International Airport</span><span class=""cpv-chip"">Milano Malpensa Airport</span><span class=""cpv-chip"">Orio al Serio International Airport</span><span class=""cpv-chip"">Milano Linate Airport</span><span class=""cpv-chip"">Naples International Airport</span></div>
<div class=""cpv-landing-grid"">
  <div class=""cpv-landing-card""><strong>City break</strong><p>Se Arar e una meta urbana, le partenze del venerdi e del sabato sono spesso le piu monitorate.</p></div>
  <div class=""cpv-landing-card""><strong>Viaggi stagionali</strong><p>In alcuni periodi dell'anno le tariffe possono variare molto, soprattutto vicino ai ponti e alle festivita.</p></div>
  <div class=""cpv-landing-card""><strong>Confronto rapido</strong><p>Valuta aeroporti maggiori e secondari per capire se un piccolo spostamento porta a un risparmio concreto.</p></div>
</div>
<h2>Domande frequenti sui voli per Arar</h2>
<div class=""cpv-faq"">
  <details><summary>Qual e il modo migliore per cercare voli per Arar?</summary><p>Confronta piu aeroporti italiani, prova date flessibili e verifica anche partenze infrasettimanali per migliorare le possibilita di risparmio.</p></details>
  <details><summary>Meglio volo diretto o con scalo?</summary><p>Per tratte medio-brevi il diretto e spesso la scelta piu comoda, mentre su alcune rotte uno scalo puo ridurre il prezzo finale.</p></details>
  <details><summary>Quando controllare i prezzi per Arar?</summary><p>Vale la pena iniziare a monitorare la rotta in anticipo e verificare con regolarita i giorni piu vicini alla partenza ideale.</p></details>
</div>","Voli per citta|Voli intercontinentali",city,RAE,/voli-per/arar/,"Voli per Arar (RAE): offerte e guide | ConfrontaPrezziVoli","Trova voli per Arar dai principali aeroporti italiani. Tariffe indicative da EUR 169 e consigli per scegliere il periodo migliore.","voli per Arar",cities,"Mese tipicamente conveniente: luglio"
post,publish,"Voli per Araraquara (AQA): offerte, compagnie e periodo migliore per prenotare",voli-per-araraquara-aqa,"Confronta voli per Araraquara dai principali aeroporti italiani. Scopri prezzi indicativi, compagnie e consigli utili per organizzare la partenza.","<div class=""cpv-landing-note"">
  <p><strong>Perche cercare voli per Araraquara qui.</strong> Questa pagina raccoglie un quadro rapido delle partenze italiane piu interessanti per Araraquara, con tariffe indicative e consigli per scegliere il periodo piu vantaggioso.</p>
</div>
<div class=""cpv-stat-grid"">
  <div class=""cpv-stat""><strong>EUR 166</strong><span>Prezzo indicativo da monitorare dalle principali aree aeroportuali italiane.</span></div>
  <div class=""cpv-stat""><strong>aprile</strong><span>Periodo spesso interessante per tenere sotto controllo la rotta.</span></div>
  <div class=""cpv-stat""><strong>9</strong><span>Aeroporti italiani prioritari da confrontare per questa destinazione.</span></div>
</div>
<h2>Offerte voli per Araraquara</h2>
<p>Per trovare il miglior equilibrio tra prezzo, durata e comfort, conviene verificare piu aeroporti di partenza italiani e confrontare giorni feriali e weekend.</p>
<table>
  <thead>
    <tr><th>Partenza</th><th>Prezzo da</th><th>Durata indicativa</th><th>Mese da monitorare</th></tr>
  </thead>
  <tbody>
    <tr><td>Leonardo da Vinci-Fiumicino Airport (FCO)</td><td>EUR 74</td><td>2h 10</td><td>agosto</td></tr><tr><td>Ciampino-G. B. Pastine International Airport (CIA)</td><td>EUR 126</td><td>11h 50</td><td>dicembre</td></tr><tr><td>Milano Malpensa Airport (MXP)</td><td>EUR 69</td><td>8h 20</td><td>marzo</td></tr><tr><td>Orio al Serio International Airport (BGY)</td><td>EUR 111</td><td>4h 20</td><td>settembre</td></tr><tr><td>Milano Linate Airport (LIN)</td><td>EUR 58</td><td>6h 30</td><td>aprile</td></tr><tr><td>Naples International Airport (NAP)</td><td>EUR 63</td><td>5h 20</td><td>settembre</td></tr><tr><td>Venice Marco Polo Airport (VCE)</td><td>EUR 39</td><td>10h 20</td><td>settembre</td></tr><tr><td>Catania-Fontanarossa Airport (CTA)</td><td>EUR 193</td><td>1h 00</td><td>luglio</td></tr><tr><td>Guglielmo Marconi Airport (BLQ)</td><td>EUR 21</td><td>2h 20</td><td>marzo</td></tr>
  </tbody>
</table>
<h2>Aeroporti italiani da cui conviene partire</h2>
<div class=""cpv-chip-list""><span class=""cpv-chip"">Leonardo da Vinci-Fiumicino Airport</span><span class=""cpv-chip"">Ciampino-G. B. Pastine International Airport</span><span class=""cpv-chip"">Milano Malpensa Airport</span><span class=""cpv-chip"">Orio al Serio International Airport</span><span class=""cpv-chip"">Milano Linate Airport</span><span class=""cpv-chip"">Naples International Airport</span></div>
<div class=""cpv-landing-grid"">
  <div class=""cpv-landing-card""><strong>City break</strong><p>Se Araraquara e una meta urbana, le partenze del venerdi e del sabato sono spesso le piu monitorate.</p></div>
  <div class=""cpv-landing-card""><strong>Viaggi stagionali</strong><p>In alcuni periodi dell'anno le tariffe possono variare molto, soprattutto vicino ai ponti e alle festivita.</p></div>
  <div class=""cpv-landing-card""><strong>Confronto rapido</strong><p>Valuta aeroporti maggiori e secondari per capire se un piccolo spostamento porta a un risparmio concreto.</p></div>
</div>
<h2>Domande frequenti sui voli per Araraquara</h2>
<div class=""cpv-faq"">
  <details><summary>Qual e il modo migliore per cercare voli per Araraquara?</summary><p>Confronta piu aeroporti italiani, prova date flessibili e verifica anche partenze infrasettimanali per migliorare le possibilita di risparmio.</p></details>
  <details><summary>Meglio volo diretto o con scalo?</summary><p>Per tratte medio-brevi il diretto e spesso la scelta piu comoda, mentre su alcune rotte uno scalo puo ridurre il prezzo finale.</p></details>
  <details><summary>Quando controllare i prezzi per Araraquara?</summary><p>Vale la pena iniziare a monitorare la rotta in anticipo e verificare con regolarita i giorni piu vicini alla partenza ideale.</p></details>
</div>","Voli per citta|Voli intercontinentali",city,AQA,/voli-per/araraquara/,"Voli per Araraquara (AQA): offerte e guide | ConfrontaPrezziVoli","Trova voli per Araraquara dai principali aeroporti italiani. Tariffe indicative da EUR 166 e consigli per scegliere il periodo migliore.","voli per Araraquara",cities,"Mese tipicamente conveniente: aprile"
post,publish,"Voli per Arauca (AUC): offerte, compagnie e periodo migliore per prenotare",voli-per-arauca-auc,"Confronta voli per Arauca dai principali aeroporti italiani. Scopri prezzi indicativi, compagnie e consigli utili per organizzare la partenza.","<div class=""cpv-landing-note"">
  <p><strong>Perche cercare voli per Arauca qui.</strong> Questa pagina raccoglie un quadro rapido delle partenze italiane piu interessanti per Arauca, con tariffe indicative e consigli per scegliere il periodo piu vantaggioso.</p>
</div>
<div class=""cpv-stat-grid"">
  <div class=""cpv-stat""><strong>EUR 146</strong><span>Prezzo indicativo da monitorare dalle principali aree aeroportuali italiane.</span></div>
  <div class=""cpv-stat""><strong>agosto</strong><span>Periodo spesso interessante per tenere sotto controllo la rotta.</span></div>
  <div class=""cpv-stat""><strong>9</strong><span>Aeroporti italiani prioritari da confrontare per questa destinazione.</span></div>
</div>
<h2>Offerte voli per Arauca</h2>
<p>Per trovare il miglior equilibrio tra prezzo, durata e comfort, conviene verificare piu aeroporti di partenza italiani e confrontare giorni feriali e weekend.</p>
<table>
  <thead>
    <tr><th>Partenza</th><th>Prezzo da</th><th>Durata indicativa</th><th>Mese da monitorare</th></tr>
  </thead>
  <tbody>
    <tr><td>Leonardo da Vinci-Fiumicino Airport (FCO)</td><td>EUR 162</td><td>11h 50</td><td>dicembre</td></tr><tr><td>Ciampino-G. B. Pastine International Airport (CIA)</td><td>EUR 82</td><td>9h 30</td><td>aprile</td></tr><tr><td>Milano Malpensa Airport (MXP)</td><td>EUR 113</td><td>5h 40</td><td>novembre</td></tr><tr><td>Orio al Serio International Airport (BGY)</td><td>EUR 47</td><td>8h 40</td><td>maggio</td></tr><tr><td>Milano Linate Airport (LIN)</td><td>EUR 118</td><td>6h 30</td><td>aprile</td></tr><tr><td>Naples International Airport (NAP)</td><td>EUR 147</td><td>4h 20</td><td>settembre</td></tr><tr><td>Venice Marco Polo Airport (VCE)</td><td>EUR 63</td><td>11h 20</td><td>settembre</td></tr><tr><td>Catania-Fontanarossa Airport (CTA)</td><td>EUR 125</td><td>5h 40</td><td>novembre</td></tr><tr><td>Guglielmo Marconi Airport (BLQ)</td><td>EUR 69</td><td>8h 20</td><td>marzo</td></tr>
  </tbody>
</table>
<h2>Aeroporti italiani da cui conviene partire</h2>
<div class=""cpv-chip-list""><span class=""cpv-chip"">Leonardo da Vinci-Fiumicino Airport</span><span class=""cpv-chip"">Ciampino-G. B. Pastine International Airport</span><span class=""cpv-chip"">Milano Malpensa Airport</span><span class=""cpv-chip"">Orio al Serio International Airport</span><span class=""cpv-chip"">Milano Linate Airport</span><span class=""cpv-chip"">Naples International Airport</span></div>
<div class=""cpv-landing-grid"">
  <div class=""cpv-landing-card""><strong>City break</strong><p>Se Arauca e una meta urbana, le partenze del venerdi e del sabato sono spesso le piu monitorate.</p></div>
  <div class=""cpv-landing-card""><strong>Viaggi stagionali</strong><p>In alcuni periodi dell'anno le tariffe possono variare molto, soprattutto vicino ai ponti e alle festivita.</p></div>
  <div class=""cpv-landing-card""><strong>Confronto rapido</strong><p>Valuta aeroporti maggiori e secondari per capire se un piccolo spostamento porta a un risparmio concreto.</p></div>
</div>
<h2>Domande frequenti sui voli per Arauca</h2>
<div class=""cpv-faq"">
  <details><summary>Qual e il modo migliore per cercare voli per Arauca?</summary><p>Confronta piu aeroporti italiani, prova date flessibili e verifica anche partenze infrasettimanali per migliorare le possibilita di risparmio.</p></details>
  <details><summary>Meglio volo diretto o con scalo?</summary><p>Per tratte medio-brevi il diretto e spesso la scelta piu comoda, mentre su alcune rotte uno scalo puo ridurre il prezzo finale.</p></details>
  <details><summary>Quando controllare i prezzi per Arauca?</summary><p>Vale la pena iniziare a monitorare la rotta in anticipo e verificare con regolarita i giorni piu vicini alla partenza ideale.</p></details>
</div>","Voli per citta|Voli intercontinentali",city,AUC,/voli-per/arauca/,"Voli per Arauca (AUC): offerte e guide | ConfrontaPrezziVoli","Trova voli per Arauca dai principali aeroporti italiani. Tariffe indicative da EUR 146 e consigli per scegliere il periodo migliore.","voli per Arauca",cities,"Mese tipicamente conveniente: agosto"
post,publish,"Voli per Araxa (AAX): offerte, compagnie e periodo migliore per prenotare",voli-per-araxa-aax,"Confronta voli per Araxa dai principali aeroporti italiani. Scopri prezzi indicativi, compagnie e consigli utili per organizzare la partenza.","<div class=""cpv-landing-note"">
  <p><strong>Perche cercare voli per Araxa qui.</strong> Questa pagina raccoglie un quadro rapido delle partenze italiane piu interessanti per Araxa, con tariffe indicative e consigli per scegliere il periodo piu vantaggioso.</p>
</div>
<div class=""cpv-stat-grid"">
  <div class=""cpv-stat""><strong>EUR 189</strong><span>Prezzo indicativo da monitorare dalle principali aree aeroportuali italiane.</span></div>
  <div class=""cpv-stat""><strong>marzo</strong><span>Periodo spesso interessante per tenere sotto controllo la rotta.</span></div>
  <div class=""cpv-stat""><strong>9</strong><span>Aeroporti italiani prioritari da confrontare per questa destinazione.</span></div>
</div>
<h2>Offerte voli per Araxa</h2>
<p>Per trovare il miglior equilibrio tra prezzo, durata e comfort, conviene verificare piu aeroporti di partenza italiani e confrontare giorni feriali e weekend.</p>
<table>
  <thead>
    <tr><th>Partenza</th><th>Prezzo da</th><th>Durata indicativa</th><th>Mese da monitorare</th></tr>
  </thead>
  <tbody>
    <tr><td>Leonardo da Vinci-Fiumicino Airport (FCO)</td><td>EUR 149</td><td>3h 40</td><td>novembre</td></tr><tr><td>Ciampino-G. B. Pastine International Airport (CIA)</td><td>EUR 145</td><td>10h 00</td><td>luglio</td></tr><tr><td>Milano Malpensa Airport (MXP)</td><td>EUR 50</td><td>3h 10</td><td>agosto</td></tr><tr><td>Orio al Serio International Airport (BGY)</td><td>EUR 56</td><td>10h 10</td><td>febbraio</td></tr><tr><td>Milano Linate Airport (LIN)</td><td>EUR 189</td><td>5h 20</td><td>marzo</td></tr><tr><td>Naples International Airport (NAP)</td><td>EUR 20</td><td>11h 10</td><td>febbraio</td></tr><tr><td>Venice Marco Polo Airport (VCE)</td><td>EUR 108</td><td>6h 50</td><td>giugno</td></tr><tr><td>Catania-Fontanarossa Airport (CTA)</td><td>EUR 166</td><td>1h 30</td><td>aprile</td></tr><tr><td>Guglielmo Marconi Airport (BLQ)</td><td>EUR 194</td><td>9h 10</td><td>agosto</td></tr>
  </tbody>
</table>
<h2>Aeroporti italiani da cui conviene partire</h2>
<div class=""cpv-chip-list""><span class=""cpv-chip"">Leonardo da Vinci-Fiumicino Airport</span><span class=""cpv-chip"">Ciampino-G. B. Pastine International Airport</span><span class=""cpv-chip"">Milano Malpensa Airport</span><span class=""cpv-chip"">Orio al Serio International Airport</span><span class=""cpv-chip"">Milano Linate Airport</span><span class=""cpv-chip"">Naples International Airport</span></div>
<div class=""cpv-landing-grid"">
  <div class=""cpv-landing-card""><strong>City break</strong><p>Se Araxa e una meta urbana, le partenze del venerdi e del sabato sono spesso le piu monitorate.</p></div>
  <div class=""cpv-landing-card""><strong>Viaggi stagionali</strong><p>In alcuni periodi dell'anno le tariffe possono variare molto, soprattutto vicino ai ponti e alle festivita.</p></div>
  <div class=""cpv-landing-card""><strong>Confronto rapido</strong><p>Valuta aeroporti maggiori e secondari per capire se un piccolo spostamento porta a un risparmio concreto.</p></div>
</div>
<h2>Domande frequenti sui voli per Araxa</h2>
<div class=""cpv-faq"">
  <details><summary>Qual e il modo migliore per cercare voli per Araxa?</summary><p>Confronta piu aeroporti italiani, prova date flessibili e verifica anche partenze infrasettimanali per migliorare le possibilita di risparmio.</p></details>
  <details><summary>Meglio volo diretto o con scalo?</summary><p>Per tratte medio-brevi il diretto e spesso la scelta piu comoda, mentre su alcune rotte uno scalo puo ridurre il prezzo finale.</p></details>
  <details><summary>Quando controllare i prezzi per Araxa?</summary><p>Vale la pena iniziare a monitorare la rotta in anticipo e verificare con regolarita i giorni piu vicini alla partenza ideale.</p></details>
</div>","Voli per citta|Voli intercontinentali",city,AAX,/voli-per/araxa/,"Voli per Araxa (AAX): offerte e guide | ConfrontaPrezziVoli","Trova voli per Araxa dai principali aeroporti italiani. Tariffe indicative da EUR 189 e consigli per scegliere il periodo migliore.","voli per Araxa",cities,"Mese tipicamente conveniente: marzo"
post,publish,"Voli per Arba Mintch (AMH): offerte, compagnie e periodo migliore per prenotare",voli-per-arba-mintch-amh,"Confronta voli per Arba Mintch dai principali aeroporti italiani. Scopri prezzi indicativi, compagnie e consigli utili per organizzare la partenza.","<div class=""cpv-landing-note"">
  <p><strong>Perche cercare voli per Arba Mintch qui.</strong> Questa pagina raccoglie un quadro rapido delle partenze italiane piu interessanti per Arba Mintch, con tariffe indicative e consigli per scegliere il periodo piu vantaggioso.</p>
</div>
<div class=""cpv-stat-grid"">
  <div class=""cpv-stat""><strong>EUR 101</strong><span>Prezzo indicativo da monitorare dalle principali aree aeroportuali italiane.</span></div>
  <div class=""cpv-stat""><strong>novembre</strong><span>Periodo spesso interessante per tenere sotto controllo la rotta.</span></div>
  <div class=""cpv-stat""><strong>9</strong><span>Aeroporti italiani prioritari da confrontare per questa destinazione.</span></div>
</div>
<h2>Offerte voli per Arba Mintch</h2>
<p>Per trovare il miglior equilibrio tra prezzo, durata e comfort, conviene verificare piu aeroporti di partenza italiani e confrontare giorni feriali e weekend.</p>
<table>
  <thead>
    <tr><th>Partenza</th><th>Prezzo da</th><th>Durata indicativa</th><th>Mese da monitorare</th></tr>
  </thead>
  <tbody>
    <tr><td>Leonardo da Vinci-Fiumicino Airport (FCO)</td><td>EUR 105</td><td>11h 20</td><td>marzo</td></tr><tr><td>Ciampino-G. B. Pastine International Airport (CIA)</td><td>EUR 185</td><td>10h 40</td><td>novembre</td></tr><tr><td>Milano Malpensa Airport (MXP)</td><td>EUR 106</td><td>11h 30</td><td>aprile</td></tr><tr><td>Orio al Serio International Airport (BGY)</td><td>EUR 28</td><td>1h 30</td><td>ottobre</td></tr><tr><td>Milano Linate Airport (LIN)</td><td>EUR 93</td><td>11h 20</td><td>marzo</td></tr><tr><td>Naples International Airport (NAP)</td><td>EUR 132</td><td>5h 50</td><td>giugno</td></tr><tr><td>Venice Marco Polo Airport (VCE)</td><td>EUR 192</td><td>5h 50</td><td>giugno</td></tr><tr><td>Catania-Fontanarossa Airport (CTA)</td><td>EUR 34</td><td>7h 30</td><td>aprile</td></tr><tr><td>Guglielmo Marconi Airport (BLQ)</td><td>EUR 122</td><td>2h 10</td><td>agosto</td></tr>
  </tbody>
</table>
<h2>Aeroporti italiani da cui conviene partire</h2>
<div class=""cpv-chip-list""><span class=""cpv-chip"">Leonardo da Vinci-Fiumicino Airport</span><span class=""cpv-chip"">Ciampino-G. B. Pastine International Airport</span><span class=""cpv-chip"">Milano Malpensa Airport</span><span class=""cpv-chip"">Orio al Serio International Airport</span><span class=""cpv-chip"">Milano Linate Airport</span><span class=""cpv-chip"">Naples International Airport</span></div>
<div class=""cpv-landing-grid"">
  <div class=""cpv-landing-card""><strong>City break</strong><p>Se Arba Mintch e una meta urbana, le partenze del venerdi e del sabato sono spesso le piu monitorate.</p></div>
  <div class=""cpv-landing-card""><strong>Viaggi stagionali</strong><p>In alcuni periodi dell'anno le tariffe possono variare molto, soprattutto vicino ai ponti e alle festivita.</p></div>
  <div class=""cpv-landing-card""><strong>Confronto rapido</strong><p>Valuta aeroporti maggiori e secondari per capire se un piccolo spostamento porta a un risparmio concreto.</p></div>
</div>
<h2>Domande frequenti sui voli per Arba Mintch</h2>
<div class=""cpv-faq"">
  <details><summary>Qual e il modo migliore per cercare voli per Arba Mintch?</summary><p>Confronta piu aeroporti italiani, prova date flessibili e verifica anche partenze infrasettimanali per migliorare le possibilita di risparmio.</p></details>
  <details><summary>Meglio volo diretto o con scalo?</summary><p>Per tratte medio-brevi il diretto e spesso la scelta piu comoda, mentre su alcune rotte uno scalo puo ridurre il prezzo finale.</p></details>
  <details><summary>Quando controllare i prezzi per Arba Mintch?</summary><p>Vale la pena iniziare a monitorare la rotta in anticipo e verificare con regolarita i giorni piu vicini alla partenza ideale.</p></details>
</div>","Voli per citta|Voli intercontinentali",city,AMH,/voli-per/arba-mintch/,"Voli per Arba Mintch (AMH): offerte e guide | ConfrontaPrezziVoli","Trova voli per Arba Mintch dai principali aeroporti italiani. Tariffe indicative da EUR 101 e consigli per scegliere il periodo migliore.","voli per Arba Mintch",cities,"Mese tipicamente conveniente: novembre"
post,publish,"Voli per Arcata (ACV): offerte, compagnie e periodo migliore per prenotare",voli-per-arcata-acv,"Confronta voli per Arcata dai principali aeroporti italiani. Scopri prezzi indicativi, compagnie e consigli utili per organizzare la partenza.","<div class=""cpv-landing-note"">
  <p><strong>Perche cercare voli per Arcata qui.</strong> Questa pagina raccoglie un quadro rapido delle partenze italiane piu interessanti per Arcata, con tariffe indicative e consigli per scegliere il periodo piu vantaggioso.</p>
</div>
<div class=""cpv-stat-grid"">
  <div class=""cpv-stat""><strong>EUR 154</strong><span>Prezzo indicativo da monitorare dalle principali aree aeroportuali italiane.</span></div>
  <div class=""cpv-stat""><strong>aprile</strong><span>Periodo spesso interessante per tenere sotto controllo la rotta.</span></div>
  <div class=""cpv-stat""><strong>9</strong><span>Aeroporti italiani prioritari da confrontare per questa destinazione.</span></div>
</div>
<h2>Offerte voli per Arcata</h2>
<p>Per trovare il miglior equilibrio tra prezzo, durata e comfort, conviene verificare piu aeroporti di partenza italiani e confrontare giorni feriali e weekend.</p>
<table>
  <thead>
    <tr><th>Partenza</th><th>Prezzo da</th><th>Durata indicativa</th><th>Mese da monitorare</th></tr>
  </thead>
  <tbody>
    <tr><td>Leonardo da Vinci-Fiumicino Airport (FCO)</td><td>EUR 198</td><td>2h 50</td><td>dicembre</td></tr><tr><td>Ciampino-G. B. Pastine International Airport (CIA)</td><td>EUR 178</td><td>11h 30</td><td>aprile</td></tr><tr><td>Milano Malpensa Airport (MXP)</td><td>EUR 37</td><td>2h 00</td><td>luglio</td></tr><tr><td>Orio al Serio International Airport (BGY)</td><td>EUR 19</td><td>9h 00</td><td>gennaio</td></tr><tr><td>Milano Linate Airport (LIN)</td><td>EUR 186</td><td>6h 50</td><td>dicembre</td></tr><tr><td>Naples International Airport (NAP)</td><td>EUR 191</td><td>4h 40</td><td>maggio</td></tr><tr><td>Venice Marco Polo Airport (VCE)</td><td>EUR 75</td><td>6h 20</td><td>settembre</td></tr><tr><td>Catania-Fontanarossa Airport (CTA)</td><td>EUR 73</td><td>4h 00</td><td>luglio</td></tr><tr><td>Guglielmo Marconi Airport (BLQ)</td><td>EUR 85</td><td>4h 00</td><td>luglio</td></tr>
  </tbody>
</table>
<h2>Aeroporti italiani da cui conviene partire</h2>
<div class=""cpv-chip-list""><span class=""cpv-chip"">Leonardo da Vinci-Fiumicino Airport</span><span class=""cpv-chip"">Ciampino-G. B. Pastine International Airport</span><span class=""cpv-chip"">Milano Malpensa Airport</span><span class=""cpv-chip"">Orio al Serio International Airport</span><span class=""cpv-chip"">Milano Linate Airport</span><span class=""cpv-chip"">Naples International Airport</span></div>
<div class=""cpv-landing-grid"">
  <div class=""cpv-landing-card""><strong>City break</strong><p>Se Arcata e una meta urbana, le partenze del venerdi e del sabato sono spesso le piu monitorate.</p></div>
  <div class=""cpv-landing-card""><strong>Viaggi stagionali</strong><p>In alcuni periodi dell'anno le tariffe possono variare molto, soprattutto vicino ai ponti e alle festivita.</p></div>
  <div class=""cpv-landing-card""><strong>Confronto rapido</strong><p>Valuta aeroporti maggiori e secondari per capire se un piccolo spostamento porta a un risparmio concreto.</p></div>
</div>
<h2>Domande frequenti sui voli per Arcata</h2>
<div class=""cpv-faq"">
  <details><summary>Qual e il modo migliore per cercare voli per Arcata?</summary><p>Confronta piu aeroporti italiani, prova date flessibili e verifica anche partenze infrasettimanali per migliorare le possibilita di risparmio.</p></details>
  <details><summary>Meglio volo diretto o con scalo?</summary><p>Per tratte medio-brevi il diretto e spesso la scelta piu comoda, mentre su alcune rotte uno scalo puo ridurre il prezzo finale.</p></details>
  <details><summary>Quando controllare i prezzi per Arcata?</summary><p>Vale la pena iniziare a monitorare la rotta in anticipo e verificare con regolarita i giorni piu vicini alla partenza ideale.</p></details>
</div>","Voli per citta|Voli intercontinentali",city,ACV,/voli-per/arcata/,"Voli per Arcata (ACV): offerte e guide | ConfrontaPrezziVoli","Trova voli per Arcata dai principali aeroporti italiani. Tariffe indicative da EUR 154 e consigli per scegliere il periodo migliore.","voli per Arcata",cities,"Mese tipicamente conveniente: aprile"
post,publish,"Voli per Arctic Bay (YAB): offerte, compagnie e periodo migliore per prenotare",voli-per-arctic-bay-yab,"Confronta voli per Arctic Bay dai principali aeroporti italiani. Scopri prezzi indicativi, compagnie e consigli utili per organizzare la partenza.","<div class=""cpv-landing-note"">
  <p><strong>Perche cercare voli per Arctic Bay qui.</strong> Questa pagina raccoglie un quadro rapido delle partenze italiane piu interessanti per Arctic Bay, con tariffe indicative e consigli per scegliere il periodo piu vantaggioso.</p>
</div>
<div class=""cpv-stat-grid"">
  <div class=""cpv-stat""><strong>EUR 75</strong><span>Prezzo indicativo da monitorare dalle principali aree aeroportuali italiane.</span></div>
  <div class=""cpv-stat""><strong>settembre</strong><span>Periodo spesso interessante per tenere sotto controllo la rotta.</span></div>
  <div class=""cpv-stat""><strong>9</strong><span>Aeroporti italiani prioritari da confrontare per questa destinazione.</span></div>
</div>
<h2>Offerte voli per Arctic Bay</h2>
<p>Per trovare il miglior equilibrio tra prezzo, durata e comfort, conviene verificare piu aeroporti di partenza italiani e confrontare giorni feriali e weekend.</p>
<table>
  <thead>
    <tr><th>Partenza</th><th>Prezzo da</th><th>Durata indicativa</th><th>Mese da monitorare</th></tr>
  </thead>
  <tbody>
    <tr><td>Leonardo da Vinci-Fiumicino Airport (FCO)</td><td>EUR 163</td><td>1h 00</td><td>gennaio</td></tr><tr><td>Ciampino-G. B. Pastine International Airport (CIA)</td><td>EUR 135</td><td>1h 20</td><td>settembre</td></tr><tr><td>Milano Malpensa Airport (MXP)</td><td>EUR 144</td><td>11h 50</td><td>giugno</td></tr><tr><td>Orio al Serio International Airport (BGY)</td><td>EUR 66</td><td>5h 50</td><td>dicembre</td></tr><tr><td>Milano Linate Airport (LIN)</td><td>EUR 171</td><td>9h 20</td><td>settembre</td></tr><tr><td>Naples International Airport (NAP)</td><td>EUR 166</td><td>10h 30</td><td>aprile</td></tr><tr><td>Venice Marco Polo Airport (VCE)</td><td>EUR 174</td><td>8h 50</td><td>dicembre</td></tr><tr><td>Catania-Fontanarossa Airport (CTA)</td><td>EUR 116</td><td>2h 10</td><td>febbraio</td></tr><tr><td>Guglielmo Marconi Airport (BLQ)</td><td>EUR 164</td><td>4h 10</td><td>febbraio</td></tr>
  </tbody>
</table>
<h2>Aeroporti italiani da cui conviene partire</h2>
<div class=""cpv-chip-list""><span class=""cpv-chip"">Leonardo da Vinci-Fiumicino Airport</span><span class=""cpv-chip"">Ciampino-G. B. Pastine International Airport</span><span class=""cpv-chip"">Milano Malpensa Airport</span><span class=""cpv-chip"">Orio al Serio International Airport</span><span class=""cpv-chip"">Milano Linate Airport</span><span class=""cpv-chip"">Naples International Airport</span></div>
<div class=""cpv-landing-grid"">
  <div class=""cpv-landing-card""><strong>City break</strong><p>Se Arctic Bay e una meta urbana, le partenze del venerdi e del sabato sono spesso le piu monitorate.</p></div>
  <div class=""cpv-landing-card""><strong>Viaggi stagionali</strong><p>In alcuni periodi dell'anno le tariffe possono variare molto, soprattutto vicino ai ponti e alle festivita.</p></div>
  <div class=""cpv-landing-card""><strong>Confronto rapido</strong><p>Valuta aeroporti maggiori e secondari per capire se un piccolo spostamento porta a un risparmio concreto.</p></div>
</div>
<h2>Domande frequenti sui voli per Arctic Bay</h2>
<div class=""cpv-faq"">
  <details><summary>Qual e il modo migliore per cercare voli per Arctic Bay?</summary><p>Confronta piu aeroporti italiani, prova date flessibili e verifica anche partenze infrasettimanali per migliorare le possibilita di risparmio.</p></details>
  <details><summary>Meglio volo diretto o con scalo?</summary><p>Per tratte medio-brevi il diretto e spesso la scelta piu comoda, mentre su alcune rotte uno scalo puo ridurre il prezzo finale.</p></details>
  <details><summary>Quando controllare i prezzi per Arctic Bay?</summary><p>Vale la pena iniziare a monitorare la rotta in anticipo e verificare con regolarita i giorni piu vicini alla partenza ideale.</p></details>
</div>","Voli per citta|Voli intercontinentali",city,YAB,/voli-per/arctic-bay/,"Voli per Arctic Bay (YAB): offerte e guide | ConfrontaPrezziVoli","Trova voli per Arctic Bay dai principali aeroporti italiani. Tariffe indicative da EUR 75 e consigli per scegliere il periodo migliore.","voli per Arctic Bay",cities,"Mese tipicamente conveniente: settembre"
post,publish,"Voli per Ardabil (ADU): offerte, compagnie e periodo migliore per prenotare",voli-per-ardabil-adu,"Confronta voli per Ardabil dai principali aeroporti italiani. Scopri prezzi indicativi, compagnie e consigli utili per organizzare la partenza.","<div class=""cpv-landing-note"">
  <p><strong>Perche cercare voli per Ardabil qui.</strong> Questa pagina raccoglie un quadro rapido delle partenze italiane piu interessanti per Ardabil, con tariffe indicative e consigli per scegliere il periodo piu vantaggioso.</p>
</div>
<div class=""cpv-stat-grid"">
  <div class=""cpv-stat""><strong>EUR 149</strong><span>Prezzo indicativo da monitorare dalle principali aree aeroportuali italiane.</span></div>
  <div class=""cpv-stat""><strong>novembre</strong><span>Periodo spesso interessante per tenere sotto controllo la rotta.</span></div>
  <div class=""cpv-stat""><strong>9</strong><span>Aeroporti italiani prioritari da confrontare per questa destinazione.</span></div>
</div>
<h2>Offerte voli per Ardabil</h2>
<p>Per trovare il miglior equilibrio tra prezzo, durata e comfort, conviene verificare piu aeroporti di partenza italiani e confrontare giorni feriali e weekend.</p>
<table>
  <thead>
    <tr><th>Partenza</th><th>Prezzo da</th><th>Durata indicativa</th><th>Mese da monitorare</th></tr>
  </thead>
  <tbody>
    <tr><td>Leonardo da Vinci-Fiumicino Airport (FCO)</td><td>EUR 81</td><td>9h 20</td><td>marzo</td></tr><tr><td>Ciampino-G. B. Pastine International Airport (CIA)</td><td>EUR 173</td><td>8h 40</td><td>novembre</td></tr><tr><td>Milano Malpensa Airport (MXP)</td><td>EUR 198</td><td>11h 50</td><td>dicembre</td></tr><tr><td>Orio al Serio International Airport (BGY)</td><td>EUR 56</td><td>7h 10</td><td>febbraio</td></tr><tr><td>Milano Linate Airport (LIN)</td><td>EUR 133</td><td>4h 00</td><td>luglio</td></tr><tr><td>Naples International Airport (NAP)</td><td>EUR 132</td><td>8h 50</td><td>giugno</td></tr><tr><td>Venice Marco Polo Airport (VCE)</td><td>EUR 36</td><td>5h 50</td><td>giugno</td></tr><tr><td>Catania-Fontanarossa Airport (CTA)</td><td>EUR 46</td><td>10h 30</td><td>aprile</td></tr><tr><td>Guglielmo Marconi Airport (BLQ)</td><td>EUR 118</td><td>4h 30</td><td>aprile</td></tr>
  </tbody>
</table>
<h2>Aeroporti italiani da cui conviene partire</h2>
<div class=""cpv-chip-list""><span class=""cpv-chip"">Leonardo da Vinci-Fiumicino Airport</span><span class=""cpv-chip"">Ciampino-G. B. Pastine International Airport</span><span class=""cpv-chip"">Milano Malpensa Airport</span><span class=""cpv-chip"">Orio al Serio International Airport</span><span class=""cpv-chip"">Milano Linate Airport</span><span class=""cpv-chip"">Naples International Airport</span></div>
<div class=""cpv-landing-grid"">
  <div class=""cpv-landing-card""><strong>City break</strong><p>Se Ardabil e una meta urbana, le partenze del venerdi e del sabato sono spesso le piu monitorate.</p></div>
  <div class=""cpv-landing-card""><strong>Viaggi stagionali</strong><p>In alcuni periodi dell'anno le tariffe possono variare molto, soprattutto vicino ai ponti e alle festivita.</p></div>
  <div class=""cpv-landing-card""><strong>Confronto rapido</strong><p>Valuta aeroporti maggiori e secondari per capire se un piccolo spostamento porta a un risparmio concreto.</p></div>
</div>
<h2>Domande frequenti sui voli per Ardabil</h2>
<div class=""cpv-faq"">
  <details><summary>Qual e il modo migliore per cercare voli per Ardabil?</summary><p>Confronta piu aeroporti italiani, prova date flessibili e verifica anche partenze infrasettimanali per migliorare le possibilita di risparmio.</p></details>
  <details><summary>Meglio volo diretto o con scalo?</summary><p>Per tratte medio-brevi il diretto e spesso la scelta piu comoda, mentre su alcune rotte uno scalo puo ridurre il prezzo finale.</p></details>
  <details><summary>Quando controllare i prezzi per Ardabil?</summary><p>Vale la pena iniziare a monitorare la rotta in anticipo e verificare con regolarita i giorni piu vicini alla partenza ideale.</p></details>
</div>","Voli per citta|Voli intercontinentali",city,ADU,/voli-per/ardabil/,"Voli per Ardabil (ADU): offerte e guide | ConfrontaPrezziVoli","Trova voli per Ardabil dai principali aeroporti italiani. Tariffe indicative da EUR 149 e consigli per scegliere il periodo migliore.","voli per Ardabil",cities,"Mese tipicamente conveniente: novembre"
post,publish,"Voli per Arequipa (AQP): offerte, compagnie e periodo migliore per prenotare",voli-per-arequipa-aqp,"Confronta voli per Arequipa dai principali aeroporti italiani. Scopri prezzi indicativi, compagnie e consigli utili per organizzare la partenza.","<div class=""cpv-landing-note"">
  <p><strong>Perche cercare voli per Arequipa qui.</strong> Questa pagina raccoglie un quadro rapido delle partenze italiane piu interessanti per Arequipa, con tariffe indicative e consigli per scegliere il periodo piu vantaggioso.</p>
</div>
<div class=""cpv-stat-grid"">
  <div class=""cpv-stat""><strong>EUR 80</strong><span>Prezzo indicativo da monitorare dalle principali aree aeroportuali italiane.</span></div>
  <div class=""cpv-stat""><strong>febbraio</strong><span>Periodo spesso interessante per tenere sotto controllo la rotta.</span></div>
  <div class=""cpv-stat""><strong>9</strong><span>Aeroporti italiani prioritari da confrontare per questa destinazione.</span></div>
</div>
<h2>Offerte voli per Arequipa</h2>
<p>Per trovare il miglior equilibrio tra prezzo, durata e comfort, conviene verificare piu aeroporti di partenza italiani e confrontare giorni feriali e weekend.</p>
<table>
  <thead>
    <tr><th>Partenza</th><th>Prezzo da</th><th>Durata indicativa</th><th>Mese da monitorare</th></tr>
  </thead>
  <tbody>
    <tr><td>Leonardo da Vinci-Fiumicino Airport (FCO)</td><td>EUR 156</td><td>1h 50</td><td>giugno</td></tr><tr><td>Ciampino-G. B. Pastine International Airport (CIA)</td><td>EUR 144</td><td>9h 50</td><td>giugno</td></tr><tr><td>Milano Malpensa Airport (MXP)</td><td>EUR 151</td><td>8h 00</td><td>gennaio</td></tr><tr><td>Orio al Serio International Airport (BGY)</td><td>EUR 105</td><td>11h 20</td><td>marzo</td></tr><tr><td>Milano Linate Airport (LIN)</td><td>EUR 148</td><td>11h 30</td><td>ottobre</td></tr><tr><td>Naples International Airport (NAP)</td><td>EUR 105</td><td>7h 20</td><td>marzo</td></tr><tr><td>Venice Marco Polo Airport (VCE)</td><td>EUR 157</td><td>8h 00</td><td>luglio</td></tr><tr><td>Catania-Fontanarossa Airport (CTA)</td><td>EUR 31</td><td>7h 00</td><td>gennaio</td></tr><tr><td>Guglielmo Marconi Airport (BLQ)</td><td>EUR 111</td><td>1h 20</td><td>settembre</td></tr>
  </tbody>
</table>
<h2>Aeroporti italiani da cui conviene partire</h2>
<div class=""cpv-chip-list""><span class=""cpv-chip"">Leonardo da Vinci-Fiumicino Airport</span><span class=""cpv-chip"">Ciampino-G. B. Pastine International Airport</span><span class=""cpv-chip"">Milano Malpensa Airport</span><span class=""cpv-chip"">Orio al Serio International Airport</span><span class=""cpv-chip"">Milano Linate Airport</span><span class=""cpv-chip"">Naples International Airport</span></div>
<div class=""cpv-landing-grid"">
  <div class=""cpv-landing-card""><strong>City break</strong><p>Se Arequipa e una meta urbana, le partenze del venerdi e del sabato sono spesso le piu monitorate.</p></div>
  <div class=""cpv-landing-card""><strong>Viaggi stagionali</strong><p>In alcuni periodi dell'anno le tariffe possono variare molto, soprattutto vicino ai ponti e alle festivita.</p></div>
  <div class=""cpv-landing-card""><strong>Confronto rapido</strong><p>Valuta aeroporti maggiori e secondari per capire se un piccolo spostamento porta a un risparmio concreto.</p></div>
</div>
<h2>Domande frequenti sui voli per Arequipa</h2>
<div class=""cpv-faq"">
  <details><summary>Qual e il modo migliore per cercare voli per Arequipa?</summary><p>Confronta piu aeroporti italiani, prova date flessibili e verifica anche partenze infrasettimanali per migliorare le possibilita di risparmio.</p></details>
  <details><summary>Meglio volo diretto o con scalo?</summary><p>Per tratte medio-brevi il diretto e spesso la scelta piu comoda, mentre su alcune rotte uno scalo puo ridurre il prezzo finale.</p></details>
  <details><summary>Quando controllare i prezzi per Arequipa?</summary><p>Vale la pena iniziare a monitorare la rotta in anticipo e verificare con regolarita i giorni piu vicini alla partenza ideale.</p></details>
</div>","Voli per citta|Voli intercontinentali",city,AQP,/voli-per/arequipa/,"Voli per Arequipa (AQP): offerte e guide | ConfrontaPrezziVoli","Trova voli per Arequipa dai principali aeroporti italiani. Tariffe indicative da EUR 80 e consigli per scegliere il periodo migliore.","voli per Arequipa",cities,"Mese tipicamente conveniente: febbraio"
post,publish,"Voli per Arica (ARI): offerte, compagnie e periodo migliore per prenotare",voli-per-arica-ari,"Confronta voli per Arica dai principali aeroporti italiani. Scopri prezzi indicativi, compagnie e consigli utili per organizzare la partenza.","<div class=""cpv-landing-note"">
  <p><strong>Perche cercare voli per Arica qui.</strong> Questa pagina raccoglie un quadro rapido delle partenze italiane piu interessanti per Arica, con tariffe indicative e consigli per scegliere il periodo piu vantaggioso.</p>
</div>
<div class=""cpv-stat-grid"">
  <div class=""cpv-stat""><strong>EUR 69</strong><span>Prezzo indicativo da monitorare dalle principali aree aeroportuali italiane.</span></div>
  <div class=""cpv-stat""><strong>marzo</strong><span>Periodo spesso interessante per tenere sotto controllo la rotta.</span></div>
  <div class=""cpv-stat""><strong>9</strong><span>Aeroporti italiani prioritari da confrontare per questa destinazione.</span></div>
</div>
<h2>Offerte voli per Arica</h2>
<p>Per trovare il miglior equilibrio tra prezzo, durata e comfort, conviene verificare piu aeroporti di partenza italiani e confrontare giorni feriali e weekend.</p>
<table>
  <thead>
    <tr><th>Partenza</th><th>Prezzo da</th><th>Durata indicativa</th><th>Mese da monitorare</th></tr>
  </thead>
  <tbody>
    <tr><td>Leonardo da Vinci-Fiumicino Airport (FCO)</td><td>EUR 77</td><td>3h 40</td><td>novembre</td></tr><tr><td>Ciampino-G. B. Pastine International Airport (CIA)</td><td>EUR 141</td><td>8h 20</td><td>marzo</td></tr><tr><td>Milano Malpensa Airport (MXP)</td><td>EUR 138</td><td>10h 50</td><td>dicembre</td></tr><tr><td>Orio al Serio International Airport (BGY)</td><td>EUR 156</td><td>11h 50</td><td>giugno</td></tr><tr><td>Milano Linate Airport (LIN)</td><td>EUR 133</td><td>5h 00</td><td>luglio</td></tr><tr><td>Naples International Airport (NAP)</td><td>EUR 164</td><td>10h 10</td><td>febbraio</td></tr><tr><td>Venice Marco Polo Airport (VCE)</td><td>EUR 156</td><td>6h 50</td><td>giugno</td></tr><tr><td>Catania-Fontanarossa Airport (CTA)</td><td>EUR 102</td><td>2h 50</td><td>dicembre</td></tr><tr><td>Guglielmo Marconi Airport (BLQ)</td><td>EUR 42</td><td>2h 50</td><td>dicembre</td></tr>
  </tbody>
</table>
<h2>Aeroporti italiani da cui conviene partire</h2>
<div class=""cpv-chip-list""><span class=""cpv-chip"">Leonardo da Vinci-Fiumicino Airport</span><span class=""cpv-chip"">Ciampino-G. B. Pastine International Airport</span><span class=""cpv-chip"">Milano Malpensa Airport</span><span class=""cpv-chip"">Orio al Serio International Airport</span><span class=""cpv-chip"">Milano Linate Airport</span><span class=""cpv-chip"">Naples International Airport</span></div>
<div class=""cpv-landing-grid"">
  <div class=""cpv-landing-card""><strong>City break</strong><p>Se Arica e una meta urbana, le partenze del venerdi e del sabato sono spesso le piu monitorate.</p></div>
  <div class=""cpv-landing-card""><strong>Viaggi stagionali</strong><p>In alcuni periodi dell'anno le tariffe possono variare molto, soprattutto vicino ai ponti e alle festivita.</p></div>
  <div class=""cpv-landing-card""><strong>Confronto rapido</strong><p>Valuta aeroporti maggiori e secondari per capire se un piccolo spostamento porta a un risparmio concreto.</p></div>
</div>
<h2>Domande frequenti sui voli per Arica</h2>
<div class=""cpv-faq"">
  <details><summary>Qual e il modo migliore per cercare voli per Arica?</summary><p>Confronta piu aeroporti italiani, prova date flessibili e verifica anche partenze infrasettimanali per migliorare le possibilita di risparmio.</p></details>
  <details><summary>Meglio volo diretto o con scalo?</summary><p>Per tratte medio-brevi il diretto e spesso la scelta piu comoda, mentre su alcune rotte uno scalo puo ridurre il prezzo finale.</p></details>
  <details><summary>Quando controllare i prezzi per Arica?</summary><p>Vale la pena iniziare a monitorare la rotta in anticipo e verificare con regolarita i giorni piu vicini alla partenza ideale.</p></details>
</div>","Voli per citta|Voli intercontinentali",city,ARI,/voli-per/arica/,"Voli per Arica (ARI): offerte e guide | ConfrontaPrezziVoli","Trova voli per Arica dai principali aeroporti italiani. Tariffe indicative da EUR 69 e consigli per scegliere il periodo migliore.","voli per Arica",cities,"Mese tipicamente conveniente: marzo"
post,publish,"Voli per Aripuana (AIR): offerte, compagnie e periodo migliore per prenotare",voli-per-aripuana-air,"Confronta voli per Aripuana dai principali aeroporti italiani. Scopri prezzi indicativi, compagnie e consigli utili per organizzare la partenza.","<div class=""cpv-landing-note"">
  <p><strong>Perche cercare voli per Aripuana qui.</strong> Questa pagina raccoglie un quadro rapido delle partenze italiane piu interessanti per Aripuana, con tariffe indicative e consigli per scegliere il periodo piu vantaggioso.</p>
</div>
<div class=""cpv-stat-grid"">
  <div class=""cpv-stat""><strong>EUR 67</strong><span>Prezzo indicativo da monitorare dalle principali aree aeroportuali italiane.</span></div>
  <div class=""cpv-stat""><strong>gennaio</strong><span>Periodo spesso interessante per tenere sotto controllo la rotta.</span></div>
  <div class=""cpv-stat""><strong>9</strong><span>Aeroporti italiani prioritari da confrontare per questa destinazione.</span></div>
</div>
<h2>Offerte voli per Aripuana</h2>
<p>Per trovare il miglior equilibrio tra prezzo, durata e comfort, conviene verificare piu aeroporti di partenza italiani e confrontare giorni feriali e weekend.</p>
<table>
  <thead>
    <tr><th>Partenza</th><th>Prezzo da</th><th>Durata indicativa</th><th>Mese da monitorare</th></tr>
  </thead>
  <tbody>
    <tr><td>Leonardo da Vinci-Fiumicino Airport (FCO)</td><td>EUR 99</td><td>5h 20</td><td>settembre</td></tr><tr><td>Ciampino-G. B. Pastine International Airport (CIA)</td><td>EUR 59</td><td>10h 40</td><td>maggio</td></tr><tr><td>Milano Malpensa Airport (MXP)</td><td>EUR 124</td><td>8h 30</td><td>ottobre</td></tr><tr><td>Orio al Serio International Airport (BGY)</td><td>EUR 26</td><td>4h 10</td><td>agosto</td></tr><tr><td>Milano Linate Airport (LIN)</td><td>EUR 167</td><td>6h 40</td><td>maggio</td></tr><tr><td>Naples International Airport (NAP)</td><td>EUR 110</td><td>7h 10</td><td>agosto</td></tr><tr><td>Venice Marco Polo Airport (VCE)</td><td>EUR 158</td><td>4h 10</td><td>agosto</td></tr><tr><td>Catania-Fontanarossa Airport (CTA)</td><td>EUR 44</td><td>8h 10</td><td>febbraio</td></tr><tr><td>Guglielmo Marconi Airport (BLQ)</td><td>EUR 24</td><td>7h 50</td><td>giugno</td></tr>
  </tbody>
</table>
<h2>Aeroporti italiani da cui conviene partire</h2>
<div class=""cpv-chip-list""><span class=""cpv-chip"">Leonardo da Vinci-Fiumicino Airport</span><span class=""cpv-chip"">Ciampino-G. B. Pastine International Airport</span><span class=""cpv-chip"">Milano Malpensa Airport</span><span class=""cpv-chip"">Orio al Serio International Airport</span><span class=""cpv-chip"">Milano Linate Airport</span><span class=""cpv-chip"">Naples International Airport</span></div>
<div class=""cpv-landing-grid"">
  <div class=""cpv-landing-card""><strong>City break</strong><p>Se Aripuana e una meta urbana, le partenze del venerdi e del sabato sono spesso le piu monitorate.</p></div>
  <div class=""cpv-landing-card""><strong>Viaggi stagionali</strong><p>In alcuni periodi dell'anno le tariffe possono variare molto, soprattutto vicino ai ponti e alle festivita.</p></div>
  <div class=""cpv-landing-card""><strong>Confronto rapido</strong><p>Valuta aeroporti maggiori e secondari per capire se un piccolo spostamento porta a un risparmio concreto.</p></div>
</div>
<h2>Domande frequenti sui voli per Aripuana</h2>
<div class=""cpv-faq"">
  <details><summary>Qual e il modo migliore per cercare voli per Aripuana?</summary><p>Confronta piu aeroporti italiani, prova date flessibili e verifica anche partenze infrasettimanali per migliorare le possibilita di risparmio.</p></details>
  <details><summary>Meglio volo diretto o con scalo?</summary><p>Per tratte medio-brevi il diretto e spesso la scelta piu comoda, mentre su alcune rotte uno scalo puo ridurre il prezzo finale.</p></details>
  <details><summary>Quando controllare i prezzi per Aripuana?</summary><p>Vale la pena iniziare a monitorare la rotta in anticipo e verificare con regolarita i giorni piu vicini alla partenza ideale.</p></details>
</div>","Voli per citta|Voli intercontinentali",city,AIR,/voli-per/aripuana/,"Voli per Aripuana (AIR): offerte e guide | ConfrontaPrezziVoli","Trova voli per Aripuana dai principali aeroporti italiani. Tariffe indicative da EUR 67 e consigli per scegliere il periodo migliore.","voli per Aripuana",cities,"Mese tipicamente conveniente: gennaio"
post,publish,"Voli per Arkhangelsk (ARH): offerte, compagnie e periodo migliore per prenotare",voli-per-arkhangelsk-arh,"Confronta voli per Arkhangelsk dai principali aeroporti italiani. Scopri prezzi indicativi, compagnie e consigli utili per organizzare la partenza.","<div class=""cpv-landing-note"">
  <p><strong>Perche cercare voli per Arkhangelsk qui.</strong> Questa pagina raccoglie un quadro rapido delle partenze italiane piu interessanti per Arkhangelsk, con tariffe indicative e consigli per scegliere il periodo piu vantaggioso.</p>
</div>
<div class=""cpv-stat-grid"">
  <div class=""cpv-stat""><strong>EUR 47</strong><span>Prezzo indicativo da monitorare dalle principali aree aeroportuali italiane.</span></div>
  <div class=""cpv-stat""><strong>maggio</strong><span>Periodo spesso interessante per tenere sotto controllo la rotta.</span></div>
  <div class=""cpv-stat""><strong>9</strong><span>Aeroporti italiani prioritari da confrontare per questa destinazione.</span></div>
</div>
<h2>Offerte voli per Arkhangelsk</h2>
<p>Per trovare il miglior equilibrio tra prezzo, durata e comfort, conviene verificare piu aeroporti di partenza italiani e confrontare giorni feriali e weekend.</p>
<table>
  <thead>
    <tr><th>Partenza</th><th>Prezzo da</th><th>Durata indicativa</th><th>Mese da monitorare</th></tr>
  </thead>
  <tbody>
    <tr><td>Leonardo da Vinci-Fiumicino Airport (FCO)</td><td>EUR 83</td><td>7h 40</td><td>maggio</td></tr><tr><td>Ciampino-G. B. Pastine International Airport (CIA)</td><td>EUR 115</td><td>8h 00</td><td>gennaio</td></tr><tr><td>Milano Malpensa Airport (MXP)</td><td>EUR 124</td><td>1h 30</td><td>ottobre</td></tr><tr><td>Orio al Serio International Airport (BGY)</td><td>EUR 94</td><td>8h 30</td><td>aprile</td></tr><tr><td>Milano Linate Airport (LIN)</td><td>EUR 131</td><td>2h 40</td><td>maggio</td></tr><tr><td>Naples International Airport (NAP)</td><td>EUR 122</td><td>6h 10</td><td>agosto</td></tr><tr><td>Venice Marco Polo Airport (VCE)</td><td>EUR 62</td><td>7h 10</td><td>agosto</td></tr><tr><td>Catania-Fontanarossa Airport (CTA)</td><td>EUR 108</td><td>5h 50</td><td>giugno</td></tr><tr><td>Guglielmo Marconi Airport (BLQ)</td><td>EUR 172</td><td>8h 30</td><td>ottobre</td></tr>
  </tbody>
</table>
<h2>Aeroporti italiani da cui conviene partire</h2>
<div class=""cpv-chip-list""><span class=""cpv-chip"">Leonardo da Vinci-Fiumicino Airport</span><span class=""cpv-chip"">Ciampino-G. B. Pastine International Airport</span><span class=""cpv-chip"">Milano Malpensa Airport</span><span class=""cpv-chip"">Orio al Serio International Airport</span><span class=""cpv-chip"">Milano Linate Airport</span><span class=""cpv-chip"">Naples International Airport</span></div>
<div class=""cpv-landing-grid"">
  <div class=""cpv-landing-card""><strong>City break</strong><p>Se Arkhangelsk e una meta urbana, le partenze del venerdi e del sabato sono spesso le piu monitorate.</p></div>
  <div class=""cpv-landing-card""><strong>Viaggi stagionali</strong><p>In alcuni periodi dell'anno le tariffe possono variare molto, soprattutto vicino ai ponti e alle festivita.</p></div>
  <div class=""cpv-landing-card""><strong>Confronto rapido</strong><p>Valuta aeroporti maggiori e secondari per capire se un piccolo spostamento porta a un risparmio concreto.</p></div>
</div>
<h2>Domande frequenti sui voli per Arkhangelsk</h2>
<div class=""cpv-faq"">
  <details><summary>Qual e il modo migliore per cercare voli per Arkhangelsk?</summary><p>Confronta piu aeroporti italiani, prova date flessibili e verifica anche partenze infrasettimanali per migliorare le possibilita di risparmio.</p></details>
  <details><summary>Meglio volo diretto o con scalo?</summary><p>Per tratte medio-brevi il diretto e spesso la scelta piu comoda, mentre su alcune rotte uno scalo puo ridurre il prezzo finale.</p></details>
  <details><summary>Quando controllare i prezzi per Arkhangelsk?</summary><p>Vale la pena iniziare a monitorare la rotta in anticipo e verificare con regolarita i giorni piu vicini alla partenza ideale.</p></details>
</div>","Voli per citta|Voli intercontinentali",city,ARH,/voli-per/arkhangelsk/,"Voli per Arkhangelsk (ARH): offerte e guide | ConfrontaPrezziVoli","Trova voli per Arkhangelsk dai principali aeroporti italiani. Tariffe indicative da EUR 47 e consigli per scegliere il periodo migliore.","voli per Arkhangelsk",cities,"Mese tipicamente conveniente: maggio"
post,publish,"Voli per Armenia (AXM): offerte, compagnie e periodo migliore per prenotare",voli-per-armenia-axm,"Confronta voli per Armenia dai principali aeroporti italiani. Scopri prezzi indicativi, compagnie e consigli utili per organizzare la partenza.","<div class=""cpv-landing-note"">
  <p><strong>Perche cercare voli per Armenia qui.</strong> Questa pagina raccoglie un quadro rapido delle partenze italiane piu interessanti per Armenia, con tariffe indicative e consigli per scegliere il periodo piu vantaggioso.</p>
</div>
<div class=""cpv-stat-grid"">
  <div class=""cpv-stat""><strong>EUR 28</strong><span>Prezzo indicativo da monitorare dalle principali aree aeroportuali italiane.</span></div>
  <div class=""cpv-stat""><strong>ottobre</strong><span>Periodo spesso interessante per tenere sotto controllo la rotta.</span></div>
  <div class=""cpv-stat""><strong>9</strong><span>Aeroporti italiani prioritari da confrontare per questa destinazione.</span></div>
</div>
<h2>Offerte voli per Armenia</h2>
<p>Per trovare il miglior equilibrio tra prezzo, durata e comfort, conviene verificare piu aeroporti di partenza italiani e confrontare giorni feriali e weekend.</p>
<table>
  <thead>
    <tr><th>Partenza</th><th>Prezzo da</th><th>Durata indicativa</th><th>Mese da monitorare</th></tr>
  </thead>
  <tbody>
    <tr><td>Leonardo da Vinci-Fiumicino Airport (FCO)</td><td>EUR 100</td><td>5h 30</td><td>ottobre</td></tr><tr><td>Ciampino-G. B. Pastine International Airport (CIA)</td><td>EUR 132</td><td>9h 50</td><td>giugno</td></tr><tr><td>Milano Malpensa Airport (MXP)</td><td>EUR 171</td><td>11h 20</td><td>settembre</td></tr><tr><td>Orio al Serio International Airport (BGY)</td><td>EUR 29</td><td>2h 40</td><td>novembre</td></tr><tr><td>Milano Linate Airport (LIN)</td><td>EUR 36</td><td>5h 50</td><td>giugno</td></tr><tr><td>Naples International Airport (NAP)</td><td>EUR 189</td><td>2h 20</td><td>marzo</td></tr><tr><td>Venice Marco Polo Airport (VCE)</td><td>EUR 85</td><td>5h 00</td><td>luglio</td></tr><tr><td>Catania-Fontanarossa Airport (CTA)</td><td>EUR 135</td><td>9h 20</td><td>settembre</td></tr><tr><td>Guglielmo Marconi Airport (BLQ)</td><td>EUR 27</td><td>4h 20</td><td>settembre</td></tr>
  </tbody>
</table>
<h2>Aeroporti italiani da cui conviene partire</h2>
<div class=""cpv-chip-list""><span class=""cpv-chip"">Leonardo da Vinci-Fiumicino Airport</span><span class=""cpv-chip"">Ciampino-G. B. Pastine International Airport</span><span class=""cpv-chip"">Milano Malpensa Airport</span><span class=""cpv-chip"">Orio al Serio International Airport</span><span class=""cpv-chip"">Milano Linate Airport</span><span class=""cpv-chip"">Naples International Airport</span></div>
<div class=""cpv-landing-grid"">
  <div class=""cpv-landing-card""><strong>City break</strong><p>Se Armenia e una meta urbana, le partenze del venerdi e del sabato sono spesso le piu monitorate.</p></div>
  <div class=""cpv-landing-card""><strong>Viaggi stagionali</strong><p>In alcuni periodi dell'anno le tariffe possono variare molto, soprattutto vicino ai ponti e alle festivita.</p></div>
  <div class=""cpv-landing-card""><strong>Confronto rapido</strong><p>Valuta aeroporti maggiori e secondari per capire se un piccolo spostamento porta a un risparmio concreto.</p></div>
</div>
<h2>Domande frequenti sui voli per Armenia</h2>
<div class=""cpv-faq"">
  <details><summary>Qual e il modo migliore per cercare voli per Armenia?</summary><p>Confronta piu aeroporti italiani, prova date flessibili e verifica anche partenze infrasettimanali per migliorare le possibilita di risparmio.</p></details>
  <details><summary>Meglio volo diretto o con scalo?</summary><p>Per tratte medio-brevi il diretto e spesso la scelta piu comoda, mentre su alcune rotte uno scalo puo ridurre il prezzo finale.</p></details>
  <details><summary>Quando controllare i prezzi per Armenia?</summary><p>Vale la pena iniziare a monitorare la rotta in anticipo e verificare con regolarita i giorni piu vicini alla partenza ideale.</p></details>
</div>","Voli per citta|Voli intercontinentali",city,AXM,/voli-per/armenia/,"Voli per Armenia (AXM): offerte e guide | ConfrontaPrezziVoli","Trova voli per Armenia dai principali aeroporti italiani. Tariffe indicative da EUR 28 e consigli per scegliere il periodo migliore.","voli per Armenia",cities,"Mese tipicamente conveniente: ottobre"
post,publish,"Voli per Armidale (ARM): offerte, compagnie e periodo migliore per prenotare",voli-per-armidale-arm,"Confronta voli per Armidale dai principali aeroporti italiani. Scopri prezzi indicativi, compagnie e consigli utili per organizzare la partenza.","<div class=""cpv-landing-note"">
  <p><strong>Perche cercare voli per Armidale qui.</strong> Questa pagina raccoglie un quadro rapido delle partenze italiane piu interessanti per Armidale, con tariffe indicative e consigli per scegliere il periodo piu vantaggioso.</p>
</div>
<div class=""cpv-stat-grid"">
  <div class=""cpv-stat""><strong>EUR 70</strong><span>Prezzo indicativo da monitorare dalle principali aree aeroportuali italiane.</span></div>
  <div class=""cpv-stat""><strong>aprile</strong><span>Periodo spesso interessante per tenere sotto controllo la rotta.</span></div>
  <div class=""cpv-stat""><strong>9</strong><span>Aeroporti italiani prioritari da confrontare per questa destinazione.</span></div>
</div>
<h2>Offerte voli per Armidale</h2>
<p>Per trovare il miglior equilibrio tra prezzo, durata e comfort, conviene verificare piu aeroporti di partenza italiani e confrontare giorni feriali e weekend.</p>
<table>
  <thead>
    <tr><th>Partenza</th><th>Prezzo da</th><th>Durata indicativa</th><th>Mese da monitorare</th></tr>
  </thead>
  <tbody>
    <tr><td>Leonardo da Vinci-Fiumicino Airport (FCO)</td><td>EUR 182</td><td>9h 10</td><td>agosto</td></tr><tr><td>Ciampino-G. B. Pastine International Airport (CIA)</td><td>EUR 74</td><td>5h 10</td><td>agosto</td></tr><tr><td>Milano Malpensa Airport (MXP)</td><td>EUR 165</td><td>6h 20</td><td>marzo</td></tr><tr><td>Orio al Serio International Airport (BGY)</td><td>EUR 111</td><td>9h 20</td><td>settembre</td></tr><tr><td>Milano Linate Airport (LIN)</td><td>EUR 106</td><td>1h 30</td><td>aprile</td></tr><tr><td>Naples International Airport (NAP)</td><td>EUR 59</td><td>5h 40</td><td>maggio</td></tr><tr><td>Venice Marco Polo Airport (VCE)</td><td>EUR 163</td><td>4h 00</td><td>gennaio</td></tr><tr><td>Catania-Fontanarossa Airport (CTA)</td><td>EUR 165</td><td>7h 20</td><td>marzo</td></tr><tr><td>Guglielmo Marconi Airport (BLQ)</td><td>EUR 81</td><td>10h 20</td><td>marzo</td></tr>
  </tbody>
</table>
<h2>Aeroporti italiani da cui conviene partire</h2>
<div class=""cpv-chip-list""><span class=""cpv-chip"">Leonardo da Vinci-Fiumicino Airport</span><span class=""cpv-chip"">Ciampino-G. B. Pastine International Airport</span><span class=""cpv-chip"">Milano Malpensa Airport</span><span class=""cpv-chip"">Orio al Serio International Airport</span><span class=""cpv-chip"">Milano Linate Airport</span><span class=""cpv-chip"">Naples International Airport</span></div>
<div class=""cpv-landing-grid"">
  <div class=""cpv-landing-card""><strong>City break</strong><p>Se Armidale e una meta urbana, le partenze del venerdi e del sabato sono spesso le piu monitorate.</p></div>
  <div class=""cpv-landing-card""><strong>Viaggi stagionali</strong><p>In alcuni periodi dell'anno le tariffe possono variare molto, soprattutto vicino ai ponti e alle festivita.</p></div>
  <div class=""cpv-landing-card""><strong>Confronto rapido</strong><p>Valuta aeroporti maggiori e secondari per capire se un piccolo spostamento porta a un risparmio concreto.</p></div>
</div>
<h2>Domande frequenti sui voli per Armidale</h2>
<div class=""cpv-faq"">
  <details><summary>Qual e il modo migliore per cercare voli per Armidale?</summary><p>Confronta piu aeroporti italiani, prova date flessibili e verifica anche partenze infrasettimanali per migliorare le possibilita di risparmio.</p></details>
  <details><summary>Meglio volo diretto o con scalo?</summary><p>Per tratte medio-brevi il diretto e spesso la scelta piu comoda, mentre su alcune rotte uno scalo puo ridurre il prezzo finale.</p></details>
  <details><summary>Quando controllare i prezzi per Armidale?</summary><p>Vale la pena iniziare a monitorare la rotta in anticipo e verificare con regolarita i giorni piu vicini alla partenza ideale.</p></details>
</div>","Voli per citta|Voli intercontinentali",city,ARM,/voli-per/armidale/,"Voli per Armidale (ARM): offerte e guide | ConfrontaPrezziVoli","Trova voli per Armidale dai principali aeroporti italiani. Tariffe indicative da EUR 70 e consigli per scegliere il periodo migliore.","voli per Armidale",cities,"Mese tipicamente conveniente: aprile"
post,publish,"Voli per Arona (RNA): offerte, compagnie e periodo migliore per prenotare",voli-per-arona-rna,"Confronta voli per Arona dai principali aeroporti italiani. Scopri prezzi indicativi, compagnie e consigli utili per organizzare la partenza.","<div class=""cpv-landing-note"">
  <p><strong>Perche cercare voli per Arona qui.</strong> Questa pagina raccoglie un quadro rapido delle partenze italiane piu interessanti per Arona, con tariffe indicative e consigli per scegliere il periodo piu vantaggioso.</p>
</div>
<div class=""cpv-stat-grid"">
  <div class=""cpv-stat""><strong>EUR 127</strong><span>Prezzo indicativo da monitorare dalle principali aree aeroportuali italiane.</span></div>
  <div class=""cpv-stat""><strong>gennaio</strong><span>Periodo spesso interessante per tenere sotto controllo la rotta.</span></div>
  <div class=""cpv-stat""><strong>9</strong><span>Aeroporti italiani prioritari da confrontare per questa destinazione.</span></div>
</div>
<h2>Offerte voli per Arona</h2>
<p>Per trovare il miglior equilibrio tra prezzo, durata e comfort, conviene verificare piu aeroporti di partenza italiani e confrontare giorni feriali e weekend.</p>
<table>
  <thead>
    <tr><th>Partenza</th><th>Prezzo da</th><th>Durata indicativa</th><th>Mese da monitorare</th></tr>
  </thead>
  <tbody>
    <tr><td>Leonardo da Vinci-Fiumicino Airport (FCO)</td><td>EUR 171</td><td>1h 20</td><td>settembre</td></tr><tr><td>Ciampino-G. B. Pastine International Airport (CIA)</td><td>EUR 39</td><td>4h 20</td><td>settembre</td></tr><tr><td>Milano Malpensa Airport (MXP)</td><td>EUR 68</td><td>9h 10</td><td>febbraio</td></tr><tr><td>Orio al Serio International Airport (BGY)</td><td>EUR 50</td><td>5h 10</td><td>agosto</td></tr><tr><td>Milano Linate Airport (LIN)</td><td>EUR 147</td><td>1h 20</td><td>settembre</td></tr><tr><td>Naples International Airport (NAP)</td><td>EUR 154</td><td>2h 30</td><td>aprile</td></tr><tr><td>Venice Marco Polo Airport (VCE)</td><td>EUR 142</td><td>10h 30</td><td>aprile</td></tr><tr><td>Catania-Fontanarossa Airport (CTA)</td><td>EUR 88</td><td>7h 30</td><td>ottobre</td></tr><tr><td>Guglielmo Marconi Airport (BLQ)</td><td>EUR 60</td><td>6h 50</td><td>giugno</td></tr>
  </tbody>
</table>
<h2>Aeroporti italiani da cui conviene partire</h2>
<div class=""cpv-chip-list""><span class=""cpv-chip"">Leonardo da Vinci-Fiumicino Airport</span><span class=""cpv-chip"">Ciampino-G. B. Pastine International Airport</span><span class=""cpv-chip"">Milano Malpensa Airport</span><span class=""cpv-chip"">Orio al Serio International Airport</span><span class=""cpv-chip"">Milano Linate Airport</span><span class=""cpv-chip"">Naples International Airport</span></div>
<div class=""cpv-landing-grid"">
  <div class=""cpv-landing-card""><strong>City break</strong><p>Se Arona e una meta urbana, le partenze del venerdi e del sabato sono spesso le piu monitorate.</p></div>
  <div class=""cpv-landing-card""><strong>Viaggi stagionali</strong><p>In alcuni periodi dell'anno le tariffe possono variare molto, soprattutto vicino ai ponti e alle festivita.</p></div>
  <div class=""cpv-landing-card""><strong>Confronto rapido</strong><p>Valuta aeroporti maggiori e secondari per capire se un piccolo spostamento porta a un risparmio concreto.</p></div>
</div>
<h2>Domande frequenti sui voli per Arona</h2>
<div class=""cpv-faq"">
  <details><summary>Qual e il modo migliore per cercare voli per Arona?</summary><p>Confronta piu aeroporti italiani, prova date flessibili e verifica anche partenze infrasettimanali per migliorare le possibilita di risparmio.</p></details>
  <details><summary>Meglio volo diretto o con scalo?</summary><p>Per tratte medio-brevi il diretto e spesso la scelta piu comoda, mentre su alcune rotte uno scalo puo ridurre il prezzo finale.</p></details>
  <details><summary>Quando controllare i prezzi per Arona?</summary><p>Vale la pena iniziare a monitorare la rotta in anticipo e verificare con regolarita i giorni piu vicini alla partenza ideale.</p></details>
</div>","Voli per citta|Voli intercontinentali",city,RNA,/voli-per/arona/,"Voli per Arona (RNA): offerte e guide | ConfrontaPrezziVoli","Trova voli per Arona dai principali aeroporti italiani. Tariffe indicative da EUR 127 e consigli per scegliere il periodo migliore.","voli per Arona",cities,"Mese tipicamente conveniente: gennaio"
post,publish,"Voli per Aruba (AUA): offerte, compagnie e periodo migliore per prenotare",voli-per-aruba-aua,"Confronta voli per Aruba dai principali aeroporti italiani. Scopri prezzi indicativi, compagnie e consigli utili per organizzare la partenza.","<div class=""cpv-landing-note"">
  <p><strong>Perche cercare voli per Aruba qui.</strong> Questa pagina raccoglie un quadro rapido delle partenze italiane piu interessanti per Aruba, con tariffe indicative e consigli per scegliere il periodo piu vantaggioso.</p>
</div>
<div class=""cpv-stat-grid"">
  <div class=""cpv-stat""><strong>EUR 78</strong><span>Prezzo indicativo da monitorare dalle principali aree aeroportuali italiane.</span></div>
  <div class=""cpv-stat""><strong>dicembre</strong><span>Periodo spesso interessante per tenere sotto controllo la rotta.</span></div>
  <div class=""cpv-stat""><strong>9</strong><span>Aeroporti italiani prioritari da confrontare per questa destinazione.</span></div>
</div>
<h2>Offerte voli per Aruba</h2>
<p>Per trovare il miglior equilibrio tra prezzo, durata e comfort, conviene verificare piu aeroporti di partenza italiani e confrontare giorni feriali e weekend.</p>
<table>
  <thead>
    <tr><th>Partenza</th><th>Prezzo da</th><th>Durata indicativa</th><th>Mese da monitorare</th></tr>
  </thead>
  <tbody>
    <tr><td>Leonardo da Vinci-Fiumicino Airport (FCO)</td><td>EUR 86</td><td>9h 10</td><td>agosto</td></tr><tr><td>Ciampino-G. B. Pastine International Airport (CIA)</td><td>EUR 34</td><td>10h 30</td><td>aprile</td></tr><tr><td>Milano Malpensa Airport (MXP)</td><td>EUR 57</td><td>3h 20</td><td>marzo</td></tr><tr><td>Orio al Serio International Airport (BGY)</td><td>EUR 67</td><td>11h 00</td><td>gennaio</td></tr><tr><td>Milano Linate Airport (LIN)</td><td>EUR 198</td><td>8h 50</td><td>dicembre</td></tr><tr><td>Naples International Airport (NAP)</td><td>EUR 127</td><td>1h 00</td><td>gennaio</td></tr><tr><td>Venice Marco Polo Airport (VCE)</td><td>EUR 135</td><td>10h 20</td><td>settembre</td></tr><tr><td>Catania-Fontanarossa Airport (CTA)</td><td>EUR 41</td><td>7h 40</td><td>novembre</td></tr><tr><td>Guglielmo Marconi Airport (BLQ)</td><td>EUR 181</td><td>11h 00</td><td>luglio</td></tr>
  </tbody>
</table>
<h2>Aeroporti italiani da cui conviene partire</h2>
<div class=""cpv-chip-list""><span class=""cpv-chip"">Leonardo da Vinci-Fiumicino Airport</span><span class=""cpv-chip"">Ciampino-G. B. Pastine International Airport</span><span class=""cpv-chip"">Milano Malpensa Airport</span><span class=""cpv-chip"">Orio al Serio International Airport</span><span class=""cpv-chip"">Milano Linate Airport</span><span class=""cpv-chip"">Naples International Airport</span></div>
<div class=""cpv-landing-grid"">
  <div class=""cpv-landing-card""><strong>City break</strong><p>Se Aruba e una meta urbana, le partenze del venerdi e del sabato sono spesso le piu monitorate.</p></div>
  <div class=""cpv-landing-card""><strong>Viaggi stagionali</strong><p>In alcuni periodi dell'anno le tariffe possono variare molto, soprattutto vicino ai ponti e alle festivita.</p></div>
  <div class=""cpv-landing-card""><strong>Confronto rapido</strong><p>Valuta aeroporti maggiori e secondari per capire se un piccolo spostamento porta a un risparmio concreto.</p></div>
</div>
<h2>Domande frequenti sui voli per Aruba</h2>
<div class=""cpv-faq"">
  <details><summary>Qual e il modo migliore per cercare voli per Aruba?</summary><p>Confronta piu aeroporti italiani, prova date flessibili e verifica anche partenze infrasettimanali per migliorare le possibilita di risparmio.</p></details>
  <details><summary>Meglio volo diretto o con scalo?</summary><p>Per tratte medio-brevi il diretto e spesso la scelta piu comoda, mentre su alcune rotte uno scalo puo ridurre il prezzo finale.</p></details>
  <details><summary>Quando controllare i prezzi per Aruba?</summary><p>Vale la pena iniziare a monitorare la rotta in anticipo e verificare con regolarita i giorni piu vicini alla partenza ideale.</p></details>
</div>","Voli per citta|Voli intercontinentali",city,AUA,/voli-per/aruba/,"Voli per Aruba (AUA): offerte e guide | ConfrontaPrezziVoli","Trova voli per Aruba dai principali aeroporti italiani. Tariffe indicative da EUR 78 e consigli per scegliere il periodo migliore.","voli per Aruba",cities,"Mese tipicamente conveniente: dicembre"
post,publish,"Voli per Arusha (ARK): offerte, compagnie e periodo migliore per prenotare",voli-per-arusha-ark,"Confronta voli per Arusha dai principali aeroporti italiani. Scopri prezzi indicativi, compagnie e consigli utili per organizzare la partenza.","<div class=""cpv-landing-note"">
  <p><strong>Perche cercare voli per Arusha qui.</strong> Questa pagina raccoglie un quadro rapido delle partenze italiane piu interessanti per Arusha, con tariffe indicative e consigli per scegliere il periodo piu vantaggioso.</p>
</div>
<div class=""cpv-stat-grid"">
  <div class=""cpv-stat""><strong>EUR 157</strong><span>Prezzo indicativo da monitorare dalle principali aree aeroportuali italiane.</span></div>
  <div class=""cpv-stat""><strong>luglio</strong><span>Periodo spesso interessante per tenere sotto controllo la rotta.</span></div>
  <div class=""cpv-stat""><strong>9</strong><span>Aeroporti italiani prioritari da confrontare per questa destinazione.</span></div>
</div>
<h2>Offerte voli per Arusha</h2>
<p>Per trovare il miglior equilibrio tra prezzo, durata e comfort, conviene verificare piu aeroporti di partenza italiani e confrontare giorni feriali e weekend.</p>
<table>
  <thead>
    <tr><th>Partenza</th><th>Prezzo da</th><th>Durata indicativa</th><th>Mese da monitorare</th></tr>
  </thead>
  <tbody>
    <tr><td>Leonardo da Vinci-Fiumicino Airport (FCO)</td><td>EUR 57</td><td>4h 20</td><td>marzo</td></tr><tr><td>Ciampino-G. B. Pastine International Airport (CIA)</td><td>EUR 93</td><td>4h 20</td><td>marzo</td></tr><tr><td>Milano Malpensa Airport (MXP)</td><td>EUR 174</td><td>2h 50</td><td>dicembre</td></tr><tr><td>Orio al Serio International Airport (BGY)</td><td>EUR 128</td><td>2h 10</td><td>febbraio</td></tr><tr><td>Milano Linate Airport (LIN)</td><td>EUR 113</td><td>6h 40</td><td>novembre</td></tr><tr><td>Naples International Airport (NAP)</td><td>EUR 148</td><td>9h 30</td><td>ottobre</td></tr><tr><td>Venice Marco Polo Airport (VCE)</td><td>EUR 76</td><td>1h 30</td><td>ottobre</td></tr><tr><td>Catania-Fontanarossa Airport (CTA)</td><td>EUR 102</td><td>1h 50</td><td>dicembre</td></tr><tr><td>Guglielmo Marconi Airport (BLQ)</td><td>EUR 78</td><td>5h 50</td><td>dicembre</td></tr>
  </tbody>
</table>
<h2>Aeroporti italiani da cui conviene partire</h2>
<div class=""cpv-chip-list""><span class=""cpv-chip"">Leonardo da Vinci-Fiumicino Airport</span><span class=""cpv-chip"">Ciampino-G. B. Pastine International Airport</span><span class=""cpv-chip"">Milano Malpensa Airport</span><span class=""cpv-chip"">Orio al Serio International Airport</span><span class=""cpv-chip"">Milano Linate Airport</span><span class=""cpv-chip"">Naples International Airport</span></div>
<div class=""cpv-landing-grid"">
  <div class=""cpv-landing-card""><strong>City break</strong><p>Se Arusha e una meta urbana, le partenze del venerdi e del sabato sono spesso le piu monitorate.</p></div>
  <div class=""cpv-landing-card""><strong>Viaggi stagionali</strong><p>In alcuni periodi dell'anno le tariffe possono variare molto, soprattutto vicino ai ponti e alle festivita.</p></div>
  <div class=""cpv-landing-card""><strong>Confronto rapido</strong><p>Valuta aeroporti maggiori e secondari per capire se un piccolo spostamento porta a un risparmio concreto.</p></div>
</div>
<h2>Domande frequenti sui voli per Arusha</h2>
<div class=""cpv-faq"">
  <details><summary>Qual e il modo migliore per cercare voli per Arusha?</summary><p>Confronta piu aeroporti italiani, prova date flessibili e verifica anche partenze infrasettimanali per migliorare le possibilita di risparmio.</p></details>
  <details><summary>Meglio volo diretto o con scalo?</summary><p>Per tratte medio-brevi il diretto e spesso la scelta piu comoda, mentre su alcune rotte uno scalo puo ridurre il prezzo finale.</p></details>
  <details><summary>Quando controllare i prezzi per Arusha?</summary><p>Vale la pena iniziare a monitorare la rotta in anticipo e verificare con regolarita i giorni piu vicini alla partenza ideale.</p></details>
</div>","Voli per citta|Voli intercontinentali",city,ARK,/voli-per/arusha/,"Voli per Arusha (ARK): offerte e guide | ConfrontaPrezziVoli","Trova voli per Arusha dai principali aeroporti italiani. Tariffe indicative da EUR 157 e consigli per scegliere il periodo migliore.","voli per Arusha",cities,"Mese tipicamente conveniente: luglio"
post,publish,"Voli per Arutua (AXR): offerte, compagnie e periodo migliore per prenotare",voli-per-arutua-axr,"Confronta voli per Arutua dai principali aeroporti italiani. Scopri prezzi indicativi, compagnie e consigli utili per organizzare la partenza.","<div class=""cpv-landing-note"">
  <p><strong>Perche cercare voli per Arutua qui.</strong> Questa pagina raccoglie un quadro rapido delle partenze italiane piu interessanti per Arutua, con tariffe indicative e consigli per scegliere il periodo piu vantaggioso.</p>
</div>
<div class=""cpv-stat-grid"">
  <div class=""cpv-stat""><strong>EUR 19</strong><span>Prezzo indicativo da monitorare dalle principali aree aeroportuali italiane.</span></div>
  <div class=""cpv-stat""><strong>gennaio</strong><span>Periodo spesso interessante per tenere sotto controllo la rotta.</span></div>
  <div class=""cpv-stat""><strong>9</strong><span>Aeroporti italiani prioritari da confrontare per questa destinazione.</span></div>
</div>
<h2>Offerte voli per Arutua</h2>
<p>Per trovare il miglior equilibrio tra prezzo, durata e comfort, conviene verificare piu aeroporti di partenza italiani e confrontare giorni feriali e weekend.</p>
<table>
  <thead>
    <tr><th>Partenza</th><th>Prezzo da</th><th>Durata indicativa</th><th>Mese da monitorare</th></tr>
  </thead>
  <tbody>
    <tr><td>Leonardo da Vinci-Fiumicino Airport (FCO)</td><td>EUR 75</td><td>2h 20</td><td>settembre</td></tr><tr><td>Ciampino-G. B. Pastine International Airport (CIA)</td><td>EUR 91</td><td>6h 00</td><td>gennaio</td></tr><tr><td>Milano Malpensa Airport (MXP)</td><td>EUR 164</td><td>6h 10</td><td>febbraio</td></tr><tr><td>Orio al Serio International Airport (BGY)</td><td>EUR 22</td><td>6h 30</td><td>aprile</td></tr><tr><td>Milano Linate Airport (LIN)</td><td>EUR 79</td><td>1h 00</td><td>gennaio</td></tr><tr><td>Naples International Airport (NAP)</td><td>EUR 178</td><td>6h 30</td><td>aprile</td></tr><tr><td>Venice Marco Polo Airport (VCE)</td><td>EUR 34</td><td>9h 30</td><td>aprile</td></tr><tr><td>Catania-Fontanarossa Airport (CTA)</td><td>EUR 100</td><td>10h 30</td><td>ottobre</td></tr><tr><td>Guglielmo Marconi Airport (BLQ)</td><td>EUR 144</td><td>10h 50</td><td>giugno</td></tr>
  </tbody>
</table>
<h2>Aeroporti italiani da cui conviene partire</h2>
<div class=""cpv-chip-list""><span class=""cpv-chip"">Leonardo da Vinci-Fiumicino Airport</span><span class=""cpv-chip"">Ciampino-G. B. Pastine International Airport</span><span class=""cpv-chip"">Milano Malpensa Airport</span><span class=""cpv-chip"">Orio al Serio International Airport</span><span class=""cpv-chip"">Milano Linate Airport</span><span class=""cpv-chip"">Naples International Airport</span></div>
<div class=""cpv-landing-grid"">
  <div class=""cpv-landing-card""><strong>City break</strong><p>Se Arutua e una meta urbana, le partenze del venerdi e del sabato sono spesso le piu monitorate.</p></div>
  <div class=""cpv-landing-card""><strong>Viaggi stagionali</strong><p>In alcuni periodi dell'anno le tariffe possono variare molto, soprattutto vicino ai ponti e alle festivita.</p></div>
  <div class=""cpv-landing-card""><strong>Confronto rapido</strong><p>Valuta aeroporti maggiori e secondari per capire se un piccolo spostamento porta a un risparmio concreto.</p></div>
</div>
<h2>Domande frequenti sui voli per Arutua</h2>
<div class=""cpv-faq"">
  <details><summary>Qual e il modo migliore per cercare voli per Arutua?</summary><p>Confronta piu aeroporti italiani, prova date flessibili e verifica anche partenze infrasettimanali per migliorare le possibilita di risparmio.</p></details>
  <details><summary>Meglio volo diretto o con scalo?</summary><p>Per tratte medio-brevi il diretto e spesso la scelta piu comoda, mentre su alcune rotte uno scalo puo ridurre il prezzo finale.</p></details>
  <details><summary>Quando controllare i prezzi per Arutua?</summary><p>Vale la pena iniziare a monitorare la rotta in anticipo e verificare con regolarita i giorni piu vicini alla partenza ideale.</p></details>
</div>","Voli per citta|Voli intercontinentali",city,AXR,/voli-per/arutua/,"Voli per Arutua (AXR): offerte e guide | ConfrontaPrezziVoli","Trova voli per Arutua dai principali aeroporti italiani. Tariffe indicative da EUR 19 e consigli per scegliere il periodo migliore.","voli per Arutua",cities,"Mese tipicamente conveniente: gennaio"
post,publish,"Voli per Arviat (YEK): offerte, compagnie e periodo migliore per prenotare",voli-per-arviat-yek,"Confronta voli per Arviat dai principali aeroporti italiani. Scopri prezzi indicativi, compagnie e consigli utili per organizzare la partenza.","<div class=""cpv-landing-note"">
  <p><strong>Perche cercare voli per Arviat qui.</strong> Questa pagina raccoglie un quadro rapido delle partenze italiane piu interessanti per Arviat, con tariffe indicative e consigli per scegliere il periodo piu vantaggioso.</p>
</div>
<div class=""cpv-stat-grid"">
  <div class=""cpv-stat""><strong>EUR 159</strong><span>Prezzo indicativo da monitorare dalle principali aree aeroportuali italiane.</span></div>
  <div class=""cpv-stat""><strong>settembre</strong><span>Periodo spesso interessante per tenere sotto controllo la rotta.</span></div>
  <div class=""cpv-stat""><strong>9</strong><span>Aeroporti italiani prioritari da confrontare per questa destinazione.</span></div>
</div>
<h2>Offerte voli per Arviat</h2>
<p>Per trovare il miglior equilibrio tra prezzo, durata e comfort, conviene verificare piu aeroporti di partenza italiani e confrontare giorni feriali e weekend.</p>
<table>
  <thead>
    <tr><th>Partenza</th><th>Prezzo da</th><th>Durata indicativa</th><th>Mese da monitorare</th></tr>
  </thead>
  <tbody>
    <tr><td>Leonardo da Vinci-Fiumicino Airport (FCO)</td><td>EUR 35</td><td>1h 40</td><td>maggio</td></tr><tr><td>Ciampino-G. B. Pastine International Airport (CIA)</td><td>EUR 159</td><td>10h 20</td><td>settembre</td></tr><tr><td>Milano Malpensa Airport (MXP)</td><td>EUR 136</td><td>5h 30</td><td>ottobre</td></tr><tr><td>Orio al Serio International Airport (BGY)</td><td>EUR 98</td><td>3h 10</td><td>agosto</td></tr><tr><td>Milano Linate Airport (LIN)</td><td>EUR 147</td><td>9h 20</td><td>settembre</td></tr><tr><td>Naples International Airport (NAP)</td><td>EUR 162</td><td>9h 50</td><td>dicembre</td></tr><tr><td>Venice Marco Polo Airport (VCE)</td><td>EUR 138</td><td>7h 50</td><td>dicembre</td></tr><tr><td>Catania-Fontanarossa Airport (CTA)</td><td>EUR 92</td><td>3h 10</td><td>febbraio</td></tr><tr><td>Guglielmo Marconi Airport (BLQ)</td><td>EUR 96</td><td>7h 50</td><td>giugno</td></tr>
  </tbody>
</table>
<h2>Aeroporti italiani da cui conviene partire</h2>
<div class=""cpv-chip-list""><span class=""cpv-chip"">Leonardo da Vinci-Fiumicino Airport</span><span class=""cpv-chip"">Ciampino-G. B. Pastine International Airport</span><span class=""cpv-chip"">Milano Malpensa Airport</span><span class=""cpv-chip"">Orio al Serio International Airport</span><span class=""cpv-chip"">Milano Linate Airport</span><span class=""cpv-chip"">Naples International Airport</span></div>
<div class=""cpv-landing-grid"">
  <div class=""cpv-landing-card""><strong>City break</strong><p>Se Arviat e una meta urbana, le partenze del venerdi e del sabato sono spesso le piu monitorate.</p></div>
  <div class=""cpv-landing-card""><strong>Viaggi stagionali</strong><p>In alcuni periodi dell'anno le tariffe possono variare molto, soprattutto vicino ai ponti e alle festivita.</p></div>
  <div class=""cpv-landing-card""><strong>Confronto rapido</strong><p>Valuta aeroporti maggiori e secondari per capire se un piccolo spostamento porta a un risparmio concreto.</p></div>
</div>
<h2>Domande frequenti sui voli per Arviat</h2>
<div class=""cpv-faq"">
  <details><summary>Qual e il modo migliore per cercare voli per Arviat?</summary><p>Confronta piu aeroporti italiani, prova date flessibili e verifica anche partenze infrasettimanali per migliorare le possibilita di risparmio.</p></details>
  <details><summary>Meglio volo diretto o con scalo?</summary><p>Per tratte medio-brevi il diretto e spesso la scelta piu comoda, mentre su alcune rotte uno scalo puo ridurre il prezzo finale.</p></details>
  <details><summary>Quando controllare i prezzi per Arviat?</summary><p>Vale la pena iniziare a monitorare la rotta in anticipo e verificare con regolarita i giorni piu vicini alla partenza ideale.</p></details>
</div>","Voli per citta|Voli intercontinentali",city,YEK,/voli-per/arviat/,"Voli per Arviat (YEK): offerte e guide | ConfrontaPrezziVoli","Trova voli per Arviat dai principali aeroporti italiani. Tariffe indicative da EUR 159 e consigli per scegliere il periodo migliore.","voli per Arviat",cities,"Mese tipicamente conveniente: settembre"
post,publish,"Voli per Arvidsjaur (AJR): offerte, compagnie e periodo migliore per prenotare",voli-per-arvidsjaur-ajr,"Confronta voli per Arvidsjaur dai principali aeroporti italiani. Scopri prezzi indicativi, compagnie e consigli utili per organizzare la partenza.","<div class=""cpv-landing-note"">
  <p><strong>Perche cercare voli per Arvidsjaur qui.</strong> Questa pagina raccoglie un quadro rapido delle partenze italiane piu interessanti per Arvidsjaur, con tariffe indicative e consigli per scegliere il periodo piu vantaggioso.</p>
</div>
<div class=""cpv-stat-grid"">
  <div class=""cpv-stat""><strong>EUR 186</strong><span>Prezzo indicativo da monitorare dalle principali aree aeroportuali italiane.</span></div>
  <div class=""cpv-stat""><strong>dicembre</strong><span>Periodo spesso interessante per tenere sotto controllo la rotta.</span></div>
  <div class=""cpv-stat""><strong>9</strong><span>Aeroporti italiani prioritari da confrontare per questa destinazione.</span></div>
</div>
<h2>Offerte voli per Arvidsjaur</h2>
<p>Per trovare il miglior equilibrio tra prezzo, durata e comfort, conviene verificare piu aeroporti di partenza italiani e confrontare giorni feriali e weekend.</p>
<table>
  <thead>
    <tr><th>Partenza</th><th>Prezzo da</th><th>Durata indicativa</th><th>Mese da monitorare</th></tr>
  </thead>
  <tbody>
    <tr><td>Leonardo da Vinci-Fiumicino Airport (FCO)</td><td>EUR 46</td><td>10h 30</td><td>aprile</td></tr><tr><td>Ciampino-G. B. Pastine International Airport (CIA)</td><td>EUR 26</td><td>4h 10</td><td>agosto</td></tr><tr><td>Milano Malpensa Airport (MXP)</td><td>EUR 101</td><td>10h 40</td><td>novembre</td></tr><tr><td>Orio al Serio International Airport (BGY)</td><td>EUR 179</td><td>3h 40</td><td>maggio</td></tr><tr><td>Milano Linate Airport (LIN)</td><td>EUR 98</td><td>4h 10</td><td>agosto</td></tr><tr><td>Naples International Airport (NAP)</td><td>EUR 91</td><td>5h 00</td><td>gennaio</td></tr><tr><td>Venice Marco Polo Airport (VCE)</td><td>EUR 191</td><td>4h 40</td><td>maggio</td></tr><tr><td>Catania-Fontanarossa Airport (CTA)</td><td>EUR 93</td><td>7h 20</td><td>marzo</td></tr><tr><td>Guglielmo Marconi Airport (BLQ)</td><td>EUR 145</td><td>5h 00</td><td>luglio</td></tr>
  </tbody>
</table>
<h2>Aeroporti italiani da cui conviene partire</h2>
<div class=""cpv-chip-list""><span class=""cpv-chip"">Leonardo da Vinci-Fiumicino Airport</span><span class=""cpv-chip"">Ciampino-G. B. Pastine International Airport</span><span class=""cpv-chip"">Milano Malpensa Airport</span><span class=""cpv-chip"">Orio al Serio International Airport</span><span class=""cpv-chip"">Milano Linate Airport</span><span class=""cpv-chip"">Naples International Airport</span></div>
<div class=""cpv-landing-grid"">
  <div class=""cpv-landing-card""><strong>City break</strong><p>Se Arvidsjaur e una meta urbana, le partenze del venerdi e del sabato sono spesso le piu monitorate.</p></div>
  <div class=""cpv-landing-card""><strong>Viaggi stagionali</strong><p>In alcuni periodi dell'anno le tariffe possono variare molto, soprattutto vicino ai ponti e alle festivita.</p></div>
  <div class=""cpv-landing-card""><strong>Confronto rapido</strong><p>Valuta aeroporti maggiori e secondari per capire se un piccolo spostamento porta a un risparmio concreto.</p></div>
</div>
<h2>Domande frequenti sui voli per Arvidsjaur</h2>
<div class=""cpv-faq"">
  <details><summary>Qual e il modo migliore per cercare voli per Arvidsjaur?</summary><p>Confronta piu aeroporti italiani, prova date flessibili e verifica anche partenze infrasettimanali per migliorare le possibilita di risparmio.</p></details>
  <details><summary>Meglio volo diretto o con scalo?</summary><p>Per tratte medio-brevi il diretto e spesso la scelta piu comoda, mentre su alcune rotte uno scalo puo ridurre il prezzo finale.</p></details>
  <details><summary>Quando controllare i prezzi per Arvidsjaur?</summary><p>Vale la pena iniziare a monitorare la rotta in anticipo e verificare con regolarita i giorni piu vicini alla partenza ideale.</p></details>
</div>","Voli per citta|Voli in Europa",city,AJR,/voli-per/arvidsjaur/,"Voli per Arvidsjaur (AJR): offerte e guide | ConfrontaPrezziVoli","Trova voli per Arvidsjaur dai principali aeroporti italiani. Tariffe indicative da EUR 186 e consigli per scegliere il periodo migliore.","voli per Arvidsjaur",cities,"Mese tipicamente conveniente: dicembre"
post,publish,"Voli per Arxan (YIE): offerte, compagnie e periodo migliore per prenotare",voli-per-arxan-yie,"Confronta voli per Arxan dai principali aeroporti italiani. Scopri prezzi indicativi, compagnie e consigli utili per organizzare la partenza.","<div class=""cpv-landing-note"">
  <p><strong>Perche cercare voli per Arxan qui.</strong> Questa pagina raccoglie un quadro rapido delle partenze italiane piu interessanti per Arxan, con tariffe indicative e consigli per scegliere il periodo piu vantaggioso.</p>
</div>
<div class=""cpv-stat-grid"">
  <div class=""cpv-stat""><strong>EUR 186</strong><span>Prezzo indicativo da monitorare dalle principali aree aeroportuali italiane.</span></div>
  <div class=""cpv-stat""><strong>dicembre</strong><span>Periodo spesso interessante per tenere sotto controllo la rotta.</span></div>
  <div class=""cpv-stat""><strong>9</strong><span>Aeroporti italiani prioritari da confrontare per questa destinazione.</span></div>
</div>
<h2>Offerte voli per Arxan</h2>
<p>Per trovare il miglior equilibrio tra prezzo, durata e comfort, conviene verificare piu aeroporti di partenza italiani e confrontare giorni feriali e weekend.</p>
<table>
  <thead>
    <tr><th>Partenza</th><th>Prezzo da</th><th>Durata indicativa</th><th>Mese da monitorare</th></tr>
  </thead>
  <tbody>
    <tr><td>Leonardo da Vinci-Fiumicino Airport (FCO)</td><td>EUR 182</td><td>5h 10</td><td>agosto</td></tr><tr><td>Ciampino-G. B. Pastine International Airport (CIA)</td><td>EUR 174</td><td>9h 50</td><td>dicembre</td></tr><tr><td>Milano Malpensa Airport (MXP)</td><td>EUR 129</td><td>10h 20</td><td>marzo</td></tr><tr><td>Orio al Serio International Airport (BGY)</td><td>EUR 187</td><td>7h 00</td><td>gennaio</td></tr><tr><td>Milano Linate Airport (LIN)</td><td>EUR 50</td><td>7h 10</td><td>agosto</td></tr><tr><td>Naples International Airport (NAP)</td><td>EUR 87</td><td>10h 20</td><td>settembre</td></tr><tr><td>Venice Marco Polo Airport (VCE)</td><td>EUR 135</td><td>10h 20</td><td>settembre</td></tr><tr><td>Catania-Fontanarossa Airport (CTA)</td><td>EUR 69</td><td>1h 20</td><td>marzo</td></tr><tr><td>Guglielmo Marconi Airport (BLQ)</td><td>EUR 181</td><td>7h 00</td><td>luglio</td></tr>
  </tbody>
</table>
<h2>Aeroporti italiani da cui conviene partire</h2>
<div class=""cpv-chip-list""><span class=""cpv-chip"">Leonardo da Vinci-Fiumicino Airport</span><span class=""cpv-chip"">Ciampino-G. B. Pastine International Airport</span><span class=""cpv-chip"">Milano Malpensa Airport</span><span class=""cpv-chip"">Orio al Serio International Airport</span><span class=""cpv-chip"">Milano Linate Airport</span><span class=""cpv-chip"">Naples International Airport</span></div>
<div class=""cpv-landing-grid"">
  <div class=""cpv-landing-card""><strong>City break</strong><p>Se Arxan e una meta urbana, le partenze del venerdi e del sabato sono spesso le piu monitorate.</p></div>
  <div class=""cpv-landing-card""><strong>Viaggi stagionali</strong><p>In alcuni periodi dell'anno le tariffe possono variare molto, soprattutto vicino ai ponti e alle festivita.</p></div>
  <div class=""cpv-landing-card""><strong>Confronto rapido</strong><p>Valuta aeroporti maggiori e secondari per capire se un piccolo spostamento porta a un risparmio concreto.</p></div>
</div>
<h2>Domande frequenti sui voli per Arxan</h2>
<div class=""cpv-faq"">
  <details><summary>Qual e il modo migliore per cercare voli per Arxan?</summary><p>Confronta piu aeroporti italiani, prova date flessibili e verifica anche partenze infrasettimanali per migliorare le possibilita di risparmio.</p></details>
  <details><summary>Meglio volo diretto o con scalo?</summary><p>Per tratte medio-brevi il diretto e spesso la scelta piu comoda, mentre su alcune rotte uno scalo puo ridurre il prezzo finale.</p></details>
  <details><summary>Quando controllare i prezzi per Arxan?</summary><p>Vale la pena iniziare a monitorare la rotta in anticipo e verificare con regolarita i giorni piu vicini alla partenza ideale.</p></details>
</div>","Voli per citta|Voli intercontinentali",city,YIE,/voli-per/arxan/,"Voli per Arxan (YIE): offerte e guide | ConfrontaPrezziVoli","Trova voli per Arxan dai principali aeroporti italiani. Tariffe indicative da EUR 186 e consigli per scegliere il periodo migliore.","voli per Arxan",cities,"Mese tipicamente conveniente: dicembre"
post,publish,"Voli per Asaba (ABB): offerte, compagnie e periodo migliore per prenotare",voli-per-asaba-abb,"Confronta voli per Asaba dai principali aeroporti italiani. Scopri prezzi indicativi, compagnie e consigli utili per organizzare la partenza.","<div class=""cpv-landing-note"">
  <p><strong>Perche cercare voli per Asaba qui.</strong> Questa pagina raccoglie un quadro rapido delle partenze italiane piu interessanti per Asaba, con tariffe indicative e consigli per scegliere il periodo piu vantaggioso.</p>
</div>
<div class=""cpv-stat-grid"">
  <div class=""cpv-stat""><strong>EUR 122</strong><span>Prezzo indicativo da monitorare dalle principali aree aeroportuali italiane.</span></div>
  <div class=""cpv-stat""><strong>agosto</strong><span>Periodo spesso interessante per tenere sotto controllo la rotta.</span></div>
  <div class=""cpv-stat""><strong>9</strong><span>Aeroporti italiani prioritari da confrontare per questa destinazione.</span></div>
</div>
<h2>Offerte voli per Asaba</h2>
<p>Per trovare il miglior equilibrio tra prezzo, durata e comfort, conviene verificare piu aeroporti di partenza italiani e confrontare giorni feriali e weekend.</p>
<table>
  <thead>
    <tr><th>Partenza</th><th>Prezzo da</th><th>Durata indicativa</th><th>Mese da monitorare</th></tr>
  </thead>
  <tbody>
    <tr><td>Leonardo da Vinci-Fiumicino Airport (FCO)</td><td>EUR 90</td><td>4h 50</td><td>dicembre</td></tr><tr><td>Ciampino-G. B. Pastine International Airport (CIA)</td><td>EUR 186</td><td>10h 50</td><td>dicembre</td></tr><tr><td>Milano Malpensa Airport (MXP)</td><td>EUR 133</td><td>4h 00</td><td>luglio</td></tr><tr><td>Orio al Serio International Airport (BGY)</td><td>EUR 35</td><td>5h 40</td><td>maggio</td></tr><tr><td>Milano Linate Airport (LIN)</td><td>EUR 198</td><td>4h 50</td><td>dicembre</td></tr><tr><td>Naples International Airport (NAP)</td><td>EUR 135</td><td>8h 20</td><td>settembre</td></tr><tr><td>Venice Marco Polo Airport (VCE)</td><td>EUR 151</td><td>9h 00</td><td>gennaio</td></tr><tr><td>Catania-Fontanarossa Airport (CTA)</td><td>EUR 45</td><td>11h 20</td><td>marzo</td></tr><tr><td>Guglielmo Marconi Airport (BLQ)</td><td>EUR 77</td><td>10h 40</td><td>novembre</td></tr>
  </tbody>
</table>
<h2>Aeroporti italiani da cui conviene partire</h2>
<div class=""cpv-chip-list""><span class=""cpv-chip"">Leonardo da Vinci-Fiumicino Airport</span><span class=""cpv-chip"">Ciampino-G. B. Pastine International Airport</span><span class=""cpv-chip"">Milano Malpensa Airport</span><span class=""cpv-chip"">Orio al Serio International Airport</span><span class=""cpv-chip"">Milano Linate Airport</span><span class=""cpv-chip"">Naples International Airport</span></div>
<div class=""cpv-landing-grid"">
  <div class=""cpv-landing-card""><strong>City break</strong><p>Se Asaba e una meta urbana, le partenze del venerdi e del sabato sono spesso le piu monitorate.</p></div>
  <div class=""cpv-landing-card""><strong>Viaggi stagionali</strong><p>In alcuni periodi dell'anno le tariffe possono variare molto, soprattutto vicino ai ponti e alle festivita.</p></div>
  <div class=""cpv-landing-card""><strong>Confronto rapido</strong><p>Valuta aeroporti maggiori e secondari per capire se un piccolo spostamento porta a un risparmio concreto.</p></div>
</div>
<h2>Domande frequenti sui voli per Asaba</h2>
<div class=""cpv-faq"">
  <details><summary>Qual e il modo migliore per cercare voli per Asaba?</summary><p>Confronta piu aeroporti italiani, prova date flessibili e verifica anche partenze infrasettimanali per migliorare le possibilita di risparmio.</p></details>
  <details><summary>Meglio volo diretto o con scalo?</summary><p>Per tratte medio-brevi il diretto e spesso la scelta piu comoda, mentre su alcune rotte uno scalo puo ridurre il prezzo finale.</p></details>
  <details><summary>Quando controllare i prezzi per Asaba?</summary><p>Vale la pena iniziare a monitorare la rotta in anticipo e verificare con regolarita i giorni piu vicini alla partenza ideale.</p></details>
</div>","Voli per citta|Voli intercontinentali",city,ABB,/voli-per/asaba/,"Voli per Asaba (ABB): offerte e guide | ConfrontaPrezziVoli","Trova voli per Asaba dai principali aeroporti italiani. Tariffe indicative da EUR 122 e consigli per scegliere il periodo migliore.","voli per Asaba",cities,"Mese tipicamente conveniente: agosto"
post,publish,"Voli per Asahikawa (AKJ): offerte, compagnie e periodo migliore per prenotare",voli-per-asahikawa-akj,"Confronta voli per Asahikawa dai principali aeroporti italiani. Scopri prezzi indicativi, compagnie e consigli utili per organizzare la partenza.","<div class=""cpv-landing-note"">
  <p><strong>Perche cercare voli per Asahikawa qui.</strong> Questa pagina raccoglie un quadro rapido delle partenze italiane piu interessanti per Asahikawa, con tariffe indicative e consigli per scegliere il periodo piu vantaggioso.</p>
</div>
<div class=""cpv-stat-grid"">
  <div class=""cpv-stat""><strong>EUR 95</strong><span>Prezzo indicativo da monitorare dalle principali aree aeroportuali italiane.</span></div>
  <div class=""cpv-stat""><strong>maggio</strong><span>Periodo spesso interessante per tenere sotto controllo la rotta.</span></div>
  <div class=""cpv-stat""><strong>9</strong><span>Aeroporti italiani prioritari da confrontare per questa destinazione.</span></div>
</div>
<h2>Offerte voli per Asahikawa</h2>
<p>Per trovare il miglior equilibrio tra prezzo, durata e comfort, conviene verificare piu aeroporti di partenza italiani e confrontare giorni feriali e weekend.</p>
<table>
  <thead>
    <tr><th>Partenza</th><th>Prezzo da</th><th>Durata indicativa</th><th>Mese da monitorare</th></tr>
  </thead>
  <tbody>
    <tr><td>Leonardo da Vinci-Fiumicino Airport (FCO)</td><td>EUR 135</td><td>2h 20</td><td>settembre</td></tr><tr><td>Ciampino-G. B. Pastine International Airport (CIA)</td><td>EUR 107</td><td>9h 40</td><td>maggio</td></tr><tr><td>Milano Malpensa Airport (MXP)</td><td>EUR 164</td><td>1h 10</td><td>febbraio</td></tr><tr><td>Orio al Serio International Airport (BGY)</td><td>EUR 26</td><td>11h 10</td><td>agosto</td></tr><tr><td>Milano Linate Airport (LIN)</td><td>EUR 167</td><td>9h 40</td><td>maggio</td></tr><tr><td>Naples International Airport (NAP)</td><td>EUR 174</td><td>10h 50</td><td>dicembre</td></tr><tr><td>Venice Marco Polo Airport (VCE)</td><td>EUR 190</td><td>8h 30</td><td>aprile</td></tr><tr><td>Catania-Fontanarossa Airport (CTA)</td><td>EUR 80</td><td>1h 10</td><td>febbraio</td></tr><tr><td>Guglielmo Marconi Airport (BLQ)</td><td>EUR 48</td><td>3h 50</td><td>giugno</td></tr>
  </tbody>
</table>
<h2>Aeroporti italiani da cui conviene partire</h2>
<div class=""cpv-chip-list""><span class=""cpv-chip"">Leonardo da Vinci-Fiumicino Airport</span><span class=""cpv-chip"">Ciampino-G. B. Pastine International Airport</span><span class=""cpv-chip"">Milano Malpensa Airport</span><span class=""cpv-chip"">Orio al Serio International Airport</span><span class=""cpv-chip"">Milano Linate Airport</span><span class=""cpv-chip"">Naples International Airport</span></div>
<div class=""cpv-landing-grid"">
  <div class=""cpv-landing-card""><strong>City break</strong><p>Se Asahikawa e una meta urbana, le partenze del venerdi e del sabato sono spesso le piu monitorate.</p></div>
  <div class=""cpv-landing-card""><strong>Viaggi stagionali</strong><p>In alcuni periodi dell'anno le tariffe possono variare molto, soprattutto vicino ai ponti e alle festivita.</p></div>
  <div class=""cpv-landing-card""><strong>Confronto rapido</strong><p>Valuta aeroporti maggiori e secondari per capire se un piccolo spostamento porta a un risparmio concreto.</p></div>
</div>
<h2>Domande frequenti sui voli per Asahikawa</h2>
<div class=""cpv-faq"">
  <details><summary>Qual e il modo migliore per cercare voli per Asahikawa?</summary><p>Confronta piu aeroporti italiani, prova date flessibili e verifica anche partenze infrasettimanali per migliorare le possibilita di risparmio.</p></details>
  <details><summary>Meglio volo diretto o con scalo?</summary><p>Per tratte medio-brevi il diretto e spesso la scelta piu comoda, mentre su alcune rotte uno scalo puo ridurre il prezzo finale.</p></details>
  <details><summary>Quando controllare i prezzi per Asahikawa?</summary><p>Vale la pena iniziare a monitorare la rotta in anticipo e verificare con regolarita i giorni piu vicini alla partenza ideale.</p></details>
</div>","Voli per citta|Voli intercontinentali",city,AKJ,/voli-per/asahikawa/,"Voli per Asahikawa (AKJ): offerte e guide | ConfrontaPrezziVoli","Trova voli per Asahikawa dai principali aeroporti italiani. Tariffe indicative da EUR 95 e consigli per scegliere il periodo migliore.","voli per Asahikawa",cities,"Mese tipicamente conveniente: maggio"
post,publish,"Voli per Asheville (AVL): offerte, compagnie e periodo migliore per prenotare",voli-per-asheville-avl,"Confronta voli per Asheville dai principali aeroporti italiani. Scopri prezzi indicativi, compagnie e consigli utili per organizzare la partenza.","<div class=""cpv-landing-note"">
  <p><strong>Perche cercare voli per Asheville qui.</strong> Questa pagina raccoglie un quadro rapido delle partenze italiane piu interessanti per Asheville, con tariffe indicative e consigli per scegliere il periodo piu vantaggioso.</p>
</div>
<div class=""cpv-stat-grid"">
  <div class=""cpv-stat""><strong>EUR 48</strong><span>Prezzo indicativo da monitorare dalle principali aree aeroportuali italiane.</span></div>
  <div class=""cpv-stat""><strong>giugno</strong><span>Periodo spesso interessante per tenere sotto controllo la rotta.</span></div>
  <div class=""cpv-stat""><strong>9</strong><span>Aeroporti italiani prioritari da confrontare per questa destinazione.</span></div>
</div>
<h2>Offerte voli per Asheville</h2>
<p>Per trovare il miglior equilibrio tra prezzo, durata e comfort, conviene verificare piu aeroporti di partenza italiani e confrontare giorni feriali e weekend.</p>
<table>
  <thead>
    <tr><th>Partenza</th><th>Prezzo da</th><th>Durata indicativa</th><th>Mese da monitorare</th></tr>
  </thead>
  <tbody>
    <tr><td>Leonardo da Vinci-Fiumicino Airport (FCO)</td><td>EUR 56</td><td>1h 10</td><td>febbraio</td></tr><tr><td>Ciampino-G. B. Pastine International Airport (CIA)</td><td>EUR 184</td><td>8h 30</td><td>ottobre</td></tr><tr><td>Milano Malpensa Airport (MXP)</td><td>EUR 151</td><td>6h 00</td><td>gennaio</td></tr><tr><td>Orio al Serio International Airport (BGY)</td><td>EUR 73</td><td>8h 00</td><td>luglio</td></tr><tr><td>Milano Linate Airport (LIN)</td><td>EUR 112</td><td>1h 30</td><td>ottobre</td></tr><tr><td>Naples International Airport (NAP)</td><td>EUR 173</td><td>1h 40</td><td>novembre</td></tr><tr><td>Venice Marco Polo Airport (VCE)</td><td>EUR 49</td><td>2h 00</td><td>luglio</td></tr><tr><td>Catania-Fontanarossa Airport (CTA)</td><td>EUR 183</td><td>4h 20</td><td>settembre</td></tr><tr><td>Guglielmo Marconi Airport (BLQ)</td><td>EUR 43</td><td>7h 00</td><td>gennaio</td></tr>
  </tbody>
</table>
<h2>Aeroporti italiani da cui conviene partire</h2>
<div class=""cpv-chip-list""><span class=""cpv-chip"">Leonardo da Vinci-Fiumicino Airport</span><span class=""cpv-chip"">Ciampino-G. B. Pastine International Airport</span><span class=""cpv-chip"">Milano Malpensa Airport</span><span class=""cpv-chip"">Orio al Serio International Airport</span><span class=""cpv-chip"">Milano Linate Airport</span><span class=""cpv-chip"">Naples International Airport</span></div>
<div class=""cpv-landing-grid"">
  <div class=""cpv-landing-card""><strong>City break</strong><p>Se Asheville e una meta urbana, le partenze del venerdi e del sabato sono spesso le piu monitorate.</p></div>
  <div class=""cpv-landing-card""><strong>Viaggi stagionali</strong><p>In alcuni periodi dell'anno le tariffe possono variare molto, soprattutto vicino ai ponti e alle festivita.</p></div>
  <div class=""cpv-landing-card""><strong>Confronto rapido</strong><p>Valuta aeroporti maggiori e secondari per capire se un piccolo spostamento porta a un risparmio concreto.</p></div>
</div>
<h2>Domande frequenti sui voli per Asheville</h2>
<div class=""cpv-faq"">
  <details><summary>Qual e il modo migliore per cercare voli per Asheville?</summary><p>Confronta piu aeroporti italiani, prova date flessibili e verifica anche partenze infrasettimanali per migliorare le possibilita di risparmio.</p></details>
  <details><summary>Meglio volo diretto o con scalo?</summary><p>Per tratte medio-brevi il diretto e spesso la scelta piu comoda, mentre su alcune rotte uno scalo puo ridurre il prezzo finale.</p></details>
  <details><summary>Quando controllare i prezzi per Asheville?</summary><p>Vale la pena iniziare a monitorare la rotta in anticipo e verificare con regolarita i giorni piu vicini alla partenza ideale.</p></details>
</div>","Voli per citta|Voli intercontinentali",city,AVL,/voli-per/asheville/,"Voli per Asheville (AVL): offerte e guide | ConfrontaPrezziVoli","Trova voli per Asheville dai principali aeroporti italiani. Tariffe indicative da EUR 48 e consigli per scegliere il periodo migliore.","voli per Asheville",cities,"Mese tipicamente conveniente: giugno"
post,publish,"Voli per Ashgabat (ASB): offerte, compagnie e periodo migliore per prenotare",voli-per-ashgabat-asb,"Confronta voli per Ashgabat dai principali aeroporti italiani. Scopri prezzi indicativi, compagnie e consigli utili per organizzare la partenza.","<div class=""cpv-landing-note"">
  <p><strong>Perche cercare voli per Ashgabat qui.</strong> Questa pagina raccoglie un quadro rapido delle partenze italiane piu interessanti per Ashgabat, con tariffe indicative e consigli per scegliere il periodo piu vantaggioso.</p>
</div>
<div class=""cpv-stat-grid"">
  <div class=""cpv-stat""><strong>EUR 58</strong><span>Prezzo indicativo da monitorare dalle principali aree aeroportuali italiane.</span></div>
  <div class=""cpv-stat""><strong>aprile</strong><span>Periodo spesso interessante per tenere sotto controllo la rotta.</span></div>
  <div class=""cpv-stat""><strong>9</strong><span>Aeroporti italiani prioritari da confrontare per questa destinazione.</span></div>
</div>
<h2>Offerte voli per Ashgabat</h2>
<p>Per trovare il miglior equilibrio tra prezzo, durata e comfort, conviene verificare piu aeroporti di partenza italiani e confrontare giorni feriali e weekend.</p>
<table>
  <thead>
    <tr><th>Partenza</th><th>Prezzo da</th><th>Durata indicativa</th><th>Mese da monitorare</th></tr>
  </thead>
  <tbody>
    <tr><td>Leonardo da Vinci-Fiumicino Airport (FCO)</td><td>EUR 98</td><td>9h 10</td><td>agosto</td></tr><tr><td>Ciampino-G. B. Pastine International Airport (CIA)</td><td>EUR 30</td><td>10h 50</td><td>dicembre</td></tr><tr><td>Milano Malpensa Airport (MXP)</td><td>EUR 25</td><td>10h 00</td><td>luglio</td></tr><tr><td>Orio al Serio International Airport (BGY)</td><td>EUR 107</td><td>10h 40</td><td>maggio</td></tr><tr><td>Milano Linate Airport (LIN)</td><td>EUR 146</td><td>10h 10</td><td>agosto</td></tr><tr><td>Naples International Airport (NAP)</td><td>EUR 59</td><td>7h 40</td><td>maggio</td></tr><tr><td>Venice Marco Polo Airport (VCE)</td><td>EUR 103</td><td>6h 00</td><td>gennaio</td></tr><tr><td>Catania-Fontanarossa Airport (CTA)</td><td>EUR 69</td><td>5h 20</td><td>marzo</td></tr><tr><td>Guglielmo Marconi Airport (BLQ)</td><td>EUR 165</td><td>5h 20</td><td>marzo</td></tr>
  </tbody>
</table>
<h2>Aeroporti italiani da cui conviene partire</h2>
<div class=""cpv-chip-list""><span class=""cpv-chip"">Leonardo da Vinci-Fiumicino Airport</span><span class=""cpv-chip"">Ciampino-G. B. Pastine International Airport</span><span class=""cpv-chip"">Milano Malpensa Airport</span><span class=""cpv-chip"">Orio al Serio International Airport</span><span class=""cpv-chip"">Milano Linate Airport</span><span class=""cpv-chip"">Naples International Airport</span></div>
<div class=""cpv-landing-grid"">
  <div class=""cpv-landing-card""><strong>City break</strong><p>Se Ashgabat e una meta urbana, le partenze del venerdi e del sabato sono spesso le piu monitorate.</p></div>
  <div class=""cpv-landing-card""><strong>Viaggi stagionali</strong><p>In alcuni periodi dell'anno le tariffe possono variare molto, soprattutto vicino ai ponti e alle festivita.</p></div>
  <div class=""cpv-landing-card""><strong>Confronto rapido</strong><p>Valuta aeroporti maggiori e secondari per capire se un piccolo spostamento porta a un risparmio concreto.</p></div>
</div>
<h2>Domande frequenti sui voli per Ashgabat</h2>
<div class=""cpv-faq"">
  <details><summary>Qual e il modo migliore per cercare voli per Ashgabat?</summary><p>Confronta piu aeroporti italiani, prova date flessibili e verifica anche partenze infrasettimanali per migliorare le possibilita di risparmio.</p></details>
  <details><summary>Meglio volo diretto o con scalo?</summary><p>Per tratte medio-brevi il diretto e spesso la scelta piu comoda, mentre su alcune rotte uno scalo puo ridurre il prezzo finale.</p></details>
  <details><summary>Quando controllare i prezzi per Ashgabat?</summary><p>Vale la pena iniziare a monitorare la rotta in anticipo e verificare con regolarita i giorni piu vicini alla partenza ideale.</p></details>
</div>","Voli per citta|Voli intercontinentali",city,ASB,/voli-per/ashgabat/,"Voli per Ashgabat (ASB): offerte e guide | ConfrontaPrezziVoli","Trova voli per Ashgabat dai principali aeroporti italiani. Tariffe indicative da EUR 58 e consigli per scegliere il periodo migliore.","voli per Ashgabat",cities,"Mese tipicamente conveniente: aprile"
post,publish,"Voli per Asmara (ASM): offerte, compagnie e periodo migliore per prenotare",voli-per-asmara-asm,"Confronta voli per Asmara dai principali aeroporti italiani. Scopri prezzi indicativi, compagnie e consigli utili per organizzare la partenza.","<div class=""cpv-landing-note"">
  <p><strong>Perche cercare voli per Asmara qui.</strong> Questa pagina raccoglie un quadro rapido delle partenze italiane piu interessanti per Asmara, con tariffe indicative e consigli per scegliere il periodo piu vantaggioso.</p>
</div>
<div class=""cpv-stat-grid"">
  <div class=""cpv-stat""><strong>EUR 65</strong><span>Prezzo indicativo da monitorare dalle principali aree aeroportuali italiane.</span></div>
  <div class=""cpv-stat""><strong>novembre</strong><span>Periodo spesso interessante per tenere sotto controllo la rotta.</span></div>
  <div class=""cpv-stat""><strong>9</strong><span>Aeroporti italiani prioritari da confrontare per questa destinazione.</span></div>
</div>
<h2>Offerte voli per Asmara</h2>
<p>Per trovare il miglior equilibrio tra prezzo, durata e comfort, conviene verificare piu aeroporti di partenza italiani e confrontare giorni feriali e weekend.</p>
<table>
  <thead>
    <tr><th>Partenza</th><th>Prezzo da</th><th>Durata indicativa</th><th>Mese da monitorare</th></tr>
  </thead>
  <tbody>
    <tr><td>Leonardo da Vinci-Fiumicino Airport (FCO)</td><td>EUR 29</td><td>7h 40</td><td>novembre</td></tr><tr><td>Ciampino-G. B. Pastine International Airport (CIA)</td><td>EUR 173</td><td>7h 40</td><td>novembre</td></tr><tr><td>Milano Malpensa Airport (MXP)</td><td>EUR 94</td><td>9h 30</td><td>aprile</td></tr><tr><td>Orio al Serio International Airport (BGY)</td><td>EUR 72</td><td>4h 50</td><td>giugno</td></tr><tr><td>Milano Linate Airport (LIN)</td><td>EUR 73</td><td>7h 00</td><td>luglio</td></tr><tr><td>Naples International Airport (NAP)</td><td>EUR 192</td><td>6h 50</td><td>giugno</td></tr><tr><td>Venice Marco Polo Airport (VCE)</td><td>EUR 172</td><td>2h 30</td><td>ottobre</td></tr><tr><td>Catania-Fontanarossa Airport (CTA)</td><td>EUR 66</td><td>9h 50</td><td>dicembre</td></tr><tr><td>Guglielmo Marconi Airport (BLQ)</td><td>EUR 162</td><td>10h 50</td><td>dicembre</td></tr>
  </tbody>
</table>
<h2>Aeroporti italiani da cui conviene partire</h2>
<div class=""cpv-chip-list""><span class=""cpv-chip"">Leonardo da Vinci-Fiumicino Airport</span><span class=""cpv-chip"">Ciampino-G. B. Pastine International Airport</span><span class=""cpv-chip"">Milano Malpensa Airport</span><span class=""cpv-chip"">Orio al Serio International Airport</span><span class=""cpv-chip"">Milano Linate Airport</span><span class=""cpv-chip"">Naples International Airport</span></div>
<div class=""cpv-landing-grid"">
  <div class=""cpv-landing-card""><strong>City break</strong><p>Se Asmara e una meta urbana, le partenze del venerdi e del sabato sono spesso le piu monitorate.</p></div>
  <div class=""cpv-landing-card""><strong>Viaggi stagionali</strong><p>In alcuni periodi dell'anno le tariffe possono variare molto, soprattutto vicino ai ponti e alle festivita.</p></div>
  <div class=""cpv-landing-card""><strong>Confronto rapido</strong><p>Valuta aeroporti maggiori e secondari per capire se un piccolo spostamento porta a un risparmio concreto.</p></div>
</div>
<h2>Domande frequenti sui voli per Asmara</h2>
<div class=""cpv-faq"">
  <details><summary>Qual e il modo migliore per cercare voli per Asmara?</summary><p>Confronta piu aeroporti italiani, prova date flessibili e verifica anche partenze infrasettimanali per migliorare le possibilita di risparmio.</p></details>
  <details><summary>Meglio volo diretto o con scalo?</summary><p>Per tratte medio-brevi il diretto e spesso la scelta piu comoda, mentre su alcune rotte uno scalo puo ridurre il prezzo finale.</p></details>
  <details><summary>Quando controllare i prezzi per Asmara?</summary><p>Vale la pena iniziare a monitorare la rotta in anticipo e verificare con regolarita i giorni piu vicini alla partenza ideale.</p></details>
</div>","Voli per citta|Voli intercontinentali",city,ASM,/voli-per/asmara/,"Voli per Asmara (ASM): offerte e guide | ConfrontaPrezziVoli","Trova voli per Asmara dai principali aeroporti italiani. Tariffe indicative da EUR 65 e consigli per scegliere il periodo migliore.","voli per Asmara",cities,"Mese tipicamente conveniente: novembre"
post,publish,"Voli per Asosa (ASO): offerte, compagnie e periodo migliore per prenotare",voli-per-asosa-aso,"Confronta voli per Asosa dai principali aeroporti italiani. Scopri prezzi indicativi, compagnie e consigli utili per organizzare la partenza.","<div class=""cpv-landing-note"">
  <p><strong>Perche cercare voli per Asosa qui.</strong> Questa pagina raccoglie un quadro rapido delle partenze italiane piu interessanti per Asosa, con tariffe indicative e consigli per scegliere il periodo piu vantaggioso.</p>
</div>
<div class=""cpv-stat-grid"">
  <div class=""cpv-stat""><strong>EUR 21</strong><span>Prezzo indicativo da monitorare dalle principali aree aeroportuali italiane.</span></div>
  <div class=""cpv-stat""><strong>marzo</strong><span>Periodo spesso interessante per tenere sotto controllo la rotta.</span></div>
  <div class=""cpv-stat""><strong>9</strong><span>Aeroporti italiani prioritari da confrontare per questa destinazione.</span></div>
</div>
<h2>Offerte voli per Asosa</h2>
<p>Per trovare il miglior equilibrio tra prezzo, durata e comfort, conviene verificare piu aeroporti di partenza italiani e confrontare giorni feriali e weekend.</p>
<table>
  <thead>
    <tr><th>Partenza</th><th>Prezzo da</th><th>Durata indicativa</th><th>Mese da monitorare</th></tr>
  </thead>
  <tbody>
    <tr><td>Leonardo da Vinci-Fiumicino Airport (FCO)</td><td>EUR 57</td><td>3h 20</td><td>marzo</td></tr><tr><td>Ciampino-G. B. Pastine International Airport (CIA)</td><td>EUR 101</td><td>11h 40</td><td>novembre</td></tr><tr><td>Milano Malpensa Airport (MXP)</td><td>EUR 166</td><td>7h 30</td><td>aprile</td></tr><tr><td>Orio al Serio International Airport (BGY)</td><td>EUR 40</td><td>7h 30</td><td>ottobre</td></tr><tr><td>Milano Linate Airport (LIN)</td><td>EUR 77</td><td>3h 40</td><td>novembre</td></tr><tr><td>Naples International Airport (NAP)</td><td>EUR 120</td><td>3h 50</td><td>giugno</td></tr><tr><td>Venice Marco Polo Airport (VCE)</td><td>EUR 168</td><td>6h 50</td><td>giugno</td></tr><tr><td>Catania-Fontanarossa Airport (CTA)</td><td>EUR 58</td><td>2h 30</td><td>aprile</td></tr><tr><td>Guglielmo Marconi Airport (BLQ)</td><td>EUR 170</td><td>8h 10</td><td>agosto</td></tr>
  </tbody>
</table>
<h2>Aeroporti italiani da cui conviene partire</h2>
<div class=""cpv-chip-list""><span class=""cpv-chip"">Leonardo da Vinci-Fiumicino Airport</span><span class=""cpv-chip"">Ciampino-G. B. Pastine International Airport</span><span class=""cpv-chip"">Milano Malpensa Airport</span><span class=""cpv-chip"">Orio al Serio International Airport</span><span class=""cpv-chip"">Milano Linate Airport</span><span class=""cpv-chip"">Naples International Airport</span></div>
<div class=""cpv-landing-grid"">
  <div class=""cpv-landing-card""><strong>City break</strong><p>Se Asosa e una meta urbana, le partenze del venerdi e del sabato sono spesso le piu monitorate.</p></div>
  <div class=""cpv-landing-card""><strong>Viaggi stagionali</strong><p>In alcuni periodi dell'anno le tariffe possono variare molto, soprattutto vicino ai ponti e alle festivita.</p></div>
  <div class=""cpv-landing-card""><strong>Confronto rapido</strong><p>Valuta aeroporti maggiori e secondari per capire se un piccolo spostamento porta a un risparmio concreto.</p></div>
</div>
<h2>Domande frequenti sui voli per Asosa</h2>
<div class=""cpv-faq"">
  <details><summary>Qual e il modo migliore per cercare voli per Asosa?</summary><p>Confronta piu aeroporti italiani, prova date flessibili e verifica anche partenze infrasettimanali per migliorare le possibilita di risparmio.</p></details>
  <details><summary>Meglio volo diretto o con scalo?</summary><p>Per tratte medio-brevi il diretto e spesso la scelta piu comoda, mentre su alcune rotte uno scalo puo ridurre il prezzo finale.</p></details>
  <details><summary>Quando controllare i prezzi per Asosa?</summary><p>Vale la pena iniziare a monitorare la rotta in anticipo e verificare con regolarita i giorni piu vicini alla partenza ideale.</p></details>
</div>","Voli per citta|Voli intercontinentali",city,ASO,/voli-per/asosa/,"Voli per Asosa (ASO): offerte e guide | ConfrontaPrezziVoli","Trova voli per Asosa dai principali aeroporti italiani. Tariffe indicative da EUR 21 e consigli per scegliere il periodo migliore.","voli per Asosa",cities,"Mese tipicamente conveniente: marzo"
post,publish,"Voli per Aspen (ASE): offerte, compagnie e periodo migliore per prenotare",voli-per-aspen-ase,"Confronta voli per Aspen dai principali aeroporti italiani. Scopri prezzi indicativi, compagnie e consigli utili per organizzare la partenza.","<div class=""cpv-landing-note"">
  <p><strong>Perche cercare voli per Aspen qui.</strong> Questa pagina raccoglie un quadro rapido delle partenze italiane piu interessanti per Aspen, con tariffe indicative e consigli per scegliere il periodo piu vantaggioso.</p>
</div>
<div class=""cpv-stat-grid"">
  <div class=""cpv-stat""><strong>EUR 35</strong><span>Prezzo indicativo da monitorare dalle principali aree aeroportuali italiane.</span></div>
  <div class=""cpv-stat""><strong>maggio</strong><span>Periodo spesso interessante per tenere sotto controllo la rotta.</span></div>
  <div class=""cpv-stat""><strong>9</strong><span>Aeroporti italiani prioritari da confrontare per questa destinazione.</span></div>
</div>
<h2>Offerte voli per Aspen</h2>
<p>Per trovare il miglior equilibrio tra prezzo, durata e comfort, conviene verificare piu aeroporti di partenza italiani e confrontare giorni feriali e weekend.</p>
<table>
  <thead>
    <tr><th>Partenza</th><th>Prezzo da</th><th>Durata indicativa</th><th>Mese da monitorare</th></tr>
  </thead>
  <tbody>
    <tr><td>Leonardo da Vinci-Fiumicino Airport (FCO)</td><td>EUR 175</td><td>3h 00</td><td>gennaio</td></tr><tr><td>Ciampino-G. B. Pastine International Airport (CIA)</td><td>EUR 195</td><td>5h 20</td><td>settembre</td></tr><tr><td>Milano Malpensa Airport (MXP)</td><td>EUR 196</td><td>7h 30</td><td>ottobre</td></tr><tr><td>Orio al Serio International Airport (BGY)</td><td>EUR 62</td><td>4h 10</td><td>agosto</td></tr><tr><td>Milano Linate Airport (LIN)</td><td>EUR 51</td><td>4h 20</td><td>settembre</td></tr><tr><td>Naples International Airport (NAP)</td><td>EUR 50</td><td>5h 10</td><td>agosto</td></tr><tr><td>Venice Marco Polo Airport (VCE)</td><td>EUR 174</td><td>1h 50</td><td>dicembre</td></tr><tr><td>Catania-Fontanarossa Airport (CTA)</td><td>EUR 60</td><td>2h 50</td><td>giugno</td></tr><tr><td>Guglielmo Marconi Airport (BLQ)</td><td>EUR 72</td><td>7h 50</td><td>giugno</td></tr>
  </tbody>
</table>
<h2>Aeroporti italiani da cui conviene partire</h2>
<div class=""cpv-chip-list""><span class=""cpv-chip"">Leonardo da Vinci-Fiumicino Airport</span><span class=""cpv-chip"">Ciampino-G. B. Pastine International Airport</span><span class=""cpv-chip"">Milano Malpensa Airport</span><span class=""cpv-chip"">Orio al Serio International Airport</span><span class=""cpv-chip"">Milano Linate Airport</span><span class=""cpv-chip"">Naples International Airport</span></div>
<div class=""cpv-landing-grid"">
  <div class=""cpv-landing-card""><strong>City break</strong><p>Se Aspen e una meta urbana, le partenze del venerdi e del sabato sono spesso le piu monitorate.</p></div>
  <div class=""cpv-landing-card""><strong>Viaggi stagionali</strong><p>In alcuni periodi dell'anno le tariffe possono variare molto, soprattutto vicino ai ponti e alle festivita.</p></div>
  <div class=""cpv-landing-card""><strong>Confronto rapido</strong><p>Valuta aeroporti maggiori e secondari per capire se un piccolo spostamento porta a un risparmio concreto.</p></div>
</div>
<h2>Domande frequenti sui voli per Aspen</h2>
<div class=""cpv-faq"">
  <details><summary>Qual e il modo migliore per cercare voli per Aspen?</summary><p>Confronta piu aeroporti italiani, prova date flessibili e verifica anche partenze infrasettimanali per migliorare le possibilita di risparmio.</p></details>
  <details><summary>Meglio volo diretto o con scalo?</summary><p>Per tratte medio-brevi il diretto e spesso la scelta piu comoda, mentre su alcune rotte uno scalo puo ridurre il prezzo finale.</p></details>
  <details><summary>Quando controllare i prezzi per Aspen?</summary><p>Vale la pena iniziare a monitorare la rotta in anticipo e verificare con regolarita i giorni piu vicini alla partenza ideale.</p></details>
</div>","Voli per citta|Voli intercontinentali",city,ASE,/voli-per/aspen/,"Voli per Aspen (ASE): offerte e guide | ConfrontaPrezziVoli","Trova voli per Aspen dai principali aeroporti italiani. Tariffe indicative da EUR 35 e consigli per scegliere il periodo migliore.","voli per Aspen",cities,"Mese tipicamente conveniente: maggio"
post,publish,"Voli per Assiut (ATZ): offerte, compagnie e periodo migliore per prenotare",voli-per-assiut-atz,"Confronta voli per Assiut dai principali aeroporti italiani. Scopri prezzi indicativi, compagnie e consigli utili per organizzare la partenza.","<div class=""cpv-landing-note"">
  <p><strong>Perche cercare voli per Assiut qui.</strong> Questa pagina raccoglie un quadro rapido delle partenze italiane piu interessanti per Assiut, con tariffe indicative e consigli per scegliere il periodo piu vantaggioso.</p>
</div>
<div class=""cpv-stat-grid"">
  <div class=""cpv-stat""><strong>EUR 189</strong><span>Prezzo indicativo da monitorare dalle principali aree aeroportuali italiane.</span></div>
  <div class=""cpv-stat""><strong>marzo</strong><span>Periodo spesso interessante per tenere sotto controllo la rotta.</span></div>
  <div class=""cpv-stat""><strong>9</strong><span>Aeroporti italiani prioritari da confrontare per questa destinazione.</span></div>
</div>
<h2>Offerte voli per Assiut</h2>
<p>Per trovare il miglior equilibrio tra prezzo, durata e comfort, conviene verificare piu aeroporti di partenza italiani e confrontare giorni feriali e weekend.</p>
<table>
  <thead>
    <tr><th>Partenza</th><th>Prezzo da</th><th>Durata indicativa</th><th>Mese da monitorare</th></tr>
  </thead>
  <tbody>
    <tr><td>Leonardo da Vinci-Fiumicino Airport (FCO)</td><td>EUR 141</td><td>5h 20</td><td>marzo</td></tr><tr><td>Ciampino-G. B. Pastine International Airport (CIA)</td><td>EUR 137</td><td>11h 40</td><td>novembre</td></tr><tr><td>Milano Malpensa Airport (MXP)</td><td>EUR 134</td><td>6h 10</td><td>agosto</td></tr><tr><td>Orio al Serio International Airport (BGY)</td><td>EUR 44</td><td>1h 10</td><td>febbraio</td></tr><tr><td>Milano Linate Airport (LIN)</td><td>EUR 33</td><td>1h 20</td><td>marzo</td></tr><tr><td>Naples International Airport (NAP)</td><td>EUR 116</td><td>2h 10</td><td>febbraio</td></tr><tr><td>Venice Marco Polo Airport (VCE)</td><td>EUR 64</td><td>7h 30</td><td>ottobre</td></tr><tr><td>Catania-Fontanarossa Airport (CTA)</td><td>EUR 198</td><td>4h 50</td><td>dicembre</td></tr><tr><td>Guglielmo Marconi Airport (BLQ)</td><td>EUR 78</td><td>10h 50</td><td>dicembre</td></tr>
  </tbody>
</table>
<h2>Aeroporti italiani da cui conviene partire</h2>
<div class=""cpv-chip-list""><span class=""cpv-chip"">Leonardo da Vinci-Fiumicino Airport</span><span class=""cpv-chip"">Ciampino-G. B. Pastine International Airport</span><span class=""cpv-chip"">Milano Malpensa Airport</span><span class=""cpv-chip"">Orio al Serio International Airport</span><span class=""cpv-chip"">Milano Linate Airport</span><span class=""cpv-chip"">Naples International Airport</span></div>
<div class=""cpv-landing-grid"">
  <div class=""cpv-landing-card""><strong>City break</strong><p>Se Assiut e una meta urbana, le partenze del venerdi e del sabato sono spesso le piu monitorate.</p></div>
  <div class=""cpv-landing-card""><strong>Viaggi stagionali</strong><p>In alcuni periodi dell'anno le tariffe possono variare molto, soprattutto vicino ai ponti e alle festivita.</p></div>
  <div class=""cpv-landing-card""><strong>Confronto rapido</strong><p>Valuta aeroporti maggiori e secondari per capire se un piccolo spostamento porta a un risparmio concreto.</p></div>
</div>
<h2>Domande frequenti sui voli per Assiut</h2>
<div class=""cpv-faq"">
  <details><summary>Qual e il modo migliore per cercare voli per Assiut?</summary><p>Confronta piu aeroporti italiani, prova date flessibili e verifica anche partenze infrasettimanali per migliorare le possibilita di risparmio.</p></details>
  <details><summary>Meglio volo diretto o con scalo?</summary><p>Per tratte medio-brevi il diretto e spesso la scelta piu comoda, mentre su alcune rotte uno scalo puo ridurre il prezzo finale.</p></details>
  <details><summary>Quando controllare i prezzi per Assiut?</summary><p>Vale la pena iniziare a monitorare la rotta in anticipo e verificare con regolarita i giorni piu vicini alla partenza ideale.</p></details>
</div>","Voli per citta|Voli intercontinentali",city,ATZ,/voli-per/assiut/,"Voli per Assiut (ATZ): offerte e guide | ConfrontaPrezziVoli","Trova voli per Assiut dai principali aeroporti italiani. Tariffe indicative da EUR 189 e consigli per scegliere il periodo migliore.","voli per Assiut",cities,"Mese tipicamente conveniente: marzo"
post,publish,"Voli per Astana (NQZ): offerte, compagnie e periodo migliore per prenotare",voli-per-astana-nqz,"Confronta voli per Astana dai principali aeroporti italiani. Scopri prezzi indicativi, compagnie e consigli utili per organizzare la partenza.","<div class=""cpv-landing-note"">
  <p><strong>Perche cercare voli per Astana qui.</strong> Questa pagina raccoglie un quadro rapido delle partenze italiane piu interessanti per Astana, con tariffe indicative e consigli per scegliere il periodo piu vantaggioso.</p>
</div>
<div class=""cpv-stat-grid"">
  <div class=""cpv-stat""><strong>EUR 161</strong><span>Prezzo indicativo da monitorare dalle principali aree aeroportuali italiane.</span></div>
  <div class=""cpv-stat""><strong>novembre</strong><span>Periodo spesso interessante per tenere sotto controllo la rotta.</span></div>
  <div class=""cpv-stat""><strong>9</strong><span>Aeroporti italiani prioritari da confrontare per questa destinazione.</span></div>
</div>
<h2>Offerte voli per Astana</h2>
<p>Per trovare il miglior equilibrio tra prezzo, durata e comfort, conviene verificare piu aeroporti di partenza italiani e confrontare giorni feriali e weekend.</p>
<table>
  <thead>
    <tr><th>Partenza</th><th>Prezzo da</th><th>Durata indicativa</th><th>Mese da monitorare</th></tr>
  </thead>
  <tbody>
    <tr><td>Leonardo da Vinci-Fiumicino Airport (FCO)</td><td>EUR 21</td><td>11h 20</td><td>marzo</td></tr><tr><td>Ciampino-G. B. Pastine International Airport (CIA)</td><td>EUR 101</td><td>3h 40</td><td>novembre</td></tr><tr><td>Milano Malpensa Airport (MXP)</td><td>EUR 182</td><td>2h 10</td><td>agosto</td></tr><tr><td>Orio al Serio International Airport (BGY)</td><td>EUR 100</td><td>11h 30</td><td>ottobre</td></tr><tr><td>Milano Linate Airport (LIN)</td><td>EUR 73</td><td>5h 00</td><td>luglio</td></tr><tr><td>Naples International Airport (NAP)</td><td>EUR 32</td><td>7h 10</td><td>febbraio</td></tr><tr><td>Venice Marco Polo Airport (VCE)</td><td>EUR 80</td><td>7h 10</td><td>febbraio</td></tr><tr><td>Catania-Fontanarossa Airport (CTA)</td><td>EUR 130</td><td>3h 30</td><td>aprile</td></tr><tr><td>Guglielmo Marconi Airport (BLQ)</td><td>EUR 98</td><td>4h 10</td><td>agosto</td></tr>
  </tbody>
</table>
<h2>Aeroporti italiani da cui conviene partire</h2>
<div class=""cpv-chip-list""><span class=""cpv-chip"">Leonardo da Vinci-Fiumicino Airport</span><span class=""cpv-chip"">Ciampino-G. B. Pastine International Airport</span><span class=""cpv-chip"">Milano Malpensa Airport</span><span class=""cpv-chip"">Orio al Serio International Airport</span><span class=""cpv-chip"">Milano Linate Airport</span><span class=""cpv-chip"">Naples International Airport</span></div>
<div class=""cpv-landing-grid"">
  <div class=""cpv-landing-card""><strong>City break</strong><p>Se Astana e una meta urbana, le partenze del venerdi e del sabato sono spesso le piu monitorate.</p></div>
  <div class=""cpv-landing-card""><strong>Viaggi stagionali</strong><p>In alcuni periodi dell'anno le tariffe possono variare molto, soprattutto vicino ai ponti e alle festivita.</p></div>
  <div class=""cpv-landing-card""><strong>Confronto rapido</strong><p>Valuta aeroporti maggiori e secondari per capire se un piccolo spostamento porta a un risparmio concreto.</p></div>
</div>
<h2>Domande frequenti sui voli per Astana</h2>
<div class=""cpv-faq"">
  <details><summary>Qual e il modo migliore per cercare voli per Astana?</summary><p>Confronta piu aeroporti italiani, prova date flessibili e verifica anche partenze infrasettimanali per migliorare le possibilita di risparmio.</p></details>
  <details><summary>Meglio volo diretto o con scalo?</summary><p>Per tratte medio-brevi il diretto e spesso la scelta piu comoda, mentre su alcune rotte uno scalo puo ridurre il prezzo finale.</p></details>
  <details><summary>Quando controllare i prezzi per Astana?</summary><p>Vale la pena iniziare a monitorare la rotta in anticipo e verificare con regolarita i giorni piu vicini alla partenza ideale.</p></details>
</div>","Voli per citta|Voli intercontinentali",city,NQZ,/voli-per/astana/,"Voli per Astana (NQZ): offerte e guide | ConfrontaPrezziVoli","Trova voli per Astana dai principali aeroporti italiani. Tariffe indicative da EUR 161 e consigli per scegliere il periodo migliore.","voli per Astana",cities,"Mese tipicamente conveniente: novembre"
post,publish,"Voli per Astrakhan (ASF): offerte, compagnie e periodo migliore per prenotare",voli-per-astrakhan-asf,"Confronta voli per Astrakhan dai principali aeroporti italiani. Scopri prezzi indicativi, compagnie e consigli utili per organizzare la partenza.","<div class=""cpv-landing-note"">
  <p><strong>Perche cercare voli per Astrakhan qui.</strong> Questa pagina raccoglie un quadro rapido delle partenze italiane piu interessanti per Astrakhan, con tariffe indicative e consigli per scegliere il periodo piu vantaggioso.</p>
</div>
<div class=""cpv-stat-grid"">
  <div class=""cpv-stat""><strong>EUR 109</strong><span>Prezzo indicativo da monitorare dalle principali aree aeroportuali italiane.</span></div>
  <div class=""cpv-stat""><strong>luglio</strong><span>Periodo spesso interessante per tenere sotto controllo la rotta.</span></div>
  <div class=""cpv-stat""><strong>9</strong><span>Aeroporti italiani prioritari da confrontare per questa destinazione.</span></div>
</div>
<h2>Offerte voli per Astrakhan</h2>
<p>Per trovare il miglior equilibrio tra prezzo, durata e comfort, conviene verificare piu aeroporti di partenza italiani e confrontare giorni feriali e weekend.</p>
<table>
  <thead>
    <tr><th>Partenza</th><th>Prezzo da</th><th>Durata indicativa</th><th>Mese da monitorare</th></tr>
  </thead>
  <tbody>
    <tr><td>Leonardo da Vinci-Fiumicino Airport (FCO)</td><td>EUR 53</td><td>2h 40</td><td>novembre</td></tr><tr><td>Ciampino-G. B. Pastine International Airport (CIA)</td><td>EUR 157</td><td>1h 00</td><td>luglio</td></tr><tr><td>Milano Malpensa Airport (MXP)</td><td>EUR 118</td><td>4h 30</td><td>aprile</td></tr><tr><td>Orio al Serio International Airport (BGY)</td><td>EUR 24</td><td>6h 50</td><td>giugno</td></tr><tr><td>Milano Linate Airport (LIN)</td><td>EUR 73</td><td>4h 00</td><td>luglio</td></tr><tr><td>Naples International Airport (NAP)</td><td>EUR 168</td><td>1h 50</td><td>giugno</td></tr><tr><td>Venice Marco Polo Airport (VCE)</td><td>EUR 152</td><td>11h 10</td><td>febbraio</td></tr><tr><td>Catania-Fontanarossa Airport (CTA)</td><td>EUR 70</td><td>8h 30</td><td>aprile</td></tr><tr><td>Guglielmo Marconi Airport (BLQ)</td><td>EUR 142</td><td>11h 30</td><td>aprile</td></tr>
  </tbody>
</table>
<h2>Aeroporti italiani da cui conviene partire</h2>
<div class=""cpv-chip-list""><span class=""cpv-chip"">Leonardo da Vinci-Fiumicino Airport</span><span class=""cpv-chip"">Ciampino-G. B. Pastine International Airport</span><span class=""cpv-chip"">Milano Malpensa Airport</span><span class=""cpv-chip"">Orio al Serio International Airport</span><span class=""cpv-chip"">Milano Linate Airport</span><span class=""cpv-chip"">Naples International Airport</span></div>
<div class=""cpv-landing-grid"">
  <div class=""cpv-landing-card""><strong>City break</strong><p>Se Astrakhan e una meta urbana, le partenze del venerdi e del sabato sono spesso le piu monitorate.</p></div>
  <div class=""cpv-landing-card""><strong>Viaggi stagionali</strong><p>In alcuni periodi dell'anno le tariffe possono variare molto, soprattutto vicino ai ponti e alle festivita.</p></div>
  <div class=""cpv-landing-card""><strong>Confronto rapido</strong><p>Valuta aeroporti maggiori e secondari per capire se un piccolo spostamento porta a un risparmio concreto.</p></div>
</div>
<h2>Domande frequenti sui voli per Astrakhan</h2>
<div class=""cpv-faq"">
  <details><summary>Qual e il modo migliore per cercare voli per Astrakhan?</summary><p>Confronta piu aeroporti italiani, prova date flessibili e verifica anche partenze infrasettimanali per migliorare le possibilita di risparmio.</p></details>
  <details><summary>Meglio volo diretto o con scalo?</summary><p>Per tratte medio-brevi il diretto e spesso la scelta piu comoda, mentre su alcune rotte uno scalo puo ridurre il prezzo finale.</p></details>
  <details><summary>Quando controllare i prezzi per Astrakhan?</summary><p>Vale la pena iniziare a monitorare la rotta in anticipo e verificare con regolarita i giorni piu vicini alla partenza ideale.</p></details>
</div>","Voli per citta|Voli intercontinentali",city,ASF,/voli-per/astrakhan/,"Voli per Astrakhan (ASF): offerte e guide | ConfrontaPrezziVoli","Trova voli per Astrakhan dai principali aeroporti italiani. Tariffe indicative da EUR 109 e consigli per scegliere il periodo migliore.","voli per Astrakhan",cities,"Mese tipicamente conveniente: luglio"
post,publish,"Voli per Asturias (OVD): offerte, compagnie e periodo migliore per prenotare",voli-per-asturias-ovd,"Confronta voli per Asturias dai principali aeroporti italiani. Scopri prezzi indicativi, compagnie e consigli utili per organizzare la partenza.","<div class=""cpv-landing-note"">
  <p><strong>Perche cercare voli per Asturias qui.</strong> Questa pagina raccoglie un quadro rapido delle partenze italiane piu interessanti per Asturias, con tariffe indicative e consigli per scegliere il periodo piu vantaggioso.</p>
</div>
<div class=""cpv-stat-grid"">
  <div class=""cpv-stat""><strong>EUR 148</strong><span>Prezzo indicativo da monitorare dalle principali aree aeroportuali italiane.</span></div>
  <div class=""cpv-stat""><strong>ottobre</strong><span>Periodo spesso interessante per tenere sotto controllo la rotta.</span></div>
  <div class=""cpv-stat""><strong>9</strong><span>Aeroporti italiani prioritari da confrontare per questa destinazione.</span></div>
</div>
<h2>Offerte voli per Asturias</h2>
<p>Per trovare il miglior equilibrio tra prezzo, durata e comfort, conviene verificare piu aeroporti di partenza italiani e confrontare giorni feriali e weekend.</p>
<table>
  <thead>
    <tr><th>Partenza</th><th>Prezzo da</th><th>Durata indicativa</th><th>Mese da monitorare</th></tr>
  </thead>
  <tbody>
    <tr><td>Leonardo da Vinci-Fiumicino Airport (FCO)</td><td>EUR 88</td><td>9h 30</td><td>ottobre</td></tr><tr><td>Ciampino-G. B. Pastine International Airport (CIA)</td><td>EUR 128</td><td>2h 10</td><td>febbraio</td></tr><tr><td>Milano Malpensa Airport (MXP)</td><td>EUR 103</td><td>4h 00</td><td>gennaio</td></tr><tr><td>Orio al Serio International Airport (BGY)</td><td>EUR 117</td><td>3h 20</td><td>marzo</td></tr><tr><td>Milano Linate Airport (LIN)</td><td>EUR 140</td><td>5h 10</td><td>febbraio</td></tr><tr><td>Naples International Airport (NAP)</td><td>EUR 29</td><td>1h 40</td><td>novembre</td></tr><tr><td>Venice Marco Polo Airport (VCE)</td><td>EUR 101</td><td>11h 40</td><td>novembre</td></tr><tr><td>Catania-Fontanarossa Airport (CTA)</td><td>EUR 79</td><td>10h 00</td><td>gennaio</td></tr><tr><td>Guglielmo Marconi Airport (BLQ)</td><td>EUR 187</td><td>4h 00</td><td>gennaio</td></tr>
  </tbody>
</table>
<h2>Aeroporti italiani da cui conviene partire</h2>
<div class=""cpv-chip-list""><span class=""cpv-chip"">Leonardo da Vinci-Fiumicino Airport</span><span class=""cpv-chip"">Ciampino-G. B. Pastine International Airport</span><span class=""cpv-chip"">Milano Malpensa Airport</span><span class=""cpv-chip"">Orio al Serio International Airport</span><span class=""cpv-chip"">Milano Linate Airport</span><span class=""cpv-chip"">Naples International Airport</span></div>
<div class=""cpv-landing-grid"">
  <div class=""cpv-landing-card""><strong>City break</strong><p>Se Asturias e una meta urbana, le partenze del venerdi e del sabato sono spesso le piu monitorate.</p></div>
  <div class=""cpv-landing-card""><strong>Viaggi stagionali</strong><p>In alcuni periodi dell'anno le tariffe possono variare molto, soprattutto vicino ai ponti e alle festivita.</p></div>
  <div class=""cpv-landing-card""><strong>Confronto rapido</strong><p>Valuta aeroporti maggiori e secondari per capire se un piccolo spostamento porta a un risparmio concreto.</p></div>
</div>
<h2>Domande frequenti sui voli per Asturias</h2>
<div class=""cpv-faq"">
  <details><summary>Qual e il modo migliore per cercare voli per Asturias?</summary><p>Confronta piu aeroporti italiani, prova date flessibili e verifica anche partenze infrasettimanali per migliorare le possibilita di risparmio.</p></details>
  <details><summary>Meglio volo diretto o con scalo?</summary><p>Per tratte medio-brevi il diretto e spesso la scelta piu comoda, mentre su alcune rotte uno scalo puo ridurre il prezzo finale.</p></details>
  <details><summary>Quando controllare i prezzi per Asturias?</summary><p>Vale la pena iniziare a monitorare la rotta in anticipo e verificare con regolarita i giorni piu vicini alla partenza ideale.</p></details>
</div>","Voli per citta|Voli in Europa",city,OVD,/voli-per/asturias/,"Voli per Asturias (OVD): offerte e guide | ConfrontaPrezziVoli","Trova voli per Asturias dai principali aeroporti italiani. Tariffe indicative da EUR 148 e consigli per scegliere il periodo migliore.","voli per Asturias",cities,"Mese tipicamente conveniente: ottobre"
post,publish,"Voli per Astypalaia Island (JTY): offerte, compagnie e periodo migliore per prenotare",voli-per-astypalaia-island-jty,"Confronta voli per Astypalaia Island dai principali aeroporti italiani. Scopri prezzi indicativi, compagnie e consigli utili per organizzare la partenza.","<div class=""cpv-landing-note"">
  <p><strong>Perche cercare voli per Astypalaia Island qui.</strong> Questa pagina raccoglie un quadro rapido delle partenze italiane piu interessanti per Astypalaia Island, con tariffe indicative e consigli per scegliere il periodo piu vantaggioso.</p>
</div>
<div class=""cpv-stat-grid"">
  <div class=""cpv-stat""><strong>EUR 108</strong><span>Prezzo indicativo da monitorare dalle principali aree aeroportuali italiane.</span></div>
  <div class=""cpv-stat""><strong>giugno</strong><span>Periodo spesso interessante per tenere sotto controllo la rotta.</span></div>
  <div class=""cpv-stat""><strong>9</strong><span>Aeroporti italiani prioritari da confrontare per questa destinazione.</span></div>
</div>
<h2>Offerte voli per Astypalaia Island</h2>
<p>Per trovare il miglior equilibrio tra prezzo, durata e comfort, conviene verificare piu aeroporti di partenza italiani e confrontare giorni feriali e weekend.</p>
<table>
  <thead>
    <tr><th>Partenza</th><th>Prezzo da</th><th>Durata indicativa</th><th>Mese da monitorare</th></tr>
  </thead>
  <tbody>
    <tr><td>Leonardo da Vinci-Fiumicino Airport (FCO)</td><td>EUR 76</td><td>6h 30</td><td>ottobre</td></tr><tr><td>Ciampino-G. B. Pastine International Airport (CIA)</td><td>EUR 20</td><td>1h 10</td><td>febbraio</td></tr><tr><td>Milano Malpensa Airport (MXP)</td><td>EUR 59</td><td>11h 40</td><td>maggio</td></tr><tr><td>Orio al Serio International Airport (BGY)</td><td>EUR 109</td><td>2h 00</td><td>luglio</td></tr><tr><td>Milano Linate Airport (LIN)</td><td>EUR 108</td><td>3h 50</td><td>giugno</td></tr><tr><td>Naples International Airport (NAP)</td><td>EUR 137</td><td>10h 40</td><td>novembre</td></tr><tr><td>Venice Marco Polo Airport (VCE)</td><td>EUR 41</td><td>9h 40</td><td>novembre</td></tr><tr><td>Catania-Fontanarossa Airport (CTA)</td><td>EUR 91</td><td>8h 00</td><td>gennaio</td></tr><tr><td>Guglielmo Marconi Airport (BLQ)</td><td>EUR 99</td><td>6h 20</td><td>settembre</td></tr>
  </tbody>
</table>
<h2>Aeroporti italiani da cui conviene partire</h2>
<div class=""cpv-chip-list""><span class=""cpv-chip"">Leonardo da Vinci-Fiumicino Airport</span><span class=""cpv-chip"">Ciampino-G. B. Pastine International Airport</span><span class=""cpv-chip"">Milano Malpensa Airport</span><span class=""cpv-chip"">Orio al Serio International Airport</span><span class=""cpv-chip"">Milano Linate Airport</span><span class=""cpv-chip"">Naples International Airport</span></div>
<div class=""cpv-landing-grid"">
  <div class=""cpv-landing-card""><strong>City break</strong><p>Se Astypalaia Island e una meta urbana, le partenze del venerdi e del sabato sono spesso le piu monitorate.</p></div>
  <div class=""cpv-landing-card""><strong>Viaggi stagionali</strong><p>In alcuni periodi dell'anno le tariffe possono variare molto, soprattutto vicino ai ponti e alle festivita.</p></div>
  <div class=""cpv-landing-card""><strong>Confronto rapido</strong><p>Valuta aeroporti maggiori e secondari per capire se un piccolo spostamento porta a un risparmio concreto.</p></div>
</div>
<h2>Domande frequenti sui voli per Astypalaia Island</h2>
<div class=""cpv-faq"">
  <details><summary>Qual e il modo migliore per cercare voli per Astypalaia Island?</summary><p>Confronta piu aeroporti italiani, prova date flessibili e verifica anche partenze infrasettimanali per migliorare le possibilita di risparmio.</p></details>
  <details><summary>Meglio volo diretto o con scalo?</summary><p>Per tratte medio-brevi il diretto e spesso la scelta piu comoda, mentre su alcune rotte uno scalo puo ridurre il prezzo finale.</p></details>
  <details><summary>Quando controllare i prezzi per Astypalaia Island?</summary><p>Vale la pena iniziare a monitorare la rotta in anticipo e verificare con regolarita i giorni piu vicini alla partenza ideale.</p></details>
</div>","Voli per citta|Voli in Europa",city,JTY,/voli-per/astypalaia-island/,"Voli per Astypalaia Island (JTY): offerte e guide | ConfrontaPrezziVoli","Trova voli per Astypalaia Island dai principali aeroporti italiani. Tariffe indicative da EUR 108 e consigli per scegliere il periodo migliore.","voli per Astypalaia Island",cities,"Mese tipicamente conveniente: giugno"
post,publish,"Voli per Asuncion (ASU): offerte, compagnie e periodo migliore per prenotare",voli-per-asuncion-asu,"Confronta voli per Asuncion dai principali aeroporti italiani. Scopri prezzi indicativi, compagnie e consigli utili per organizzare la partenza.","<div class=""cpv-landing-note"">
  <p><strong>Perche cercare voli per Asuncion qui.</strong> Questa pagina raccoglie un quadro rapido delle partenze italiane piu interessanti per Asuncion, con tariffe indicative e consigli per scegliere il periodo piu vantaggioso.</p>
</div>
<div class=""cpv-stat-grid"">
  <div class=""cpv-stat""><strong>EUR 59</strong><span>Prezzo indicativo da monitorare dalle principali aree aeroportuali italiane.</span></div>
  <div class=""cpv-stat""><strong>maggio</strong><span>Periodo spesso interessante per tenere sotto controllo la rotta.</span></div>
  <div class=""cpv-stat""><strong>9</strong><span>Aeroporti italiani prioritari da confrontare per questa destinazione.</span></div>
</div>
<h2>Offerte voli per Asuncion</h2>
<p>Per trovare il miglior equilibrio tra prezzo, durata e comfort, conviene verificare piu aeroporti di partenza italiani e confrontare giorni feriali e weekend.</p>
<table>
  <thead>
    <tr><th>Partenza</th><th>Prezzo da</th><th>Durata indicativa</th><th>Mese da monitorare</th></tr>
  </thead>
  <tbody>
    <tr><td>Leonardo da Vinci-Fiumicino Airport (FCO)</td><td>EUR 119</td><td>1h 40</td><td>maggio</td></tr><tr><td>Ciampino-G. B. Pastine International Airport (CIA)</td><td>EUR 191</td><td>7h 40</td><td>maggio</td></tr><tr><td>Milano Malpensa Airport (MXP)</td><td>EUR 24</td><td>4h 50</td><td>giugno</td></tr><tr><td>Orio al Serio International Airport (BGY)</td><td>EUR 42</td><td>11h 50</td><td>dicembre</td></tr><tr><td>Milano Linate Airport (LIN)</td><td>EUR 179</td><td>4h 40</td><td>maggio</td></tr><tr><td>Naples International Airport (NAP)</td><td>EUR 106</td><td>3h 30</td><td>aprile</td></tr><tr><td>Venice Marco Polo Airport (VCE)</td><td>EUR 122</td><td>10h 10</td><td>agosto</td></tr><tr><td>Catania-Fontanarossa Airport (CTA)</td><td>EUR 156</td><td>7h 50</td><td>giugno</td></tr><tr><td>Guglielmo Marconi Airport (BLQ)</td><td>EUR 64</td><td>9h 30</td><td>ottobre</td></tr>
  </tbody>
</table>
<h2>Aeroporti italiani da cui conviene partire</h2>
<div class=""cpv-chip-list""><span class=""cpv-chip"">Leonardo da Vinci-Fiumicino Airport</span><span class=""cpv-chip"">Ciampino-G. B. Pastine International Airport</span><span class=""cpv-chip"">Milano Malpensa Airport</span><span class=""cpv-chip"">Orio al Serio International Airport</span><span class=""cpv-chip"">Milano Linate Airport</span><span class=""cpv-chip"">Naples International Airport</span></div>
<div class=""cpv-landing-grid"">
  <div class=""cpv-landing-card""><strong>City break</strong><p>Se Asuncion e una meta urbana, le partenze del venerdi e del sabato sono spesso le piu monitorate.</p></div>
  <div class=""cpv-landing-card""><strong>Viaggi stagionali</strong><p>In alcuni periodi dell'anno le tariffe possono variare molto, soprattutto vicino ai ponti e alle festivita.</p></div>
  <div class=""cpv-landing-card""><strong>Confronto rapido</strong><p>Valuta aeroporti maggiori e secondari per capire se un piccolo spostamento porta a un risparmio concreto.</p></div>
</div>
<h2>Domande frequenti sui voli per Asuncion</h2>
<div class=""cpv-faq"">
  <details><summary>Qual e il modo migliore per cercare voli per Asuncion?</summary><p>Confronta piu aeroporti italiani, prova date flessibili e verifica anche partenze infrasettimanali per migliorare le possibilita di risparmio.</p></details>
  <details><summary>Meglio volo diretto o con scalo?</summary><p>Per tratte medio-brevi il diretto e spesso la scelta piu comoda, mentre su alcune rotte uno scalo puo ridurre il prezzo finale.</p></details>
  <details><summary>Quando controllare i prezzi per Asuncion?</summary><p>Vale la pena iniziare a monitorare la rotta in anticipo e verificare con regolarita i giorni piu vicini alla partenza ideale.</p></details>
</div>","Voli per citta|Voli intercontinentali",city,ASU,/voli-per/asuncion/,"Voli per Asuncion (ASU): offerte e guide | ConfrontaPrezziVoli","Trova voli per Asuncion dai principali aeroporti italiani. Tariffe indicative da EUR 59 e consigli per scegliere il periodo migliore.","voli per Asuncion",cities,"Mese tipicamente conveniente: maggio"
post,publish,"Voli per Aswan (ASW): offerte, compagnie e periodo migliore per prenotare",voli-per-aswan-asw,"Confronta voli per Aswan dai principali aeroporti italiani. Scopri prezzi indicativi, compagnie e consigli utili per organizzare la partenza.","<div class=""cpv-landing-note"">
  <p><strong>Perche cercare voli per Aswan qui.</strong> Questa pagina raccoglie un quadro rapido delle partenze italiane piu interessanti per Aswan, con tariffe indicative e consigli per scegliere il periodo piu vantaggioso.</p>
</div>
<div class=""cpv-stat-grid"">
  <div class=""cpv-stat""><strong>EUR 155</strong><span>Prezzo indicativo da monitorare dalle principali aree aeroportuali italiane.</span></div>
  <div class=""cpv-stat""><strong>maggio</strong><span>Periodo spesso interessante per tenere sotto controllo la rotta.</span></div>
  <div class=""cpv-stat""><strong>9</strong><span>Aeroporti italiani prioritari da confrontare per questa destinazione.</span></div>
</div>
<h2>Offerte voli per Aswan</h2>
<p>Per trovare il miglior equilibrio tra prezzo, durata e comfort, conviene verificare piu aeroporti di partenza italiani e confrontare giorni feriali e weekend.</p>
<table>
  <thead>
    <tr><th>Partenza</th><th>Prezzo da</th><th>Durata indicativa</th><th>Mese da monitorare</th></tr>
  </thead>
  <tbody>
    <tr><td>Leonardo da Vinci-Fiumicino Airport (FCO)</td><td>EUR 195</td><td>3h 20</td><td>settembre</td></tr><tr><td>Ciampino-G. B. Pastine International Airport (CIA)</td><td>EUR 167</td><td>6h 40</td><td>maggio</td></tr><tr><td>Milano Malpensa Airport (MXP)</td><td>EUR 68</td><td>7h 10</td><td>febbraio</td></tr><tr><td>Orio al Serio International Airport (BGY)</td><td>EUR 150</td><td>4h 50</td><td>dicembre</td></tr><tr><td>Milano Linate Airport (LIN)</td><td>EUR 23</td><td>8h 40</td><td>maggio</td></tr><tr><td>Naples International Airport (NAP)</td><td>EUR 22</td><td>10h 30</td><td>aprile</td></tr><tr><td>Venice Marco Polo Airport (VCE)</td><td>EUR 78</td><td>4h 50</td><td>dicembre</td></tr><tr><td>Catania-Fontanarossa Airport (CTA)</td><td>EUR 176</td><td>6h 10</td><td>febbraio</td></tr><tr><td>Guglielmo Marconi Airport (BLQ)</td><td>EUR 100</td><td>2h 30</td><td>ottobre</td></tr>
  </tbody>
</table>
<h2>Aeroporti italiani da cui conviene partire</h2>
<div class=""cpv-chip-list""><span class=""cpv-chip"">Leonardo da Vinci-Fiumicino Airport</span><span class=""cpv-chip"">Ciampino-G. B. Pastine International Airport</span><span class=""cpv-chip"">Milano Malpensa Airport</span><span class=""cpv-chip"">Orio al Serio International Airport</span><span class=""cpv-chip"">Milano Linate Airport</span><span class=""cpv-chip"">Naples International Airport</span></div>
<div class=""cpv-landing-grid"">
  <div class=""cpv-landing-card""><strong>City break</strong><p>Se Aswan e una meta urbana, le partenze del venerdi e del sabato sono spesso le piu monitorate.</p></div>
  <div class=""cpv-landing-card""><strong>Viaggi stagionali</strong><p>In alcuni periodi dell'anno le tariffe possono variare molto, soprattutto vicino ai ponti e alle festivita.</p></div>
  <div class=""cpv-landing-card""><strong>Confronto rapido</strong><p>Valuta aeroporti maggiori e secondari per capire se un piccolo spostamento porta a un risparmio concreto.</p></div>
</div>
<h2>Domande frequenti sui voli per Aswan</h2>
<div class=""cpv-faq"">
  <details><summary>Qual e il modo migliore per cercare voli per Aswan?</summary><p>Confronta piu aeroporti italiani, prova date flessibili e verifica anche partenze infrasettimanali per migliorare le possibilita di risparmio.</p></details>
  <details><summary>Meglio volo diretto o con scalo?</summary><p>Per tratte medio-brevi il diretto e spesso la scelta piu comoda, mentre su alcune rotte uno scalo puo ridurre il prezzo finale.</p></details>
  <details><summary>Quando controllare i prezzi per Aswan?</summary><p>Vale la pena iniziare a monitorare la rotta in anticipo e verificare con regolarita i giorni piu vicini alla partenza ideale.</p></details>
</div>","Voli per citta|Voli intercontinentali",city,ASW,/voli-per/aswan/,"Voli per Aswan (ASW): offerte e guide | ConfrontaPrezziVoli","Trova voli per Aswan dai principali aeroporti italiani. Tariffe indicative da EUR 155 e consigli per scegliere il periodo migliore.","voli per Aswan",cities,"Mese tipicamente conveniente: maggio"
post,publish,"Voli per Atambua (ABU): offerte, compagnie e periodo migliore per prenotare",voli-per-atambua-abu,"Confronta voli per Atambua dai principali aeroporti italiani. Scopri prezzi indicativi, compagnie e consigli utili per organizzare la partenza.","<div class=""cpv-landing-note"">
  <p><strong>Perche cercare voli per Atambua qui.</strong> Questa pagina raccoglie un quadro rapido delle partenze italiane piu interessanti per Atambua, con tariffe indicative e consigli per scegliere il periodo piu vantaggioso.</p>
</div>
<div class=""cpv-stat-grid"">
  <div class=""cpv-stat""><strong>EUR 175</strong><span>Prezzo indicativo da monitorare dalle principali aree aeroportuali italiane.</span></div>
  <div class=""cpv-stat""><strong>gennaio</strong><span>Periodo spesso interessante per tenere sotto controllo la rotta.</span></div>
  <div class=""cpv-stat""><strong>9</strong><span>Aeroporti italiani prioritari da confrontare per questa destinazione.</span></div>
</div>
<h2>Offerte voli per Atambua</h2>
<p>Per trovare il miglior equilibrio tra prezzo, durata e comfort, conviene verificare piu aeroporti di partenza italiani e confrontare giorni feriali e weekend.</p>
<table>
  <thead>
    <tr><th>Partenza</th><th>Prezzo da</th><th>Durata indicativa</th><th>Mese da monitorare</th></tr>
  </thead>
  <tbody>
    <tr><td>Leonardo da Vinci-Fiumicino Airport (FCO)</td><td>EUR 51</td><td>8h 20</td><td>settembre</td></tr><tr><td>Ciampino-G. B. Pastine International Airport (CIA)</td><td>EUR 139</td><td>6h 00</td><td>gennaio</td></tr><tr><td>Milano Malpensa Airport (MXP)</td><td>EUR 160</td><td>11h 30</td><td>ottobre</td></tr><tr><td>Orio al Serio International Airport (BGY)</td><td>EUR 190</td><td>9h 30</td><td>aprile</td></tr><tr><td>Milano Linate Airport (LIN)</td><td>EUR 23</td><td>11h 40</td><td>maggio</td></tr><tr><td>Naples International Airport (NAP)</td><td>EUR 30</td><td>2h 50</td><td>dicembre</td></tr><tr><td>Venice Marco Polo Airport (VCE)</td><td>EUR 150</td><td>11h 50</td><td>dicembre</td></tr><tr><td>Catania-Fontanarossa Airport (CTA)</td><td>EUR 192</td><td>1h 50</td><td>giugno</td></tr><tr><td>Guglielmo Marconi Airport (BLQ)</td><td>EUR 164</td><td>4h 10</td><td>febbraio</td></tr>
  </tbody>
</table>
<h2>Aeroporti italiani da cui conviene partire</h2>
<div class=""cpv-chip-list""><span class=""cpv-chip"">Leonardo da Vinci-Fiumicino Airport</span><span class=""cpv-chip"">Ciampino-G. B. Pastine International Airport</span><span class=""cpv-chip"">Milano Malpensa Airport</span><span class=""cpv-chip"">Orio al Serio International Airport</span><span class=""cpv-chip"">Milano Linate Airport</span><span class=""cpv-chip"">Naples International Airport</span></div>
<div class=""cpv-landing-grid"">
  <div class=""cpv-landing-card""><strong>City break</strong><p>Se Atambua e una meta urbana, le partenze del venerdi e del sabato sono spesso le piu monitorate.</p></div>
  <div class=""cpv-landing-card""><strong>Viaggi stagionali</strong><p>In alcuni periodi dell'anno le tariffe possono variare molto, soprattutto vicino ai ponti e alle festivita.</p></div>
  <div class=""cpv-landing-card""><strong>Confronto rapido</strong><p>Valuta aeroporti maggiori e secondari per capire se un piccolo spostamento porta a un risparmio concreto.</p></div>
</div>
<h2>Domande frequenti sui voli per Atambua</h2>
<div class=""cpv-faq"">
  <details><summary>Qual e il modo migliore per cercare voli per Atambua?</summary><p>Confronta piu aeroporti italiani, prova date flessibili e verifica anche partenze infrasettimanali per migliorare le possibilita di risparmio.</p></details>
  <details><summary>Meglio volo diretto o con scalo?</summary><p>Per tratte medio-brevi il diretto e spesso la scelta piu comoda, mentre su alcune rotte uno scalo puo ridurre il prezzo finale.</p></details>
  <details><summary>Quando controllare i prezzi per Atambua?</summary><p>Vale la pena iniziare a monitorare la rotta in anticipo e verificare con regolarita i giorni piu vicini alla partenza ideale.</p></details>
</div>","Voli per citta|Voli intercontinentali",city,ABU,/voli-per/atambua/,"Voli per Atambua (ABU): offerte e guide | ConfrontaPrezziVoli","Trova voli per Atambua dai principali aeroporti italiani. Tariffe indicative da EUR 175 e consigli per scegliere il periodo migliore.","voli per Atambua",cities,"Mese tipicamente conveniente: gennaio"
post,publish,"Voli per Athens (ATH): offerte, compagnie e periodo migliore per prenotare",voli-per-athens-ath,"Confronta voli per Athens dai principali aeroporti italiani. Scopri prezzi indicativi, compagnie e consigli utili per organizzare la partenza.","<div class=""cpv-landing-note"">
  <p><strong>Perche cercare voli per Athens qui.</strong> Questa pagina raccoglie un quadro rapido delle partenze italiane piu interessanti per Athens, con tariffe indicative e consigli per scegliere il periodo piu vantaggioso.</p>
</div>
<div class=""cpv-stat-grid"">
  <div class=""cpv-stat""><strong>EUR 133</strong><span>Prezzo indicativo da monitorare dalle principali aree aeroportuali italiane.</span></div>
  <div class=""cpv-stat""><strong>luglio</strong><span>Periodo spesso interessante per tenere sotto controllo la rotta.</span></div>
  <div class=""cpv-stat""><strong>9</strong><span>Aeroporti italiani prioritari da confrontare per questa destinazione.</span></div>
</div>
<h2>Offerte voli per Athens</h2>
<p>Per trovare il miglior equilibrio tra prezzo, durata e comfort, conviene verificare piu aeroporti di partenza italiani e confrontare giorni feriali e weekend.</p>
<table>
  <thead>
    <tr><th>Partenza</th><th>Prezzo da</th><th>Durata indicativa</th><th>Mese da monitorare</th></tr>
  </thead>
  <tbody>
    <tr><td>Leonardo da Vinci-Fiumicino Airport (FCO)</td><td>EUR 89</td><td>5h 40</td><td>novembre</td></tr><tr><td>Ciampino-G. B. Pastine International Airport (CIA)</td><td>EUR 173</td><td>3h 40</td><td>novembre</td></tr><tr><td>Milano Malpensa Airport (MXP)</td><td>EUR 142</td><td>9h 30</td><td>aprile</td></tr><tr><td>Orio al Serio International Airport (BGY)</td><td>EUR 116</td><td>2h 10</td><td>febbraio</td></tr><tr><td>Milano Linate Airport (LIN)</td><td>EUR 145</td><td>2h 00</td><td>luglio</td></tr><tr><td>Naples International Airport (NAP)</td><td>EUR 52</td><td>3h 30</td><td>ottobre</td></tr><tr><td>Venice Marco Polo Airport (VCE)</td><td>EUR 104</td><td>8h 10</td><td>febbraio</td></tr><tr><td>Catania-Fontanarossa Airport (CTA)</td><td>EUR 30</td><td>2h 50</td><td>dicembre</td></tr><tr><td>Guglielmo Marconi Airport (BLQ)</td><td>EUR 178</td><td>5h 30</td><td>aprile</td></tr>
  </tbody>
</table>
<h2>Aeroporti italiani da cui conviene partire</h2>
<div class=""cpv-chip-list""><span class=""cpv-chip"">Leonardo da Vinci-Fiumicino Airport</span><span class=""cpv-chip"">Ciampino-G. B. Pastine International Airport</span><span class=""cpv-chip"">Milano Malpensa Airport</span><span class=""cpv-chip"">Orio al Serio International Airport</span><span class=""cpv-chip"">Milano Linate Airport</span><span class=""cpv-chip"">Naples International Airport</span></div>
<div class=""cpv-landing-grid"">
  <div class=""cpv-landing-card""><strong>City break</strong><p>Se Athens e una meta urbana, le partenze del venerdi e del sabato sono spesso le piu monitorate.</p></div>
  <div class=""cpv-landing-card""><strong>Viaggi stagionali</strong><p>In alcuni periodi dell'anno le tariffe possono variare molto, soprattutto vicino ai ponti e alle festivita.</p></div>
  <div class=""cpv-landing-card""><strong>Confronto rapido</strong><p>Valuta aeroporti maggiori e secondari per capire se un piccolo spostamento porta a un risparmio concreto.</p></div>
</div>
<h2>Domande frequenti sui voli per Athens</h2>
<div class=""cpv-faq"">
  <details><summary>Qual e il modo migliore per cercare voli per Athens?</summary><p>Confronta piu aeroporti italiani, prova date flessibili e verifica anche partenze infrasettimanali per migliorare le possibilita di risparmio.</p></details>
  <details><summary>Meglio volo diretto o con scalo?</summary><p>Per tratte medio-brevi il diretto e spesso la scelta piu comoda, mentre su alcune rotte uno scalo puo ridurre il prezzo finale.</p></details>
  <details><summary>Quando controllare i prezzi per Athens?</summary><p>Vale la pena iniziare a monitorare la rotta in anticipo e verificare con regolarita i giorni piu vicini alla partenza ideale.</p></details>
</div>","Voli per citta|Voli in Europa",city,ATH,/voli-per/athens/,"Voli per Athens (ATH): offerte e guide | ConfrontaPrezziVoli","Trova voli per Athens dai principali aeroporti italiani. Tariffe indicative da EUR 133 e consigli per scegliere il periodo migliore.","voli per Athens",cities,"Mese tipicamente conveniente: luglio"
post,publish,"Voli per Atlanta (ATL): offerte, compagnie e periodo migliore per prenotare",voli-per-atlanta-atl,"Confronta voli per Atlanta dai principali aeroporti italiani. Scopri prezzi indicativi, compagnie e consigli utili per organizzare la partenza.","<div class=""cpv-landing-note"">
  <p><strong>Perche cercare voli per Atlanta qui.</strong> Questa pagina raccoglie un quadro rapido delle partenze italiane piu interessanti per Atlanta, con tariffe indicative e consigli per scegliere il periodo piu vantaggioso.</p>
</div>
<div class=""cpv-stat-grid"">
  <div class=""cpv-stat""><strong>EUR 162</strong><span>Prezzo indicativo da monitorare dalle principali aree aeroportuali italiane.</span></div>
  <div class=""cpv-stat""><strong>dicembre</strong><span>Periodo spesso interessante per tenere sotto controllo la rotta.</span></div>
  <div class=""cpv-stat""><strong>9</strong><span>Aeroporti italiani prioritari da confrontare per questa destinazione.</span></div>
</div>
<h2>Offerte voli per Atlanta</h2>
<p>Per trovare il miglior equilibrio tra prezzo, durata e comfort, conviene verificare piu aeroporti di partenza italiani e confrontare giorni feriali e weekend.</p>
<table>
  <thead>
    <tr><th>Partenza</th><th>Prezzo da</th><th>Durata indicativa</th><th>Mese da monitorare</th></tr>
  </thead>
  <tbody>
    <tr><td>Leonardo da Vinci-Fiumicino Airport (FCO)</td><td>EUR 130</td><td>5h 30</td><td>aprile</td></tr><tr><td>Ciampino-G. B. Pastine International Airport (CIA)</td><td>EUR 190</td><td>9h 30</td><td>aprile</td></tr><tr><td>Milano Malpensa Airport (MXP)</td><td>EUR 189</td><td>7h 20</td><td>marzo</td></tr><tr><td>Orio al Serio International Airport (BGY)</td><td>EUR 55</td><td>9h 00</td><td>gennaio</td></tr><tr><td>Milano Linate Airport (LIN)</td><td>EUR 122</td><td>11h 10</td><td>agosto</td></tr><tr><td>Naples International Airport (NAP)</td><td>EUR 87</td><td>6h 20</td><td>settembre</td></tr><tr><td>Venice Marco Polo Airport (VCE)</td><td>EUR 123</td><td>2h 20</td><td>settembre</td></tr><tr><td>Catania-Fontanarossa Airport (CTA)</td><td>EUR 101</td><td>3h 40</td><td>novembre</td></tr><tr><td>Guglielmo Marconi Airport (BLQ)</td><td>EUR 93</td><td>3h 20</td><td>marzo</td></tr>
  </tbody>
</table>
<h2>Aeroporti italiani da cui conviene partire</h2>
<div class=""cpv-chip-list""><span class=""cpv-chip"">Leonardo da Vinci-Fiumicino Airport</span><span class=""cpv-chip"">Ciampino-G. B. Pastine International Airport</span><span class=""cpv-chip"">Milano Malpensa Airport</span><span class=""cpv-chip"">Orio al Serio International Airport</span><span class=""cpv-chip"">Milano Linate Airport</span><span class=""cpv-chip"">Naples International Airport</span></div>
<div class=""cpv-landing-grid"">
  <div class=""cpv-landing-card""><strong>City break</strong><p>Se Atlanta e una meta urbana, le partenze del venerdi e del sabato sono spesso le piu monitorate.</p></div>
  <div class=""cpv-landing-card""><strong>Viaggi stagionali</strong><p>In alcuni periodi dell'anno le tariffe possono variare molto, soprattutto vicino ai ponti e alle festivita.</p></div>
  <div class=""cpv-landing-card""><strong>Confronto rapido</strong><p>Valuta aeroporti maggiori e secondari per capire se un piccolo spostamento porta a un risparmio concreto.</p></div>
</div>
<h2>Domande frequenti sui voli per Atlanta</h2>
<div class=""cpv-faq"">
  <details><summary>Qual e il modo migliore per cercare voli per Atlanta?</summary><p>Confronta piu aeroporti italiani, prova date flessibili e verifica anche partenze infrasettimanali per migliorare le possibilita di risparmio.</p></details>
  <details><summary>Meglio volo diretto o con scalo?</summary><p>Per tratte medio-brevi il diretto e spesso la scelta piu comoda, mentre su alcune rotte uno scalo puo ridurre il prezzo finale.</p></details>
  <details><summary>Quando controllare i prezzi per Atlanta?</summary><p>Vale la pena iniziare a monitorare la rotta in anticipo e verificare con regolarita i giorni piu vicini alla partenza ideale.</p></details>
</div>","Voli per citta|Voli intercontinentali",city,ATL,/voli-per/atlanta/,"Voli per Atlanta (ATL): offerte e guide | ConfrontaPrezziVoli","Trova voli per Atlanta dai principali aeroporti italiani. Tariffe indicative da EUR 162 e consigli per scegliere il periodo migliore.","voli per Atlanta",cities,"Mese tipicamente conveniente: dicembre"
post,publish,"Voli per Atlantic City (AIY): offerte, compagnie e periodo migliore per prenotare",voli-per-atlantic-city-aiy,"Confronta voli per Atlantic City dai principali aeroporti italiani. Scopri prezzi indicativi, compagnie e consigli utili per organizzare la partenza.","<div class=""cpv-landing-note"">
  <p><strong>Perche cercare voli per Atlantic City qui.</strong> Questa pagina raccoglie un quadro rapido delle partenze italiane piu interessanti per Atlantic City, con tariffe indicative e consigli per scegliere il periodo piu vantaggioso.</p>
</div>
<div class=""cpv-stat-grid"">
  <div class=""cpv-stat""><strong>EUR 103</strong><span>Prezzo indicativo da monitorare dalle principali aree aeroportuali italiane.</span></div>
  <div class=""cpv-stat""><strong>gennaio</strong><span>Periodo spesso interessante per tenere sotto controllo la rotta.</span></div>
  <div class=""cpv-stat""><strong>9</strong><span>Aeroporti italiani prioritari da confrontare per questa destinazione.</span></div>
</div>
<h2>Offerte voli per Atlantic City</h2>
<p>Per trovare il miglior equilibrio tra prezzo, durata e comfort, conviene verificare piu aeroporti di partenza italiani e confrontare giorni feriali e weekend.</p>
<table>
  <thead>
    <tr><th>Partenza</th><th>Prezzo da</th><th>Durata indicativa</th><th>Mese da monitorare</th></tr>
  </thead>
  <tbody>
    <tr><td>Leonardo da Vinci-Fiumicino Airport (FCO)</td><td>EUR 39</td><td>7h 20</td><td>settembre</td></tr><tr><td>Ciampino-G. B. Pastine International Airport (CIA)</td><td>EUR 87</td><td>7h 20</td><td>settembre</td></tr><tr><td>Milano Malpensa Airport (MXP)</td><td>EUR 28</td><td>5h 30</td><td>ottobre</td></tr><tr><td>Orio al Serio International Airport (BGY)</td><td>EUR 74</td><td>2h 10</td><td>agosto</td></tr><tr><td>Milano Linate Airport (LIN)</td><td>EUR 123</td><td>4h 20</td><td>settembre</td></tr><tr><td>Naples International Airport (NAP)</td><td>EUR 178</td><td>9h 30</td><td>aprile</td></tr><tr><td>Venice Marco Polo Airport (VCE)</td><td>EUR 150</td><td>2h 50</td><td>dicembre</td></tr><tr><td>Catania-Fontanarossa Airport (CTA)</td><td>EUR 168</td><td>9h 50</td><td>giugno</td></tr><tr><td>Guglielmo Marconi Airport (BLQ)</td><td>EUR 124</td><td>3h 30</td><td>ottobre</td></tr>
  </tbody>
</table>
<h2>Aeroporti italiani da cui conviene partire</h2>
<div class=""cpv-chip-list""><span class=""cpv-chip"">Leonardo da Vinci-Fiumicino Airport</span><span class=""cpv-chip"">Ciampino-G. B. Pastine International Airport</span><span class=""cpv-chip"">Milano Malpensa Airport</span><span class=""cpv-chip"">Orio al Serio International Airport</span><span class=""cpv-chip"">Milano Linate Airport</span><span class=""cpv-chip"">Naples International Airport</span></div>
<div class=""cpv-landing-grid"">
  <div class=""cpv-landing-card""><strong>City break</strong><p>Se Atlantic City e una meta urbana, le partenze del venerdi e del sabato sono spesso le piu monitorate.</p></div>
  <div class=""cpv-landing-card""><strong>Viaggi stagionali</strong><p>In alcuni periodi dell'anno le tariffe possono variare molto, soprattutto vicino ai ponti e alle festivita.</p></div>
  <div class=""cpv-landing-card""><strong>Confronto rapido</strong><p>Valuta aeroporti maggiori e secondari per capire se un piccolo spostamento porta a un risparmio concreto.</p></div>
</div>
<h2>Domande frequenti sui voli per Atlantic City</h2>
<div class=""cpv-faq"">
  <details><summary>Qual e il modo migliore per cercare voli per Atlantic City?</summary><p>Confronta piu aeroporti italiani, prova date flessibili e verifica anche partenze infrasettimanali per migliorare le possibilita di risparmio.</p></details>
  <details><summary>Meglio volo diretto o con scalo?</summary><p>Per tratte medio-brevi il diretto e spesso la scelta piu comoda, mentre su alcune rotte uno scalo puo ridurre il prezzo finale.</p></details>
  <details><summary>Quando controllare i prezzi per Atlantic City?</summary><p>Vale la pena iniziare a monitorare la rotta in anticipo e verificare con regolarita i giorni piu vicini alla partenza ideale.</p></details>
</div>","Voli per citta|Voli intercontinentali",city,AIY,/voli-per/atlantic-city/,"Voli per Atlantic City (AIY): offerte e guide | ConfrontaPrezziVoli","Trova voli per Atlantic City dai principali aeroporti italiani. Tariffe indicative da EUR 103 e consigli per scegliere il periodo migliore.","voli per Atlantic City",cities,"Mese tipicamente conveniente: gennaio"
post,publish,"Voli per Atmautluak (ATT): offerte, compagnie e periodo migliore per prenotare",voli-per-atmautluak-att,"Confronta voli per Atmautluak dai principali aeroporti italiani. Scopri prezzi indicativi, compagnie e consigli utili per organizzare la partenza.","<div class=""cpv-landing-note"">
  <p><strong>Perche cercare voli per Atmautluak qui.</strong> Questa pagina raccoglie un quadro rapido delle partenze italiane piu interessanti per Atmautluak, con tariffe indicative e consigli per scegliere il periodo piu vantaggioso.</p>
</div>
<div class=""cpv-stat-grid"">
  <div class=""cpv-stat""><strong>EUR 60</strong><span>Prezzo indicativo da monitorare dalle principali aree aeroportuali italiane.</span></div>
  <div class=""cpv-stat""><strong>giugno</strong><span>Periodo spesso interessante per tenere sotto controllo la rotta.</span></div>
  <div class=""cpv-stat""><strong>9</strong><span>Aeroporti italiani prioritari da confrontare per questa destinazione.</span></div>
</div>
<h2>Offerte voli per Atmautluak</h2>
<p>Per trovare il miglior equilibrio tra prezzo, durata e comfort, conviene verificare piu aeroporti di partenza italiani e confrontare giorni feriali e weekend.</p>
<table>
  <thead>
    <tr><th>Partenza</th><th>Prezzo da</th><th>Durata indicativa</th><th>Mese da monitorare</th></tr>
  </thead>
  <tbody>
    <tr><td>Leonardo da Vinci-Fiumicino Airport (FCO)</td><td>EUR 124</td><td>11h 30</td><td>ottobre</td></tr><tr><td>Ciampino-G. B. Pastine International Airport (CIA)</td><td>EUR 80</td><td>3h 10</td><td>febbraio</td></tr><tr><td>Milano Malpensa Airport (MXP)</td><td>EUR 55</td><td>7h 00</td><td>gennaio</td></tr><tr><td>Orio al Serio International Airport (BGY)</td><td>EUR 77</td><td>11h 40</td><td>novembre</td></tr><tr><td>Milano Linate Airport (LIN)</td><td>EUR 132</td><td>6h 50</td><td>giugno</td></tr><tr><td>Naples International Airport (NAP)</td><td>EUR 157</td><td>4h 00</td><td>luglio</td></tr><tr><td>Venice Marco Polo Airport (VCE)</td><td>EUR 169</td><td>1h 00</td><td>luglio</td></tr><tr><td>Catania-Fontanarossa Airport (CTA)</td><td>EUR 119</td><td>3h 40</td><td>maggio</td></tr><tr><td>Guglielmo Marconi Airport (BLQ)</td><td>EUR 27</td><td>1h 20</td><td>settembre</td></tr>
  </tbody>
</table>
<h2>Aeroporti italiani da cui conviene partire</h2>
<div class=""cpv-chip-list""><span class=""cpv-chip"">Leonardo da Vinci-Fiumicino Airport</span><span class=""cpv-chip"">Ciampino-G. B. Pastine International Airport</span><span class=""cpv-chip"">Milano Malpensa Airport</span><span class=""cpv-chip"">Orio al Serio International Airport</span><span class=""cpv-chip"">Milano Linate Airport</span><span class=""cpv-chip"">Naples International Airport</span></div>
<div class=""cpv-landing-grid"">
  <div class=""cpv-landing-card""><strong>City break</strong><p>Se Atmautluak e una meta urbana, le partenze del venerdi e del sabato sono spesso le piu monitorate.</p></div>
  <div class=""cpv-landing-card""><strong>Viaggi stagionali</strong><p>In alcuni periodi dell'anno le tariffe possono variare molto, soprattutto vicino ai ponti e alle festivita.</p></div>
  <div class=""cpv-landing-card""><strong>Confronto rapido</strong><p>Valuta aeroporti maggiori e secondari per capire se un piccolo spostamento porta a un risparmio concreto.</p></div>
</div>
<h2>Domande frequenti sui voli per Atmautluak</h2>
<div class=""cpv-faq"">
  <details><summary>Qual e il modo migliore per cercare voli per Atmautluak?</summary><p>Confronta piu aeroporti italiani, prova date flessibili e verifica anche partenze infrasettimanali per migliorare le possibilita di risparmio.</p></details>
  <details><summary>Meglio volo diretto o con scalo?</summary><p>Per tratte medio-brevi il diretto e spesso la scelta piu comoda, mentre su alcune rotte uno scalo puo ridurre il prezzo finale.</p></details>
  <details><summary>Quando controllare i prezzi per Atmautluak?</summary><p>Vale la pena iniziare a monitorare la rotta in anticipo e verificare con regolarita i giorni piu vicini alla partenza ideale.</p></details>
</div>","Voli per citta|Voli intercontinentali",city,ATT,/voli-per/atmautluak/,"Voli per Atmautluak (ATT): offerte e guide | ConfrontaPrezziVoli","Trova voli per Atmautluak dai principali aeroporti italiani. Tariffe indicative da EUR 60 e consigli per scegliere il periodo migliore.","voli per Atmautluak",cities,"Mese tipicamente conveniente: giugno"
post,publish,"Voli per Atqasuk (ATK): offerte, compagnie e periodo migliore per prenotare",voli-per-atqasuk-atk,"Confronta voli per Atqasuk dai principali aeroporti italiani. Scopri prezzi indicativi, compagnie e consigli utili per organizzare la partenza.","<div class=""cpv-landing-note"">
  <p><strong>Perche cercare voli per Atqasuk qui.</strong> Questa pagina raccoglie un quadro rapido delle partenze italiane piu interessanti per Atqasuk, con tariffe indicative e consigli per scegliere il periodo piu vantaggioso.</p>
</div>
<div class=""cpv-stat-grid"">
  <div class=""cpv-stat""><strong>EUR 91</strong><span>Prezzo indicativo da monitorare dalle principali aree aeroportuali italiane.</span></div>
  <div class=""cpv-stat""><strong>gennaio</strong><span>Periodo spesso interessante per tenere sotto controllo la rotta.</span></div>
  <div class=""cpv-stat""><strong>9</strong><span>Aeroporti italiani prioritari da confrontare per questa destinazione.</span></div>
</div>
<h2>Offerte voli per Atqasuk</h2>
<p>Per trovare il miglior equilibrio tra prezzo, durata e comfort, conviene verificare piu aeroporti di partenza italiani e confrontare giorni feriali e weekend.</p>
<table>
  <thead>
    <tr><th>Partenza</th><th>Prezzo da</th><th>Durata indicativa</th><th>Mese da monitorare</th></tr>
  </thead>
  <tbody>
    <tr><td>Leonardo da Vinci-Fiumicino Airport (FCO)</td><td>EUR 63</td><td>1h 20</td><td>settembre</td></tr><tr><td>Ciampino-G. B. Pastine International Airport (CIA)</td><td>EUR 179</td><td>3h 40</td><td>maggio</td></tr><tr><td>Milano Malpensa Airport (MXP)</td><td>EUR 40</td><td>3h 30</td><td>ottobre</td></tr><tr><td>Orio al Serio International Airport (BGY)</td><td>EUR 130</td><td>5h 30</td><td>aprile</td></tr><tr><td>Milano Linate Airport (LIN)</td><td>EUR 119</td><td>10h 40</td><td>maggio</td></tr><tr><td>Naples International Airport (NAP)</td><td>EUR 78</td><td>11h 50</td><td>dicembre</td></tr><tr><td>Venice Marco Polo Airport (VCE)</td><td>EUR 98</td><td>11h 10</td><td>agosto</td></tr><tr><td>Catania-Fontanarossa Airport (CTA)</td><td>EUR 196</td><td>2h 30</td><td>ottobre</td></tr><tr><td>Guglielmo Marconi Airport (BLQ)</td><td>EUR 48</td><td>1h 50</td><td>giugno</td></tr>
  </tbody>
</table>
<h2>Aeroporti italiani da cui conviene partire</h2>
<div class=""cpv-chip-list""><span class=""cpv-chip"">Leonardo da Vinci-Fiumicino Airport</span><span class=""cpv-chip"">Ciampino-G. B. Pastine International Airport</span><span class=""cpv-chip"">Milano Malpensa Airport</span><span class=""cpv-chip"">Orio al Serio International Airport</span><span class=""cpv-chip"">Milano Linate Airport</span><span class=""cpv-chip"">Naples International Airport</span></div>
<div class=""cpv-landing-grid"">
  <div class=""cpv-landing-card""><strong>City break</strong><p>Se Atqasuk e una meta urbana, le partenze del venerdi e del sabato sono spesso le piu monitorate.</p></div>
  <div class=""cpv-landing-card""><strong>Viaggi stagionali</strong><p>In alcuni periodi dell'anno le tariffe possono variare molto, soprattutto vicino ai ponti e alle festivita.</p></div>
  <div class=""cpv-landing-card""><strong>Confronto rapido</strong><p>Valuta aeroporti maggiori e secondari per capire se un piccolo spostamento porta a un risparmio concreto.</p></div>
</div>
<h2>Domande frequenti sui voli per Atqasuk</h2>
<div class=""cpv-faq"">
  <details><summary>Qual e il modo migliore per cercare voli per Atqasuk?</summary><p>Confronta piu aeroporti italiani, prova date flessibili e verifica anche partenze infrasettimanali per migliorare le possibilita di risparmio.</p></details>
  <details><summary>Meglio volo diretto o con scalo?</summary><p>Per tratte medio-brevi il diretto e spesso la scelta piu comoda, mentre su alcune rotte uno scalo puo ridurre il prezzo finale.</p></details>
  <details><summary>Quando controllare i prezzi per Atqasuk?</summary><p>Vale la pena iniziare a monitorare la rotta in anticipo e verificare con regolarita i giorni piu vicini alla partenza ideale.</p></details>
</div>","Voli per citta|Voli intercontinentali",city,ATK,/voli-per/atqasuk/,"Voli per Atqasuk (ATK): offerte e guide | ConfrontaPrezziVoli","Trova voli per Atqasuk dai principali aeroporti italiani. Tariffe indicative da EUR 91 e consigli per scegliere il periodo migliore.","voli per Atqasuk",cities,"Mese tipicamente conveniente: gennaio"
post,publish,"Voli per Attawapiskat (YAT): offerte, compagnie e periodo migliore per prenotare",voli-per-attawapiskat-yat,"Confronta voli per Attawapiskat dai principali aeroporti italiani. Scopri prezzi indicativi, compagnie e consigli utili per organizzare la partenza.","<div class=""cpv-landing-note"">
  <p><strong>Perche cercare voli per Attawapiskat qui.</strong> Questa pagina raccoglie un quadro rapido delle partenze italiane piu interessanti per Attawapiskat, con tariffe indicative e consigli per scegliere il periodo piu vantaggioso.</p>
</div>
<div class=""cpv-stat-grid"">
  <div class=""cpv-stat""><strong>EUR 92</strong><span>Prezzo indicativo da monitorare dalle principali aree aeroportuali italiane.</span></div>
  <div class=""cpv-stat""><strong>febbraio</strong><span>Periodo spesso interessante per tenere sotto controllo la rotta.</span></div>
  <div class=""cpv-stat""><strong>9</strong><span>Aeroporti italiani prioritari da confrontare per questa destinazione.</span></div>
</div>
<h2>Offerte voli per Attawapiskat</h2>
<p>Per trovare il miglior equilibrio tra prezzo, durata e comfort, conviene verificare piu aeroporti di partenza italiani e confrontare giorni feriali e weekend.</p>
<table>
  <thead>
    <tr><th>Partenza</th><th>Prezzo da</th><th>Durata indicativa</th><th>Mese da monitorare</th></tr>
  </thead>
  <tbody>
    <tr><td>Leonardo da Vinci-Fiumicino Airport (FCO)</td><td>EUR 68</td><td>6h 10</td><td>febbraio</td></tr><tr><td>Ciampino-G. B. Pastine International Airport (CIA)</td><td>EUR 180</td><td>10h 50</td><td>giugno</td></tr><tr><td>Milano Malpensa Airport (MXP)</td><td>EUR 55</td><td>1h 00</td><td>gennaio</td></tr><tr><td>Orio al Serio International Airport (BGY)</td><td>EUR 97</td><td>5h 00</td><td>luglio</td></tr><tr><td>Milano Linate Airport (LIN)</td><td>EUR 32</td><td>2h 10</td><td>febbraio</td></tr><tr><td>Naples International Airport (NAP)</td><td>EUR 125</td><td>5h 40</td><td>novembre</td></tr><tr><td>Venice Marco Polo Airport (VCE)</td><td>EUR 109</td><td>11h 00</td><td>luglio</td></tr><tr><td>Catania-Fontanarossa Airport (CTA)</td><td>EUR 27</td><td>1h 20</td><td>settembre</td></tr><tr><td>Guglielmo Marconi Airport (BLQ)</td><td>EUR 91</td><td>3h 00</td><td>gennaio</td></tr>
  </tbody>
</table>
<h2>Aeroporti italiani da cui conviene partire</h2>
<div class=""cpv-chip-list""><span class=""cpv-chip"">Leonardo da Vinci-Fiumicino Airport</span><span class=""cpv-chip"">Ciampino-G. B. Pastine International Airport</span><span class=""cpv-chip"">Milano Malpensa Airport</span><span class=""cpv-chip"">Orio al Serio International Airport</span><span class=""cpv-chip"">Milano Linate Airport</span><span class=""cpv-chip"">Naples International Airport</span></div>
<div class=""cpv-landing-grid"">
  <div class=""cpv-landing-card""><strong>City break</strong><p>Se Attawapiskat e una meta urbana, le partenze del venerdi e del sabato sono spesso le piu monitorate.</p></div>
  <div class=""cpv-landing-card""><strong>Viaggi stagionali</strong><p>In alcuni periodi dell'anno le tariffe possono variare molto, soprattutto vicino ai ponti e alle festivita.</p></div>
  <div class=""cpv-landing-card""><strong>Confronto rapido</strong><p>Valuta aeroporti maggiori e secondari per capire se un piccolo spostamento porta a un risparmio concreto.</p></div>
</div>
<h2>Domande frequenti sui voli per Attawapiskat</h2>
<div class=""cpv-faq"">
  <details><summary>Qual e il modo migliore per cercare voli per Attawapiskat?</summary><p>Confronta piu aeroporti italiani, prova date flessibili e verifica anche partenze infrasettimanali per migliorare le possibilita di risparmio.</p></details>
  <details><summary>Meglio volo diretto o con scalo?</summary><p>Per tratte medio-brevi il diretto e spesso la scelta piu comoda, mentre su alcune rotte uno scalo puo ridurre il prezzo finale.</p></details>
  <details><summary>Quando controllare i prezzi per Attawapiskat?</summary><p>Vale la pena iniziare a monitorare la rotta in anticipo e verificare con regolarita i giorni piu vicini alla partenza ideale.</p></details>
</div>","Voli per citta|Voli intercontinentali",city,YAT,/voli-per/attawapiskat/,"Voli per Attawapiskat (YAT): offerte e guide | ConfrontaPrezziVoli","Trova voli per Attawapiskat dai principali aeroporti italiani. Tariffe indicative da EUR 92 e consigli per scegliere il periodo migliore.","voli per Attawapiskat",cities,"Mese tipicamente conveniente: febbraio"
post,publish,"Voli per Atuona (AUQ): offerte, compagnie e periodo migliore per prenotare",voli-per-atuona-auq,"Confronta voli per Atuona dai principali aeroporti italiani. Scopri prezzi indicativi, compagnie e consigli utili per organizzare la partenza.","<div class=""cpv-landing-note"">
  <p><strong>Perche cercare voli per Atuona qui.</strong> Questa pagina raccoglie un quadro rapido delle partenze italiane piu interessanti per Atuona, con tariffe indicative e consigli per scegliere il periodo piu vantaggioso.</p>
</div>
<div class=""cpv-stat-grid"">
  <div class=""cpv-stat""><strong>EUR 42</strong><span>Prezzo indicativo da monitorare dalle principali aree aeroportuali italiane.</span></div>
  <div class=""cpv-stat""><strong>dicembre</strong><span>Periodo spesso interessante per tenere sotto controllo la rotta.</span></div>
  <div class=""cpv-stat""><strong>9</strong><span>Aeroporti italiani prioritari da confrontare per questa destinazione.</span></div>
</div>
<h2>Offerte voli per Atuona</h2>
<p>Per trovare il miglior equilibrio tra prezzo, durata e comfort, conviene verificare piu aeroporti di partenza italiani e confrontare giorni feriali e weekend.</p>
<table>
  <thead>
    <tr><th>Partenza</th><th>Prezzo da</th><th>Durata indicativa</th><th>Mese da monitorare</th></tr>
  </thead>
  <tbody>
    <tr><td>Leonardo da Vinci-Fiumicino Airport (FCO)</td><td>EUR 42</td><td>1h 50</td><td>dicembre</td></tr><tr><td>Ciampino-G. B. Pastine International Airport (CIA)</td><td>EUR 34</td><td>10h 30</td><td>aprile</td></tr><tr><td>Milano Malpensa Airport (MXP)</td><td>EUR 161</td><td>3h 40</td><td>novembre</td></tr><tr><td>Orio al Serio International Airport (BGY)</td><td>EUR 39</td><td>9h 20</td><td>settembre</td></tr><tr><td>Milano Linate Airport (LIN)</td><td>EUR 30</td><td>9h 50</td><td>dicembre</td></tr><tr><td>Naples International Airport (NAP)</td><td>EUR 63</td><td>11h 20</td><td>settembre</td></tr><tr><td>Venice Marco Polo Airport (VCE)</td><td>EUR 195</td><td>5h 20</td><td>settembre</td></tr><tr><td>Catania-Fontanarossa Airport (CTA)</td><td>EUR 89</td><td>5h 40</td><td>novembre</td></tr><tr><td>Guglielmo Marconi Airport (BLQ)</td><td>EUR 21</td><td>3h 20</td><td>marzo</td></tr>
  </tbody>
</table>
<h2>Aeroporti italiani da cui conviene partire</h2>
<div class=""cpv-chip-list""><span class=""cpv-chip"">Leonardo da Vinci-Fiumicino Airport</span><span class=""cpv-chip"">Ciampino-G. B. Pastine International Airport</span><span class=""cpv-chip"">Milano Malpensa Airport</span><span class=""cpv-chip"">Orio al Serio International Airport</span><span class=""cpv-chip"">Milano Linate Airport</span><span class=""cpv-chip"">Naples International Airport</span></div>
<div class=""cpv-landing-grid"">
  <div class=""cpv-landing-card""><strong>City break</strong><p>Se Atuona e una meta urbana, le partenze del venerdi e del sabato sono spesso le piu monitorate.</p></div>
  <div class=""cpv-landing-card""><strong>Viaggi stagionali</strong><p>In alcuni periodi dell'anno le tariffe possono variare molto, soprattutto vicino ai ponti e alle festivita.</p></div>
  <div class=""cpv-landing-card""><strong>Confronto rapido</strong><p>Valuta aeroporti maggiori e secondari per capire se un piccolo spostamento porta a un risparmio concreto.</p></div>
</div>
<h2>Domande frequenti sui voli per Atuona</h2>
<div class=""cpv-faq"">
  <details><summary>Qual e il modo migliore per cercare voli per Atuona?</summary><p>Confronta piu aeroporti italiani, prova date flessibili e verifica anche partenze infrasettimanali per migliorare le possibilita di risparmio.</p></details>
  <details><summary>Meglio volo diretto o con scalo?</summary><p>Per tratte medio-brevi il diretto e spesso la scelta piu comoda, mentre su alcune rotte uno scalo puo ridurre il prezzo finale.</p></details>
  <details><summary>Quando controllare i prezzi per Atuona?</summary><p>Vale la pena iniziare a monitorare la rotta in anticipo e verificare con regolarita i giorni piu vicini alla partenza ideale.</p></details>
</div>","Voli per citta|Voli intercontinentali",city,AUQ,/voli-per/atuona/,"Voli per Atuona (AUQ): offerte e guide | ConfrontaPrezziVoli","Trova voli per Atuona dai principali aeroporti italiani. Tariffe indicative da EUR 42 e consigli per scegliere il periodo migliore.","voli per Atuona",cities,"Mese tipicamente conveniente: dicembre"
post,publish,"Voli per Atyrau (GUW): offerte, compagnie e periodo migliore per prenotare",voli-per-atyrau-guw,"Confronta voli per Atyrau dai principali aeroporti italiani. Scopri prezzi indicativi, compagnie e consigli utili per organizzare la partenza.","<div class=""cpv-landing-note"">
  <p><strong>Perche cercare voli per Atyrau qui.</strong> Questa pagina raccoglie un quadro rapido delle partenze italiane piu interessanti per Atyrau, con tariffe indicative e consigli per scegliere il periodo piu vantaggioso.</p>
</div>
<div class=""cpv-stat-grid"">
  <div class=""cpv-stat""><strong>EUR 103</strong><span>Prezzo indicativo da monitorare dalle principali aree aeroportuali italiane.</span></div>
  <div class=""cpv-stat""><strong>gennaio</strong><span>Periodo spesso interessante per tenere sotto controllo la rotta.</span></div>
  <div class=""cpv-stat""><strong>9</strong><span>Aeroporti italiani prioritari da confrontare per questa destinazione.</span></div>
</div>
<h2>Offerte voli per Atyrau</h2>
<p>Per trovare il miglior equilibrio tra prezzo, durata e comfort, conviene verificare piu aeroporti di partenza italiani e confrontare giorni feriali e weekend.</p>
<table>
  <thead>
    <tr><th>Partenza</th><th>Prezzo da</th><th>Durata indicativa</th><th>Mese da monitorare</th></tr>
  </thead>
  <tbody>
    <tr><td>Leonardo da Vinci-Fiumicino Airport (FCO)</td><td>EUR 119</td><td>2h 40</td><td>maggio</td></tr><tr><td>Ciampino-G. B. Pastine International Airport (CIA)</td><td>EUR 71</td><td>6h 40</td><td>maggio</td></tr><tr><td>Milano Malpensa Airport (MXP)</td><td>EUR 36</td><td>2h 50</td><td>giugno</td></tr><tr><td>Orio al Serio International Airport (BGY)</td><td>EUR 154</td><td>7h 30</td><td>aprile</td></tr><tr><td>Milano Linate Airport (LIN)</td><td>EUR 67</td><td>1h 00</td><td>gennaio</td></tr><tr><td>Naples International Airport (NAP)</td><td>EUR 126</td><td>5h 50</td><td>dicembre</td></tr><tr><td>Venice Marco Polo Airport (VCE)</td><td>EUR 38</td><td>11h 10</td><td>agosto</td></tr><tr><td>Catania-Fontanarossa Airport (CTA)</td><td>EUR 40</td><td>7h 30</td><td>ottobre</td></tr><tr><td>Guglielmo Marconi Airport (BLQ)</td><td>EUR 96</td><td>9h 50</td><td>giugno</td></tr>
  </tbody>
</table>
<h2>Aeroporti italiani da cui conviene partire</h2>
<div class=""cpv-chip-list""><span class=""cpv-chip"">Leonardo da Vinci-Fiumicino Airport</span><span class=""cpv-chip"">Ciampino-G. B. Pastine International Airport</span><span class=""cpv-chip"">Milano Malpensa Airport</span><span class=""cpv-chip"">Orio al Serio International Airport</span><span class=""cpv-chip"">Milano Linate Airport</span><span class=""cpv-chip"">Naples International Airport</span></div>
<div class=""cpv-landing-grid"">
  <div class=""cpv-landing-card""><strong>City break</strong><p>Se Atyrau e una meta urbana, le partenze del venerdi e del sabato sono spesso le piu monitorate.</p></div>
  <div class=""cpv-landing-card""><strong>Viaggi stagionali</strong><p>In alcuni periodi dell'anno le tariffe possono variare molto, soprattutto vicino ai ponti e alle festivita.</p></div>
  <div class=""cpv-landing-card""><strong>Confronto rapido</strong><p>Valuta aeroporti maggiori e secondari per capire se un piccolo spostamento porta a un risparmio concreto.</p></div>
</div>
<h2>Domande frequenti sui voli per Atyrau</h2>
<div class=""cpv-faq"">
  <details><summary>Qual e il modo migliore per cercare voli per Atyrau?</summary><p>Confronta piu aeroporti italiani, prova date flessibili e verifica anche partenze infrasettimanali per migliorare le possibilita di risparmio.</p></details>
  <details><summary>Meglio volo diretto o con scalo?</summary><p>Per tratte medio-brevi il diretto e spesso la scelta piu comoda, mentre su alcune rotte uno scalo puo ridurre il prezzo finale.</p></details>
  <details><summary>Quando controllare i prezzi per Atyrau?</summary><p>Vale la pena iniziare a monitorare la rotta in anticipo e verificare con regolarita i giorni piu vicini alla partenza ideale.</p></details>
</div>","Voli per citta|Voli intercontinentali",city,GUW,/voli-per/atyrau/,"Voli per Atyrau (GUW): offerte e guide | ConfrontaPrezziVoli","Trova voli per Atyrau dai principali aeroporti italiani. Tariffe indicative da EUR 103 e consigli per scegliere il periodo migliore.","voli per Atyrau",cities,"Mese tipicamente conveniente: gennaio"
post,publish,"Voli per Auckland (AKL): offerte, compagnie e periodo migliore per prenotare",voli-per-auckland-akl,"Confronta voli per Auckland dai principali aeroporti italiani. Scopri prezzi indicativi, compagnie e consigli utili per organizzare la partenza.","<div class=""cpv-landing-note"">
  <p><strong>Perche cercare voli per Auckland qui.</strong> Questa pagina raccoglie un quadro rapido delle partenze italiane piu interessanti per Auckland, con tariffe indicative e consigli per scegliere il periodo piu vantaggioso.</p>
</div>
<div class=""cpv-stat-grid"">
  <div class=""cpv-stat""><strong>EUR 132</strong><span>Prezzo indicativo da monitorare dalle principali aree aeroportuali italiane.</span></div>
  <div class=""cpv-stat""><strong>giugno</strong><span>Periodo spesso interessante per tenere sotto controllo la rotta.</span></div>
  <div class=""cpv-stat""><strong>9</strong><span>Aeroporti italiani prioritari da confrontare per questa destinazione.</span></div>
</div>
<h2>Offerte voli per Auckland</h2>
<p>Per trovare il miglior equilibrio tra prezzo, durata e comfort, conviene verificare piu aeroporti di partenza italiani e confrontare giorni feriali e weekend.</p>
<table>
  <thead>
    <tr><th>Partenza</th><th>Prezzo da</th><th>Durata indicativa</th><th>Mese da monitorare</th></tr>
  </thead>
  <tbody>
    <tr><td>Leonardo da Vinci-Fiumicino Airport (FCO)</td><td>EUR 72</td><td>4h 50</td><td>giugno</td></tr><tr><td>Ciampino-G. B. Pastine International Airport (CIA)</td><td>EUR 68</td><td>7h 10</td><td>febbraio</td></tr><tr><td>Milano Malpensa Airport (MXP)</td><td>EUR 67</td><td>6h 00</td><td>gennaio</td></tr><tr><td>Orio al Serio International Airport (BGY)</td><td>EUR 85</td><td>2h 00</td><td>luglio</td></tr><tr><td>Milano Linate Airport (LIN)</td><td>EUR 76</td><td>1h 30</td><td>ottobre</td></tr><tr><td>Naples International Airport (NAP)</td><td>EUR 41</td><td>11h 40</td><td>novembre</td></tr><tr><td>Venice Marco Polo Airport (VCE)</td><td>EUR 149</td><td>1h 40</td><td>novembre</td></tr><tr><td>Catania-Fontanarossa Airport (CTA)</td><td>EUR 183</td><td>5h 20</td><td>settembre</td></tr><tr><td>Guglielmo Marconi Airport (BLQ)</td><td>EUR 163</td><td>3h 00</td><td>gennaio</td></tr>
  </tbody>
</table>
<h2>Aeroporti italiani da cui conviene partire</h2>
<div class=""cpv-chip-list""><span class=""cpv-chip"">Leonardo da Vinci-Fiumicino Airport</span><span class=""cpv-chip"">Ciampino-G. B. Pastine International Airport</span><span class=""cpv-chip"">Milano Malpensa Airport</span><span class=""cpv-chip"">Orio al Serio International Airport</span><span class=""cpv-chip"">Milano Linate Airport</span><span class=""cpv-chip"">Naples International Airport</span></div>
<div class=""cpv-landing-grid"">
  <div class=""cpv-landing-card""><strong>City break</strong><p>Se Auckland e una meta urbana, le partenze del venerdi e del sabato sono spesso le piu monitorate.</p></div>
  <div class=""cpv-landing-card""><strong>Viaggi stagionali</strong><p>In alcuni periodi dell'anno le tariffe possono variare molto, soprattutto vicino ai ponti e alle festivita.</p></div>
  <div class=""cpv-landing-card""><strong>Confronto rapido</strong><p>Valuta aeroporti maggiori e secondari per capire se un piccolo spostamento porta a un risparmio concreto.</p></div>
</div>
<h2>Domande frequenti sui voli per Auckland</h2>
<div class=""cpv-faq"">
  <details><summary>Qual e il modo migliore per cercare voli per Auckland?</summary><p>Confronta piu aeroporti italiani, prova date flessibili e verifica anche partenze infrasettimanali per migliorare le possibilita di risparmio.</p></details>
  <details><summary>Meglio volo diretto o con scalo?</summary><p>Per tratte medio-brevi il diretto e spesso la scelta piu comoda, mentre su alcune rotte uno scalo puo ridurre il prezzo finale.</p></details>
  <details><summary>Quando controllare i prezzi per Auckland?</summary><p>Vale la pena iniziare a monitorare la rotta in anticipo e verificare con regolarita i giorni piu vicini alla partenza ideale.</p></details>
</div>","Voli per citta|Voli intercontinentali",city,AKL,/voli-per/auckland/,"Voli per Auckland (AKL): offerte e guide | ConfrontaPrezziVoli","Trova voli per Auckland dai principali aeroporti italiani. Tariffe indicative da EUR 132 e consigli per scegliere il periodo migliore.","voli per Auckland",cities,"Mese tipicamente conveniente: giugno"
post,publish,"Voli per Augusta (AGS): offerte, compagnie e periodo migliore per prenotare",voli-per-augusta-ags,"Confronta voli per Augusta dai principali aeroporti italiani. Scopri prezzi indicativi, compagnie e consigli utili per organizzare la partenza.","<div class=""cpv-landing-note"">
  <p><strong>Perche cercare voli per Augusta qui.</strong> Questa pagina raccoglie un quadro rapido delle partenze italiane piu interessanti per Augusta, con tariffe indicative e consigli per scegliere il periodo piu vantaggioso.</p>
</div>
<div class=""cpv-stat-grid"">
  <div class=""cpv-stat""><strong>EUR 27</strong><span>Prezzo indicativo da monitorare dalle principali aree aeroportuali italiane.</span></div>
  <div class=""cpv-stat""><strong>settembre</strong><span>Periodo spesso interessante per tenere sotto controllo la rotta.</span></div>
  <div class=""cpv-stat""><strong>9</strong><span>Aeroporti italiani prioritari da confrontare per questa destinazione.</span></div>
</div>
<h2>Offerte voli per Augusta</h2>
<p>Per trovare il miglior equilibrio tra prezzo, durata e comfort, conviene verificare piu aeroporti di partenza italiani e confrontare giorni feriali e weekend.</p>
<table>
  <thead>
    <tr><th>Partenza</th><th>Prezzo da</th><th>Durata indicativa</th><th>Mese da monitorare</th></tr>
  </thead>
  <tbody>
    <tr><td>Leonardo da Vinci-Fiumicino Airport (FCO)</td><td>EUR 55</td><td>10h 00</td><td>gennaio</td></tr><tr><td>Ciampino-G. B. Pastine International Airport (CIA)</td><td>EUR 95</td><td>7h 40</td><td>maggio</td></tr><tr><td>Milano Malpensa Airport (MXP)</td><td>EUR 92</td><td>6h 10</td><td>febbraio</td></tr><tr><td>Orio al Serio International Airport (BGY)</td><td>EUR 178</td><td>9h 30</td><td>aprile</td></tr><tr><td>Milano Linate Airport (LIN)</td><td>EUR 79</td><td>8h 00</td><td>gennaio</td></tr><tr><td>Naples International Airport (NAP)</td><td>EUR 170</td><td>1h 10</td><td>agosto</td></tr><tr><td>Venice Marco Polo Airport (VCE)</td><td>EUR 46</td><td>8h 30</td><td>aprile</td></tr><tr><td>Catania-Fontanarossa Airport (CTA)</td><td>EUR 80</td><td>4h 10</td><td>febbraio</td></tr><tr><td>Guglielmo Marconi Airport (BLQ)</td><td>EUR 40</td><td>1h 30</td><td>ottobre</td></tr>
  </tbody>
</table>
<h2>Aeroporti italiani da cui conviene partire</h2>
<div class=""cpv-chip-list""><span class=""cpv-chip"">Leonardo da Vinci-Fiumicino Airport</span><span class=""cpv-chip"">Ciampino-G. B. Pastine International Airport</span><span class=""cpv-chip"">Milano Malpensa Airport</span><span class=""cpv-chip"">Orio al Serio International Airport</span><span class=""cpv-chip"">Milano Linate Airport</span><span class=""cpv-chip"">Naples International Airport</span></div>
<div class=""cpv-landing-grid"">
  <div class=""cpv-landing-card""><strong>City break</strong><p>Se Augusta e una meta urbana, le partenze del venerdi e del sabato sono spesso le piu monitorate.</p></div>
  <div class=""cpv-landing-card""><strong>Viaggi stagionali</strong><p>In alcuni periodi dell'anno le tariffe possono variare molto, soprattutto vicino ai ponti e alle festivita.</p></div>
  <div class=""cpv-landing-card""><strong>Confronto rapido</strong><p>Valuta aeroporti maggiori e secondari per capire se un piccolo spostamento porta a un risparmio concreto.</p></div>
</div>
<h2>Domande frequenti sui voli per Augusta</h2>
<div class=""cpv-faq"">
  <details><summary>Qual e il modo migliore per cercare voli per Augusta?</summary><p>Confronta piu aeroporti italiani, prova date flessibili e verifica anche partenze infrasettimanali per migliorare le possibilita di risparmio.</p></details>
  <details><summary>Meglio volo diretto o con scalo?</summary><p>Per tratte medio-brevi il diretto e spesso la scelta piu comoda, mentre su alcune rotte uno scalo puo ridurre il prezzo finale.</p></details>
  <details><summary>Quando controllare i prezzi per Augusta?</summary><p>Vale la pena iniziare a monitorare la rotta in anticipo e verificare con regolarita i giorni piu vicini alla partenza ideale.</p></details>
</div>","Voli per citta|Voli intercontinentali",city,AGS,/voli-per/augusta/,"Voli per Augusta (AGS): offerte e guide | ConfrontaPrezziVoli","Trova voli per Augusta dai principali aeroporti italiani. Tariffe indicative da EUR 27 e consigli per scegliere il periodo migliore.","voli per Augusta",cities,"Mese tipicamente conveniente: settembre"
post,publish,"Voli per Augusta (AUG): offerte, compagnie e periodo migliore per prenotare",voli-per-augusta-aug,"Confronta voli per Augusta dai principali aeroporti italiani. Scopri prezzi indicativi, compagnie e consigli utili per organizzare la partenza.","<div class=""cpv-landing-note"">
  <p><strong>Perche cercare voli per Augusta qui.</strong> Questa pagina raccoglie un quadro rapido delle partenze italiane piu interessanti per Augusta, con tariffe indicative e consigli per scegliere il periodo piu vantaggioso.</p>
</div>
<div class=""cpv-stat-grid"">
  <div class=""cpv-stat""><strong>EUR 177</strong><span>Prezzo indicativo da monitorare dalle principali aree aeroportuali italiane.</span></div>
  <div class=""cpv-stat""><strong>marzo</strong><span>Periodo spesso interessante per tenere sotto controllo la rotta.</span></div>
  <div class=""cpv-stat""><strong>9</strong><span>Aeroporti italiani prioritari da confrontare per questa destinazione.</span></div>
</div>
<h2>Offerte voli per Augusta</h2>
<p>Per trovare il miglior equilibrio tra prezzo, durata e comfort, conviene verificare piu aeroporti di partenza italiani e confrontare giorni feriali e weekend.</p>
<table>
  <thead>
    <tr><th>Partenza</th><th>Prezzo da</th><th>Durata indicativa</th><th>Mese da monitorare</th></tr>
  </thead>
  <tbody>
    <tr><td>Leonardo da Vinci-Fiumicino Airport (FCO)</td><td>EUR 129</td><td>9h 20</td><td>marzo</td></tr><tr><td>Ciampino-G. B. Pastine International Airport (CIA)</td><td>EUR 73</td><td>1h 00</td><td>luglio</td></tr><tr><td>Milano Malpensa Airport (MXP)</td><td>EUR 58</td><td>9h 30</td><td>aprile</td></tr><tr><td>Orio al Serio International Airport (BGY)</td><td>EUR 168</td><td>10h 50</td><td>giugno</td></tr><tr><td>Milano Linate Airport (LIN)</td><td>EUR 129</td><td>4h 20</td><td>marzo</td></tr><tr><td>Naples International Airport (NAP)</td><td>EUR 176</td><td>9h 10</td><td>febbraio</td></tr><tr><td>Venice Marco Polo Airport (VCE)</td><td>EUR 100</td><td>6h 30</td><td>ottobre</td></tr><tr><td>Catania-Fontanarossa Airport (CTA)</td><td>EUR 58</td><td>4h 30</td><td>aprile</td></tr><tr><td>Guglielmo Marconi Airport (BLQ)</td><td>EUR 26</td><td>4h 10</td><td>agosto</td></tr>
  </tbody>
</table>
<h2>Aeroporti italiani da cui conviene partire</h2>
<div class=""cpv-chip-list""><span class=""cpv-chip"">Leonardo da Vinci-Fiumicino Airport</span><span class=""cpv-chip"">Ciampino-G. B. Pastine International Airport</span><span class=""cpv-chip"">Milano Malpensa Airport</span><span class=""cpv-chip"">Orio al Serio International Airport</span><span class=""cpv-chip"">Milano Linate Airport</span><span class=""cpv-chip"">Naples International Airport</span></div>
<div class=""cpv-landing-grid"">
  <div class=""cpv-landing-card""><strong>City break</strong><p>Se Augusta e una meta urbana, le partenze del venerdi e del sabato sono spesso le piu monitorate.</p></div>
  <div class=""cpv-landing-card""><strong>Viaggi stagionali</strong><p>In alcuni periodi dell'anno le tariffe possono variare molto, soprattutto vicino ai ponti e alle festivita.</p></div>
  <div class=""cpv-landing-card""><strong>Confronto rapido</strong><p>Valuta aeroporti maggiori e secondari per capire se un piccolo spostamento porta a un risparmio concreto.</p></div>
</div>
<h2>Domande frequenti sui voli per Augusta</h2>
<div class=""cpv-faq"">
  <details><summary>Qual e il modo migliore per cercare voli per Augusta?</summary><p>Confronta piu aeroporti italiani, prova date flessibili e verifica anche partenze infrasettimanali per migliorare le possibilita di risparmio.</p></details>
  <details><summary>Meglio volo diretto o con scalo?</summary><p>Per tratte medio-brevi il diretto e spesso la scelta piu comoda, mentre su alcune rotte uno scalo puo ridurre il prezzo finale.</p></details>
  <details><summary>Quando controllare i prezzi per Augusta?</summary><p>Vale la pena iniziare a monitorare la rotta in anticipo e verificare con regolarita i giorni piu vicini alla partenza ideale.</p></details>
</div>","Voli per citta|Voli intercontinentali",city,AUG,/voli-per/augusta/,"Voli per Augusta (AUG): offerte e guide | ConfrontaPrezziVoli","Trova voli per Augusta dai principali aeroporti italiani. Tariffe indicative da EUR 177 e consigli per scegliere il periodo migliore.","voli per Augusta",cities,"Mese tipicamente conveniente: marzo"
post,publish,"Voli per Aupaluk (YPJ): offerte, compagnie e periodo migliore per prenotare",voli-per-aupaluk-ypj,"Confronta voli per Aupaluk dai principali aeroporti italiani. Scopri prezzi indicativi, compagnie e consigli utili per organizzare la partenza.","<div class=""cpv-landing-note"">
  <p><strong>Perche cercare voli per Aupaluk qui.</strong> Questa pagina raccoglie un quadro rapido delle partenze italiane piu interessanti per Aupaluk, con tariffe indicative e consigli per scegliere il periodo piu vantaggioso.</p>
</div>
<div class=""cpv-stat-grid"">
  <div class=""cpv-stat""><strong>EUR 181</strong><span>Prezzo indicativo da monitorare dalle principali aree aeroportuali italiane.</span></div>
  <div class=""cpv-stat""><strong>luglio</strong><span>Periodo spesso interessante per tenere sotto controllo la rotta.</span></div>
  <div class=""cpv-stat""><strong>9</strong><span>Aeroporti italiani prioritari da confrontare per questa destinazione.</span></div>
</div>
<h2>Offerte voli per Aupaluk</h2>
<p>Per trovare il miglior equilibrio tra prezzo, durata e comfort, conviene verificare piu aeroporti di partenza italiani e confrontare giorni feriali e weekend.</p>
<table>
  <thead>
    <tr><th>Partenza</th><th>Prezzo da</th><th>Durata indicativa</th><th>Mese da monitorare</th></tr>
  </thead>
  <tbody>
    <tr><td>Leonardo da Vinci-Fiumicino Airport (FCO)</td><td>EUR 25</td><td>6h 00</td><td>luglio</td></tr><tr><td>Ciampino-G. B. Pastine International Airport (CIA)</td><td>EUR 109</td><td>8h 00</td><td>luglio</td></tr><tr><td>Milano Malpensa Airport (MXP)</td><td>EUR 74</td><td>8h 10</td><td>agosto</td></tr><tr><td>Orio al Serio International Airport (BGY)</td><td>EUR 52</td><td>7h 30</td><td>ottobre</td></tr><tr><td>Milano Linate Airport (LIN)</td><td>EUR 21</td><td>3h 20</td><td>marzo</td></tr><tr><td>Naples International Airport (NAP)</td><td>EUR 84</td><td>4h 50</td><td>giugno</td></tr><tr><td>Venice Marco Polo Airport (VCE)</td><td>EUR 48</td><td>4h 50</td><td>giugno</td></tr><tr><td>Catania-Fontanarossa Airport (CTA)</td><td>EUR 130</td><td>4h 30</td><td>aprile</td></tr><tr><td>Guglielmo Marconi Airport (BLQ)</td><td>EUR 142</td><td>5h 30</td><td>aprile</td></tr>
  </tbody>
</table>
<h2>Aeroporti italiani da cui conviene partire</h2>
<div class=""cpv-chip-list""><span class=""cpv-chip"">Leonardo da Vinci-Fiumicino Airport</span><span class=""cpv-chip"">Ciampino-G. B. Pastine International Airport</span><span class=""cpv-chip"">Milano Malpensa Airport</span><span class=""cpv-chip"">Orio al Serio International Airport</span><span class=""cpv-chip"">Milano Linate Airport</span><span class=""cpv-chip"">Naples International Airport</span></div>
<div class=""cpv-landing-grid"">
  <div class=""cpv-landing-card""><strong>City break</strong><p>Se Aupaluk e una meta urbana, le partenze del venerdi e del sabato sono spesso le piu monitorate.</p></div>
  <div class=""cpv-landing-card""><strong>Viaggi stagionali</strong><p>In alcuni periodi dell'anno le tariffe possono variare molto, soprattutto vicino ai ponti e alle festivita.</p></div>
  <div class=""cpv-landing-card""><strong>Confronto rapido</strong><p>Valuta aeroporti maggiori e secondari per capire se un piccolo spostamento porta a un risparmio concreto.</p></div>
</div>
<h2>Domande frequenti sui voli per Aupaluk</h2>
<div class=""cpv-faq"">
  <details><summary>Qual e il modo migliore per cercare voli per Aupaluk?</summary><p>Confronta piu aeroporti italiani, prova date flessibili e verifica anche partenze infrasettimanali per migliorare le possibilita di risparmio.</p></details>
  <details><summary>Meglio volo diretto o con scalo?</summary><p>Per tratte medio-brevi il diretto e spesso la scelta piu comoda, mentre su alcune rotte uno scalo puo ridurre il prezzo finale.</p></details>
  <details><summary>Quando controllare i prezzi per Aupaluk?</summary><p>Vale la pena iniziare a monitorare la rotta in anticipo e verificare con regolarita i giorni piu vicini alla partenza ideale.</p></details>
</div>","Voli per citta|Voli intercontinentali",city,YPJ,/voli-per/aupaluk/,"Voli per Aupaluk (YPJ): offerte e guide | ConfrontaPrezziVoli","Trova voli per Aupaluk dai principali aeroporti italiani. Tariffe indicative da EUR 181 e consigli per scegliere il periodo migliore.","voli per Aupaluk",cities,"Mese tipicamente conveniente: luglio"
post,publish,"Voli per Aurangabad (IXU): offerte, compagnie e periodo migliore per prenotare",voli-per-aurangabad-ixu,"Confronta voli per Aurangabad dai principali aeroporti italiani. Scopri prezzi indicativi, compagnie e consigli utili per organizzare la partenza.","<div class=""cpv-landing-note"">
  <p><strong>Perche cercare voli per Aurangabad qui.</strong> Questa pagina raccoglie un quadro rapido delle partenze italiane piu interessanti per Aurangabad, con tariffe indicative e consigli per scegliere il periodo piu vantaggioso.</p>
</div>
<div class=""cpv-stat-grid"">
  <div class=""cpv-stat""><strong>EUR 58</strong><span>Prezzo indicativo da monitorare dalle principali aree aeroportuali italiane.</span></div>
  <div class=""cpv-stat""><strong>aprile</strong><span>Periodo spesso interessante per tenere sotto controllo la rotta.</span></div>
  <div class=""cpv-stat""><strong>9</strong><span>Aeroporti italiani prioritari da confrontare per questa destinazione.</span></div>
</div>
<h2>Offerte voli per Aurangabad</h2>
<p>Per trovare il miglior equilibrio tra prezzo, durata e comfort, conviene verificare piu aeroporti di partenza italiani e confrontare giorni feriali e weekend.</p>
<table>
  <thead>
    <tr><th>Partenza</th><th>Prezzo da</th><th>Durata indicativa</th><th>Mese da monitorare</th></tr>
  </thead>
  <tbody>
    <tr><td>Leonardo da Vinci-Fiumicino Airport (FCO)</td><td>EUR 86</td><td>2h 10</td><td>agosto</td></tr><tr><td>Ciampino-G. B. Pastine International Airport (CIA)</td><td>EUR 26</td><td>3h 10</td><td>agosto</td></tr><tr><td>Milano Malpensa Airport (MXP)</td><td>EUR 197</td><td>9h 40</td><td>novembre</td></tr><tr><td>Orio al Serio International Airport (BGY)</td><td>EUR 119</td><td>9h 40</td><td>maggio</td></tr><tr><td>Milano Linate Airport (LIN)</td><td>EUR 182</td><td>6h 10</td><td>agosto</td></tr><tr><td>Naples International Airport (NAP)</td><td>EUR 179</td><td>7h 40</td><td>maggio</td></tr><tr><td>Venice Marco Polo Airport (VCE)</td><td>EUR 51</td><td>3h 20</td><td>settembre</td></tr><tr><td>Catania-Fontanarossa Airport (CTA)</td><td>EUR 73</td><td>7h 00</td><td>luglio</td></tr><tr><td>Guglielmo Marconi Airport (BLQ)</td><td>EUR 97</td><td>10h 00</td><td>luglio</td></tr>
  </tbody>
</table>
<h2>Aeroporti italiani da cui conviene partire</h2>
<div class=""cpv-chip-list""><span class=""cpv-chip"">Leonardo da Vinci-Fiumicino Airport</span><span class=""cpv-chip"">Ciampino-G. B. Pastine International Airport</span><span class=""cpv-chip"">Milano Malpensa Airport</span><span class=""cpv-chip"">Orio al Serio International Airport</span><span class=""cpv-chip"">Milano Linate Airport</span><span class=""cpv-chip"">Naples International Airport</span></div>
<div class=""cpv-landing-grid"">
  <div class=""cpv-landing-card""><strong>City break</strong><p>Se Aurangabad e una meta urbana, le partenze del venerdi e del sabato sono spesso le piu monitorate.</p></div>
  <div class=""cpv-landing-card""><strong>Viaggi stagionali</strong><p>In alcuni periodi dell'anno le tariffe possono variare molto, soprattutto vicino ai ponti e alle festivita.</p></div>
  <div class=""cpv-landing-card""><strong>Confronto rapido</strong><p>Valuta aeroporti maggiori e secondari per capire se un piccolo spostamento porta a un risparmio concreto.</p></div>
</div>
<h2>Domande frequenti sui voli per Aurangabad</h2>
<div class=""cpv-faq"">
  <details><summary>Qual e il modo migliore per cercare voli per Aurangabad?</summary><p>Confronta piu aeroporti italiani, prova date flessibili e verifica anche partenze infrasettimanali per migliorare le possibilita di risparmio.</p></details>
  <details><summary>Meglio volo diretto o con scalo?</summary><p>Per tratte medio-brevi il diretto e spesso la scelta piu comoda, mentre su alcune rotte uno scalo puo ridurre il prezzo finale.</p></details>
  <details><summary>Quando controllare i prezzi per Aurangabad?</summary><p>Vale la pena iniziare a monitorare la rotta in anticipo e verificare con regolarita i giorni piu vicini alla partenza ideale.</p></details>
</div>","Voli per citta|Voli intercontinentali",city,IXU,/voli-per/aurangabad/,"Voli per Aurangabad (IXU): offerte e guide | ConfrontaPrezziVoli","Trova voli per Aurangabad dai principali aeroporti italiani. Tariffe indicative da EUR 58 e consigli per scegliere il periodo migliore.","voli per Aurangabad",cities,"Mese tipicamente conveniente: aprile"
post,publish,"Voli per Aurillac (AUR): offerte, compagnie e periodo migliore per prenotare",voli-per-aurillac-aur,"Confronta voli per Aurillac dai principali aeroporti italiani. Scopri prezzi indicativi, compagnie e consigli utili per organizzare la partenza.","<div class=""cpv-landing-note"">
  <p><strong>Perche cercare voli per Aurillac qui.</strong> Questa pagina raccoglie un quadro rapido delle partenze italiane piu interessanti per Aurillac, con tariffe indicative e consigli per scegliere il periodo piu vantaggioso.</p>
</div>
<div class=""cpv-stat-grid"">
  <div class=""cpv-stat""><strong>EUR 28</strong><span>Prezzo indicativo da monitorare dalle principali aree aeroportuali italiane.</span></div>
  <div class=""cpv-stat""><strong>ottobre</strong><span>Periodo spesso interessante per tenere sotto controllo la rotta.</span></div>
  <div class=""cpv-stat""><strong>9</strong><span>Aeroporti italiani prioritari da confrontare per questa destinazione.</span></div>
</div>
<h2>Offerte voli per Aurillac</h2>
<p>Per trovare il miglior equilibrio tra prezzo, durata e comfort, conviene verificare piu aeroporti di partenza italiani e confrontare giorni feriali e weekend.</p>
<table>
  <thead>
    <tr><th>Partenza</th><th>Prezzo da</th><th>Durata indicativa</th><th>Mese da monitorare</th></tr>
  </thead>
  <tbody>
    <tr><td>Leonardo da Vinci-Fiumicino Airport (FCO)</td><td>EUR 100</td><td>10h 30</td><td>ottobre</td></tr><tr><td>Ciampino-G. B. Pastine International Airport (CIA)</td><td>EUR 124</td><td>8h 30</td><td>ottobre</td></tr><tr><td>Milano Malpensa Airport (MXP)</td><td>EUR 151</td><td>9h 00</td><td>gennaio</td></tr><tr><td>Orio al Serio International Airport (BGY)</td><td>EUR 137</td><td>3h 40</td><td>novembre</td></tr><tr><td>Milano Linate Airport (LIN)</td><td>EUR 96</td><td>6h 50</td><td>giugno</td></tr><tr><td>Naples International Airport (NAP)</td><td>EUR 33</td><td>7h 20</td><td>marzo</td></tr><tr><td>Venice Marco Polo Airport (VCE)</td><td>EUR 129</td><td>3h 20</td><td>marzo</td></tr><tr><td>Catania-Fontanarossa Airport (CTA)</td><td>EUR 143</td><td>2h 40</td><td>maggio</td></tr><tr><td>Guglielmo Marconi Airport (BLQ)</td><td>EUR 191</td><td>4h 40</td><td>maggio</td></tr>
  </tbody>
</table>
<h2>Aeroporti italiani da cui conviene partire</h2>
<div class=""cpv-chip-list""><span class=""cpv-chip"">Leonardo da Vinci-Fiumicino Airport</span><span class=""cpv-chip"">Ciampino-G. B. Pastine International Airport</span><span class=""cpv-chip"">Milano Malpensa Airport</span><span class=""cpv-chip"">Orio al Serio International Airport</span><span class=""cpv-chip"">Milano Linate Airport</span><span class=""cpv-chip"">Naples International Airport</span></div>
<div class=""cpv-landing-grid"">
  <div class=""cpv-landing-card""><strong>City break</strong><p>Se Aurillac e una meta urbana, le partenze del venerdi e del sabato sono spesso le piu monitorate.</p></div>
  <div class=""cpv-landing-card""><strong>Viaggi stagionali</strong><p>In alcuni periodi dell'anno le tariffe possono variare molto, soprattutto vicino ai ponti e alle festivita.</p></div>
  <div class=""cpv-landing-card""><strong>Confronto rapido</strong><p>Valuta aeroporti maggiori e secondari per capire se un piccolo spostamento porta a un risparmio concreto.</p></div>
</div>
<h2>Domande frequenti sui voli per Aurillac</h2>
<div class=""cpv-faq"">
  <details><summary>Qual e il modo migliore per cercare voli per Aurillac?</summary><p>Confronta piu aeroporti italiani, prova date flessibili e verifica anche partenze infrasettimanali per migliorare le possibilita di risparmio.</p></details>
  <details><summary>Meglio volo diretto o con scalo?</summary><p>Per tratte medio-brevi il diretto e spesso la scelta piu comoda, mentre su alcune rotte uno scalo puo ridurre il prezzo finale.</p></details>
  <details><summary>Quando controllare i prezzi per Aurillac?</summary><p>Vale la pena iniziare a monitorare la rotta in anticipo e verificare con regolarita i giorni piu vicini alla partenza ideale.</p></details>
</div>","Voli per citta|Voli in Europa",city,AUR,/voli-per/aurillac/,"Voli per Aurillac (AUR): offerte e guide | ConfrontaPrezziVoli","Trova voli per Aurillac dai principali aeroporti italiani. Tariffe indicative da EUR 28 e consigli per scegliere il periodo migliore.","voli per Aurillac",cities,"Mese tipicamente conveniente: ottobre"
post,publish,"Voli per Aurukun Mission (AUU): offerte, compagnie e periodo migliore per prenotare",voli-per-aurukun-mission-auu,"Confronta voli per Aurukun Mission dai principali aeroporti italiani. Scopri prezzi indicativi, compagnie e consigli utili per organizzare la partenza.","<div class=""cpv-landing-note"">
  <p><strong>Perche cercare voli per Aurukun Mission qui.</strong> Questa pagina raccoglie un quadro rapido delle partenze italiane piu interessanti per Aurukun Mission, con tariffe indicative e consigli per scegliere il periodo piu vantaggioso.</p>
</div>
<div class=""cpv-stat-grid"">
  <div class=""cpv-stat""><strong>EUR 193</strong><span>Prezzo indicativo da monitorare dalle principali aree aeroportuali italiane.</span></div>
  <div class=""cpv-stat""><strong>luglio</strong><span>Periodo spesso interessante per tenere sotto controllo la rotta.</span></div>
  <div class=""cpv-stat""><strong>9</strong><span>Aeroporti italiani prioritari da confrontare per questa destinazione.</span></div>
</div>
<h2>Offerte voli per Aurukun Mission</h2>
<p>Per trovare il miglior equilibrio tra prezzo, durata e comfort, conviene verificare piu aeroporti di partenza italiani e confrontare giorni feriali e weekend.</p>
<table>
  <thead>
    <tr><th>Partenza</th><th>Prezzo da</th><th>Durata indicativa</th><th>Mese da monitorare</th></tr>
  </thead>
  <tbody>
    <tr><td>Leonardo da Vinci-Fiumicino Airport (FCO)</td><td>EUR 121</td><td>6h 00</td><td>luglio</td></tr><tr><td>Ciampino-G. B. Pastine International Airport (CIA)</td><td>EUR 73</td><td>6h 00</td><td>luglio</td></tr><tr><td>Milano Malpensa Airport (MXP)</td><td>EUR 110</td><td>9h 10</td><td>agosto</td></tr><tr><td>Orio al Serio International Airport (BGY)</td><td>EUR 132</td><td>6h 50</td><td>giugno</td></tr><tr><td>Milano Linate Airport (LIN)</td><td>EUR 45</td><td>1h 20</td><td>marzo</td></tr><tr><td>Naples International Airport (NAP)</td><td>EUR 124</td><td>8h 30</td><td>ottobre</td></tr><tr><td>Venice Marco Polo Airport (VCE)</td><td>EUR 176</td><td>5h 10</td><td>febbraio</td></tr><tr><td>Catania-Fontanarossa Airport (CTA)</td><td>EUR 38</td><td>1h 10</td><td>agosto</td></tr><tr><td>Guglielmo Marconi Airport (BLQ)</td><td>EUR 170</td><td>9h 10</td><td>agosto</td></tr>
  </tbody>
</table>
<h2>Aeroporti italiani da cui conviene partire</h2>
<div class=""cpv-chip-list""><span class=""cpv-chip"">Leonardo da Vinci-Fiumicino Airport</span><span class=""cpv-chip"">Ciampino-G. B. Pastine International Airport</span><span class=""cpv-chip"">Milano Malpensa Airport</span><span class=""cpv-chip"">Orio al Serio International Airport</span><span class=""cpv-chip"">Milano Linate Airport</span><span class=""cpv-chip"">Naples International Airport</span></div>
<div class=""cpv-landing-grid"">
  <div class=""cpv-landing-card""><strong>City break</strong><p>Se Aurukun Mission e una meta urbana, le partenze del venerdi e del sabato sono spesso le piu monitorate.</p></div>
  <div class=""cpv-landing-card""><strong>Viaggi stagionali</strong><p>In alcuni periodi dell'anno le tariffe possono variare molto, soprattutto vicino ai ponti e alle festivita.</p></div>
  <div class=""cpv-landing-card""><strong>Confronto rapido</strong><p>Valuta aeroporti maggiori e secondari per capire se un piccolo spostamento porta a un risparmio concreto.</p></div>
</div>
<h2>Domande frequenti sui voli per Aurukun Mission</h2>
<div class=""cpv-faq"">
  <details><summary>Qual e il modo migliore per cercare voli per Aurukun Mission?</summary><p>Confronta piu aeroporti italiani, prova date flessibili e verifica anche partenze infrasettimanali per migliorare le possibilita di risparmio.</p></details>
  <details><summary>Meglio volo diretto o con scalo?</summary><p>Per tratte medio-brevi il diretto e spesso la scelta piu comoda, mentre su alcune rotte uno scalo puo ridurre il prezzo finale.</p></details>
  <details><summary>Quando controllare i prezzi per Aurukun Mission?</summary><p>Vale la pena iniziare a monitorare la rotta in anticipo e verificare con regolarita i giorni piu vicini alla partenza ideale.</p></details>
</div>","Voli per citta|Voli intercontinentali",city,AUU,/voli-per/aurukun-mission/,"Voli per Aurukun Mission (AUU): offerte e guide | ConfrontaPrezziVoli","Trova voli per Aurukun Mission dai principali aeroporti italiani. Tariffe indicative da EUR 193 e consigli per scegliere il periodo migliore.","voli per Aurukun Mission",cities,"Mese tipicamente conveniente: luglio"
post,publish,"Voli per Austin (AUS): offerte, compagnie e periodo migliore per prenotare",voli-per-austin-aus,"Confronta voli per Austin dai principali aeroporti italiani. Scopri prezzi indicativi, compagnie e consigli utili per organizzare la partenza.","<div class=""cpv-landing-note"">
  <p><strong>Perche cercare voli per Austin qui.</strong> Questa pagina raccoglie un quadro rapido delle partenze italiane piu interessanti per Austin, con tariffe indicative e consigli per scegliere il periodo piu vantaggioso.</p>
</div>
<div class=""cpv-stat-grid"">
  <div class=""cpv-stat""><strong>EUR 94</strong><span>Prezzo indicativo da monitorare dalle principali aree aeroportuali italiane.</span></div>
  <div class=""cpv-stat""><strong>aprile</strong><span>Periodo spesso interessante per tenere sotto controllo la rotta.</span></div>
  <div class=""cpv-stat""><strong>9</strong><span>Aeroporti italiani prioritari da confrontare per questa destinazione.</span></div>
</div>
<h2>Offerte voli per Austin</h2>
<p>Per trovare il miglior equilibrio tra prezzo, durata e comfort, conviene verificare piu aeroporti di partenza italiani e confrontare giorni feriali e weekend.</p>
<table>
  <thead>
    <tr><th>Partenza</th><th>Prezzo da</th><th>Durata indicativa</th><th>Mese da monitorare</th></tr>
  </thead>
  <tbody>
    <tr><td>Leonardo da Vinci-Fiumicino Airport (FCO)</td><td>EUR 26</td><td>5h 10</td><td>agosto</td></tr><tr><td>Ciampino-G. B. Pastine International Airport (CIA)</td><td>EUR 114</td><td>11h 50</td><td>dicembre</td></tr><tr><td>Milano Malpensa Airport (MXP)</td><td>EUR 129</td><td>5h 20</td><td>marzo</td></tr><tr><td>Orio al Serio International Airport (BGY)</td><td>EUR 63</td><td>6h 20</td><td>settembre</td></tr><tr><td>Milano Linate Airport (LIN)</td><td>EUR 198</td><td>10h 50</td><td>dicembre</td></tr><tr><td>Naples International Airport (NAP)</td><td>EUR 175</td><td>1h 00</td><td>gennaio</td></tr><tr><td>Venice Marco Polo Airport (VCE)</td><td>EUR 35</td><td>4h 40</td><td>maggio</td></tr><tr><td>Catania-Fontanarossa Airport (CTA)</td><td>EUR 141</td><td>2h 20</td><td>marzo</td></tr><tr><td>Guglielmo Marconi Airport (BLQ)</td><td>EUR 141</td><td>10h 20</td><td>marzo</td></tr>
  </tbody>
</table>
<h2>Aeroporti italiani da cui conviene partire</h2>
<div class=""cpv-chip-list""><span class=""cpv-chip"">Leonardo da Vinci-Fiumicino Airport</span><span class=""cpv-chip"">Ciampino-G. B. Pastine International Airport</span><span class=""cpv-chip"">Milano Malpensa Airport</span><span class=""cpv-chip"">Orio al Serio International Airport</span><span class=""cpv-chip"">Milano Linate Airport</span><span class=""cpv-chip"">Naples International Airport</span></div>
<div class=""cpv-landing-grid"">
  <div class=""cpv-landing-card""><strong>City break</strong><p>Se Austin e una meta urbana, le partenze del venerdi e del sabato sono spesso le piu monitorate.</p></div>
  <div class=""cpv-landing-card""><strong>Viaggi stagionali</strong><p>In alcuni periodi dell'anno le tariffe possono variare molto, soprattutto vicino ai ponti e alle festivita.</p></div>
  <div class=""cpv-landing-card""><strong>Confronto rapido</strong><p>Valuta aeroporti maggiori e secondari per capire se un piccolo spostamento porta a un risparmio concreto.</p></div>
</div>
<h2>Domande frequenti sui voli per Austin</h2>
<div class=""cpv-faq"">
  <details><summary>Qual e il modo migliore per cercare voli per Austin?</summary><p>Confronta piu aeroporti italiani, prova date flessibili e verifica anche partenze infrasettimanali per migliorare le possibilita di risparmio.</p></details>
  <details><summary>Meglio volo diretto o con scalo?</summary><p>Per tratte medio-brevi il diretto e spesso la scelta piu comoda, mentre su alcune rotte uno scalo puo ridurre il prezzo finale.</p></details>
  <details><summary>Quando controllare i prezzi per Austin?</summary><p>Vale la pena iniziare a monitorare la rotta in anticipo e verificare con regolarita i giorni piu vicini alla partenza ideale.</p></details>
</div>","Voli per citta|Voli intercontinentali",city,AUS,/voli-per/austin/,"Voli per Austin (AUS): offerte e guide | ConfrontaPrezziVoli","Trova voli per Austin dai principali aeroporti italiani. Tariffe indicative da EUR 94 e consigli per scegliere il periodo migliore.","voli per Austin",cities,"Mese tipicamente conveniente: aprile"
post,publish,"Voli per Avignon (AVN): offerte, compagnie e periodo migliore per prenotare",voli-per-avignon-avn,"Confronta voli per Avignon dai principali aeroporti italiani. Scopri prezzi indicativi, compagnie e consigli utili per organizzare la partenza.","<div class=""cpv-landing-note"">
  <p><strong>Perche cercare voli per Avignon qui.</strong> Questa pagina raccoglie un quadro rapido delle partenze italiane piu interessanti per Avignon, con tariffe indicative e consigli per scegliere il periodo piu vantaggioso.</p>
</div>
<div class=""cpv-stat-grid"">
  <div class=""cpv-stat""><strong>EUR 196</strong><span>Prezzo indicativo da monitorare dalle principali aree aeroportuali italiane.</span></div>
  <div class=""cpv-stat""><strong>ottobre</strong><span>Periodo spesso interessante per tenere sotto controllo la rotta.</span></div>
  <div class=""cpv-stat""><strong>9</strong><span>Aeroporti italiani prioritari da confrontare per questa destinazione.</span></div>
</div>
<h2>Offerte voli per Avignon</h2>
<p>Per trovare il miglior equilibrio tra prezzo, durata e comfort, conviene verificare piu aeroporti di partenza italiani e confrontare giorni feriali e weekend.</p>
<table>
  <thead>
    <tr><th>Partenza</th><th>Prezzo da</th><th>Durata indicativa</th><th>Mese da monitorare</th></tr>
  </thead>
  <tbody>
    <tr><td>Leonardo da Vinci-Fiumicino Airport (FCO)</td><td>EUR 96</td><td>10h 50</td><td>giugno</td></tr><tr><td>Ciampino-G. B. Pastine International Airport (CIA)</td><td>EUR 92</td><td>8h 10</td><td>febbraio</td></tr><tr><td>Milano Malpensa Airport (MXP)</td><td>EUR 23</td><td>11h 40</td><td>maggio</td></tr><tr><td>Orio al Serio International Airport (BGY)</td><td>EUR 53</td><td>2h 40</td><td>novembre</td></tr><tr><td>Milano Linate Airport (LIN)</td><td>EUR 112</td><td>2h 30</td><td>ottobre</td></tr><tr><td>Naples International Airport (NAP)</td><td>EUR 97</td><td>3h 00</td><td>luglio</td></tr><tr><td>Venice Marco Polo Airport (VCE)</td><td>EUR 25</td><td>2h 00</td><td>luglio</td></tr><tr><td>Catania-Fontanarossa Airport (CTA)</td><td>EUR 179</td><td>3h 40</td><td>maggio</td></tr><tr><td>Guglielmo Marconi Airport (BLQ)</td><td>EUR 23</td><td>5h 40</td><td>maggio</td></tr>
  </tbody>
</table>
<h2>Aeroporti italiani da cui conviene partire</h2>
<div class=""cpv-chip-list""><span class=""cpv-chip"">Leonardo da Vinci-Fiumicino Airport</span><span class=""cpv-chip"">Ciampino-G. B. Pastine International Airport</span><span class=""cpv-chip"">Milano Malpensa Airport</span><span class=""cpv-chip"">Orio al Serio International Airport</span><span class=""cpv-chip"">Milano Linate Airport</span><span class=""cpv-chip"">Naples International Airport</span></div>
<div class=""cpv-landing-grid"">
  <div class=""cpv-landing-card""><strong>City break</strong><p>Se Avignon e una meta urbana, le partenze del venerdi e del sabato sono spesso le piu monitorate.</p></div>
  <div class=""cpv-landing-card""><strong>Viaggi stagionali</strong><p>In alcuni periodi dell'anno le tariffe possono variare molto, soprattutto vicino ai ponti e alle festivita.</p></div>
  <div class=""cpv-landing-card""><strong>Confronto rapido</strong><p>Valuta aeroporti maggiori e secondari per capire se un piccolo spostamento porta a un risparmio concreto.</p></div>
</div>
<h2>Domande frequenti sui voli per Avignon</h2>
<div class=""cpv-faq"">
  <details><summary>Qual e il modo migliore per cercare voli per Avignon?</summary><p>Confronta piu aeroporti italiani, prova date flessibili e verifica anche partenze infrasettimanali per migliorare le possibilita di risparmio.</p></details>
  <details><summary>Meglio volo diretto o con scalo?</summary><p>Per tratte medio-brevi il diretto e spesso la scelta piu comoda, mentre su alcune rotte uno scalo puo ridurre il prezzo finale.</p></details>
  <details><summary>Quando controllare i prezzi per Avignon?</summary><p>Vale la pena iniziare a monitorare la rotta in anticipo e verificare con regolarita i giorni piu vicini alla partenza ideale.</p></details>
</div>","Voli per citta|Voli in Europa",city,AVN,/voli-per/avignon/,"Voli per Avignon (AVN): offerte e guide | ConfrontaPrezziVoli","Trova voli per Avignon dai principali aeroporti italiani. Tariffe indicative da EUR 196 e consigli per scegliere il periodo migliore.","voli per Avignon",cities,"Mese tipicamente conveniente: ottobre"
post,publish,"Voli per Awassa (AWA): offerte, compagnie e periodo migliore per prenotare",voli-per-awassa-awa,"Confronta voli per Awassa dai principali aeroporti italiani. Scopri prezzi indicativi, compagnie e consigli utili per organizzare la partenza.","<div class=""cpv-landing-note"">
  <p><strong>Perche cercare voli per Awassa qui.</strong> Questa pagina raccoglie un quadro rapido delle partenze italiane piu interessanti per Awassa, con tariffe indicative e consigli per scegliere il periodo piu vantaggioso.</p>
</div>
<div class=""cpv-stat-grid"">
  <div class=""cpv-stat""><strong>EUR 68</strong><span>Prezzo indicativo da monitorare dalle principali aree aeroportuali italiane.</span></div>
  <div class=""cpv-stat""><strong>febbraio</strong><span>Periodo spesso interessante per tenere sotto controllo la rotta.</span></div>
  <div class=""cpv-stat""><strong>9</strong><span>Aeroporti italiani prioritari da confrontare per questa destinazione.</span></div>
</div>
<h2>Offerte voli per Awassa</h2>
<p>Per trovare il miglior equilibrio tra prezzo, durata e comfort, conviene verificare piu aeroporti di partenza italiani e confrontare giorni feriali e weekend.</p>
<table>
  <thead>
    <tr><th>Partenza</th><th>Prezzo da</th><th>Durata indicativa</th><th>Mese da monitorare</th></tr>
  </thead>
  <tbody>
    <tr><td>Leonardo da Vinci-Fiumicino Airport (FCO)</td><td>EUR 56</td><td>7h 10</td><td>febbraio</td></tr><tr><td>Ciampino-G. B. Pastine International Airport (CIA)</td><td>EUR 96</td><td>11h 50</td><td>giugno</td></tr><tr><td>Milano Malpensa Airport (MXP)</td><td>EUR 19</td><td>7h 00</td><td>gennaio</td></tr><tr><td>Orio al Serio International Airport (BGY)</td><td>EUR 113</td><td>9h 40</td><td>novembre</td></tr><tr><td>Milano Linate Airport (LIN)</td><td>EUR 40</td><td>11h 30</td><td>ottobre</td></tr><tr><td>Naples International Airport (NAP)</td><td>EUR 145</td><td>1h 00</td><td>luglio</td></tr><tr><td>Venice Marco Polo Airport (VCE)</td><td>EUR 37</td><td>11h 00</td><td>luglio</td></tr><tr><td>Catania-Fontanarossa Airport (CTA)</td><td>EUR 131</td><td>5h 40</td><td>maggio</td></tr><tr><td>Guglielmo Marconi Airport (BLQ)</td><td>EUR 167</td><td>10h 40</td><td>maggio</td></tr>
  </tbody>
</table>
<h2>Aeroporti italiani da cui conviene partire</h2>
<div class=""cpv-chip-list""><span class=""cpv-chip"">Leonardo da Vinci-Fiumicino Airport</span><span class=""cpv-chip"">Ciampino-G. B. Pastine International Airport</span><span class=""cpv-chip"">Milano Malpensa Airport</span><span class=""cpv-chip"">Orio al Serio International Airport</span><span class=""cpv-chip"">Milano Linate Airport</span><span class=""cpv-chip"">Naples International Airport</span></div>
<div class=""cpv-landing-grid"">
  <div class=""cpv-landing-card""><strong>City break</strong><p>Se Awassa e una meta urbana, le partenze del venerdi e del sabato sono spesso le piu monitorate.</p></div>
  <div class=""cpv-landing-card""><strong>Viaggi stagionali</strong><p>In alcuni periodi dell'anno le tariffe possono variare molto, soprattutto vicino ai ponti e alle festivita.</p></div>
  <div class=""cpv-landing-card""><strong>Confronto rapido</strong><p>Valuta aeroporti maggiori e secondari per capire se un piccolo spostamento porta a un risparmio concreto.</p></div>
</div>
<h2>Domande frequenti sui voli per Awassa</h2>
<div class=""cpv-faq"">
  <details><summary>Qual e il modo migliore per cercare voli per Awassa?</summary><p>Confronta piu aeroporti italiani, prova date flessibili e verifica anche partenze infrasettimanali per migliorare le possibilita di risparmio.</p></details>
  <details><summary>Meglio volo diretto o con scalo?</summary><p>Per tratte medio-brevi il diretto e spesso la scelta piu comoda, mentre su alcune rotte uno scalo puo ridurre il prezzo finale.</p></details>
  <details><summary>Quando controllare i prezzi per Awassa?</summary><p>Vale la pena iniziare a monitorare la rotta in anticipo e verificare con regolarita i giorni piu vicini alla partenza ideale.</p></details>
</div>","Voli per citta|Voli intercontinentali",city,AWA,/voli-per/awassa/,"Voli per Awassa (AWA): offerte e guide | ConfrontaPrezziVoli","Trova voli per Awassa dai principali aeroporti italiani. Tariffe indicative da EUR 68 e consigli per scegliere il periodo migliore.","voli per Awassa",cities,"Mese tipicamente conveniente: febbraio"
post,publish,"Voli per Axum (AXU): offerte, compagnie e periodo migliore per prenotare",voli-per-axum-axu,"Confronta voli per Axum dai principali aeroporti italiani. Scopri prezzi indicativi, compagnie e consigli utili per organizzare la partenza.","<div class=""cpv-landing-note"">
  <p><strong>Perche cercare voli per Axum qui.</strong> Questa pagina raccoglie un quadro rapido delle partenze italiane piu interessanti per Axum, con tariffe indicative e consigli per scegliere il periodo piu vantaggioso.</p>
</div>
<div class=""cpv-stat-grid"">
  <div class=""cpv-stat""><strong>EUR 130</strong><span>Prezzo indicativo da monitorare dalle principali aree aeroportuali italiane.</span></div>
  <div class=""cpv-stat""><strong>aprile</strong><span>Periodo spesso interessante per tenere sotto controllo la rotta.</span></div>
  <div class=""cpv-stat""><strong>9</strong><span>Aeroporti italiani prioritari da confrontare per questa destinazione.</span></div>
</div>
<h2>Offerte voli per Axum</h2>
<p>Per trovare il miglior equilibrio tra prezzo, durata e comfort, conviene verificare piu aeroporti di partenza italiani e confrontare giorni feriali e weekend.</p>
<table>
  <thead>
    <tr><th>Partenza</th><th>Prezzo da</th><th>Durata indicativa</th><th>Mese da monitorare</th></tr>
  </thead>
  <tbody>
    <tr><td>Leonardo da Vinci-Fiumicino Airport (FCO)</td><td>EUR 94</td><td>2h 30</td><td>aprile</td></tr><tr><td>Ciampino-G. B. Pastine International Airport (CIA)</td><td>EUR 198</td><td>11h 50</td><td>dicembre</td></tr><tr><td>Milano Malpensa Airport (MXP)</td><td>EUR 81</td><td>9h 20</td><td>marzo</td></tr><tr><td>Orio al Serio International Airport (BGY)</td><td>EUR 155</td><td>1h 40</td><td>maggio</td></tr><tr><td>Milano Linate Airport (LIN)</td><td>EUR 42</td><td>11h 50</td><td>dicembre</td></tr><tr><td>Naples International Airport (NAP)</td><td>EUR 163</td><td>5h 00</td><td>gennaio</td></tr><tr><td>Venice Marco Polo Airport (VCE)</td><td>EUR 51</td><td>3h 20</td><td>settembre</td></tr><tr><td>Catania-Fontanarossa Airport (CTA)</td><td>EUR 25</td><td>7h 00</td><td>luglio</td></tr><tr><td>Guglielmo Marconi Airport (BLQ)</td><td>EUR 105</td><td>1h 20</td><td>marzo</td></tr>
  </tbody>
</table>
<h2>Aeroporti italiani da cui conviene partire</h2>
<div class=""cpv-chip-list""><span class=""cpv-chip"">Leonardo da Vinci-Fiumicino Airport</span><span class=""cpv-chip"">Ciampino-G. B. Pastine International Airport</span><span class=""cpv-chip"">Milano Malpensa Airport</span><span class=""cpv-chip"">Orio al Serio International Airport</span><span class=""cpv-chip"">Milano Linate Airport</span><span class=""cpv-chip"">Naples International Airport</span></div>
<div class=""cpv-landing-grid"">
  <div class=""cpv-landing-card""><strong>City break</strong><p>Se Axum e una meta urbana, le partenze del venerdi e del sabato sono spesso le piu monitorate.</p></div>
  <div class=""cpv-landing-card""><strong>Viaggi stagionali</strong><p>In alcuni periodi dell'anno le tariffe possono variare molto, soprattutto vicino ai ponti e alle festivita.</p></div>
  <div class=""cpv-landing-card""><strong>Confronto rapido</strong><p>Valuta aeroporti maggiori e secondari per capire se un piccolo spostamento porta a un risparmio concreto.</p></div>
</div>
<h2>Domande frequenti sui voli per Axum</h2>
<div class=""cpv-faq"">
  <details><summary>Qual e il modo migliore per cercare voli per Axum?</summary><p>Confronta piu aeroporti italiani, prova date flessibili e verifica anche partenze infrasettimanali per migliorare le possibilita di risparmio.</p></details>
  <details><summary>Meglio volo diretto o con scalo?</summary><p>Per tratte medio-brevi il diretto e spesso la scelta piu comoda, mentre su alcune rotte uno scalo puo ridurre il prezzo finale.</p></details>
  <details><summary>Quando controllare i prezzi per Axum?</summary><p>Vale la pena iniziare a monitorare la rotta in anticipo e verificare con regolarita i giorni piu vicini alla partenza ideale.</p></details>
</div>","Voli per citta|Voli intercontinentali",city,AXU,/voli-per/axum/,"Voli per Axum (AXU): offerte e guide | ConfrontaPrezziVoli","Trova voli per Axum dai principali aeroporti italiani. Tariffe indicative da EUR 130 e consigli per scegliere il periodo migliore.","voli per Axum",cities,"Mese tipicamente conveniente: aprile"
post,publish,"Voli per Ayacucho (AYP): offerte, compagnie e periodo migliore per prenotare",voli-per-ayacucho-ayp,"Confronta voli per Ayacucho dai principali aeroporti italiani. Scopri prezzi indicativi, compagnie e consigli utili per organizzare la partenza.","<div class=""cpv-landing-note"">
  <p><strong>Perche cercare voli per Ayacucho qui.</strong> Questa pagina raccoglie un quadro rapido delle partenze italiane piu interessanti per Ayacucho, con tariffe indicative e consigli per scegliere il periodo piu vantaggioso.</p>
</div>
<div class=""cpv-stat-grid"">
  <div class=""cpv-stat""><strong>EUR 28</strong><span>Prezzo indicativo da monitorare dalle principali aree aeroportuali italiane.</span></div>
  <div class=""cpv-stat""><strong>ottobre</strong><span>Periodo spesso interessante per tenere sotto controllo la rotta.</span></div>
  <div class=""cpv-stat""><strong>9</strong><span>Aeroporti italiani prioritari da confrontare per questa destinazione.</span></div>
</div>
<h2>Offerte voli per Ayacucho</h2>
<p>Per trovare il miglior equilibrio tra prezzo, durata e comfort, conviene verificare piu aeroporti di partenza italiani e confrontare giorni feriali e weekend.</p>
<table>
  <thead>
    <tr><th>Partenza</th><th>Prezzo da</th><th>Durata indicativa</th><th>Mese da monitorare</th></tr>
  </thead>
  <tbody>
    <tr><td>Leonardo da Vinci-Fiumicino Airport (FCO)</td><td>EUR 64</td><td>10h 30</td><td>ottobre</td></tr><tr><td>Ciampino-G. B. Pastine International Airport (CIA)</td><td>EUR 48</td><td>1h 50</td><td>giugno</td></tr><tr><td>Milano Malpensa Airport (MXP)</td><td>EUR 179</td><td>4h 40</td><td>maggio</td></tr><tr><td>Orio al Serio International Airport (BGY)</td><td>EUR 53</td><td>11h 40</td><td>novembre</td></tr><tr><td>Milano Linate Airport (LIN)</td><td>EUR 148</td><td>7h 30</td><td>ottobre</td></tr><tr><td>Naples International Airport (NAP)</td><td>EUR 77</td><td>11h 40</td><td>novembre</td></tr><tr><td>Venice Marco Polo Airport (VCE)</td><td>EUR 73</td><td>9h 00</td><td>luglio</td></tr><tr><td>Catania-Fontanarossa Airport (CTA)</td><td>EUR 167</td><td>7h 40</td><td>maggio</td></tr><tr><td>Guglielmo Marconi Airport (BLQ)</td><td>EUR 67</td><td>6h 00</td><td>gennaio</td></tr>
  </tbody>
</table>
<h2>Aeroporti italiani da cui conviene partire</h2>
<div class=""cpv-chip-list""><span class=""cpv-chip"">Leonardo da Vinci-Fiumicino Airport</span><span class=""cpv-chip"">Ciampino-G. B. Pastine International Airport</span><span class=""cpv-chip"">Milano Malpensa Airport</span><span class=""cpv-chip"">Orio al Serio International Airport</span><span class=""cpv-chip"">Milano Linate Airport</span><span class=""cpv-chip"">Naples International Airport</span></div>
<div class=""cpv-landing-grid"">
  <div class=""cpv-landing-card""><strong>City break</strong><p>Se Ayacucho e una meta urbana, le partenze del venerdi e del sabato sono spesso le piu monitorate.</p></div>
  <div class=""cpv-landing-card""><strong>Viaggi stagionali</strong><p>In alcuni periodi dell'anno le tariffe possono variare molto, soprattutto vicino ai ponti e alle festivita.</p></div>
  <div class=""cpv-landing-card""><strong>Confronto rapido</strong><p>Valuta aeroporti maggiori e secondari per capire se un piccolo spostamento porta a un risparmio concreto.</p></div>
</div>
<h2>Domande frequenti sui voli per Ayacucho</h2>
<div class=""cpv-faq"">
  <details><summary>Qual e il modo migliore per cercare voli per Ayacucho?</summary><p>Confronta piu aeroporti italiani, prova date flessibili e verifica anche partenze infrasettimanali per migliorare le possibilita di risparmio.</p></details>
  <details><summary>Meglio volo diretto o con scalo?</summary><p>Per tratte medio-brevi il diretto e spesso la scelta piu comoda, mentre su alcune rotte uno scalo puo ridurre il prezzo finale.</p></details>
  <details><summary>Quando controllare i prezzi per Ayacucho?</summary><p>Vale la pena iniziare a monitorare la rotta in anticipo e verificare con regolarita i giorni piu vicini alla partenza ideale.</p></details>
</div>","Voli per citta|Voli intercontinentali",city,AYP,/voli-per/ayacucho/,"Voli per Ayacucho (AYP): offerte e guide | ConfrontaPrezziVoli","Trova voli per Ayacucho dai principali aeroporti italiani. Tariffe indicative da EUR 28 e consigli per scegliere il periodo migliore.","voli per Ayacucho",cities,"Mese tipicamente conveniente: ottobre"
post,publish,"Voli per Ayers Rock (AYQ): offerte, compagnie e periodo migliore per prenotare",voli-per-ayers-rock-ayq,"Confronta voli per Ayers Rock dai principali aeroporti italiani. Scopri prezzi indicativi, compagnie e consigli utili per organizzare la partenza.","<div class=""cpv-landing-note"">
  <p><strong>Perche cercare voli per Ayers Rock qui.</strong> Questa pagina raccoglie un quadro rapido delle partenze italiane piu interessanti per Ayers Rock, con tariffe indicative e consigli per scegliere il periodo piu vantaggioso.</p>
</div>
<div class=""cpv-stat-grid"">
  <div class=""cpv-stat""><strong>EUR 54</strong><span>Prezzo indicativo da monitorare dalle principali aree aeroportuali italiane.</span></div>
  <div class=""cpv-stat""><strong>dicembre</strong><span>Periodo spesso interessante per tenere sotto controllo la rotta.</span></div>
  <div class=""cpv-stat""><strong>9</strong><span>Aeroporti italiani prioritari da confrontare per questa destinazione.</span></div>
</div>
<h2>Offerte voli per Ayers Rock</h2>
<p>Per trovare il miglior equilibrio tra prezzo, durata e comfort, conviene verificare piu aeroporti di partenza italiani e confrontare giorni feriali e weekend.</p>
<table>
  <thead>
    <tr><th>Partenza</th><th>Prezzo da</th><th>Durata indicativa</th><th>Mese da monitorare</th></tr>
  </thead>
  <tbody>
    <tr><td>Leonardo da Vinci-Fiumicino Airport (FCO)</td><td>EUR 26</td><td>3h 10</td><td>agosto</td></tr><tr><td>Ciampino-G. B. Pastine International Airport (CIA)</td><td>EUR 174</td><td>10h 50</td><td>dicembre</td></tr><tr><td>Milano Malpensa Airport (MXP)</td><td>EUR 73</td><td>2h 00</td><td>luglio</td></tr><tr><td>Orio al Serio International Airport (BGY)</td><td>EUR 67</td><td>6h 00</td><td>gennaio</td></tr><tr><td>Milano Linate Airport (LIN)</td><td>EUR 94</td><td>11h 30</td><td>aprile</td></tr><tr><td>Naples International Airport (NAP)</td><td>EUR 71</td><td>4h 40</td><td>maggio</td></tr><tr><td>Venice Marco Polo Airport (VCE)</td><td>EUR 67</td><td>2h 00</td><td>gennaio</td></tr><tr><td>Catania-Fontanarossa Airport (CTA)</td><td>EUR 129</td><td>9h 20</td><td>marzo</td></tr><tr><td>Guglielmo Marconi Airport (BLQ)</td><td>EUR 109</td><td>9h 00</td><td>luglio</td></tr>
  </tbody>
</table>
<h2>Aeroporti italiani da cui conviene partire</h2>
<div class=""cpv-chip-list""><span class=""cpv-chip"">Leonardo da Vinci-Fiumicino Airport</span><span class=""cpv-chip"">Ciampino-G. B. Pastine International Airport</span><span class=""cpv-chip"">Milano Malpensa Airport</span><span class=""cpv-chip"">Orio al Serio International Airport</span><span class=""cpv-chip"">Milano Linate Airport</span><span class=""cpv-chip"">Naples International Airport</span></div>
<div class=""cpv-landing-grid"">
  <div class=""cpv-landing-card""><strong>City break</strong><p>Se Ayers Rock e una meta urbana, le partenze del venerdi e del sabato sono spesso le piu monitorate.</p></div>
  <div class=""cpv-landing-card""><strong>Viaggi stagionali</strong><p>In alcuni periodi dell'anno le tariffe possono variare molto, soprattutto vicino ai ponti e alle festivita.</p></div>
  <div class=""cpv-landing-card""><strong>Confronto rapido</strong><p>Valuta aeroporti maggiori e secondari per capire se un piccolo spostamento porta a un risparmio concreto.</p></div>
</div>
<h2>Domande frequenti sui voli per Ayers Rock</h2>
<div class=""cpv-faq"">
  <details><summary>Qual e il modo migliore per cercare voli per Ayers Rock?</summary><p>Confronta piu aeroporti italiani, prova date flessibili e verifica anche partenze infrasettimanali per migliorare le possibilita di risparmio.</p></details>
  <details><summary>Meglio volo diretto o con scalo?</summary><p>Per tratte medio-brevi il diretto e spesso la scelta piu comoda, mentre su alcune rotte uno scalo puo ridurre il prezzo finale.</p></details>
  <details><summary>Quando controllare i prezzi per Ayers Rock?</summary><p>Vale la pena iniziare a monitorare la rotta in anticipo e verificare con regolarita i giorni piu vicini alla partenza ideale.</p></details>
</div>","Voli per citta|Voli intercontinentali",city,AYQ,/voli-per/ayers-rock/,"Voli per Ayers Rock (AYQ): offerte e guide | ConfrontaPrezziVoli","Trova voli per Ayers Rock dai principali aeroporti italiani. Tariffe indicative da EUR 54 e consigli per scegliere il periodo migliore.","voli per Ayers Rock",cities,"Mese tipicamente conveniente: dicembre"
post,publish,"Voli per Ayodhya (AYJ): offerte, compagnie e periodo migliore per prenotare",voli-per-ayodhya-ayj,"Confronta voli per Ayodhya dai principali aeroporti italiani. Scopri prezzi indicativi, compagnie e consigli utili per organizzare la partenza.","<div class=""cpv-landing-note"">
  <p><strong>Perche cercare voli per Ayodhya qui.</strong> Questa pagina raccoglie un quadro rapido delle partenze italiane piu interessanti per Ayodhya, con tariffe indicative e consigli per scegliere il periodo piu vantaggioso.</p>
</div>
<div class=""cpv-stat-grid"">
  <div class=""cpv-stat""><strong>EUR 62</strong><span>Prezzo indicativo da monitorare dalle principali aree aeroportuali italiane.</span></div>
  <div class=""cpv-stat""><strong>agosto</strong><span>Periodo spesso interessante per tenere sotto controllo la rotta.</span></div>
  <div class=""cpv-stat""><strong>9</strong><span>Aeroporti italiani prioritari da confrontare per questa destinazione.</span></div>
</div>
<h2>Offerte voli per Ayodhya</h2>
<p>Per trovare il miglior equilibrio tra prezzo, durata e comfort, conviene verificare piu aeroporti di partenza italiani e confrontare giorni feriali e weekend.</p>
<table>
  <thead>
    <tr><th>Partenza</th><th>Prezzo da</th><th>Durata indicativa</th><th>Mese da monitorare</th></tr>
  </thead>
  <tbody>
    <tr><td>Leonardo da Vinci-Fiumicino Airport (FCO)</td><td>EUR 138</td><td>4h 50</td><td>dicembre</td></tr><tr><td>Ciampino-G. B. Pastine International Airport (CIA)</td><td>EUR 66</td><td>7h 50</td><td>dicembre</td></tr><tr><td>Milano Malpensa Airport (MXP)</td><td>EUR 93</td><td>7h 20</td><td>marzo</td></tr><tr><td>Orio al Serio International Airport (BGY)</td><td>EUR 35</td><td>2h 40</td><td>maggio</td></tr><tr><td>Milano Linate Airport (LIN)</td><td>EUR 154</td><td>8h 30</td><td>aprile</td></tr><tr><td>Naples International Airport (NAP)</td><td>EUR 131</td><td>3h 40</td><td>maggio</td></tr><tr><td>Venice Marco Polo Airport (VCE)</td><td>EUR 43</td><td>2h 00</td><td>gennaio</td></tr><tr><td>Catania-Fontanarossa Airport (CTA)</td><td>EUR 53</td><td>8h 40</td><td>novembre</td></tr><tr><td>Guglielmo Marconi Airport (BLQ)</td><td>EUR 37</td><td>2h 00</td><td>luglio</td></tr>
  </tbody>
</table>
<h2>Aeroporti italiani da cui conviene partire</h2>
<div class=""cpv-chip-list""><span class=""cpv-chip"">Leonardo da Vinci-Fiumicino Airport</span><span class=""cpv-chip"">Ciampino-G. B. Pastine International Airport</span><span class=""cpv-chip"">Milano Malpensa Airport</span><span class=""cpv-chip"">Orio al Serio International Airport</span><span class=""cpv-chip"">Milano Linate Airport</span><span class=""cpv-chip"">Naples International Airport</span></div>
<div class=""cpv-landing-grid"">
  <div class=""cpv-landing-card""><strong>City break</strong><p>Se Ayodhya e una meta urbana, le partenze del venerdi e del sabato sono spesso le piu monitorate.</p></div>
  <div class=""cpv-landing-card""><strong>Viaggi stagionali</strong><p>In alcuni periodi dell'anno le tariffe possono variare molto, soprattutto vicino ai ponti e alle festivita.</p></div>
  <div class=""cpv-landing-card""><strong>Confronto rapido</strong><p>Valuta aeroporti maggiori e secondari per capire se un piccolo spostamento porta a un risparmio concreto.</p></div>
</div>
<h2>Domande frequenti sui voli per Ayodhya</h2>
<div class=""cpv-faq"">
  <details><summary>Qual e il modo migliore per cercare voli per Ayodhya?</summary><p>Confronta piu aeroporti italiani, prova date flessibili e verifica anche partenze infrasettimanali per migliorare le possibilita di risparmio.</p></details>
  <details><summary>Meglio volo diretto o con scalo?</summary><p>Per tratte medio-brevi il diretto e spesso la scelta piu comoda, mentre su alcune rotte uno scalo puo ridurre il prezzo finale.</p></details>
  <details><summary>Quando controllare i prezzi per Ayodhya?</summary><p>Vale la pena iniziare a monitorare la rotta in anticipo e verificare con regolarita i giorni piu vicini alla partenza ideale.</p></details>
</div>","Voli per citta|Voli intercontinentali",city,AYJ,/voli-per/ayodhya/,"Voli per Ayodhya (AYJ): offerte e guide | ConfrontaPrezziVoli","Trova voli per Ayodhya dai principali aeroporti italiani. Tariffe indicative da EUR 62 e consigli per scegliere il periodo migliore.","voli per Ayodhya",cities,"Mese tipicamente conveniente: agosto"
post,publish,"Voli per Bacau (BCM): offerte, compagnie e periodo migliore per prenotare",voli-per-bacau-bcm,"Confronta voli per Bacau dai principali aeroporti italiani. Scopri prezzi indicativi, compagnie e consigli utili per organizzare la partenza.","<div class=""cpv-landing-note"">
  <p><strong>Perche cercare voli per Bacau qui.</strong> Questa pagina raccoglie un quadro rapido delle partenze italiane piu interessanti per Bacau, con tariffe indicative e consigli per scegliere il periodo piu vantaggioso.</p>
</div>
<div class=""cpv-stat-grid"">
  <div class=""cpv-stat""><strong>EUR 65</strong><span>Prezzo indicativo da monitorare dalle principali aree aeroportuali italiane.</span></div>
  <div class=""cpv-stat""><strong>novembre</strong><span>Periodo spesso interessante per tenere sotto controllo la rotta.</span></div>
  <div class=""cpv-stat""><strong>9</strong><span>Aeroporti italiani prioritari da confrontare per questa destinazione.</span></div>
</div>
<h2>Offerte voli per Bacau</h2>
<p>Per trovare il miglior equilibrio tra prezzo, durata e comfort, conviene verificare piu aeroporti di partenza italiani e confrontare giorni feriali e weekend.</p>
<table>
  <thead>
    <tr><th>Partenza</th><th>Prezzo da</th><th>Durata indicativa</th><th>Mese da monitorare</th></tr>
  </thead>
  <tbody>
    <tr><td>Leonardo da Vinci-Fiumicino Airport (FCO)</td><td>EUR 37</td><td>11h 00</td><td>luglio</td></tr><tr><td>Ciampino-G. B. Pastine International Airport (CIA)</td><td>EUR 45</td><td>9h 20</td><td>marzo</td></tr><tr><td>Milano Malpensa Airport (MXP)</td><td>EUR 154</td><td>6h 30</td><td>aprile</td></tr><tr><td>Orio al Serio International Airport (BGY)</td><td>EUR 140</td><td>1h 10</td><td>febbraio</td></tr><tr><td>Milano Linate Airport (LIN)</td><td>EUR 181</td><td>11h 00</td><td>luglio</td></tr><tr><td>Naples International Airport (NAP)</td><td>EUR 132</td><td>4h 50</td><td>giugno</td></tr><tr><td>Venice Marco Polo Airport (VCE)</td><td>EUR 108</td><td>5h 50</td><td>giugno</td></tr><tr><td>Catania-Fontanarossa Airport (CTA)</td><td>EUR 102</td><td>8h 50</td><td>dicembre</td></tr><tr><td>Guglielmo Marconi Airport (BLQ)</td><td>EUR 190</td><td>6h 30</td><td>aprile</td></tr>
  </tbody>
</table>
<h2>Aeroporti italiani da cui conviene partire</h2>
<div class=""cpv-chip-list""><span class=""cpv-chip"">Leonardo da Vinci-Fiumicino Airport</span><span class=""cpv-chip"">Ciampino-G. B. Pastine International Airport</span><span class=""cpv-chip"">Milano Malpensa Airport</span><span class=""cpv-chip"">Orio al Serio International Airport</span><span class=""cpv-chip"">Milano Linate Airport</span><span class=""cpv-chip"">Naples International Airport</span></div>
<div class=""cpv-landing-grid"">
  <div class=""cpv-landing-card""><strong>City break</strong><p>Se Bacau e una meta urbana, le partenze del venerdi e del sabato sono spesso le piu monitorate.</p></div>
  <div class=""cpv-landing-card""><strong>Viaggi stagionali</strong><p>In alcuni periodi dell'anno le tariffe possono variare molto, soprattutto vicino ai ponti e alle festivita.</p></div>
  <div class=""cpv-landing-card""><strong>Confronto rapido</strong><p>Valuta aeroporti maggiori e secondari per capire se un piccolo spostamento porta a un risparmio concreto.</p></div>
</div>
<h2>Domande frequenti sui voli per Bacau</h2>
<div class=""cpv-faq"">
  <details><summary>Qual e il modo migliore per cercare voli per Bacau?</summary><p>Confronta piu aeroporti italiani, prova date flessibili e verifica anche partenze infrasettimanali per migliorare le possibilita di risparmio.</p></details>
  <details><summary>Meglio volo diretto o con scalo?</summary><p>Per tratte medio-brevi il diretto e spesso la scelta piu comoda, mentre su alcune rotte uno scalo puo ridurre il prezzo finale.</p></details>
  <details><summary>Quando controllare i prezzi per Bacau?</summary><p>Vale la pena iniziare a monitorare la rotta in anticipo e verificare con regolarita i giorni piu vicini alla partenza ideale.</p></details>
</div>","Voli per citta|Voli in Europa",city,BCM,/voli-per/bacau/,"Voli per Bacau (BCM): offerte e guide | ConfrontaPrezziVoli","Trova voli per Bacau dai principali aeroporti italiani. Tariffe indicative da EUR 65 e consigli per scegliere il periodo migliore.","voli per Bacau",cities,"Mese tipicamente conveniente: novembre"
post,publish,"Voli per Bacolod (BCD): offerte, compagnie e periodo migliore per prenotare",voli-per-bacolod-bcd,"Confronta voli per Bacolod dai principali aeroporti italiani. Scopri prezzi indicativi, compagnie e consigli utili per organizzare la partenza.","<div class=""cpv-landing-note"">
  <p><strong>Perche cercare voli per Bacolod qui.</strong> Questa pagina raccoglie un quadro rapido delle partenze italiane piu interessanti per Bacolod, con tariffe indicative e consigli per scegliere il periodo piu vantaggioso.</p>
</div>
<div class=""cpv-stat-grid"">
  <div class=""cpv-stat""><strong>EUR 177</strong><span>Prezzo indicativo da monitorare dalle principali aree aeroportuali italiane.</span></div>
  <div class=""cpv-stat""><strong>marzo</strong><span>Periodo spesso interessante per tenere sotto controllo la rotta.</span></div>
  <div class=""cpv-stat""><strong>9</strong><span>Aeroporti italiani prioritari da confrontare per questa destinazione.</span></div>
</div>
<h2>Offerte voli per Bacolod</h2>
<p>Per trovare il miglior equilibrio tra prezzo, durata e comfort, conviene verificare piu aeroporti di partenza italiani e confrontare giorni feriali e weekend.</p>
<table>
  <thead>
    <tr><th>Partenza</th><th>Prezzo da</th><th>Durata indicativa</th><th>Mese da monitorare</th></tr>
  </thead>
  <tbody>
    <tr><td>Leonardo da Vinci-Fiumicino Airport (FCO)</td><td>EUR 185</td><td>8h 40</td><td>novembre</td></tr><tr><td>Ciampino-G. B. Pastine International Airport (CIA)</td><td>EUR 77</td><td>9h 40</td><td>novembre</td></tr><tr><td>Milano Malpensa Airport (MXP)</td><td>EUR 82</td><td>2h 30</td><td>aprile</td></tr><tr><td>Orio al Serio International Airport (BGY)</td><td>EUR 56</td><td>9h 10</td><td>febbraio</td></tr><tr><td>Milano Linate Airport (LIN)</td><td>EUR 33</td><td>11h 20</td><td>marzo</td></tr><tr><td>Naples International Airport (NAP)</td><td>EUR 52</td><td>4h 30</td><td>ottobre</td></tr><tr><td>Venice Marco Polo Airport (VCE)</td><td>EUR 120</td><td>3h 50</td><td>giugno</td></tr><tr><td>Catania-Fontanarossa Airport (CTA)</td><td>EUR 50</td><td>8h 10</td><td>agosto</td></tr><tr><td>Guglielmo Marconi Airport (BLQ)</td><td>EUR 62</td><td>9h 10</td><td>agosto</td></tr>
  </tbody>
</table>
<h2>Aeroporti italiani da cui conviene partire</h2>
<div class=""cpv-chip-list""><span class=""cpv-chip"">Leonardo da Vinci-Fiumicino Airport</span><span class=""cpv-chip"">Ciampino-G. B. Pastine International Airport</span><span class=""cpv-chip"">Milano Malpensa Airport</span><span class=""cpv-chip"">Orio al Serio International Airport</span><span class=""cpv-chip"">Milano Linate Airport</span><span class=""cpv-chip"">Naples International Airport</span></div>
<div class=""cpv-landing-grid"">
  <div class=""cpv-landing-card""><strong>City break</strong><p>Se Bacolod e una meta urbana, le partenze del venerdi e del sabato sono spesso le piu monitorate.</p></div>
  <div class=""cpv-landing-card""><strong>Viaggi stagionali</strong><p>In alcuni periodi dell'anno le tariffe possono variare molto, soprattutto vicino ai ponti e alle festivita.</p></div>
  <div class=""cpv-landing-card""><strong>Confronto rapido</strong><p>Valuta aeroporti maggiori e secondari per capire se un piccolo spostamento porta a un risparmio concreto.</p></div>
</div>
<h2>Domande frequenti sui voli per Bacolod</h2>
<div class=""cpv-faq"">
  <details><summary>Qual e il modo migliore per cercare voli per Bacolod?</summary><p>Confronta piu aeroporti italiani, prova date flessibili e verifica anche partenze infrasettimanali per migliorare le possibilita di risparmio.</p></details>
  <details><summary>Meglio volo diretto o con scalo?</summary><p>Per tratte medio-brevi il diretto e spesso la scelta piu comoda, mentre su alcune rotte uno scalo puo ridurre il prezzo finale.</p></details>
  <details><summary>Quando controllare i prezzi per Bacolod?</summary><p>Vale la pena iniziare a monitorare la rotta in anticipo e verificare con regolarita i giorni piu vicini alla partenza ideale.</p></details>
</div>","Voli per citta|Voli intercontinentali",city,BCD,/voli-per/bacolod/,"Voli per Bacolod (BCD): offerte e guide | ConfrontaPrezziVoli","Trova voli per Bacolod dai principali aeroporti italiani. Tariffe indicative da EUR 177 e consigli per scegliere il periodo migliore.","voli per Bacolod",cities,"Mese tipicamente conveniente: marzo"
post,publish,"Voli per Badajoz (BJZ): offerte, compagnie e periodo migliore per prenotare",voli-per-badajoz-bjz,"Confronta voli per Badajoz dai principali aeroporti italiani. Scopri prezzi indicativi, compagnie e consigli utili per organizzare la partenza.","<div class=""cpv-landing-note"">
  <p><strong>Perche cercare voli per Badajoz qui.</strong> Questa pagina raccoglie un quadro rapido delle partenze italiane piu interessanti per Badajoz, con tariffe indicative e consigli per scegliere il periodo piu vantaggioso.</p>
</div>
<div class=""cpv-stat-grid"">
  <div class=""cpv-stat""><strong>EUR 39</strong><span>Prezzo indicativo da monitorare dalle principali aree aeroportuali italiane.</span></div>
  <div class=""cpv-stat""><strong>settembre</strong><span>Periodo spesso interessante per tenere sotto controllo la rotta.</span></div>
  <div class=""cpv-stat""><strong>9</strong><span>Aeroporti italiani prioritari da confrontare per questa destinazione.</span></div>
</div>
<h2>Offerte voli per Badajoz</h2>
<p>Per trovare il miglior equilibrio tra prezzo, durata e comfort, conviene verificare piu aeroporti di partenza italiani e confrontare giorni feriali e weekend.</p>
<table>
  <thead>
    <tr><th>Partenza</th><th>Prezzo da</th><th>Durata indicativa</th><th>Mese da monitorare</th></tr>
  </thead>
  <tbody>
    <tr><td>Leonardo da Vinci-Fiumicino Airport (FCO)</td><td>EUR 35</td><td>1h 40</td><td>maggio</td></tr><tr><td>Ciampino-G. B. Pastine International Airport (CIA)</td><td>EUR 187</td><td>7h 00</td><td>gennaio</td></tr><tr><td>Milano Malpensa Airport (MXP)</td><td>EUR 84</td><td>2h 50</td><td>giugno</td></tr><tr><td>Orio al Serio International Airport (BGY)</td><td>EUR 50</td><td>9h 10</td><td>agosto</td></tr><tr><td>Milano Linate Airport (LIN)</td><td>EUR 131</td><td>5h 40</td><td>maggio</td></tr><tr><td>Naples International Airport (NAP)</td><td>EUR 166</td><td>9h 30</td><td>aprile</td></tr><tr><td>Venice Marco Polo Airport (VCE)</td><td>EUR 154</td><td>10h 30</td><td>aprile</td></tr><tr><td>Catania-Fontanarossa Airport (CTA)</td><td>EUR 180</td><td>5h 50</td><td>giugno</td></tr><tr><td>Guglielmo Marconi Airport (BLQ)</td><td>EUR 72</td><td>11h 50</td><td>giugno</td></tr>
  </tbody>
</table>
<h2>Aeroporti italiani da cui conviene partire</h2>
<div class=""cpv-chip-list""><span class=""cpv-chip"">Leonardo da Vinci-Fiumicino Airport</span><span class=""cpv-chip"">Ciampino-G. B. Pastine International Airport</span><span class=""cpv-chip"">Milano Malpensa Airport</span><span class=""cpv-chip"">Orio al Serio International Airport</span><span class=""cpv-chip"">Milano Linate Airport</span><span class=""cpv-chip"">Naples International Airport</span></div>
<div class=""cpv-landing-grid"">
  <div class=""cpv-landing-card""><strong>City break</strong><p>Se Badajoz e una meta urbana, le partenze del venerdi e del sabato sono spesso le piu monitorate.</p></div>
  <div class=""cpv-landing-card""><strong>Viaggi stagionali</strong><p>In alcuni periodi dell'anno le tariffe possono variare molto, soprattutto vicino ai ponti e alle festivita.</p></div>
  <div class=""cpv-landing-card""><strong>Confronto rapido</strong><p>Valuta aeroporti maggiori e secondari per capire se un piccolo spostamento porta a un risparmio concreto.</p></div>
</div>
<h2>Domande frequenti sui voli per Badajoz</h2>
<div class=""cpv-faq"">
  <details><summary>Qual e il modo migliore per cercare voli per Badajoz?</summary><p>Confronta piu aeroporti italiani, prova date flessibili e verifica anche partenze infrasettimanali per migliorare le possibilita di risparmio.</p></details>
  <details><summary>Meglio volo diretto o con scalo?</summary><p>Per tratte medio-brevi il diretto e spesso la scelta piu comoda, mentre su alcune rotte uno scalo puo ridurre il prezzo finale.</p></details>
  <details><summary>Quando controllare i prezzi per Badajoz?</summary><p>Vale la pena iniziare a monitorare la rotta in anticipo e verificare con regolarita i giorni piu vicini alla partenza ideale.</p></details>
</div>","Voli per citta|Voli in Europa",city,BJZ,/voli-per/badajoz/,"Voli per Badajoz (BJZ): offerte e guide | ConfrontaPrezziVoli","Trova voli per Badajoz dai principali aeroporti italiani. Tariffe indicative da EUR 39 e consigli per scegliere il periodo migliore.","voli per Badajoz",cities,"Mese tipicamente conveniente: settembre"
post,publish,"Voli per Badu Island (BDD): offerte, compagnie e periodo migliore per prenotare",voli-per-badu-island-bdd,"Confronta voli per Badu Island dai principali aeroporti italiani. Scopri prezzi indicativi, compagnie e consigli utili per organizzare la partenza.","<div class=""cpv-landing-note"">
  <p><strong>Perche cercare voli per Badu Island qui.</strong> Questa pagina raccoglie un quadro rapido delle partenze italiane piu interessanti per Badu Island, con tariffe indicative e consigli per scegliere il periodo piu vantaggioso.</p>
</div>
<div class=""cpv-stat-grid"">
  <div class=""cpv-stat""><strong>EUR 172</strong><span>Prezzo indicativo da monitorare dalle principali aree aeroportuali italiane.</span></div>
  <div class=""cpv-stat""><strong>ottobre</strong><span>Periodo spesso interessante per tenere sotto controllo la rotta.</span></div>
  <div class=""cpv-stat""><strong>9</strong><span>Aeroporti italiani prioritari da confrontare per questa destinazione.</span></div>
</div>
<h2>Offerte voli per Badu Island</h2>
<p>Per trovare il miglior equilibrio tra prezzo, durata e comfort, conviene verificare piu aeroporti di partenza italiani e confrontare giorni feriali e weekend.</p>
<table>
  <thead>
    <tr><th>Partenza</th><th>Prezzo da</th><th>Durata indicativa</th><th>Mese da monitorare</th></tr>
  </thead>
  <tbody>
    <tr><td>Leonardo da Vinci-Fiumicino Airport (FCO)</td><td>EUR 172</td><td>11h 30</td><td>ottobre</td></tr><tr><td>Ciampino-G. B. Pastine International Airport (CIA)</td><td>EUR 116</td><td>10h 10</td><td>febbraio</td></tr><tr><td>Milano Malpensa Airport (MXP)</td><td>EUR 147</td><td>4h 20</td><td>settembre</td></tr><tr><td>Orio al Serio International Airport (BGY)</td><td>EUR 53</td><td>5h 40</td><td>novembre</td></tr><tr><td>Milano Linate Airport (LIN)</td><td>EUR 120</td><td>10h 50</td><td>giugno</td></tr><tr><td>Naples International Airport (NAP)</td><td>EUR 133</td><td>2h 00</td><td>luglio</td></tr><tr><td>Venice Marco Polo Airport (VCE)</td><td>EUR 117</td><td>1h 20</td><td>marzo</td></tr><tr><td>Catania-Fontanarossa Airport (CTA)</td><td>EUR 59</td><td>8h 40</td><td>maggio</td></tr><tr><td>Guglielmo Marconi Airport (BLQ)</td><td>EUR 27</td><td>9h 20</td><td>settembre</td></tr>
  </tbody>
</table>
<h2>Aeroporti italiani da cui conviene partire</h2>
<div class=""cpv-chip-list""><span class=""cpv-chip"">Leonardo da Vinci-Fiumicino Airport</span><span class=""cpv-chip"">Ciampino-G. B. Pastine International Airport</span><span class=""cpv-chip"">Milano Malpensa Airport</span><span class=""cpv-chip"">Orio al Serio International Airport</span><span class=""cpv-chip"">Milano Linate Airport</span><span class=""cpv-chip"">Naples International Airport</span></div>
<div class=""cpv-landing-grid"">
  <div class=""cpv-landing-card""><strong>City break</strong><p>Se Badu Island e una meta urbana, le partenze del venerdi e del sabato sono spesso le piu monitorate.</p></div>
  <div class=""cpv-landing-card""><strong>Viaggi stagionali</strong><p>In alcuni periodi dell'anno le tariffe possono variare molto, soprattutto vicino ai ponti e alle festivita.</p></div>
  <div class=""cpv-landing-card""><strong>Confronto rapido</strong><p>Valuta aeroporti maggiori e secondari per capire se un piccolo spostamento porta a un risparmio concreto.</p></div>
</div>
<h2>Domande frequenti sui voli per Badu Island</h2>
<div class=""cpv-faq"">
  <details><summary>Qual e il modo migliore per cercare voli per Badu Island?</summary><p>Confronta piu aeroporti italiani, prova date flessibili e verifica anche partenze infrasettimanali per migliorare le possibilita di risparmio.</p></details>
  <details><summary>Meglio volo diretto o con scalo?</summary><p>Per tratte medio-brevi il diretto e spesso la scelta piu comoda, mentre su alcune rotte uno scalo puo ridurre il prezzo finale.</p></details>
  <details><summary>Quando controllare i prezzi per Badu Island?</summary><p>Vale la pena iniziare a monitorare la rotta in anticipo e verificare con regolarita i giorni piu vicini alla partenza ideale.</p></details>
</div>","Voli per citta|Voli intercontinentali",city,BDD,/voli-per/badu-island/,"Voli per Badu Island (BDD): offerte e guide | ConfrontaPrezziVoli","Trova voli per Badu Island dai principali aeroporti italiani. Tariffe indicative da EUR 172 e consigli per scegliere il periodo migliore.","voli per Badu Island",cities,"Mese tipicamente conveniente: ottobre"
post,publish,"Voli per Bafoussam (BFX): offerte, compagnie e periodo migliore per prenotare",voli-per-bafoussam-bfx,"Confronta voli per Bafoussam dai principali aeroporti italiani. Scopri prezzi indicativi, compagnie e consigli utili per organizzare la partenza.","<div class=""cpv-landing-note"">
  <p><strong>Perche cercare voli per Bafoussam qui.</strong> Questa pagina raccoglie un quadro rapido delle partenze italiane piu interessanti per Bafoussam, con tariffe indicative e consigli per scegliere il periodo piu vantaggioso.</p>
</div>
<div class=""cpv-stat-grid"">
  <div class=""cpv-stat""><strong>EUR 119</strong><span>Prezzo indicativo da monitorare dalle principali aree aeroportuali italiane.</span></div>
  <div class=""cpv-stat""><strong>maggio</strong><span>Periodo spesso interessante per tenere sotto controllo la rotta.</span></div>
  <div class=""cpv-stat""><strong>9</strong><span>Aeroporti italiani prioritari da confrontare per questa destinazione.</span></div>
</div>
<h2>Offerte voli per Bafoussam</h2>
<p>Per trovare il miglior equilibrio tra prezzo, durata e comfort, conviene verificare piu aeroporti di partenza italiani e confrontare giorni feriali e weekend.</p>
<table>
  <thead>
    <tr><th>Partenza</th><th>Prezzo da</th><th>Durata indicativa</th><th>Mese da monitorare</th></tr>
  </thead>
  <tbody>
    <tr><td>Leonardo da Vinci-Fiumicino Airport (FCO)</td><td>EUR 67</td><td>8h 00</td><td>gennaio</td></tr><tr><td>Ciampino-G. B. Pastine International Airport (CIA)</td><td>EUR 135</td><td>1h 20</td><td>settembre</td></tr><tr><td>Milano Malpensa Airport (MXP)</td><td>EUR 96</td><td>5h 50</td><td>giugno</td></tr><tr><td>Orio al Serio International Airport (BGY)</td><td>EUR 34</td><td>3h 30</td><td>aprile</td></tr><tr><td>Milano Linate Airport (LIN)</td><td>EUR 147</td><td>5h 20</td><td>settembre</td></tr><tr><td>Naples International Airport (NAP)</td><td>EUR 38</td><td>10h 10</td><td>agosto</td></tr><tr><td>Venice Marco Polo Airport (VCE)</td><td>EUR 166</td><td>2h 30</td><td>aprile</td></tr><tr><td>Catania-Fontanarossa Airport (CTA)</td><td>EUR 48</td><td>11h 50</td><td>giugno</td></tr><tr><td>Guglielmo Marconi Airport (BLQ)</td><td>EUR 188</td><td>1h 10</td><td>febbraio</td></tr>
  </tbody>
</table>
<h2>Aeroporti italiani da cui conviene partire</h2>
<div class=""cpv-chip-list""><span class=""cpv-chip"">Leonardo da Vinci-Fiumicino Airport</span><span class=""cpv-chip"">Ciampino-G. B. Pastine International Airport</span><span class=""cpv-chip"">Milano Malpensa Airport</span><span class=""cpv-chip"">Orio al Serio International Airport</span><span class=""cpv-chip"">Milano Linate Airport</span><span class=""cpv-chip"">Naples International Airport</span></div>
<div class=""cpv-landing-grid"">
  <div class=""cpv-landing-card""><strong>City break</strong><p>Se Bafoussam e una meta urbana, le partenze del venerdi e del sabato sono spesso le piu monitorate.</p></div>
  <div class=""cpv-landing-card""><strong>Viaggi stagionali</strong><p>In alcuni periodi dell'anno le tariffe possono variare molto, soprattutto vicino ai ponti e alle festivita.</p></div>
  <div class=""cpv-landing-card""><strong>Confronto rapido</strong><p>Valuta aeroporti maggiori e secondari per capire se un piccolo spostamento porta a un risparmio concreto.</p></div>
</div>
<h2>Domande frequenti sui voli per Bafoussam</h2>
<div class=""cpv-faq"">
  <details><summary>Qual e il modo migliore per cercare voli per Bafoussam?</summary><p>Confronta piu aeroporti italiani, prova date flessibili e verifica anche partenze infrasettimanali per migliorare le possibilita di risparmio.</p></details>
  <details><summary>Meglio volo diretto o con scalo?</summary><p>Per tratte medio-brevi il diretto e spesso la scelta piu comoda, mentre su alcune rotte uno scalo puo ridurre il prezzo finale.</p></details>
  <details><summary>Quando controllare i prezzi per Bafoussam?</summary><p>Vale la pena iniziare a monitorare la rotta in anticipo e verificare con regolarita i giorni piu vicini alla partenza ideale.</p></details>
</div>","Voli per citta|Voli intercontinentali",city,BFX,/voli-per/bafoussam/,"Voli per Bafoussam (BFX): offerte e guide | ConfrontaPrezziVoli","Trova voli per Bafoussam dai principali aeroporti italiani. Tariffe indicative da EUR 119 e consigli per scegliere il periodo migliore.","voli per Bafoussam",cities,"Mese tipicamente conveniente: maggio"
