post_type,post_status,post_title,post_name,post_excerpt,post_content,post_category,cpv_page_type,cpv_entity_code,cpv_target_path,rank_math_title,rank_math_description,rank_math_focus_keyword,seo_batch_label,seo_priority_note
post,publish,"Voli per Bagdogra (IXB): offerte, compagnie e periodo migliore per prenotare",voli-per-bagdogra-ixb,"Confronta voli per Bagdogra dai principali aeroporti italiani. Scopri prezzi indicativi, compagnie e consigli utili per organizzare la partenza.","<div class=""cpv-landing-note"">
  <p><strong>Perche cercare voli per Bagdogra qui.</strong> Questa pagina raccoglie un quadro rapido delle partenze italiane piu interessanti per Bagdogra, con tariffe indicative e consigli per scegliere il periodo piu vantaggioso.</p>
</div>
<div class=""cpv-stat-grid"">
  <div class=""cpv-stat""><strong>EUR 135</strong><span>Prezzo indicativo da monitorare dalle principali aree aeroportuali italiane.</span></div>
  <div class=""cpv-stat""><strong>settembre</strong><span>Periodo spesso interessante per tenere sotto controllo la rotta.</span></div>
  <div class=""cpv-stat""><strong>9</strong><span>Aeroporti italiani prioritari da confrontare per questa destinazione.</span></div>
</div>
<h2>Offerte voli per Bagdogra</h2>
<p>Per trovare il miglior equilibrio tra prezzo, durata e comfort, conviene verificare piu aeroporti di partenza italiani e confrontare giorni feriali e weekend.</p>
<table>
  <thead>
    <tr><th>Partenza</th><th>Prezzo da</th><th>Durata indicativa</th><th>Mese da monitorare</th></tr>
  </thead>
  <tbody>
    <tr><td>Leonardo da Vinci-Fiumicino Airport (FCO)</td><td>EUR 191</td><td>8h 40</td><td>maggio</td></tr><tr><td>Ciampino-G. B. Pastine International Airport (CIA)</td><td>EUR 175</td><td>4h 00</td><td>gennaio</td></tr><tr><td>Milano Malpensa Airport (MXP)</td><td>EUR 172</td><td>7h 30</td><td>ottobre</td></tr><tr><td>Orio al Serio International Airport (BGY)</td><td>EUR 74</td><td>10h 10</td><td>agosto</td></tr><tr><td>Milano Linate Airport (LIN)</td><td>EUR 67</td><td>3h 00</td><td>gennaio</td></tr><tr><td>Naples International Airport (NAP)</td><td>EUR 122</td><td>2h 10</td><td>agosto</td></tr><tr><td>Venice Marco Polo Airport (VCE)</td><td>EUR 34</td><td>11h 30</td><td>aprile</td></tr><tr><td>Catania-Fontanarossa Airport (CTA)</td><td>EUR 32</td><td>10h 10</td><td>febbraio</td></tr><tr><td>Guglielmo Marconi Airport (BLQ)</td><td>EUR 188</td><td>10h 10</td><td>febbraio</td></tr>
  </tbody>
</table>
<h2>Aeroporti italiani da cui conviene partire</h2>
<div class=""cpv-chip-list""><span class=""cpv-chip"">Leonardo da Vinci-Fiumicino Airport</span><span class=""cpv-chip"">Ciampino-G. B. Pastine International Airport</span><span class=""cpv-chip"">Milano Malpensa Airport</span><span class=""cpv-chip"">Orio al Serio International Airport</span><span class=""cpv-chip"">Milano Linate Airport</span><span class=""cpv-chip"">Naples International Airport</span></div>
<div class=""cpv-landing-grid"">
  <div class=""cpv-landing-card""><strong>City break</strong><p>Se Bagdogra e una meta urbana, le partenze del venerdi e del sabato sono spesso le piu monitorate.</p></div>
  <div class=""cpv-landing-card""><strong>Viaggi stagionali</strong><p>In alcuni periodi dell'anno le tariffe possono variare molto, soprattutto vicino ai ponti e alle festivita.</p></div>
  <div class=""cpv-landing-card""><strong>Confronto rapido</strong><p>Valuta aeroporti maggiori e secondari per capire se un piccolo spostamento porta a un risparmio concreto.</p></div>
</div>
<h2>Domande frequenti sui voli per Bagdogra</h2>
<div class=""cpv-faq"">
  <details><summary>Qual e il modo migliore per cercare voli per Bagdogra?</summary><p>Confronta piu aeroporti italiani, prova date flessibili e verifica anche partenze infrasettimanali per migliorare le possibilita di risparmio.</p></details>
  <details><summary>Meglio volo diretto o con scalo?</summary><p>Per tratte medio-brevi il diretto e spesso la scelta piu comoda, mentre su alcune rotte uno scalo puo ridurre il prezzo finale.</p></details>
  <details><summary>Quando controllare i prezzi per Bagdogra?</summary><p>Vale la pena iniziare a monitorare la rotta in anticipo e verificare con regolarita i giorni piu vicini alla partenza ideale.</p></details>
</div>","Voli per citta|Voli intercontinentali",city,IXB,/voli-per/bagdogra/,"Voli per Bagdogra (IXB): offerte e guide | ConfrontaPrezziVoli","Trova voli per Bagdogra dai principali aeroporti italiani. Tariffe indicative da EUR 135 e consigli per scegliere il periodo migliore.","voli per Bagdogra",cities,"Mese tipicamente conveniente: settembre"
post,publish,"Voli per Baghdad (BGW): offerte, compagnie e periodo migliore per prenotare",voli-per-baghdad-bgw,"Confronta voli per Baghdad dai principali aeroporti italiani. Scopri prezzi indicativi, compagnie e consigli utili per organizzare la partenza.","<div class=""cpv-landing-note"">
  <p><strong>Perche cercare voli per Baghdad qui.</strong> Questa pagina raccoglie un quadro rapido delle partenze italiane piu interessanti per Baghdad, con tariffe indicative e consigli per scegliere il periodo piu vantaggioso.</p>
</div>
<div class=""cpv-stat-grid"">
  <div class=""cpv-stat""><strong>EUR 123</strong><span>Prezzo indicativo da monitorare dalle principali aree aeroportuali italiane.</span></div>
  <div class=""cpv-stat""><strong>settembre</strong><span>Periodo spesso interessante per tenere sotto controllo la rotta.</span></div>
  <div class=""cpv-stat""><strong>9</strong><span>Aeroporti italiani prioritari da confrontare per questa destinazione.</span></div>
</div>
<h2>Offerte voli per Baghdad</h2>
<p>Per trovare il miglior equilibrio tra prezzo, durata e comfort, conviene verificare piu aeroporti di partenza italiani e confrontare giorni feriali e weekend.</p>
<table>
  <thead>
    <tr><th>Partenza</th><th>Prezzo da</th><th>Durata indicativa</th><th>Mese da monitorare</th></tr>
  </thead>
  <tbody>
    <tr><td>Leonardo da Vinci-Fiumicino Airport (FCO)</td><td>EUR 171</td><td>6h 20</td><td>settembre</td></tr><tr><td>Ciampino-G. B. Pastine International Airport (CIA)</td><td>EUR 71</td><td>10h 40</td><td>maggio</td></tr><tr><td>Milano Malpensa Airport (MXP)</td><td>EUR 36</td><td>3h 50</td><td>giugno</td></tr><tr><td>Orio al Serio International Airport (BGY)</td><td>EUR 30</td><td>8h 50</td><td>dicembre</td></tr><tr><td>Milano Linate Airport (LIN)</td><td>EUR 123</td><td>11h 20</td><td>settembre</td></tr><tr><td>Naples International Airport (NAP)</td><td>EUR 198</td><td>10h 50</td><td>dicembre</td></tr><tr><td>Venice Marco Polo Airport (VCE)</td><td>EUR 34</td><td>3h 30</td><td>aprile</td></tr><tr><td>Catania-Fontanarossa Airport (CTA)</td><td>EUR 40</td><td>8h 30</td><td>ottobre</td></tr><tr><td>Guglielmo Marconi Airport (BLQ)</td><td>EUR 148</td><td>6h 30</td><td>ottobre</td></tr>
  </tbody>
</table>
<h2>Aeroporti italiani da cui conviene partire</h2>
<div class=""cpv-chip-list""><span class=""cpv-chip"">Leonardo da Vinci-Fiumicino Airport</span><span class=""cpv-chip"">Ciampino-G. B. Pastine International Airport</span><span class=""cpv-chip"">Milano Malpensa Airport</span><span class=""cpv-chip"">Orio al Serio International Airport</span><span class=""cpv-chip"">Milano Linate Airport</span><span class=""cpv-chip"">Naples International Airport</span></div>
<div class=""cpv-landing-grid"">
  <div class=""cpv-landing-card""><strong>City break</strong><p>Se Baghdad e una meta urbana, le partenze del venerdi e del sabato sono spesso le piu monitorate.</p></div>
  <div class=""cpv-landing-card""><strong>Viaggi stagionali</strong><p>In alcuni periodi dell'anno le tariffe possono variare molto, soprattutto vicino ai ponti e alle festivita.</p></div>
  <div class=""cpv-landing-card""><strong>Confronto rapido</strong><p>Valuta aeroporti maggiori e secondari per capire se un piccolo spostamento porta a un risparmio concreto.</p></div>
</div>
<h2>Domande frequenti sui voli per Baghdad</h2>
<div class=""cpv-faq"">
  <details><summary>Qual e il modo migliore per cercare voli per Baghdad?</summary><p>Confronta piu aeroporti italiani, prova date flessibili e verifica anche partenze infrasettimanali per migliorare le possibilita di risparmio.</p></details>
  <details><summary>Meglio volo diretto o con scalo?</summary><p>Per tratte medio-brevi il diretto e spesso la scelta piu comoda, mentre su alcune rotte uno scalo puo ridurre il prezzo finale.</p></details>
  <details><summary>Quando controllare i prezzi per Baghdad?</summary><p>Vale la pena iniziare a monitorare la rotta in anticipo e verificare con regolarita i giorni piu vicini alla partenza ideale.</p></details>
</div>","Voli per citta|Voli intercontinentali",city,BGW,/voli-per/baghdad/,"Voli per Baghdad (BGW): offerte e guide | ConfrontaPrezziVoli","Trova voli per Baghdad dai principali aeroporti italiani. Tariffe indicative da EUR 123 e consigli per scegliere il periodo migliore.","voli per Baghdad",cities,"Mese tipicamente conveniente: settembre"
post,publish,"Voli per Bahar Dar (BJR): offerte, compagnie e periodo migliore per prenotare",voli-per-bahar-dar-bjr,"Confronta voli per Bahar Dar dai principali aeroporti italiani. Scopri prezzi indicativi, compagnie e consigli utili per organizzare la partenza.","<div class=""cpv-landing-note"">
  <p><strong>Perche cercare voli per Bahar Dar qui.</strong> Questa pagina raccoglie un quadro rapido delle partenze italiane piu interessanti per Bahar Dar, con tariffe indicative e consigli per scegliere il periodo piu vantaggioso.</p>
</div>
<div class=""cpv-stat-grid"">
  <div class=""cpv-stat""><strong>EUR 189</strong><span>Prezzo indicativo da monitorare dalle principali aree aeroportuali italiane.</span></div>
  <div class=""cpv-stat""><strong>marzo</strong><span>Periodo spesso interessante per tenere sotto controllo la rotta.</span></div>
  <div class=""cpv-stat""><strong>9</strong><span>Aeroporti italiani prioritari da confrontare per questa destinazione.</span></div>
</div>
<h2>Offerte voli per Bahar Dar</h2>
<p>Per trovare il miglior equilibrio tra prezzo, durata e comfort, conviene verificare piu aeroporti di partenza italiani e confrontare giorni feriali e weekend.</p>
<table>
  <thead>
    <tr><th>Partenza</th><th>Prezzo da</th><th>Durata indicativa</th><th>Mese da monitorare</th></tr>
  </thead>
  <tbody>
    <tr><td>Leonardo da Vinci-Fiumicino Airport (FCO)</td><td>EUR 57</td><td>10h 20</td><td>marzo</td></tr><tr><td>Ciampino-G. B. Pastine International Airport (CIA)</td><td>EUR 169</td><td>7h 00</td><td>luglio</td></tr><tr><td>Milano Malpensa Airport (MXP)</td><td>EUR 86</td><td>1h 10</td><td>agosto</td></tr><tr><td>Orio al Serio International Airport (BGY)</td><td>EUR 32</td><td>7h 10</td><td>febbraio</td></tr><tr><td>Milano Linate Airport (LIN)</td><td>EUR 157</td><td>7h 00</td><td>luglio</td></tr><tr><td>Naples International Airport (NAP)</td><td>EUR 156</td><td>2h 50</td><td>giugno</td></tr><tr><td>Venice Marco Polo Airport (VCE)</td><td>EUR 140</td><td>1h 10</td><td>febbraio</td></tr><tr><td>Catania-Fontanarossa Airport (CTA)</td><td>EUR 158</td><td>10h 10</td><td>agosto</td></tr><tr><td>Guglielmo Marconi Airport (BLQ)</td><td>EUR 170</td><td>10h 10</td><td>agosto</td></tr>
  </tbody>
</table>
<h2>Aeroporti italiani da cui conviene partire</h2>
<div class=""cpv-chip-list""><span class=""cpv-chip"">Leonardo da Vinci-Fiumicino Airport</span><span class=""cpv-chip"">Ciampino-G. B. Pastine International Airport</span><span class=""cpv-chip"">Milano Malpensa Airport</span><span class=""cpv-chip"">Orio al Serio International Airport</span><span class=""cpv-chip"">Milano Linate Airport</span><span class=""cpv-chip"">Naples International Airport</span></div>
<div class=""cpv-landing-grid"">
  <div class=""cpv-landing-card""><strong>City break</strong><p>Se Bahar Dar e una meta urbana, le partenze del venerdi e del sabato sono spesso le piu monitorate.</p></div>
  <div class=""cpv-landing-card""><strong>Viaggi stagionali</strong><p>In alcuni periodi dell'anno le tariffe possono variare molto, soprattutto vicino ai ponti e alle festivita.</p></div>
  <div class=""cpv-landing-card""><strong>Confronto rapido</strong><p>Valuta aeroporti maggiori e secondari per capire se un piccolo spostamento porta a un risparmio concreto.</p></div>
</div>
<h2>Domande frequenti sui voli per Bahar Dar</h2>
<div class=""cpv-faq"">
  <details><summary>Qual e il modo migliore per cercare voli per Bahar Dar?</summary><p>Confronta piu aeroporti italiani, prova date flessibili e verifica anche partenze infrasettimanali per migliorare le possibilita di risparmio.</p></details>
  <details><summary>Meglio volo diretto o con scalo?</summary><p>Per tratte medio-brevi il diretto e spesso la scelta piu comoda, mentre su alcune rotte uno scalo puo ridurre il prezzo finale.</p></details>
  <details><summary>Quando controllare i prezzi per Bahar Dar?</summary><p>Vale la pena iniziare a monitorare la rotta in anticipo e verificare con regolarita i giorni piu vicini alla partenza ideale.</p></details>
</div>","Voli per citta|Voli intercontinentali",city,BJR,/voli-per/bahar-dar/,"Voli per Bahar Dar (BJR): offerte e guide | ConfrontaPrezziVoli","Trova voli per Bahar Dar dai principali aeroporti italiani. Tariffe indicative da EUR 189 e consigli per scegliere il periodo migliore.","voli per Bahar Dar",cities,"Mese tipicamente conveniente: marzo"
post,publish,"Voli per Bahawalpur (BHV): offerte, compagnie e periodo migliore per prenotare",voli-per-bahawalpur-bhv,"Confronta voli per Bahawalpur dai principali aeroporti italiani. Scopri prezzi indicativi, compagnie e consigli utili per organizzare la partenza.","<div class=""cpv-landing-note"">
  <p><strong>Perche cercare voli per Bahawalpur qui.</strong> Questa pagina raccoglie un quadro rapido delle partenze italiane piu interessanti per Bahawalpur, con tariffe indicative e consigli per scegliere il periodo piu vantaggioso.</p>
</div>
<div class=""cpv-stat-grid"">
  <div class=""cpv-stat""><strong>EUR 196</strong><span>Prezzo indicativo da monitorare dalle principali aree aeroportuali italiane.</span></div>
  <div class=""cpv-stat""><strong>ottobre</strong><span>Periodo spesso interessante per tenere sotto controllo la rotta.</span></div>
  <div class=""cpv-stat""><strong>9</strong><span>Aeroporti italiani prioritari da confrontare per questa destinazione.</span></div>
</div>
<h2>Offerte voli per Bahawalpur</h2>
<p>Per trovare il miglior equilibrio tra prezzo, durata e comfort, conviene verificare piu aeroporti di partenza italiani e confrontare giorni feriali e weekend.</p>
<table>
  <thead>
    <tr><th>Partenza</th><th>Prezzo da</th><th>Durata indicativa</th><th>Mese da monitorare</th></tr>
  </thead>
  <tbody>
    <tr><td>Leonardo da Vinci-Fiumicino Airport (FCO)</td><td>EUR 136</td><td>6h 30</td><td>ottobre</td></tr><tr><td>Ciampino-G. B. Pastine International Airport (CIA)</td><td>EUR 156</td><td>9h 50</td><td>giugno</td></tr><tr><td>Milano Malpensa Airport (MXP)</td><td>EUR 75</td><td>10h 20</td><td>settembre</td></tr><tr><td>Orio al Serio International Airport (BGY)</td><td>EUR 145</td><td>8h 00</td><td>luglio</td></tr><tr><td>Milano Linate Airport (LIN)</td><td>EUR 136</td><td>3h 30</td><td>ottobre</td></tr><tr><td>Naples International Airport (NAP)</td><td>EUR 197</td><td>10h 40</td><td>novembre</td></tr><tr><td>Venice Marco Polo Airport (VCE)</td><td>EUR 45</td><td>11h 20</td><td>marzo</td></tr><tr><td>Catania-Fontanarossa Airport (CTA)</td><td>EUR 103</td><td>4h 00</td><td>gennaio</td></tr><tr><td>Guglielmo Marconi Airport (BLQ)</td><td>EUR 83</td><td>9h 40</td><td>maggio</td></tr>
  </tbody>
</table>
<h2>Aeroporti italiani da cui conviene partire</h2>
<div class=""cpv-chip-list""><span class=""cpv-chip"">Leonardo da Vinci-Fiumicino Airport</span><span class=""cpv-chip"">Ciampino-G. B. Pastine International Airport</span><span class=""cpv-chip"">Milano Malpensa Airport</span><span class=""cpv-chip"">Orio al Serio International Airport</span><span class=""cpv-chip"">Milano Linate Airport</span><span class=""cpv-chip"">Naples International Airport</span></div>
<div class=""cpv-landing-grid"">
  <div class=""cpv-landing-card""><strong>City break</strong><p>Se Bahawalpur e una meta urbana, le partenze del venerdi e del sabato sono spesso le piu monitorate.</p></div>
  <div class=""cpv-landing-card""><strong>Viaggi stagionali</strong><p>In alcuni periodi dell'anno le tariffe possono variare molto, soprattutto vicino ai ponti e alle festivita.</p></div>
  <div class=""cpv-landing-card""><strong>Confronto rapido</strong><p>Valuta aeroporti maggiori e secondari per capire se un piccolo spostamento porta a un risparmio concreto.</p></div>
</div>
<h2>Domande frequenti sui voli per Bahawalpur</h2>
<div class=""cpv-faq"">
  <details><summary>Qual e il modo migliore per cercare voli per Bahawalpur?</summary><p>Confronta piu aeroporti italiani, prova date flessibili e verifica anche partenze infrasettimanali per migliorare le possibilita di risparmio.</p></details>
  <details><summary>Meglio volo diretto o con scalo?</summary><p>Per tratte medio-brevi il diretto e spesso la scelta piu comoda, mentre su alcune rotte uno scalo puo ridurre il prezzo finale.</p></details>
  <details><summary>Quando controllare i prezzi per Bahawalpur?</summary><p>Vale la pena iniziare a monitorare la rotta in anticipo e verificare con regolarita i giorni piu vicini alla partenza ideale.</p></details>
</div>","Voli per citta|Voli intercontinentali",city,BHV,/voli-per/bahawalpur/,"Voli per Bahawalpur (BHV): offerte e guide | ConfrontaPrezziVoli","Trova voli per Bahawalpur dai principali aeroporti italiani. Tariffe indicative da EUR 196 e consigli per scegliere il periodo migliore.","voli per Bahawalpur",cities,"Mese tipicamente conveniente: ottobre"
post,publish,"Voli per Bahia Blanca (BHI): offerte, compagnie e periodo migliore per prenotare",voli-per-bahia-blanca-bhi,"Confronta voli per Bahia Blanca dai principali aeroporti italiani. Scopri prezzi indicativi, compagnie e consigli utili per organizzare la partenza.","<div class=""cpv-landing-note"">
  <p><strong>Perche cercare voli per Bahia Blanca qui.</strong> Questa pagina raccoglie un quadro rapido delle partenze italiane piu interessanti per Bahia Blanca, con tariffe indicative e consigli per scegliere il periodo piu vantaggioso.</p>
</div>
<div class=""cpv-stat-grid"">
  <div class=""cpv-stat""><strong>EUR 19</strong><span>Prezzo indicativo da monitorare dalle principali aree aeroportuali italiane.</span></div>
  <div class=""cpv-stat""><strong>gennaio</strong><span>Periodo spesso interessante per tenere sotto controllo la rotta.</span></div>
  <div class=""cpv-stat""><strong>9</strong><span>Aeroporti italiani prioritari da confrontare per questa destinazione.</span></div>
</div>
<h2>Offerte voli per Bahia Blanca</h2>
<p>Per trovare il miglior equilibrio tra prezzo, durata e comfort, conviene verificare piu aeroporti di partenza italiani e confrontare giorni feriali e weekend.</p>
<table>
  <thead>
    <tr><th>Partenza</th><th>Prezzo da</th><th>Durata indicativa</th><th>Mese da monitorare</th></tr>
  </thead>
  <tbody>
    <tr><td>Leonardo da Vinci-Fiumicino Airport (FCO)</td><td>EUR 19</td><td>3h 00</td><td>gennaio</td></tr><tr><td>Ciampino-G. B. Pastine International Airport (CIA)</td><td>EUR 103</td><td>4h 00</td><td>gennaio</td></tr><tr><td>Milano Malpensa Airport (MXP)</td><td>EUR 88</td><td>1h 30</td><td>ottobre</td></tr><tr><td>Orio al Serio International Airport (BGY)</td><td>EUR 42</td><td>11h 50</td><td>dicembre</td></tr><tr><td>Milano Linate Airport (LIN)</td><td>EUR 127</td><td>7h 00</td><td>gennaio</td></tr><tr><td>Naples International Airport (NAP)</td><td>EUR 146</td><td>1h 10</td><td>agosto</td></tr><tr><td>Venice Marco Polo Airport (VCE)</td><td>EUR 30</td><td>3h 50</td><td>dicembre</td></tr><tr><td>Catania-Fontanarossa Airport (CTA)</td><td>EUR 24</td><td>1h 50</td><td>giugno</td></tr><tr><td>Guglielmo Marconi Airport (BLQ)</td><td>EUR 160</td><td>2h 30</td><td>ottobre</td></tr>
  </tbody>
</table>
<h2>Aeroporti italiani da cui conviene partire</h2>
<div class=""cpv-chip-list""><span class=""cpv-chip"">Leonardo da Vinci-Fiumicino Airport</span><span class=""cpv-chip"">Ciampino-G. B. Pastine International Airport</span><span class=""cpv-chip"">Milano Malpensa Airport</span><span class=""cpv-chip"">Orio al Serio International Airport</span><span class=""cpv-chip"">Milano Linate Airport</span><span class=""cpv-chip"">Naples International Airport</span></div>
<div class=""cpv-landing-grid"">
  <div class=""cpv-landing-card""><strong>City break</strong><p>Se Bahia Blanca e una meta urbana, le partenze del venerdi e del sabato sono spesso le piu monitorate.</p></div>
  <div class=""cpv-landing-card""><strong>Viaggi stagionali</strong><p>In alcuni periodi dell'anno le tariffe possono variare molto, soprattutto vicino ai ponti e alle festivita.</p></div>
  <div class=""cpv-landing-card""><strong>Confronto rapido</strong><p>Valuta aeroporti maggiori e secondari per capire se un piccolo spostamento porta a un risparmio concreto.</p></div>
</div>
<h2>Domande frequenti sui voli per Bahia Blanca</h2>
<div class=""cpv-faq"">
  <details><summary>Qual e il modo migliore per cercare voli per Bahia Blanca?</summary><p>Confronta piu aeroporti italiani, prova date flessibili e verifica anche partenze infrasettimanali per migliorare le possibilita di risparmio.</p></details>
  <details><summary>Meglio volo diretto o con scalo?</summary><p>Per tratte medio-brevi il diretto e spesso la scelta piu comoda, mentre su alcune rotte uno scalo puo ridurre il prezzo finale.</p></details>
  <details><summary>Quando controllare i prezzi per Bahia Blanca?</summary><p>Vale la pena iniziare a monitorare la rotta in anticipo e verificare con regolarita i giorni piu vicini alla partenza ideale.</p></details>
</div>","Voli per citta|Voli intercontinentali",city,BHI,/voli-per/bahia-blanca/,"Voli per Bahia Blanca (BHI): offerte e guide | ConfrontaPrezziVoli","Trova voli per Bahia Blanca dai principali aeroporti italiani. Tariffe indicative da EUR 19 e consigli per scegliere il periodo migliore.","voli per Bahia Blanca",cities,"Mese tipicamente conveniente: gennaio"
post,publish,"Voli per Bahia Solano (BSC): offerte, compagnie e periodo migliore per prenotare",voli-per-bahia-solano-bsc,"Confronta voli per Bahia Solano dai principali aeroporti italiani. Scopri prezzi indicativi, compagnie e consigli utili per organizzare la partenza.","<div class=""cpv-landing-note"">
  <p><strong>Perche cercare voli per Bahia Solano qui.</strong> Questa pagina raccoglie un quadro rapido delle partenze italiane piu interessanti per Bahia Solano, con tariffe indicative e consigli per scegliere il periodo piu vantaggioso.</p>
</div>
<div class=""cpv-stat-grid"">
  <div class=""cpv-stat""><strong>EUR 183</strong><span>Prezzo indicativo da monitorare dalle principali aree aeroportuali italiane.</span></div>
  <div class=""cpv-stat""><strong>settembre</strong><span>Periodo spesso interessante per tenere sotto controllo la rotta.</span></div>
  <div class=""cpv-stat""><strong>9</strong><span>Aeroporti italiani prioritari da confrontare per questa destinazione.</span></div>
</div>
<h2>Offerte voli per Bahia Solano</h2>
<p>Per trovare il miglior equilibrio tra prezzo, durata e comfort, conviene verificare piu aeroporti di partenza italiani e confrontare giorni feriali e weekend.</p>
<table>
  <thead>
    <tr><th>Partenza</th><th>Prezzo da</th><th>Durata indicativa</th><th>Mese da monitorare</th></tr>
  </thead>
  <tbody>
    <tr><td>Leonardo da Vinci-Fiumicino Airport (FCO)</td><td>EUR 195</td><td>7h 20</td><td>settembre</td></tr><tr><td>Ciampino-G. B. Pastine International Airport (CIA)</td><td>EUR 191</td><td>8h 40</td><td>maggio</td></tr><tr><td>Milano Malpensa Airport (MXP)</td><td>EUR 192</td><td>6h 50</td><td>giugno</td></tr><tr><td>Orio al Serio International Airport (BGY)</td><td>EUR 158</td><td>5h 10</td><td>agosto</td></tr><tr><td>Milano Linate Airport (LIN)</td><td>EUR 43</td><td>6h 00</td><td>gennaio</td></tr><tr><td>Naples International Airport (NAP)</td><td>EUR 98</td><td>7h 10</td><td>agosto</td></tr><tr><td>Venice Marco Polo Airport (VCE)</td><td>EUR 42</td><td>4h 50</td><td>dicembre</td></tr><tr><td>Catania-Fontanarossa Airport (CTA)</td><td>EUR 100</td><td>7h 30</td><td>ottobre</td></tr><tr><td>Guglielmo Marconi Airport (BLQ)</td><td>EUR 116</td><td>6h 10</td><td>febbraio</td></tr>
  </tbody>
</table>
<h2>Aeroporti italiani da cui conviene partire</h2>
<div class=""cpv-chip-list""><span class=""cpv-chip"">Leonardo da Vinci-Fiumicino Airport</span><span class=""cpv-chip"">Ciampino-G. B. Pastine International Airport</span><span class=""cpv-chip"">Milano Malpensa Airport</span><span class=""cpv-chip"">Orio al Serio International Airport</span><span class=""cpv-chip"">Milano Linate Airport</span><span class=""cpv-chip"">Naples International Airport</span></div>
<div class=""cpv-landing-grid"">
  <div class=""cpv-landing-card""><strong>City break</strong><p>Se Bahia Solano e una meta urbana, le partenze del venerdi e del sabato sono spesso le piu monitorate.</p></div>
  <div class=""cpv-landing-card""><strong>Viaggi stagionali</strong><p>In alcuni periodi dell'anno le tariffe possono variare molto, soprattutto vicino ai ponti e alle festivita.</p></div>
  <div class=""cpv-landing-card""><strong>Confronto rapido</strong><p>Valuta aeroporti maggiori e secondari per capire se un piccolo spostamento porta a un risparmio concreto.</p></div>
</div>
<h2>Domande frequenti sui voli per Bahia Solano</h2>
<div class=""cpv-faq"">
  <details><summary>Qual e il modo migliore per cercare voli per Bahia Solano?</summary><p>Confronta piu aeroporti italiani, prova date flessibili e verifica anche partenze infrasettimanali per migliorare le possibilita di risparmio.</p></details>
  <details><summary>Meglio volo diretto o con scalo?</summary><p>Per tratte medio-brevi il diretto e spesso la scelta piu comoda, mentre su alcune rotte uno scalo puo ridurre il prezzo finale.</p></details>
  <details><summary>Quando controllare i prezzi per Bahia Solano?</summary><p>Vale la pena iniziare a monitorare la rotta in anticipo e verificare con regolarita i giorni piu vicini alla partenza ideale.</p></details>
</div>","Voli per citta|Voli intercontinentali",city,BSC,/voli-per/bahia-solano/,"Voli per Bahia Solano (BSC): offerte e guide | ConfrontaPrezziVoli","Trova voli per Bahia Solano dai principali aeroporti italiani. Tariffe indicative da EUR 183 e consigli per scegliere il periodo migliore.","voli per Bahia Solano",cities,"Mese tipicamente conveniente: settembre"
post,publish,"Voli per Bahrain (BAH): offerte, compagnie e periodo migliore per prenotare",voli-per-bahrain-bah,"Confronta voli per Bahrain dai principali aeroporti italiani. Scopri prezzi indicativi, compagnie e consigli utili per organizzare la partenza.","<div class=""cpv-landing-note"">
  <p><strong>Perche cercare voli per Bahrain qui.</strong> Questa pagina raccoglie un quadro rapido delle partenze italiane piu interessanti per Bahrain, con tariffe indicative e consigli per scegliere il periodo piu vantaggioso.</p>
</div>
<div class=""cpv-stat-grid"">
  <div class=""cpv-stat""><strong>EUR 198</strong><span>Prezzo indicativo da monitorare dalle principali aree aeroportuali italiane.</span></div>
  <div class=""cpv-stat""><strong>dicembre</strong><span>Periodo spesso interessante per tenere sotto controllo la rotta.</span></div>
  <div class=""cpv-stat""><strong>9</strong><span>Aeroporti italiani prioritari da confrontare per questa destinazione.</span></div>
</div>
<h2>Offerte voli per Bahrain</h2>
<p>Per trovare il miglior equilibrio tra prezzo, durata e comfort, conviene verificare piu aeroporti di partenza italiani e confrontare giorni feriali e weekend.</p>
<table>
  <thead>
    <tr><th>Partenza</th><th>Prezzo da</th><th>Durata indicativa</th><th>Mese da monitorare</th></tr>
  </thead>
  <tbody>
    <tr><td>Leonardo da Vinci-Fiumicino Airport (FCO)</td><td>EUR 174</td><td>7h 50</td><td>dicembre</td></tr><tr><td>Ciampino-G. B. Pastine International Airport (CIA)</td><td>EUR 178</td><td>5h 30</td><td>aprile</td></tr><tr><td>Milano Malpensa Airport (MXP)</td><td>EUR 157</td><td>10h 00</td><td>luglio</td></tr><tr><td>Orio al Serio International Airport (BGY)</td><td>EUR 47</td><td>10h 40</td><td>maggio</td></tr><tr><td>Milano Linate Airport (LIN)</td><td>EUR 26</td><td>11h 10</td><td>agosto</td></tr><tr><td>Naples International Airport (NAP)</td><td>EUR 139</td><td>4h 00</td><td>gennaio</td></tr><tr><td>Venice Marco Polo Airport (VCE)</td><td>EUR 135</td><td>2h 20</td><td>settembre</td></tr><tr><td>Catania-Fontanarossa Airport (CTA)</td><td>EUR 129</td><td>2h 20</td><td>marzo</td></tr><tr><td>Guglielmo Marconi Airport (BLQ)</td><td>EUR 169</td><td>1h 00</td><td>luglio</td></tr>
  </tbody>
</table>
<h2>Aeroporti italiani da cui conviene partire</h2>
<div class=""cpv-chip-list""><span class=""cpv-chip"">Leonardo da Vinci-Fiumicino Airport</span><span class=""cpv-chip"">Ciampino-G. B. Pastine International Airport</span><span class=""cpv-chip"">Milano Malpensa Airport</span><span class=""cpv-chip"">Orio al Serio International Airport</span><span class=""cpv-chip"">Milano Linate Airport</span><span class=""cpv-chip"">Naples International Airport</span></div>
<div class=""cpv-landing-grid"">
  <div class=""cpv-landing-card""><strong>City break</strong><p>Se Bahrain e una meta urbana, le partenze del venerdi e del sabato sono spesso le piu monitorate.</p></div>
  <div class=""cpv-landing-card""><strong>Viaggi stagionali</strong><p>In alcuni periodi dell'anno le tariffe possono variare molto, soprattutto vicino ai ponti e alle festivita.</p></div>
  <div class=""cpv-landing-card""><strong>Confronto rapido</strong><p>Valuta aeroporti maggiori e secondari per capire se un piccolo spostamento porta a un risparmio concreto.</p></div>
</div>
<h2>Domande frequenti sui voli per Bahrain</h2>
<div class=""cpv-faq"">
  <details><summary>Qual e il modo migliore per cercare voli per Bahrain?</summary><p>Confronta piu aeroporti italiani, prova date flessibili e verifica anche partenze infrasettimanali per migliorare le possibilita di risparmio.</p></details>
  <details><summary>Meglio volo diretto o con scalo?</summary><p>Per tratte medio-brevi il diretto e spesso la scelta piu comoda, mentre su alcune rotte uno scalo puo ridurre il prezzo finale.</p></details>
  <details><summary>Quando controllare i prezzi per Bahrain?</summary><p>Vale la pena iniziare a monitorare la rotta in anticipo e verificare con regolarita i giorni piu vicini alla partenza ideale.</p></details>
</div>","Voli per citta|Voli intercontinentali",city,BAH,/voli-per/bahrain/,"Voli per Bahrain (BAH): offerte e guide | ConfrontaPrezziVoli","Trova voli per Bahrain dai principali aeroporti italiani. Tariffe indicative da EUR 198 e consigli per scegliere il periodo migliore.","voli per Bahrain",cities,"Mese tipicamente conveniente: dicembre"
post,publish,"Voli per Baia Mare (BAY): offerte, compagnie e periodo migliore per prenotare",voli-per-baia-mare-bay,"Confronta voli per Baia Mare dai principali aeroporti italiani. Scopri prezzi indicativi, compagnie e consigli utili per organizzare la partenza.","<div class=""cpv-landing-note"">
  <p><strong>Perche cercare voli per Baia Mare qui.</strong> Questa pagina raccoglie un quadro rapido delle partenze italiane piu interessanti per Baia Mare, con tariffe indicative e consigli per scegliere il periodo piu vantaggioso.</p>
</div>
<div class=""cpv-stat-grid"">
  <div class=""cpv-stat""><strong>EUR 160</strong><span>Prezzo indicativo da monitorare dalle principali aree aeroportuali italiane.</span></div>
  <div class=""cpv-stat""><strong>ottobre</strong><span>Periodo spesso interessante per tenere sotto controllo la rotta.</span></div>
  <div class=""cpv-stat""><strong>9</strong><span>Aeroporti italiani prioritari da confrontare per questa destinazione.</span></div>
</div>
<h2>Offerte voli per Baia Mare</h2>
<p>Per trovare il miglior equilibrio tra prezzo, durata e comfort, conviene verificare piu aeroporti di partenza italiani e confrontare giorni feriali e weekend.</p>
<table>
  <thead>
    <tr><th>Partenza</th><th>Prezzo da</th><th>Durata indicativa</th><th>Mese da monitorare</th></tr>
  </thead>
  <tbody>
    <tr><td>Leonardo da Vinci-Fiumicino Airport (FCO)</td><td>EUR 52</td><td>8h 30</td><td>ottobre</td></tr><tr><td>Ciampino-G. B. Pastine International Airport (CIA)</td><td>EUR 92</td><td>10h 10</td><td>febbraio</td></tr><tr><td>Milano Malpensa Airport (MXP)</td><td>EUR 191</td><td>2h 40</td><td>maggio</td></tr><tr><td>Orio al Serio International Airport (BGY)</td><td>EUR 89</td><td>8h 40</td><td>novembre</td></tr><tr><td>Milano Linate Airport (LIN)</td><td>EUR 68</td><td>3h 10</td><td>febbraio</td></tr><tr><td>Naples International Airport (NAP)</td><td>EUR 49</td><td>8h 00</td><td>luglio</td></tr><tr><td>Venice Marco Polo Airport (VCE)</td><td>EUR 125</td><td>11h 40</td><td>novembre</td></tr><tr><td>Catania-Fontanarossa Airport (CTA)</td><td>EUR 171</td><td>6h 20</td><td>settembre</td></tr><tr><td>Guglielmo Marconi Airport (BLQ)</td><td>EUR 183</td><td>9h 20</td><td>settembre</td></tr>
  </tbody>
</table>
<h2>Aeroporti italiani da cui conviene partire</h2>
<div class=""cpv-chip-list""><span class=""cpv-chip"">Leonardo da Vinci-Fiumicino Airport</span><span class=""cpv-chip"">Ciampino-G. B. Pastine International Airport</span><span class=""cpv-chip"">Milano Malpensa Airport</span><span class=""cpv-chip"">Orio al Serio International Airport</span><span class=""cpv-chip"">Milano Linate Airport</span><span class=""cpv-chip"">Naples International Airport</span></div>
<div class=""cpv-landing-grid"">
  <div class=""cpv-landing-card""><strong>City break</strong><p>Se Baia Mare e una meta urbana, le partenze del venerdi e del sabato sono spesso le piu monitorate.</p></div>
  <div class=""cpv-landing-card""><strong>Viaggi stagionali</strong><p>In alcuni periodi dell'anno le tariffe possono variare molto, soprattutto vicino ai ponti e alle festivita.</p></div>
  <div class=""cpv-landing-card""><strong>Confronto rapido</strong><p>Valuta aeroporti maggiori e secondari per capire se un piccolo spostamento porta a un risparmio concreto.</p></div>
</div>
<h2>Domande frequenti sui voli per Baia Mare</h2>
<div class=""cpv-faq"">
  <details><summary>Qual e il modo migliore per cercare voli per Baia Mare?</summary><p>Confronta piu aeroporti italiani, prova date flessibili e verifica anche partenze infrasettimanali per migliorare le possibilita di risparmio.</p></details>
  <details><summary>Meglio volo diretto o con scalo?</summary><p>Per tratte medio-brevi il diretto e spesso la scelta piu comoda, mentre su alcune rotte uno scalo puo ridurre il prezzo finale.</p></details>
  <details><summary>Quando controllare i prezzi per Baia Mare?</summary><p>Vale la pena iniziare a monitorare la rotta in anticipo e verificare con regolarita i giorni piu vicini alla partenza ideale.</p></details>
</div>","Voli per citta|Voli in Europa",city,BAY,/voli-per/baia-mare/,"Voli per Baia Mare (BAY): offerte e guide | ConfrontaPrezziVoli","Trova voli per Baia Mare dai principali aeroporti italiani. Tariffe indicative da EUR 160 e consigli per scegliere il periodo migliore.","voli per Baia Mare",cities,"Mese tipicamente conveniente: ottobre"
post,publish,"Voli per Baie Comeau (YBC): offerte, compagnie e periodo migliore per prenotare",voli-per-baie-comeau-ybc,"Confronta voli per Baie Comeau dai principali aeroporti italiani. Scopri prezzi indicativi, compagnie e consigli utili per organizzare la partenza.","<div class=""cpv-landing-note"">
  <p><strong>Perche cercare voli per Baie Comeau qui.</strong> Questa pagina raccoglie un quadro rapido delle partenze italiane piu interessanti per Baie Comeau, con tariffe indicative e consigli per scegliere il periodo piu vantaggioso.</p>
</div>
<div class=""cpv-stat-grid"">
  <div class=""cpv-stat""><strong>EUR 20</strong><span>Prezzo indicativo da monitorare dalle principali aree aeroportuali italiane.</span></div>
  <div class=""cpv-stat""><strong>febbraio</strong><span>Periodo spesso interessante per tenere sotto controllo la rotta.</span></div>
  <div class=""cpv-stat""><strong>9</strong><span>Aeroporti italiani prioritari da confrontare per questa destinazione.</span></div>
</div>
<h2>Offerte voli per Baie Comeau</h2>
<p>Per trovare il miglior equilibrio tra prezzo, durata e comfort, conviene verificare piu aeroporti di partenza italiani e confrontare giorni feriali e weekend.</p>
<table>
  <thead>
    <tr><th>Partenza</th><th>Prezzo da</th><th>Durata indicativa</th><th>Mese da monitorare</th></tr>
  </thead>
  <tbody>
    <tr><td>Leonardo da Vinci-Fiumicino Airport (FCO)</td><td>EUR 184</td><td>9h 30</td><td>ottobre</td></tr><tr><td>Ciampino-G. B. Pastine International Airport (CIA)</td><td>EUR 40</td><td>11h 30</td><td>ottobre</td></tr><tr><td>Milano Malpensa Airport (MXP)</td><td>EUR 167</td><td>11h 40</td><td>maggio</td></tr><tr><td>Orio al Serio International Airport (BGY)</td><td>EUR 93</td><td>3h 20</td><td>marzo</td></tr><tr><td>Milano Linate Airport (LIN)</td><td>EUR 36</td><td>9h 50</td><td>giugno</td></tr><tr><td>Naples International Airport (NAP)</td><td>EUR 193</td><td>10h 00</td><td>luglio</td></tr><tr><td>Venice Marco Polo Airport (VCE)</td><td>EUR 65</td><td>3h 40</td><td>novembre</td></tr><tr><td>Catania-Fontanarossa Airport (CTA)</td><td>EUR 87</td><td>3h 20</td><td>settembre</td></tr><tr><td>Guglielmo Marconi Airport (BLQ)</td><td>EUR 183</td><td>6h 20</td><td>settembre</td></tr>
  </tbody>
</table>
<h2>Aeroporti italiani da cui conviene partire</h2>
<div class=""cpv-chip-list""><span class=""cpv-chip"">Leonardo da Vinci-Fiumicino Airport</span><span class=""cpv-chip"">Ciampino-G. B. Pastine International Airport</span><span class=""cpv-chip"">Milano Malpensa Airport</span><span class=""cpv-chip"">Orio al Serio International Airport</span><span class=""cpv-chip"">Milano Linate Airport</span><span class=""cpv-chip"">Naples International Airport</span></div>
<div class=""cpv-landing-grid"">
  <div class=""cpv-landing-card""><strong>City break</strong><p>Se Baie Comeau e una meta urbana, le partenze del venerdi e del sabato sono spesso le piu monitorate.</p></div>
  <div class=""cpv-landing-card""><strong>Viaggi stagionali</strong><p>In alcuni periodi dell'anno le tariffe possono variare molto, soprattutto vicino ai ponti e alle festivita.</p></div>
  <div class=""cpv-landing-card""><strong>Confronto rapido</strong><p>Valuta aeroporti maggiori e secondari per capire se un piccolo spostamento porta a un risparmio concreto.</p></div>
</div>
<h2>Domande frequenti sui voli per Baie Comeau</h2>
<div class=""cpv-faq"">
  <details><summary>Qual e il modo migliore per cercare voli per Baie Comeau?</summary><p>Confronta piu aeroporti italiani, prova date flessibili e verifica anche partenze infrasettimanali per migliorare le possibilita di risparmio.</p></details>
  <details><summary>Meglio volo diretto o con scalo?</summary><p>Per tratte medio-brevi il diretto e spesso la scelta piu comoda, mentre su alcune rotte uno scalo puo ridurre il prezzo finale.</p></details>
  <details><summary>Quando controllare i prezzi per Baie Comeau?</summary><p>Vale la pena iniziare a monitorare la rotta in anticipo e verificare con regolarita i giorni piu vicini alla partenza ideale.</p></details>
</div>","Voli per citta|Voli intercontinentali",city,YBC,/voli-per/baie-comeau/,"Voli per Baie Comeau (YBC): offerte e guide | ConfrontaPrezziVoli","Trova voli per Baie Comeau dai principali aeroporti italiani. Tariffe indicative da EUR 20 e consigli per scegliere il periodo migliore.","voli per Baie Comeau",cities,"Mese tipicamente conveniente: febbraio"
post,publish,"Voli per Baikonur (BXY): offerte, compagnie e periodo migliore per prenotare",voli-per-baikonur-bxy,"Confronta voli per Baikonur dai principali aeroporti italiani. Scopri prezzi indicativi, compagnie e consigli utili per organizzare la partenza.","<div class=""cpv-landing-note"">
  <p><strong>Perche cercare voli per Baikonur qui.</strong> Questa pagina raccoglie un quadro rapido delle partenze italiane piu interessanti per Baikonur, con tariffe indicative e consigli per scegliere il periodo piu vantaggioso.</p>
</div>
<div class=""cpv-stat-grid"">
  <div class=""cpv-stat""><strong>EUR 100</strong><span>Prezzo indicativo da monitorare dalle principali aree aeroportuali italiane.</span></div>
  <div class=""cpv-stat""><strong>ottobre</strong><span>Periodo spesso interessante per tenere sotto controllo la rotta.</span></div>
  <div class=""cpv-stat""><strong>9</strong><span>Aeroporti italiani prioritari da confrontare per questa destinazione.</span></div>
</div>
<h2>Offerte voli per Baikonur</h2>
<p>Per trovare il miglior equilibrio tra prezzo, durata e comfort, conviene verificare piu aeroporti di partenza italiani e confrontare giorni feriali e weekend.</p>
<table>
  <thead>
    <tr><th>Partenza</th><th>Prezzo da</th><th>Durata indicativa</th><th>Mese da monitorare</th></tr>
  </thead>
  <tbody>
    <tr><td>Leonardo da Vinci-Fiumicino Airport (FCO)</td><td>EUR 96</td><td>6h 50</td><td>giugno</td></tr><tr><td>Ciampino-G. B. Pastine International Airport (CIA)</td><td>EUR 172</td><td>3h 30</td><td>ottobre</td></tr><tr><td>Milano Malpensa Airport (MXP)</td><td>EUR 111</td><td>8h 20</td><td>settembre</td></tr><tr><td>Orio al Serio International Airport (BGY)</td><td>EUR 29</td><td>10h 40</td><td>novembre</td></tr><tr><td>Milano Linate Airport (LIN)</td><td>EUR 56</td><td>8h 10</td><td>febbraio</td></tr><tr><td>Naples International Airport (NAP)</td><td>EUR 89</td><td>2h 40</td><td>novembre</td></tr><tr><td>Venice Marco Polo Airport (VCE)</td><td>EUR 129</td><td>3h 20</td><td>marzo</td></tr><tr><td>Catania-Fontanarossa Airport (CTA)</td><td>EUR 107</td><td>8h 40</td><td>maggio</td></tr><tr><td>Guglielmo Marconi Airport (BLQ)</td><td>EUR 179</td><td>8h 40</td><td>maggio</td></tr>
  </tbody>
</table>
<h2>Aeroporti italiani da cui conviene partire</h2>
<div class=""cpv-chip-list""><span class=""cpv-chip"">Leonardo da Vinci-Fiumicino Airport</span><span class=""cpv-chip"">Ciampino-G. B. Pastine International Airport</span><span class=""cpv-chip"">Milano Malpensa Airport</span><span class=""cpv-chip"">Orio al Serio International Airport</span><span class=""cpv-chip"">Milano Linate Airport</span><span class=""cpv-chip"">Naples International Airport</span></div>
<div class=""cpv-landing-grid"">
  <div class=""cpv-landing-card""><strong>City break</strong><p>Se Baikonur e una meta urbana, le partenze del venerdi e del sabato sono spesso le piu monitorate.</p></div>
  <div class=""cpv-landing-card""><strong>Viaggi stagionali</strong><p>In alcuni periodi dell'anno le tariffe possono variare molto, soprattutto vicino ai ponti e alle festivita.</p></div>
  <div class=""cpv-landing-card""><strong>Confronto rapido</strong><p>Valuta aeroporti maggiori e secondari per capire se un piccolo spostamento porta a un risparmio concreto.</p></div>
</div>
<h2>Domande frequenti sui voli per Baikonur</h2>
<div class=""cpv-faq"">
  <details><summary>Qual e il modo migliore per cercare voli per Baikonur?</summary><p>Confronta piu aeroporti italiani, prova date flessibili e verifica anche partenze infrasettimanali per migliorare le possibilita di risparmio.</p></details>
  <details><summary>Meglio volo diretto o con scalo?</summary><p>Per tratte medio-brevi il diretto e spesso la scelta piu comoda, mentre su alcune rotte uno scalo puo ridurre il prezzo finale.</p></details>
  <details><summary>Quando controllare i prezzi per Baikonur?</summary><p>Vale la pena iniziare a monitorare la rotta in anticipo e verificare con regolarita i giorni piu vicini alla partenza ideale.</p></details>
</div>","Voli per citta|Voli intercontinentali",city,BXY,/voli-per/baikonur/,"Voli per Baikonur (BXY): offerte e guide | ConfrontaPrezziVoli","Trova voli per Baikonur dai principali aeroporti italiani. Tariffe indicative da EUR 100 e consigli per scegliere il periodo migliore.","voli per Baikonur",cities,"Mese tipicamente conveniente: ottobre"
post,publish,"Voli per Baise (AEB): offerte, compagnie e periodo migliore per prenotare",voli-per-baise-aeb,"Confronta voli per Baise dai principali aeroporti italiani. Scopri prezzi indicativi, compagnie e consigli utili per organizzare la partenza.","<div class=""cpv-landing-note"">
  <p><strong>Perche cercare voli per Baise qui.</strong> Questa pagina raccoglie un quadro rapido delle partenze italiane piu interessanti per Baise, con tariffe indicative e consigli per scegliere il periodo piu vantaggioso.</p>
</div>
<div class=""cpv-stat-grid"">
  <div class=""cpv-stat""><strong>EUR 183</strong><span>Prezzo indicativo da monitorare dalle principali aree aeroportuali italiane.</span></div>
  <div class=""cpv-stat""><strong>settembre</strong><span>Periodo spesso interessante per tenere sotto controllo la rotta.</span></div>
  <div class=""cpv-stat""><strong>9</strong><span>Aeroporti italiani prioritari da confrontare per questa destinazione.</span></div>
</div>
<h2>Offerte voli per Baise</h2>
<p>Per trovare il miglior equilibrio tra prezzo, durata e comfort, conviene verificare piu aeroporti di partenza italiani e confrontare giorni feriali e weekend.</p>
<table>
  <thead>
    <tr><th>Partenza</th><th>Prezzo da</th><th>Durata indicativa</th><th>Mese da monitorare</th></tr>
  </thead>
  <tbody>
    <tr><td>Leonardo da Vinci-Fiumicino Airport (FCO)</td><td>EUR 83</td><td>10h 40</td><td>maggio</td></tr><tr><td>Ciampino-G. B. Pastine International Airport (CIA)</td><td>EUR 59</td><td>5h 40</td><td>maggio</td></tr><tr><td>Milano Malpensa Airport (MXP)</td><td>EUR 140</td><td>11h 10</td><td>febbraio</td></tr><tr><td>Orio al Serio International Airport (BGY)</td><td>EUR 26</td><td>3h 10</td><td>agosto</td></tr><tr><td>Milano Linate Airport (LIN)</td><td>EUR 111</td><td>6h 20</td><td>settembre</td></tr><tr><td>Naples International Airport (NAP)</td><td>EUR 142</td><td>6h 30</td><td>aprile</td></tr><tr><td>Venice Marco Polo Airport (VCE)</td><td>EUR 142</td><td>9h 30</td><td>aprile</td></tr><tr><td>Catania-Fontanarossa Airport (CTA)</td><td>EUR 48</td><td>8h 50</td><td>giugno</td></tr><tr><td>Guglielmo Marconi Airport (BLQ)</td><td>EUR 36</td><td>7h 50</td><td>giugno</td></tr>
  </tbody>
</table>
<h2>Aeroporti italiani da cui conviene partire</h2>
<div class=""cpv-chip-list""><span class=""cpv-chip"">Leonardo da Vinci-Fiumicino Airport</span><span class=""cpv-chip"">Ciampino-G. B. Pastine International Airport</span><span class=""cpv-chip"">Milano Malpensa Airport</span><span class=""cpv-chip"">Orio al Serio International Airport</span><span class=""cpv-chip"">Milano Linate Airport</span><span class=""cpv-chip"">Naples International Airport</span></div>
<div class=""cpv-landing-grid"">
  <div class=""cpv-landing-card""><strong>City break</strong><p>Se Baise e una meta urbana, le partenze del venerdi e del sabato sono spesso le piu monitorate.</p></div>
  <div class=""cpv-landing-card""><strong>Viaggi stagionali</strong><p>In alcuni periodi dell'anno le tariffe possono variare molto, soprattutto vicino ai ponti e alle festivita.</p></div>
  <div class=""cpv-landing-card""><strong>Confronto rapido</strong><p>Valuta aeroporti maggiori e secondari per capire se un piccolo spostamento porta a un risparmio concreto.</p></div>
</div>
<h2>Domande frequenti sui voli per Baise</h2>
<div class=""cpv-faq"">
  <details><summary>Qual e il modo migliore per cercare voli per Baise?</summary><p>Confronta piu aeroporti italiani, prova date flessibili e verifica anche partenze infrasettimanali per migliorare le possibilita di risparmio.</p></details>
  <details><summary>Meglio volo diretto o con scalo?</summary><p>Per tratte medio-brevi il diretto e spesso la scelta piu comoda, mentre su alcune rotte uno scalo puo ridurre il prezzo finale.</p></details>
  <details><summary>Quando controllare i prezzi per Baise?</summary><p>Vale la pena iniziare a monitorare la rotta in anticipo e verificare con regolarita i giorni piu vicini alla partenza ideale.</p></details>
</div>","Voli per citta|Voli intercontinentali",city,AEB,/voli-per/baise/,"Voli per Baise (AEB): offerte e guide | ConfrontaPrezziVoli","Trova voli per Baise dai principali aeroporti italiani. Tariffe indicative da EUR 183 e consigli per scegliere il periodo migliore.","voli per Baise",cities,"Mese tipicamente conveniente: settembre"
post,publish,"Voli per Baishan (NBS): offerte, compagnie e periodo migliore per prenotare",voli-per-baishan-nbs,"Confronta voli per Baishan dai principali aeroporti italiani. Scopri prezzi indicativi, compagnie e consigli utili per organizzare la partenza.","<div class=""cpv-landing-note"">
  <p><strong>Perche cercare voli per Baishan qui.</strong> Questa pagina raccoglie un quadro rapido delle partenze italiane piu interessanti per Baishan, con tariffe indicative e consigli per scegliere il periodo piu vantaggioso.</p>
</div>
<div class=""cpv-stat-grid"">
  <div class=""cpv-stat""><strong>EUR 171</strong><span>Prezzo indicativo da monitorare dalle principali aree aeroportuali italiane.</span></div>
  <div class=""cpv-stat""><strong>settembre</strong><span>Periodo spesso interessante per tenere sotto controllo la rotta.</span></div>
  <div class=""cpv-stat""><strong>9</strong><span>Aeroporti italiani prioritari da confrontare per questa destinazione.</span></div>
</div>
<h2>Offerte voli per Baishan</h2>
<p>Per trovare il miglior equilibrio tra prezzo, durata e comfort, conviene verificare piu aeroporti di partenza italiani e confrontare giorni feriali e weekend.</p>
<table>
  <thead>
    <tr><th>Partenza</th><th>Prezzo da</th><th>Durata indicativa</th><th>Mese da monitorare</th></tr>
  </thead>
  <tbody>
    <tr><td>Leonardo da Vinci-Fiumicino Airport (FCO)</td><td>EUR 119</td><td>3h 40</td><td>maggio</td></tr><tr><td>Ciampino-G. B. Pastine International Airport (CIA)</td><td>EUR 67</td><td>2h 00</td><td>gennaio</td></tr><tr><td>Milano Malpensa Airport (MXP)</td><td>EUR 24</td><td>4h 50</td><td>giugno</td></tr><tr><td>Orio al Serio International Airport (BGY)</td><td>EUR 94</td><td>7h 30</td><td>aprile</td></tr><tr><td>Milano Linate Airport (LIN)</td><td>EUR 171</td><td>2h 20</td><td>settembre</td></tr><tr><td>Naples International Airport (NAP)</td><td>EUR 146</td><td>11h 10</td><td>agosto</td></tr><tr><td>Venice Marco Polo Airport (VCE)</td><td>EUR 70</td><td>11h 30</td><td>aprile</td></tr><tr><td>Catania-Fontanarossa Airport (CTA)</td><td>EUR 188</td><td>10h 10</td><td>febbraio</td></tr><tr><td>Guglielmo Marconi Airport (BLQ)</td><td>EUR 188</td><td>2h 10</td><td>febbraio</td></tr>
  </tbody>
</table>
<h2>Aeroporti italiani da cui conviene partire</h2>
<div class=""cpv-chip-list""><span class=""cpv-chip"">Leonardo da Vinci-Fiumicino Airport</span><span class=""cpv-chip"">Ciampino-G. B. Pastine International Airport</span><span class=""cpv-chip"">Milano Malpensa Airport</span><span class=""cpv-chip"">Orio al Serio International Airport</span><span class=""cpv-chip"">Milano Linate Airport</span><span class=""cpv-chip"">Naples International Airport</span></div>
<div class=""cpv-landing-grid"">
  <div class=""cpv-landing-card""><strong>City break</strong><p>Se Baishan e una meta urbana, le partenze del venerdi e del sabato sono spesso le piu monitorate.</p></div>
  <div class=""cpv-landing-card""><strong>Viaggi stagionali</strong><p>In alcuni periodi dell'anno le tariffe possono variare molto, soprattutto vicino ai ponti e alle festivita.</p></div>
  <div class=""cpv-landing-card""><strong>Confronto rapido</strong><p>Valuta aeroporti maggiori e secondari per capire se un piccolo spostamento porta a un risparmio concreto.</p></div>
</div>
<h2>Domande frequenti sui voli per Baishan</h2>
<div class=""cpv-faq"">
  <details><summary>Qual e il modo migliore per cercare voli per Baishan?</summary><p>Confronta piu aeroporti italiani, prova date flessibili e verifica anche partenze infrasettimanali per migliorare le possibilita di risparmio.</p></details>
  <details><summary>Meglio volo diretto o con scalo?</summary><p>Per tratte medio-brevi il diretto e spesso la scelta piu comoda, mentre su alcune rotte uno scalo puo ridurre il prezzo finale.</p></details>
  <details><summary>Quando controllare i prezzi per Baishan?</summary><p>Vale la pena iniziare a monitorare la rotta in anticipo e verificare con regolarita i giorni piu vicini alla partenza ideale.</p></details>
</div>","Voli per citta|Voli intercontinentali",city,NBS,/voli-per/baishan/,"Voli per Baishan (NBS): offerte e guide | ConfrontaPrezziVoli","Trova voli per Baishan dai principali aeroporti italiani. Tariffe indicative da EUR 171 e consigli per scegliere il periodo migliore.","voli per Baishan",cities,"Mese tipicamente conveniente: settembre"
post,publish,"Voli per Bajawa (BJW): offerte, compagnie e periodo migliore per prenotare",voli-per-bajawa-bjw,"Confronta voli per Bajawa dai principali aeroporti italiani. Scopri prezzi indicativi, compagnie e consigli utili per organizzare la partenza.","<div class=""cpv-landing-note"">
  <p><strong>Perche cercare voli per Bajawa qui.</strong> Questa pagina raccoglie un quadro rapido delle partenze italiane piu interessanti per Bajawa, con tariffe indicative e consigli per scegliere il periodo piu vantaggioso.</p>
</div>
<div class=""cpv-stat-grid"">
  <div class=""cpv-stat""><strong>EUR 164</strong><span>Prezzo indicativo da monitorare dalle principali aree aeroportuali italiane.</span></div>
  <div class=""cpv-stat""><strong>febbraio</strong><span>Periodo spesso interessante per tenere sotto controllo la rotta.</span></div>
  <div class=""cpv-stat""><strong>9</strong><span>Aeroporti italiani prioritari da confrontare per questa destinazione.</span></div>
</div>
<h2>Offerte voli per Bajawa</h2>
<p>Per trovare il miglior equilibrio tra prezzo, durata e comfort, conviene verificare piu aeroporti di partenza italiani e confrontare giorni feriali e weekend.</p>
<table>
  <thead>
    <tr><th>Partenza</th><th>Prezzo da</th><th>Durata indicativa</th><th>Mese da monitorare</th></tr>
  </thead>
  <tbody>
    <tr><td>Leonardo da Vinci-Fiumicino Airport (FCO)</td><td>EUR 120</td><td>2h 50</td><td>giugno</td></tr><tr><td>Ciampino-G. B. Pastine International Airport (CIA)</td><td>EUR 172</td><td>9h 30</td><td>ottobre</td></tr><tr><td>Milano Malpensa Airport (MXP)</td><td>EUR 183</td><td>2h 20</td><td>settembre</td></tr><tr><td>Orio al Serio International Airport (BGY)</td><td>EUR 53</td><td>7h 40</td><td>novembre</td></tr><tr><td>Milano Linate Airport (LIN)</td><td>EUR 136</td><td>8h 30</td><td>ottobre</td></tr><tr><td>Naples International Airport (NAP)</td><td>EUR 41</td><td>8h 40</td><td>novembre</td></tr><tr><td>Venice Marco Polo Airport (VCE)</td><td>EUR 77</td><td>5h 40</td><td>novembre</td></tr><tr><td>Catania-Fontanarossa Airport (CTA)</td><td>EUR 119</td><td>3h 40</td><td>maggio</td></tr><tr><td>Guglielmo Marconi Airport (BLQ)</td><td>EUR 127</td><td>8h 00</td><td>gennaio</td></tr>
  </tbody>
</table>
<h2>Aeroporti italiani da cui conviene partire</h2>
<div class=""cpv-chip-list""><span class=""cpv-chip"">Leonardo da Vinci-Fiumicino Airport</span><span class=""cpv-chip"">Ciampino-G. B. Pastine International Airport</span><span class=""cpv-chip"">Milano Malpensa Airport</span><span class=""cpv-chip"">Orio al Serio International Airport</span><span class=""cpv-chip"">Milano Linate Airport</span><span class=""cpv-chip"">Naples International Airport</span></div>
<div class=""cpv-landing-grid"">
  <div class=""cpv-landing-card""><strong>City break</strong><p>Se Bajawa e una meta urbana, le partenze del venerdi e del sabato sono spesso le piu monitorate.</p></div>
  <div class=""cpv-landing-card""><strong>Viaggi stagionali</strong><p>In alcuni periodi dell'anno le tariffe possono variare molto, soprattutto vicino ai ponti e alle festivita.</p></div>
  <div class=""cpv-landing-card""><strong>Confronto rapido</strong><p>Valuta aeroporti maggiori e secondari per capire se un piccolo spostamento porta a un risparmio concreto.</p></div>
</div>
<h2>Domande frequenti sui voli per Bajawa</h2>
<div class=""cpv-faq"">
  <details><summary>Qual e il modo migliore per cercare voli per Bajawa?</summary><p>Confronta piu aeroporti italiani, prova date flessibili e verifica anche partenze infrasettimanali per migliorare le possibilita di risparmio.</p></details>
  <details><summary>Meglio volo diretto o con scalo?</summary><p>Per tratte medio-brevi il diretto e spesso la scelta piu comoda, mentre su alcune rotte uno scalo puo ridurre il prezzo finale.</p></details>
  <details><summary>Quando controllare i prezzi per Bajawa?</summary><p>Vale la pena iniziare a monitorare la rotta in anticipo e verificare con regolarita i giorni piu vicini alla partenza ideale.</p></details>
</div>","Voli per citta|Voli intercontinentali",city,BJW,/voli-per/bajawa/,"Voli per Bajawa (BJW): offerte e guide | ConfrontaPrezziVoli","Trova voli per Bajawa dai principali aeroporti italiani. Tariffe indicative da EUR 164 e consigli per scegliere il periodo migliore.","voli per Bajawa",cities,"Mese tipicamente conveniente: febbraio"
post,publish,"Voli per Bajkit (BKA): offerte, compagnie e periodo migliore per prenotare",voli-per-bajkit-bka,"Confronta voli per Bajkit dai principali aeroporti italiani. Scopri prezzi indicativi, compagnie e consigli utili per organizzare la partenza.","<div class=""cpv-landing-note"">
  <p><strong>Perche cercare voli per Bajkit qui.</strong> Questa pagina raccoglie un quadro rapido delle partenze italiane piu interessanti per Bajkit, con tariffe indicative e consigli per scegliere il periodo piu vantaggioso.</p>
</div>
<div class=""cpv-stat-grid"">
  <div class=""cpv-stat""><strong>EUR 104</strong><span>Prezzo indicativo da monitorare dalle principali aree aeroportuali italiane.</span></div>
  <div class=""cpv-stat""><strong>febbraio</strong><span>Periodo spesso interessante per tenere sotto controllo la rotta.</span></div>
  <div class=""cpv-stat""><strong>9</strong><span>Aeroporti italiani prioritari da confrontare per questa destinazione.</span></div>
</div>
<h2>Offerte voli per Bajkit</h2>
<p>Per trovare il miglior equilibrio tra prezzo, durata e comfort, conviene verificare piu aeroporti di partenza italiani e confrontare giorni feriali e weekend.</p>
<table>
  <thead>
    <tr><th>Partenza</th><th>Prezzo da</th><th>Durata indicativa</th><th>Mese da monitorare</th></tr>
  </thead>
  <tbody>
    <tr><td>Leonardo da Vinci-Fiumicino Airport (FCO)</td><td>EUR 64</td><td>1h 30</td><td>ottobre</td></tr><tr><td>Ciampino-G. B. Pastine International Airport (CIA)</td><td>EUR 160</td><td>6h 30</td><td>ottobre</td></tr><tr><td>Milano Malpensa Airport (MXP)</td><td>EUR 159</td><td>6h 20</td><td>settembre</td></tr><tr><td>Orio al Serio International Airport (BGY)</td><td>EUR 121</td><td>10h 00</td><td>luglio</td></tr><tr><td>Milano Linate Airport (LIN)</td><td>EUR 160</td><td>7h 30</td><td>ottobre</td></tr><tr><td>Naples International Airport (NAP)</td><td>EUR 129</td><td>2h 20</td><td>marzo</td></tr><tr><td>Venice Marco Polo Airport (VCE)</td><td>EUR 89</td><td>11h 40</td><td>novembre</td></tr><tr><td>Catania-Fontanarossa Airport (CTA)</td><td>EUR 195</td><td>2h 20</td><td>settembre</td></tr><tr><td>Guglielmo Marconi Airport (BLQ)</td><td>EUR 143</td><td>6h 40</td><td>maggio</td></tr>
  </tbody>
</table>
<h2>Aeroporti italiani da cui conviene partire</h2>
<div class=""cpv-chip-list""><span class=""cpv-chip"">Leonardo da Vinci-Fiumicino Airport</span><span class=""cpv-chip"">Ciampino-G. B. Pastine International Airport</span><span class=""cpv-chip"">Milano Malpensa Airport</span><span class=""cpv-chip"">Orio al Serio International Airport</span><span class=""cpv-chip"">Milano Linate Airport</span><span class=""cpv-chip"">Naples International Airport</span></div>
<div class=""cpv-landing-grid"">
  <div class=""cpv-landing-card""><strong>City break</strong><p>Se Bajkit e una meta urbana, le partenze del venerdi e del sabato sono spesso le piu monitorate.</p></div>
  <div class=""cpv-landing-card""><strong>Viaggi stagionali</strong><p>In alcuni periodi dell'anno le tariffe possono variare molto, soprattutto vicino ai ponti e alle festivita.</p></div>
  <div class=""cpv-landing-card""><strong>Confronto rapido</strong><p>Valuta aeroporti maggiori e secondari per capire se un piccolo spostamento porta a un risparmio concreto.</p></div>
</div>
<h2>Domande frequenti sui voli per Bajkit</h2>
<div class=""cpv-faq"">
  <details><summary>Qual e il modo migliore per cercare voli per Bajkit?</summary><p>Confronta piu aeroporti italiani, prova date flessibili e verifica anche partenze infrasettimanali per migliorare le possibilita di risparmio.</p></details>
  <details><summary>Meglio volo diretto o con scalo?</summary><p>Per tratte medio-brevi il diretto e spesso la scelta piu comoda, mentre su alcune rotte uno scalo puo ridurre il prezzo finale.</p></details>
  <details><summary>Quando controllare i prezzi per Bajkit?</summary><p>Vale la pena iniziare a monitorare la rotta in anticipo e verificare con regolarita i giorni piu vicini alla partenza ideale.</p></details>
</div>","Voli per citta|Voli intercontinentali",city,BKA,/voli-per/bajkit/,"Voli per Bajkit (BKA): offerte e guide | ConfrontaPrezziVoli","Trova voli per Bajkit dai principali aeroporti italiani. Tariffe indicative da EUR 104 e consigli per scegliere il periodo migliore.","voli per Bajkit",cities,"Mese tipicamente conveniente: febbraio"
post,publish,"Voli per Bakalalan (BKM): offerte, compagnie e periodo migliore per prenotare",voli-per-bakalalan-bkm,"Confronta voli per Bakalalan dai principali aeroporti italiani. Scopri prezzi indicativi, compagnie e consigli utili per organizzare la partenza.","<div class=""cpv-landing-note"">
  <p><strong>Perche cercare voli per Bakalalan qui.</strong> Questa pagina raccoglie un quadro rapido delle partenze italiane piu interessanti per Bakalalan, con tariffe indicative e consigli per scegliere il periodo piu vantaggioso.</p>
</div>
<div class=""cpv-stat-grid"">
  <div class=""cpv-stat""><strong>EUR 85</strong><span>Prezzo indicativo da monitorare dalle principali aree aeroportuali italiane.</span></div>
  <div class=""cpv-stat""><strong>luglio</strong><span>Periodo spesso interessante per tenere sotto controllo la rotta.</span></div>
  <div class=""cpv-stat""><strong>9</strong><span>Aeroporti italiani prioritari da confrontare per questa destinazione.</span></div>
</div>
<h2>Offerte voli per Bakalalan</h2>
<p>Per trovare il miglior equilibrio tra prezzo, durata e comfort, conviene verificare piu aeroporti di partenza italiani e confrontare giorni feriali e weekend.</p>
<table>
  <thead>
    <tr><th>Partenza</th><th>Prezzo da</th><th>Durata indicativa</th><th>Mese da monitorare</th></tr>
  </thead>
  <tbody>
    <tr><td>Leonardo da Vinci-Fiumicino Airport (FCO)</td><td>EUR 141</td><td>5h 20</td><td>marzo</td></tr><tr><td>Ciampino-G. B. Pastine International Airport (CIA)</td><td>EUR 113</td><td>5h 40</td><td>novembre</td></tr><tr><td>Milano Malpensa Airport (MXP)</td><td>EUR 110</td><td>10h 10</td><td>agosto</td></tr><tr><td>Orio al Serio International Airport (BGY)</td><td>EUR 160</td><td>4h 30</td><td>ottobre</td></tr><tr><td>Milano Linate Airport (LIN)</td><td>EUR 73</td><td>9h 00</td><td>luglio</td></tr><tr><td>Naples International Airport (NAP)</td><td>EUR 88</td><td>1h 30</td><td>ottobre</td></tr><tr><td>Venice Marco Polo Airport (VCE)</td><td>EUR 156</td><td>11h 50</td><td>giugno</td></tr><tr><td>Catania-Fontanarossa Airport (CTA)</td><td>EUR 74</td><td>7h 10</td><td>agosto</td></tr><tr><td>Guglielmo Marconi Airport (BLQ)</td><td>EUR 74</td><td>8h 10</td><td>agosto</td></tr>
  </tbody>
</table>
<h2>Aeroporti italiani da cui conviene partire</h2>
<div class=""cpv-chip-list""><span class=""cpv-chip"">Leonardo da Vinci-Fiumicino Airport</span><span class=""cpv-chip"">Ciampino-G. B. Pastine International Airport</span><span class=""cpv-chip"">Milano Malpensa Airport</span><span class=""cpv-chip"">Orio al Serio International Airport</span><span class=""cpv-chip"">Milano Linate Airport</span><span class=""cpv-chip"">Naples International Airport</span></div>
<div class=""cpv-landing-grid"">
  <div class=""cpv-landing-card""><strong>City break</strong><p>Se Bakalalan e una meta urbana, le partenze del venerdi e del sabato sono spesso le piu monitorate.</p></div>
  <div class=""cpv-landing-card""><strong>Viaggi stagionali</strong><p>In alcuni periodi dell'anno le tariffe possono variare molto, soprattutto vicino ai ponti e alle festivita.</p></div>
  <div class=""cpv-landing-card""><strong>Confronto rapido</strong><p>Valuta aeroporti maggiori e secondari per capire se un piccolo spostamento porta a un risparmio concreto.</p></div>
</div>
<h2>Domande frequenti sui voli per Bakalalan</h2>
<div class=""cpv-faq"">
  <details><summary>Qual e il modo migliore per cercare voli per Bakalalan?</summary><p>Confronta piu aeroporti italiani, prova date flessibili e verifica anche partenze infrasettimanali per migliorare le possibilita di risparmio.</p></details>
  <details><summary>Meglio volo diretto o con scalo?</summary><p>Per tratte medio-brevi il diretto e spesso la scelta piu comoda, mentre su alcune rotte uno scalo puo ridurre il prezzo finale.</p></details>
  <details><summary>Quando controllare i prezzi per Bakalalan?</summary><p>Vale la pena iniziare a monitorare la rotta in anticipo e verificare con regolarita i giorni piu vicini alla partenza ideale.</p></details>
</div>","Voli per citta|Voli intercontinentali",city,BKM,/voli-per/bakalalan/,"Voli per Bakalalan (BKM): offerte e guide | ConfrontaPrezziVoli","Trova voli per Bakalalan dai principali aeroporti italiani. Tariffe indicative da EUR 85 e consigli per scegliere il periodo migliore.","voli per Bakalalan",cities,"Mese tipicamente conveniente: luglio"
post,publish,"Voli per Baker Lake (YBK): offerte, compagnie e periodo migliore per prenotare",voli-per-baker-lake-ybk,"Confronta voli per Baker Lake dai principali aeroporti italiani. Scopri prezzi indicativi, compagnie e consigli utili per organizzare la partenza.","<div class=""cpv-landing-note"">
  <p><strong>Perche cercare voli per Baker Lake qui.</strong> Questa pagina raccoglie un quadro rapido delle partenze italiane piu interessanti per Baker Lake, con tariffe indicative e consigli per scegliere il periodo piu vantaggioso.</p>
</div>
<div class=""cpv-stat-grid"">
  <div class=""cpv-stat""><strong>EUR 150</strong><span>Prezzo indicativo da monitorare dalle principali aree aeroportuali italiane.</span></div>
  <div class=""cpv-stat""><strong>dicembre</strong><span>Periodo spesso interessante per tenere sotto controllo la rotta.</span></div>
  <div class=""cpv-stat""><strong>9</strong><span>Aeroporti italiani prioritari da confrontare per questa destinazione.</span></div>
</div>
<h2>Offerte voli per Baker Lake</h2>
<p>Per trovare il miglior equilibrio tra prezzo, durata e comfort, conviene verificare piu aeroporti di partenza italiani e confrontare giorni feriali e weekend.</p>
<table>
  <thead>
    <tr><th>Partenza</th><th>Prezzo da</th><th>Durata indicativa</th><th>Mese da monitorare</th></tr>
  </thead>
  <tbody>
    <tr><td>Leonardo da Vinci-Fiumicino Airport (FCO)</td><td>EUR 110</td><td>4h 10</td><td>agosto</td></tr><tr><td>Ciampino-G. B. Pastine International Airport (CIA)</td><td>EUR 98</td><td>2h 10</td><td>agosto</td></tr><tr><td>Milano Malpensa Airport (MXP)</td><td>EUR 81</td><td>10h 20</td><td>marzo</td></tr><tr><td>Orio al Serio International Airport (BGY)</td><td>EUR 23</td><td>4h 40</td><td>maggio</td></tr><tr><td>Milano Linate Airport (LIN)</td><td>EUR 38</td><td>3h 10</td><td>agosto</td></tr><tr><td>Naples International Airport (NAP)</td><td>EUR 55</td><td>11h 00</td><td>gennaio</td></tr><tr><td>Venice Marco Polo Airport (VCE)</td><td>EUR 195</td><td>11h 20</td><td>settembre</td></tr><tr><td>Catania-Fontanarossa Airport (CTA)</td><td>EUR 169</td><td>2h 00</td><td>luglio</td></tr><tr><td>Guglielmo Marconi Airport (BLQ)</td><td>EUR 149</td><td>2h 40</td><td>novembre</td></tr>
  </tbody>
</table>
<h2>Aeroporti italiani da cui conviene partire</h2>
<div class=""cpv-chip-list""><span class=""cpv-chip"">Leonardo da Vinci-Fiumicino Airport</span><span class=""cpv-chip"">Ciampino-G. B. Pastine International Airport</span><span class=""cpv-chip"">Milano Malpensa Airport</span><span class=""cpv-chip"">Orio al Serio International Airport</span><span class=""cpv-chip"">Milano Linate Airport</span><span class=""cpv-chip"">Naples International Airport</span></div>
<div class=""cpv-landing-grid"">
  <div class=""cpv-landing-card""><strong>City break</strong><p>Se Baker Lake e una meta urbana, le partenze del venerdi e del sabato sono spesso le piu monitorate.</p></div>
  <div class=""cpv-landing-card""><strong>Viaggi stagionali</strong><p>In alcuni periodi dell'anno le tariffe possono variare molto, soprattutto vicino ai ponti e alle festivita.</p></div>
  <div class=""cpv-landing-card""><strong>Confronto rapido</strong><p>Valuta aeroporti maggiori e secondari per capire se un piccolo spostamento porta a un risparmio concreto.</p></div>
</div>
<h2>Domande frequenti sui voli per Baker Lake</h2>
<div class=""cpv-faq"">
  <details><summary>Qual e il modo migliore per cercare voli per Baker Lake?</summary><p>Confronta piu aeroporti italiani, prova date flessibili e verifica anche partenze infrasettimanali per migliorare le possibilita di risparmio.</p></details>
  <details><summary>Meglio volo diretto o con scalo?</summary><p>Per tratte medio-brevi il diretto e spesso la scelta piu comoda, mentre su alcune rotte uno scalo puo ridurre il prezzo finale.</p></details>
  <details><summary>Quando controllare i prezzi per Baker Lake?</summary><p>Vale la pena iniziare a monitorare la rotta in anticipo e verificare con regolarita i giorni piu vicini alla partenza ideale.</p></details>
</div>","Voli per citta|Voli intercontinentali",city,YBK,/voli-per/baker-lake/,"Voli per Baker Lake (YBK): offerte e guide | ConfrontaPrezziVoli","Trova voli per Baker Lake dai principali aeroporti italiani. Tariffe indicative da EUR 150 e consigli per scegliere il periodo migliore.","voli per Baker Lake",cities,"Mese tipicamente conveniente: dicembre"
post,publish,"Voli per Bakersfield (BFL): offerte, compagnie e periodo migliore per prenotare",voli-per-bakersfield-bfl,"Confronta voli per Bakersfield dai principali aeroporti italiani. Scopri prezzi indicativi, compagnie e consigli utili per organizzare la partenza.","<div class=""cpv-landing-note"">
  <p><strong>Perche cercare voli per Bakersfield qui.</strong> Questa pagina raccoglie un quadro rapido delle partenze italiane piu interessanti per Bakersfield, con tariffe indicative e consigli per scegliere il periodo piu vantaggioso.</p>
</div>
<div class=""cpv-stat-grid"">
  <div class=""cpv-stat""><strong>EUR 148</strong><span>Prezzo indicativo da monitorare dalle principali aree aeroportuali italiane.</span></div>
  <div class=""cpv-stat""><strong>ottobre</strong><span>Periodo spesso interessante per tenere sotto controllo la rotta.</span></div>
  <div class=""cpv-stat""><strong>9</strong><span>Aeroporti italiani prioritari da confrontare per questa destinazione.</span></div>
</div>
<h2>Offerte voli per Bakersfield</h2>
<p>Per trovare il miglior equilibrio tra prezzo, durata e comfort, conviene verificare piu aeroporti di partenza italiani e confrontare giorni feriali e weekend.</p>
<table>
  <thead>
    <tr><th>Partenza</th><th>Prezzo da</th><th>Durata indicativa</th><th>Mese da monitorare</th></tr>
  </thead>
  <tbody>
    <tr><td>Leonardo da Vinci-Fiumicino Airport (FCO)</td><td>EUR 28</td><td>4h 30</td><td>ottobre</td></tr><tr><td>Ciampino-G. B. Pastine International Airport (CIA)</td><td>EUR 136</td><td>7h 30</td><td>ottobre</td></tr><tr><td>Milano Malpensa Airport (MXP)</td><td>EUR 67</td><td>4h 00</td><td>gennaio</td></tr><tr><td>Orio al Serio International Airport (BGY)</td><td>EUR 61</td><td>8h 00</td><td>luglio</td></tr><tr><td>Milano Linate Airport (LIN)</td><td>EUR 108</td><td>2h 50</td><td>giugno</td></tr><tr><td>Naples International Airport (NAP)</td><td>EUR 149</td><td>11h 40</td><td>novembre</td></tr><tr><td>Venice Marco Polo Airport (VCE)</td><td>EUR 21</td><td>6h 20</td><td>marzo</td></tr><tr><td>Catania-Fontanarossa Airport (CTA)</td><td>EUR 151</td><td>6h 00</td><td>gennaio</td></tr><tr><td>Guglielmo Marconi Airport (BLQ)</td><td>EUR 107</td><td>4h 40</td><td>maggio</td></tr>
  </tbody>
</table>
<h2>Aeroporti italiani da cui conviene partire</h2>
<div class=""cpv-chip-list""><span class=""cpv-chip"">Leonardo da Vinci-Fiumicino Airport</span><span class=""cpv-chip"">Ciampino-G. B. Pastine International Airport</span><span class=""cpv-chip"">Milano Malpensa Airport</span><span class=""cpv-chip"">Orio al Serio International Airport</span><span class=""cpv-chip"">Milano Linate Airport</span><span class=""cpv-chip"">Naples International Airport</span></div>
<div class=""cpv-landing-grid"">
  <div class=""cpv-landing-card""><strong>City break</strong><p>Se Bakersfield e una meta urbana, le partenze del venerdi e del sabato sono spesso le piu monitorate.</p></div>
  <div class=""cpv-landing-card""><strong>Viaggi stagionali</strong><p>In alcuni periodi dell'anno le tariffe possono variare molto, soprattutto vicino ai ponti e alle festivita.</p></div>
  <div class=""cpv-landing-card""><strong>Confronto rapido</strong><p>Valuta aeroporti maggiori e secondari per capire se un piccolo spostamento porta a un risparmio concreto.</p></div>
</div>
<h2>Domande frequenti sui voli per Bakersfield</h2>
<div class=""cpv-faq"">
  <details><summary>Qual e il modo migliore per cercare voli per Bakersfield?</summary><p>Confronta piu aeroporti italiani, prova date flessibili e verifica anche partenze infrasettimanali per migliorare le possibilita di risparmio.</p></details>
  <details><summary>Meglio volo diretto o con scalo?</summary><p>Per tratte medio-brevi il diretto e spesso la scelta piu comoda, mentre su alcune rotte uno scalo puo ridurre il prezzo finale.</p></details>
  <details><summary>Quando controllare i prezzi per Bakersfield?</summary><p>Vale la pena iniziare a monitorare la rotta in anticipo e verificare con regolarita i giorni piu vicini alla partenza ideale.</p></details>
</div>","Voli per citta|Voli intercontinentali",city,BFL,/voli-per/bakersfield/,"Voli per Bakersfield (BFL): offerte e guide | ConfrontaPrezziVoli","Trova voli per Bakersfield dai principali aeroporti italiani. Tariffe indicative da EUR 148 e consigli per scegliere il periodo migliore.","voli per Bakersfield",cities,"Mese tipicamente conveniente: ottobre"
post,publish,"Voli per Baku (BAK): offerte, compagnie e periodo migliore per prenotare",voli-per-baku-bak,"Confronta voli per Baku dai principali aeroporti italiani. Scopri prezzi indicativi, compagnie e consigli utili per organizzare la partenza.","<div class=""cpv-landing-note"">
  <p><strong>Perche cercare voli per Baku qui.</strong> Questa pagina raccoglie un quadro rapido delle partenze italiane piu interessanti per Baku, con tariffe indicative e consigli per scegliere il periodo piu vantaggioso.</p>
</div>
<div class=""cpv-stat-grid"">
  <div class=""cpv-stat""><strong>EUR 116</strong><span>Prezzo indicativo da monitorare dalle principali aree aeroportuali italiane.</span></div>
  <div class=""cpv-stat""><strong>febbraio</strong><span>Periodo spesso interessante per tenere sotto controllo la rotta.</span></div>
  <div class=""cpv-stat""><strong>9</strong><span>Aeroporti italiani prioritari da confrontare per questa destinazione.</span></div>
</div>
<h2>Offerte voli per Baku</h2>
<p>Per trovare il miglior equilibrio tra prezzo, durata e comfort, conviene verificare piu aeroporti di partenza italiani e confrontare giorni feriali e weekend.</p>
<table>
  <thead>
    <tr><th>Partenza</th><th>Prezzo da</th><th>Durata indicativa</th><th>Mese da monitorare</th></tr>
  </thead>
  <tbody>
    <tr><td>Leonardo da Vinci-Fiumicino Airport (FCO)</td><td>EUR 76</td><td>4h 30</td><td>ottobre</td></tr><tr><td>Ciampino-G. B. Pastine International Airport (CIA)</td><td>EUR 172</td><td>4h 30</td><td>ottobre</td></tr><tr><td>Milano Malpensa Airport (MXP)</td><td>EUR 167</td><td>3h 40</td><td>maggio</td></tr><tr><td>Orio al Serio International Airport (BGY)</td><td>EUR 169</td><td>3h 00</td><td>luglio</td></tr><tr><td>Milano Linate Airport (LIN)</td><td>EUR 68</td><td>9h 10</td><td>febbraio</td></tr><tr><td>Naples International Airport (NAP)</td><td>EUR 57</td><td>7h 20</td><td>marzo</td></tr><tr><td>Venice Marco Polo Airport (VCE)</td><td>EUR 93</td><td>3h 20</td><td>marzo</td></tr><tr><td>Catania-Fontanarossa Airport (CTA)</td><td>EUR 175</td><td>5h 00</td><td>gennaio</td></tr><tr><td>Guglielmo Marconi Airport (BLQ)</td><td>EUR 91</td><td>8h 00</td><td>gennaio</td></tr>
  </tbody>
</table>
<h2>Aeroporti italiani da cui conviene partire</h2>
<div class=""cpv-chip-list""><span class=""cpv-chip"">Leonardo da Vinci-Fiumicino Airport</span><span class=""cpv-chip"">Ciampino-G. B. Pastine International Airport</span><span class=""cpv-chip"">Milano Malpensa Airport</span><span class=""cpv-chip"">Orio al Serio International Airport</span><span class=""cpv-chip"">Milano Linate Airport</span><span class=""cpv-chip"">Naples International Airport</span></div>
<div class=""cpv-landing-grid"">
  <div class=""cpv-landing-card""><strong>City break</strong><p>Se Baku e una meta urbana, le partenze del venerdi e del sabato sono spesso le piu monitorate.</p></div>
  <div class=""cpv-landing-card""><strong>Viaggi stagionali</strong><p>In alcuni periodi dell'anno le tariffe possono variare molto, soprattutto vicino ai ponti e alle festivita.</p></div>
  <div class=""cpv-landing-card""><strong>Confronto rapido</strong><p>Valuta aeroporti maggiori e secondari per capire se un piccolo spostamento porta a un risparmio concreto.</p></div>
</div>
<h2>Domande frequenti sui voli per Baku</h2>
<div class=""cpv-faq"">
  <details><summary>Qual e il modo migliore per cercare voli per Baku?</summary><p>Confronta piu aeroporti italiani, prova date flessibili e verifica anche partenze infrasettimanali per migliorare le possibilita di risparmio.</p></details>
  <details><summary>Meglio volo diretto o con scalo?</summary><p>Per tratte medio-brevi il diretto e spesso la scelta piu comoda, mentre su alcune rotte uno scalo puo ridurre il prezzo finale.</p></details>
  <details><summary>Quando controllare i prezzi per Baku?</summary><p>Vale la pena iniziare a monitorare la rotta in anticipo e verificare con regolarita i giorni piu vicini alla partenza ideale.</p></details>
</div>","Voli per citta|Voli intercontinentali",city,BAK,/voli-per/baku/,"Voli per Baku (BAK): offerte e guide | ConfrontaPrezziVoli","Trova voli per Baku dai principali aeroporti italiani. Tariffe indicative da EUR 116 e consigli per scegliere il periodo migliore.","voli per Baku",cities,"Mese tipicamente conveniente: febbraio"
post,publish,"Voli per Balalae (BAS): offerte, compagnie e periodo migliore per prenotare",voli-per-balalae-bas,"Confronta voli per Balalae dai principali aeroporti italiani. Scopri prezzi indicativi, compagnie e consigli utili per organizzare la partenza.","<div class=""cpv-landing-note"">
  <p><strong>Perche cercare voli per Balalae qui.</strong> Questa pagina raccoglie un quadro rapido delle partenze italiane piu interessanti per Balalae, con tariffe indicative e consigli per scegliere il periodo piu vantaggioso.</p>
</div>
<div class=""cpv-stat-grid"">
  <div class=""cpv-stat""><strong>EUR 62</strong><span>Prezzo indicativo da monitorare dalle principali aree aeroportuali italiane.</span></div>
  <div class=""cpv-stat""><strong>agosto</strong><span>Periodo spesso interessante per tenere sotto controllo la rotta.</span></div>
  <div class=""cpv-stat""><strong>9</strong><span>Aeroporti italiani prioritari da confrontare per questa destinazione.</span></div>
</div>
<h2>Offerte voli per Balalae</h2>
<p>Per trovare il miglior equilibrio tra prezzo, durata e comfort, conviene verificare piu aeroporti di partenza italiani e confrontare giorni feriali e weekend.</p>
<table>
  <thead>
    <tr><th>Partenza</th><th>Prezzo da</th><th>Durata indicativa</th><th>Mese da monitorare</th></tr>
  </thead>
  <tbody>
    <tr><td>Leonardo da Vinci-Fiumicino Airport (FCO)</td><td>EUR 190</td><td>2h 30</td><td>aprile</td></tr><tr><td>Ciampino-G. B. Pastine International Airport (CIA)</td><td>EUR 34</td><td>8h 30</td><td>aprile</td></tr><tr><td>Milano Malpensa Airport (MXP)</td><td>EUR 181</td><td>2h 00</td><td>luglio</td></tr><tr><td>Orio al Serio International Airport (BGY)</td><td>EUR 35</td><td>6h 40</td><td>maggio</td></tr><tr><td>Milano Linate Airport (LIN)</td><td>EUR 198</td><td>7h 50</td><td>dicembre</td></tr><tr><td>Naples International Airport (NAP)</td><td>EUR 95</td><td>10h 40</td><td>maggio</td></tr><tr><td>Venice Marco Polo Airport (VCE)</td><td>EUR 115</td><td>9h 00</td><td>gennaio</td></tr><tr><td>Catania-Fontanarossa Airport (CTA)</td><td>EUR 93</td><td>1h 20</td><td>marzo</td></tr><tr><td>Guglielmo Marconi Airport (BLQ)</td><td>EUR 97</td><td>11h 00</td><td>luglio</td></tr>
  </tbody>
</table>
<h2>Aeroporti italiani da cui conviene partire</h2>
<div class=""cpv-chip-list""><span class=""cpv-chip"">Leonardo da Vinci-Fiumicino Airport</span><span class=""cpv-chip"">Ciampino-G. B. Pastine International Airport</span><span class=""cpv-chip"">Milano Malpensa Airport</span><span class=""cpv-chip"">Orio al Serio International Airport</span><span class=""cpv-chip"">Milano Linate Airport</span><span class=""cpv-chip"">Naples International Airport</span></div>
<div class=""cpv-landing-grid"">
  <div class=""cpv-landing-card""><strong>City break</strong><p>Se Balalae e una meta urbana, le partenze del venerdi e del sabato sono spesso le piu monitorate.</p></div>
  <div class=""cpv-landing-card""><strong>Viaggi stagionali</strong><p>In alcuni periodi dell'anno le tariffe possono variare molto, soprattutto vicino ai ponti e alle festivita.</p></div>
  <div class=""cpv-landing-card""><strong>Confronto rapido</strong><p>Valuta aeroporti maggiori e secondari per capire se un piccolo spostamento porta a un risparmio concreto.</p></div>
</div>
<h2>Domande frequenti sui voli per Balalae</h2>
<div class=""cpv-faq"">
  <details><summary>Qual e il modo migliore per cercare voli per Balalae?</summary><p>Confronta piu aeroporti italiani, prova date flessibili e verifica anche partenze infrasettimanali per migliorare le possibilita di risparmio.</p></details>
  <details><summary>Meglio volo diretto o con scalo?</summary><p>Per tratte medio-brevi il diretto e spesso la scelta piu comoda, mentre su alcune rotte uno scalo puo ridurre il prezzo finale.</p></details>
  <details><summary>Quando controllare i prezzi per Balalae?</summary><p>Vale la pena iniziare a monitorare la rotta in anticipo e verificare con regolarita i giorni piu vicini alla partenza ideale.</p></details>
</div>","Voli per citta|Voli intercontinentali",city,BAS,/voli-per/balalae/,"Voli per Balalae (BAS): offerte e guide | ConfrontaPrezziVoli","Trova voli per Balalae dai principali aeroporti italiani. Tariffe indicative da EUR 62 e consigli per scegliere il periodo migliore.","voli per Balalae",cities,"Mese tipicamente conveniente: agosto"
post,publish,"Voli per Balboa (BLB): offerte, compagnie e periodo migliore per prenotare",voli-per-balboa-blb,"Confronta voli per Balboa dai principali aeroporti italiani. Scopri prezzi indicativi, compagnie e consigli utili per organizzare la partenza.","<div class=""cpv-landing-note"">
  <p><strong>Perche cercare voli per Balboa qui.</strong> Questa pagina raccoglie un quadro rapido delle partenze italiane piu interessanti per Balboa, con tariffe indicative e consigli per scegliere il periodo piu vantaggioso.</p>
</div>
<div class=""cpv-stat-grid"">
  <div class=""cpv-stat""><strong>EUR 151</strong><span>Prezzo indicativo da monitorare dalle principali aree aeroportuali italiane.</span></div>
  <div class=""cpv-stat""><strong>gennaio</strong><span>Periodo spesso interessante per tenere sotto controllo la rotta.</span></div>
  <div class=""cpv-stat""><strong>9</strong><span>Aeroporti italiani prioritari da confrontare per questa destinazione.</span></div>
</div>
<h2>Offerte voli per Balboa</h2>
<p>Per trovare il miglior equilibrio tra prezzo, durata e comfort, conviene verificare piu aeroporti di partenza italiani e confrontare giorni feriali e weekend.</p>
<table>
  <thead>
    <tr><th>Partenza</th><th>Prezzo da</th><th>Durata indicativa</th><th>Mese da monitorare</th></tr>
  </thead>
  <tbody>
    <tr><td>Leonardo da Vinci-Fiumicino Airport (FCO)</td><td>EUR 63</td><td>10h 20</td><td>settembre</td></tr><tr><td>Ciampino-G. B. Pastine International Airport (CIA)</td><td>EUR 47</td><td>8h 40</td><td>maggio</td></tr><tr><td>Milano Malpensa Airport (MXP)</td><td>EUR 44</td><td>4h 10</td><td>febbraio</td></tr><tr><td>Orio al Serio International Airport (BGY)</td><td>EUR 94</td><td>2h 30</td><td>aprile</td></tr><tr><td>Milano Linate Airport (LIN)</td><td>EUR 187</td><td>10h 00</td><td>gennaio</td></tr><tr><td>Naples International Airport (NAP)</td><td>EUR 194</td><td>11h 10</td><td>agosto</td></tr><tr><td>Venice Marco Polo Airport (VCE)</td><td>EUR 198</td><td>11h 50</td><td>dicembre</td></tr><tr><td>Catania-Fontanarossa Airport (CTA)</td><td>EUR 116</td><td>4h 10</td><td>febbraio</td></tr><tr><td>Guglielmo Marconi Airport (BLQ)</td><td>EUR 124</td><td>2h 30</td><td>ottobre</td></tr>
  </tbody>
</table>
<h2>Aeroporti italiani da cui conviene partire</h2>
<div class=""cpv-chip-list""><span class=""cpv-chip"">Leonardo da Vinci-Fiumicino Airport</span><span class=""cpv-chip"">Ciampino-G. B. Pastine International Airport</span><span class=""cpv-chip"">Milano Malpensa Airport</span><span class=""cpv-chip"">Orio al Serio International Airport</span><span class=""cpv-chip"">Milano Linate Airport</span><span class=""cpv-chip"">Naples International Airport</span></div>
<div class=""cpv-landing-grid"">
  <div class=""cpv-landing-card""><strong>City break</strong><p>Se Balboa e una meta urbana, le partenze del venerdi e del sabato sono spesso le piu monitorate.</p></div>
  <div class=""cpv-landing-card""><strong>Viaggi stagionali</strong><p>In alcuni periodi dell'anno le tariffe possono variare molto, soprattutto vicino ai ponti e alle festivita.</p></div>
  <div class=""cpv-landing-card""><strong>Confronto rapido</strong><p>Valuta aeroporti maggiori e secondari per capire se un piccolo spostamento porta a un risparmio concreto.</p></div>
</div>
<h2>Domande frequenti sui voli per Balboa</h2>
<div class=""cpv-faq"">
  <details><summary>Qual e il modo migliore per cercare voli per Balboa?</summary><p>Confronta piu aeroporti italiani, prova date flessibili e verifica anche partenze infrasettimanali per migliorare le possibilita di risparmio.</p></details>
  <details><summary>Meglio volo diretto o con scalo?</summary><p>Per tratte medio-brevi il diretto e spesso la scelta piu comoda, mentre su alcune rotte uno scalo puo ridurre il prezzo finale.</p></details>
  <details><summary>Quando controllare i prezzi per Balboa?</summary><p>Vale la pena iniziare a monitorare la rotta in anticipo e verificare con regolarita i giorni piu vicini alla partenza ideale.</p></details>
</div>","Voli per citta|Voli intercontinentali",city,BLB,/voli-per/balboa/,"Voli per Balboa (BLB): offerte e guide | ConfrontaPrezziVoli","Trova voli per Balboa dai principali aeroporti italiani. Tariffe indicative da EUR 151 e consigli per scegliere il periodo migliore.","voli per Balboa",cities,"Mese tipicamente conveniente: gennaio"
post,publish,"Voli per Balgo Hills (BQW): offerte, compagnie e periodo migliore per prenotare",voli-per-balgo-hills-bqw,"Confronta voli per Balgo Hills dai principali aeroporti italiani. Scopri prezzi indicativi, compagnie e consigli utili per organizzare la partenza.","<div class=""cpv-landing-note"">
  <p><strong>Perche cercare voli per Balgo Hills qui.</strong> Questa pagina raccoglie un quadro rapido delle partenze italiane piu interessanti per Balgo Hills, con tariffe indicative e consigli per scegliere il periodo piu vantaggioso.</p>
</div>
<div class=""cpv-stat-grid"">
  <div class=""cpv-stat""><strong>EUR 110</strong><span>Prezzo indicativo da monitorare dalle principali aree aeroportuali italiane.</span></div>
  <div class=""cpv-stat""><strong>agosto</strong><span>Periodo spesso interessante per tenere sotto controllo la rotta.</span></div>
  <div class=""cpv-stat""><strong>9</strong><span>Aeroporti italiani prioritari da confrontare per questa destinazione.</span></div>
</div>
<h2>Offerte voli per Balgo Hills</h2>
<p>Per trovare il miglior equilibrio tra prezzo, durata e comfort, conviene verificare piu aeroporti di partenza italiani e confrontare giorni feriali e weekend.</p>
<table>
  <thead>
    <tr><th>Partenza</th><th>Prezzo da</th><th>Durata indicativa</th><th>Mese da monitorare</th></tr>
  </thead>
  <tbody>
    <tr><td>Leonardo da Vinci-Fiumicino Airport (FCO)</td><td>EUR 130</td><td>9h 30</td><td>aprile</td></tr><tr><td>Ciampino-G. B. Pastine International Airport (CIA)</td><td>EUR 126</td><td>1h 50</td><td>dicembre</td></tr><tr><td>Milano Malpensa Airport (MXP)</td><td>EUR 57</td><td>10h 20</td><td>marzo</td></tr><tr><td>Orio al Serio International Airport (BGY)</td><td>EUR 27</td><td>10h 20</td><td>settembre</td></tr><tr><td>Milano Linate Airport (LIN)</td><td>EUR 190</td><td>9h 30</td><td>aprile</td></tr><tr><td>Naples International Airport (NAP)</td><td>EUR 23</td><td>10h 40</td><td>maggio</td></tr><tr><td>Venice Marco Polo Airport (VCE)</td><td>EUR 139</td><td>4h 00</td><td>gennaio</td></tr><tr><td>Catania-Fontanarossa Airport (CTA)</td><td>EUR 189</td><td>10h 20</td><td>marzo</td></tr><tr><td>Guglielmo Marconi Airport (BLQ)</td><td>EUR 73</td><td>10h 00</td><td>luglio</td></tr>
  </tbody>
</table>
<h2>Aeroporti italiani da cui conviene partire</h2>
<div class=""cpv-chip-list""><span class=""cpv-chip"">Leonardo da Vinci-Fiumicino Airport</span><span class=""cpv-chip"">Ciampino-G. B. Pastine International Airport</span><span class=""cpv-chip"">Milano Malpensa Airport</span><span class=""cpv-chip"">Orio al Serio International Airport</span><span class=""cpv-chip"">Milano Linate Airport</span><span class=""cpv-chip"">Naples International Airport</span></div>
<div class=""cpv-landing-grid"">
  <div class=""cpv-landing-card""><strong>City break</strong><p>Se Balgo Hills e una meta urbana, le partenze del venerdi e del sabato sono spesso le piu monitorate.</p></div>
  <div class=""cpv-landing-card""><strong>Viaggi stagionali</strong><p>In alcuni periodi dell'anno le tariffe possono variare molto, soprattutto vicino ai ponti e alle festivita.</p></div>
  <div class=""cpv-landing-card""><strong>Confronto rapido</strong><p>Valuta aeroporti maggiori e secondari per capire se un piccolo spostamento porta a un risparmio concreto.</p></div>
</div>
<h2>Domande frequenti sui voli per Balgo Hills</h2>
<div class=""cpv-faq"">
  <details><summary>Qual e il modo migliore per cercare voli per Balgo Hills?</summary><p>Confronta piu aeroporti italiani, prova date flessibili e verifica anche partenze infrasettimanali per migliorare le possibilita di risparmio.</p></details>
  <details><summary>Meglio volo diretto o con scalo?</summary><p>Per tratte medio-brevi il diretto e spesso la scelta piu comoda, mentre su alcune rotte uno scalo puo ridurre il prezzo finale.</p></details>
  <details><summary>Quando controllare i prezzi per Balgo Hills?</summary><p>Vale la pena iniziare a monitorare la rotta in anticipo e verificare con regolarita i giorni piu vicini alla partenza ideale.</p></details>
</div>","Voli per citta|Voli intercontinentali",city,BQW,/voli-per/balgo-hills/,"Voli per Balgo Hills (BQW): offerte e guide | ConfrontaPrezziVoli","Trova voli per Balgo Hills dai principali aeroporti italiani. Tariffe indicative da EUR 110 e consigli per scegliere il periodo migliore.","voli per Balgo Hills",cities,"Mese tipicamente conveniente: agosto"
post,publish,"Voli per Balikpapan (BPN): offerte, compagnie e periodo migliore per prenotare",voli-per-balikpapan-bpn,"Confronta voli per Balikpapan dai principali aeroporti italiani. Scopri prezzi indicativi, compagnie e consigli utili per organizzare la partenza.","<div class=""cpv-landing-note"">
  <p><strong>Perche cercare voli per Balikpapan qui.</strong> Questa pagina raccoglie un quadro rapido delle partenze italiane piu interessanti per Balikpapan, con tariffe indicative e consigli per scegliere il periodo piu vantaggioso.</p>
</div>
<div class=""cpv-stat-grid"">
  <div class=""cpv-stat""><strong>EUR 169</strong><span>Prezzo indicativo da monitorare dalle principali aree aeroportuali italiane.</span></div>
  <div class=""cpv-stat""><strong>luglio</strong><span>Periodo spesso interessante per tenere sotto controllo la rotta.</span></div>
  <div class=""cpv-stat""><strong>9</strong><span>Aeroporti italiani prioritari da confrontare per questa destinazione.</span></div>
</div>
<h2>Offerte voli per Balikpapan</h2>
<p>Per trovare il miglior equilibrio tra prezzo, durata e comfort, conviene verificare piu aeroporti di partenza italiani e confrontare giorni feriali e weekend.</p>
<table>
  <thead>
    <tr><th>Partenza</th><th>Prezzo da</th><th>Durata indicativa</th><th>Mese da monitorare</th></tr>
  </thead>
  <tbody>
    <tr><td>Leonardo da Vinci-Fiumicino Airport (FCO)</td><td>EUR 73</td><td>1h 00</td><td>luglio</td></tr><tr><td>Ciampino-G. B. Pastine International Airport (CIA)</td><td>EUR 149</td><td>7h 40</td><td>novembre</td></tr><tr><td>Milano Malpensa Airport (MXP)</td><td>EUR 110</td><td>7h 10</td><td>agosto</td></tr><tr><td>Orio al Serio International Airport (BGY)</td><td>EUR 136</td><td>7h 30</td><td>ottobre</td></tr><tr><td>Milano Linate Airport (LIN)</td><td>EUR 173</td><td>11h 40</td><td>novembre</td></tr><tr><td>Naples International Airport (NAP)</td><td>EUR 160</td><td>2h 30</td><td>ottobre</td></tr><tr><td>Venice Marco Polo Airport (VCE)</td><td>EUR 60</td><td>11h 50</td><td>giugno</td></tr><tr><td>Catania-Fontanarossa Airport (CTA)</td><td>EUR 190</td><td>9h 30</td><td>aprile</td></tr><tr><td>Guglielmo Marconi Airport (BLQ)</td><td>EUR 174</td><td>3h 50</td><td>dicembre</td></tr>
  </tbody>
</table>
<h2>Aeroporti italiani da cui conviene partire</h2>
<div class=""cpv-chip-list""><span class=""cpv-chip"">Leonardo da Vinci-Fiumicino Airport</span><span class=""cpv-chip"">Ciampino-G. B. Pastine International Airport</span><span class=""cpv-chip"">Milano Malpensa Airport</span><span class=""cpv-chip"">Orio al Serio International Airport</span><span class=""cpv-chip"">Milano Linate Airport</span><span class=""cpv-chip"">Naples International Airport</span></div>
<div class=""cpv-landing-grid"">
  <div class=""cpv-landing-card""><strong>City break</strong><p>Se Balikpapan e una meta urbana, le partenze del venerdi e del sabato sono spesso le piu monitorate.</p></div>
  <div class=""cpv-landing-card""><strong>Viaggi stagionali</strong><p>In alcuni periodi dell'anno le tariffe possono variare molto, soprattutto vicino ai ponti e alle festivita.</p></div>
  <div class=""cpv-landing-card""><strong>Confronto rapido</strong><p>Valuta aeroporti maggiori e secondari per capire se un piccolo spostamento porta a un risparmio concreto.</p></div>
</div>
<h2>Domande frequenti sui voli per Balikpapan</h2>
<div class=""cpv-faq"">
  <details><summary>Qual e il modo migliore per cercare voli per Balikpapan?</summary><p>Confronta piu aeroporti italiani, prova date flessibili e verifica anche partenze infrasettimanali per migliorare le possibilita di risparmio.</p></details>
  <details><summary>Meglio volo diretto o con scalo?</summary><p>Per tratte medio-brevi il diretto e spesso la scelta piu comoda, mentre su alcune rotte uno scalo puo ridurre il prezzo finale.</p></details>
  <details><summary>Quando controllare i prezzi per Balikpapan?</summary><p>Vale la pena iniziare a monitorare la rotta in anticipo e verificare con regolarita i giorni piu vicini alla partenza ideale.</p></details>
</div>","Voli per citta|Voli intercontinentali",city,BPN,/voli-per/balikpapan/,"Voli per Balikpapan (BPN): offerte e guide | ConfrontaPrezziVoli","Trova voli per Balikpapan dai principali aeroporti italiani. Tariffe indicative da EUR 169 e consigli per scegliere il periodo migliore.","voli per Balikpapan",cities,"Mese tipicamente conveniente: luglio"
post,publish,"Voli per Balkhash (BXH): offerte, compagnie e periodo migliore per prenotare",voli-per-balkhash-bxh,"Confronta voli per Balkhash dai principali aeroporti italiani. Scopri prezzi indicativi, compagnie e consigli utili per organizzare la partenza.","<div class=""cpv-landing-note"">
  <p><strong>Perche cercare voli per Balkhash qui.</strong> Questa pagina raccoglie un quadro rapido delle partenze italiane piu interessanti per Balkhash, con tariffe indicative e consigli per scegliere il periodo piu vantaggioso.</p>
</div>
<div class=""cpv-stat-grid"">
  <div class=""cpv-stat""><strong>EUR 194</strong><span>Prezzo indicativo da monitorare dalle principali aree aeroportuali italiane.</span></div>
  <div class=""cpv-stat""><strong>agosto</strong><span>Periodo spesso interessante per tenere sotto controllo la rotta.</span></div>
  <div class=""cpv-stat""><strong>9</strong><span>Aeroporti italiani prioritari da confrontare per questa destinazione.</span></div>
</div>
<h2>Offerte voli per Balkhash</h2>
<p>Per trovare il miglior equilibrio tra prezzo, durata e comfort, conviene verificare piu aeroporti di partenza italiani e confrontare giorni feriali e weekend.</p>
<table>
  <thead>
    <tr><th>Partenza</th><th>Prezzo da</th><th>Durata indicativa</th><th>Mese da monitorare</th></tr>
  </thead>
  <tbody>
    <tr><td>Leonardo da Vinci-Fiumicino Airport (FCO)</td><td>EUR 94</td><td>10h 30</td><td>aprile</td></tr><tr><td>Ciampino-G. B. Pastine International Airport (CIA)</td><td>EUR 94</td><td>9h 30</td><td>aprile</td></tr><tr><td>Milano Malpensa Airport (MXP)</td><td>EUR 29</td><td>7h 40</td><td>novembre</td></tr><tr><td>Orio al Serio International Airport (BGY)</td><td>EUR 43</td><td>6h 00</td><td>gennaio</td></tr><tr><td>Milano Linate Airport (LIN)</td><td>EUR 154</td><td>6h 30</td><td>aprile</td></tr><tr><td>Naples International Airport (NAP)</td><td>EUR 131</td><td>11h 40</td><td>maggio</td></tr><tr><td>Venice Marco Polo Airport (VCE)</td><td>EUR 163</td><td>4h 00</td><td>gennaio</td></tr><tr><td>Catania-Fontanarossa Airport (CTA)</td><td>EUR 105</td><td>3h 20</td><td>marzo</td></tr><tr><td>Guglielmo Marconi Airport (BLQ)</td><td>EUR 173</td><td>4h 40</td><td>novembre</td></tr>
  </tbody>
</table>
<h2>Aeroporti italiani da cui conviene partire</h2>
<div class=""cpv-chip-list""><span class=""cpv-chip"">Leonardo da Vinci-Fiumicino Airport</span><span class=""cpv-chip"">Ciampino-G. B. Pastine International Airport</span><span class=""cpv-chip"">Milano Malpensa Airport</span><span class=""cpv-chip"">Orio al Serio International Airport</span><span class=""cpv-chip"">Milano Linate Airport</span><span class=""cpv-chip"">Naples International Airport</span></div>
<div class=""cpv-landing-grid"">
  <div class=""cpv-landing-card""><strong>City break</strong><p>Se Balkhash e una meta urbana, le partenze del venerdi e del sabato sono spesso le piu monitorate.</p></div>
  <div class=""cpv-landing-card""><strong>Viaggi stagionali</strong><p>In alcuni periodi dell'anno le tariffe possono variare molto, soprattutto vicino ai ponti e alle festivita.</p></div>
  <div class=""cpv-landing-card""><strong>Confronto rapido</strong><p>Valuta aeroporti maggiori e secondari per capire se un piccolo spostamento porta a un risparmio concreto.</p></div>
</div>
<h2>Domande frequenti sui voli per Balkhash</h2>
<div class=""cpv-faq"">
  <details><summary>Qual e il modo migliore per cercare voli per Balkhash?</summary><p>Confronta piu aeroporti italiani, prova date flessibili e verifica anche partenze infrasettimanali per migliorare le possibilita di risparmio.</p></details>
  <details><summary>Meglio volo diretto o con scalo?</summary><p>Per tratte medio-brevi il diretto e spesso la scelta piu comoda, mentre su alcune rotte uno scalo puo ridurre il prezzo finale.</p></details>
  <details><summary>Quando controllare i prezzi per Balkhash?</summary><p>Vale la pena iniziare a monitorare la rotta in anticipo e verificare con regolarita i giorni piu vicini alla partenza ideale.</p></details>
</div>","Voli per citta|Voli intercontinentali",city,BXH,/voli-per/balkhash/,"Voli per Balkhash (BXH): offerte e guide | ConfrontaPrezziVoli","Trova voli per Balkhash dai principali aeroporti italiani. Tariffe indicative da EUR 194 e consigli per scegliere il periodo migliore.","voli per Balkhash",cities,"Mese tipicamente conveniente: agosto"
post,publish,"Voli per Ballina (BNK): offerte, compagnie e periodo migliore per prenotare",voli-per-ballina-bnk,"Confronta voli per Ballina dai principali aeroporti italiani. Scopri prezzi indicativi, compagnie e consigli utili per organizzare la partenza.","<div class=""cpv-landing-note"">
  <p><strong>Perche cercare voli per Ballina qui.</strong> Questa pagina raccoglie un quadro rapido delle partenze italiane piu interessanti per Ballina, con tariffe indicative e consigli per scegliere il periodo piu vantaggioso.</p>
</div>
<div class=""cpv-stat-grid"">
  <div class=""cpv-stat""><strong>EUR 29</strong><span>Prezzo indicativo da monitorare dalle principali aree aeroportuali italiane.</span></div>
  <div class=""cpv-stat""><strong>novembre</strong><span>Periodo spesso interessante per tenere sotto controllo la rotta.</span></div>
  <div class=""cpv-stat""><strong>9</strong><span>Aeroporti italiani prioritari da confrontare per questa destinazione.</span></div>
</div>
<h2>Offerte voli per Ballina</h2>
<p>Per trovare il miglior equilibrio tra prezzo, durata e comfort, conviene verificare piu aeroporti di partenza italiani e confrontare giorni feriali e weekend.</p>
<table>
  <thead>
    <tr><th>Partenza</th><th>Prezzo da</th><th>Durata indicativa</th><th>Mese da monitorare</th></tr>
  </thead>
  <tbody>
    <tr><td>Leonardo da Vinci-Fiumicino Airport (FCO)</td><td>EUR 49</td><td>5h 00</td><td>luglio</td></tr><tr><td>Ciampino-G. B. Pastine International Airport (CIA)</td><td>EUR 157</td><td>9h 00</td><td>luglio</td></tr><tr><td>Milano Malpensa Airport (MXP)</td><td>EUR 78</td><td>3h 50</td><td>dicembre</td></tr><tr><td>Orio al Serio International Airport (BGY)</td><td>EUR 80</td><td>5h 10</td><td>febbraio</td></tr><tr><td>Milano Linate Airport (LIN)</td><td>EUR 93</td><td>8h 20</td><td>marzo</td></tr><tr><td>Naples International Airport (NAP)</td><td>EUR 36</td><td>11h 50</td><td>giugno</td></tr><tr><td>Venice Marco Polo Airport (VCE)</td><td>EUR 60</td><td>3h 50</td><td>giugno</td></tr><tr><td>Catania-Fontanarossa Airport (CTA)</td><td>EUR 54</td><td>7h 50</td><td>dicembre</td></tr><tr><td>Guglielmo Marconi Airport (BLQ)</td><td>EUR 122</td><td>10h 10</td><td>agosto</td></tr>
  </tbody>
</table>
<h2>Aeroporti italiani da cui conviene partire</h2>
<div class=""cpv-chip-list""><span class=""cpv-chip"">Leonardo da Vinci-Fiumicino Airport</span><span class=""cpv-chip"">Ciampino-G. B. Pastine International Airport</span><span class=""cpv-chip"">Milano Malpensa Airport</span><span class=""cpv-chip"">Orio al Serio International Airport</span><span class=""cpv-chip"">Milano Linate Airport</span><span class=""cpv-chip"">Naples International Airport</span></div>
<div class=""cpv-landing-grid"">
  <div class=""cpv-landing-card""><strong>City break</strong><p>Se Ballina e una meta urbana, le partenze del venerdi e del sabato sono spesso le piu monitorate.</p></div>
  <div class=""cpv-landing-card""><strong>Viaggi stagionali</strong><p>In alcuni periodi dell'anno le tariffe possono variare molto, soprattutto vicino ai ponti e alle festivita.</p></div>
  <div class=""cpv-landing-card""><strong>Confronto rapido</strong><p>Valuta aeroporti maggiori e secondari per capire se un piccolo spostamento porta a un risparmio concreto.</p></div>
</div>
<h2>Domande frequenti sui voli per Ballina</h2>
<div class=""cpv-faq"">
  <details><summary>Qual e il modo migliore per cercare voli per Ballina?</summary><p>Confronta piu aeroporti italiani, prova date flessibili e verifica anche partenze infrasettimanali per migliorare le possibilita di risparmio.</p></details>
  <details><summary>Meglio volo diretto o con scalo?</summary><p>Per tratte medio-brevi il diretto e spesso la scelta piu comoda, mentre su alcune rotte uno scalo puo ridurre il prezzo finale.</p></details>
  <details><summary>Quando controllare i prezzi per Ballina?</summary><p>Vale la pena iniziare a monitorare la rotta in anticipo e verificare con regolarita i giorni piu vicini alla partenza ideale.</p></details>
</div>","Voli per citta|Voli intercontinentali",city,BNK,/voli-per/ballina/,"Voli per Ballina (BNK): offerte e guide | ConfrontaPrezziVoli","Trova voli per Ballina dai principali aeroporti italiani. Tariffe indicative da EUR 29 e consigli per scegliere il periodo migliore.","voli per Ballina",cities,"Mese tipicamente conveniente: novembre"
post,publish,"Voli per Balmaceda (BBA): offerte, compagnie e periodo migliore per prenotare",voli-per-balmaceda-bba,"Confronta voli per Balmaceda dai principali aeroporti italiani. Scopri prezzi indicativi, compagnie e consigli utili per organizzare la partenza.","<div class=""cpv-landing-note"">
  <p><strong>Perche cercare voli per Balmaceda qui.</strong> Questa pagina raccoglie un quadro rapido delle partenze italiane piu interessanti per Balmaceda, con tariffe indicative e consigli per scegliere il periodo piu vantaggioso.</p>
</div>
<div class=""cpv-stat-grid"">
  <div class=""cpv-stat""><strong>EUR 31</strong><span>Prezzo indicativo da monitorare dalle principali aree aeroportuali italiane.</span></div>
  <div class=""cpv-stat""><strong>gennaio</strong><span>Periodo spesso interessante per tenere sotto controllo la rotta.</span></div>
  <div class=""cpv-stat""><strong>9</strong><span>Aeroporti italiani prioritari da confrontare per questa destinazione.</span></div>
</div>
<h2>Offerte voli per Balmaceda</h2>
<p>Per trovare il miglior equilibrio tra prezzo, durata e comfort, conviene verificare piu aeroporti di partenza italiani e confrontare giorni feriali e weekend.</p>
<table>
  <thead>
    <tr><th>Partenza</th><th>Prezzo da</th><th>Durata indicativa</th><th>Mese da monitorare</th></tr>
  </thead>
  <tbody>
    <tr><td>Leonardo da Vinci-Fiumicino Airport (FCO)</td><td>EUR 175</td><td>6h 00</td><td>gennaio</td></tr><tr><td>Ciampino-G. B. Pastine International Airport (CIA)</td><td>EUR 51</td><td>7h 20</td><td>settembre</td></tr><tr><td>Milano Malpensa Airport (MXP)</td><td>EUR 152</td><td>4h 10</td><td>febbraio</td></tr><tr><td>Orio al Serio International Airport (BGY)</td><td>EUR 154</td><td>8h 30</td><td>aprile</td></tr><tr><td>Milano Linate Airport (LIN)</td><td>EUR 155</td><td>2h 40</td><td>maggio</td></tr><tr><td>Naples International Airport (NAP)</td><td>EUR 162</td><td>5h 50</td><td>dicembre</td></tr><tr><td>Venice Marco Polo Airport (VCE)</td><td>EUR 158</td><td>11h 10</td><td>agosto</td></tr><tr><td>Catania-Fontanarossa Airport (CTA)</td><td>EUR 52</td><td>1h 30</td><td>ottobre</td></tr><tr><td>Guglielmo Marconi Airport (BLQ)</td><td>EUR 24</td><td>9h 50</td><td>giugno</td></tr>
  </tbody>
</table>
<h2>Aeroporti italiani da cui conviene partire</h2>
<div class=""cpv-chip-list""><span class=""cpv-chip"">Leonardo da Vinci-Fiumicino Airport</span><span class=""cpv-chip"">Ciampino-G. B. Pastine International Airport</span><span class=""cpv-chip"">Milano Malpensa Airport</span><span class=""cpv-chip"">Orio al Serio International Airport</span><span class=""cpv-chip"">Milano Linate Airport</span><span class=""cpv-chip"">Naples International Airport</span></div>
<div class=""cpv-landing-grid"">
  <div class=""cpv-landing-card""><strong>City break</strong><p>Se Balmaceda e una meta urbana, le partenze del venerdi e del sabato sono spesso le piu monitorate.</p></div>
  <div class=""cpv-landing-card""><strong>Viaggi stagionali</strong><p>In alcuni periodi dell'anno le tariffe possono variare molto, soprattutto vicino ai ponti e alle festivita.</p></div>
  <div class=""cpv-landing-card""><strong>Confronto rapido</strong><p>Valuta aeroporti maggiori e secondari per capire se un piccolo spostamento porta a un risparmio concreto.</p></div>
</div>
<h2>Domande frequenti sui voli per Balmaceda</h2>
<div class=""cpv-faq"">
  <details><summary>Qual e il modo migliore per cercare voli per Balmaceda?</summary><p>Confronta piu aeroporti italiani, prova date flessibili e verifica anche partenze infrasettimanali per migliorare le possibilita di risparmio.</p></details>
  <details><summary>Meglio volo diretto o con scalo?</summary><p>Per tratte medio-brevi il diretto e spesso la scelta piu comoda, mentre su alcune rotte uno scalo puo ridurre il prezzo finale.</p></details>
  <details><summary>Quando controllare i prezzi per Balmaceda?</summary><p>Vale la pena iniziare a monitorare la rotta in anticipo e verificare con regolarita i giorni piu vicini alla partenza ideale.</p></details>
</div>","Voli per citta|Voli intercontinentali",city,BBA,/voli-per/balmaceda/,"Voli per Balmaceda (BBA): offerte e guide | ConfrontaPrezziVoli","Trova voli per Balmaceda dai principali aeroporti italiani. Tariffe indicative da EUR 31 e consigli per scegliere il periodo migliore.","voli per Balmaceda",cities,"Mese tipicamente conveniente: gennaio"
post,publish,"Voli per Baltimore (BWI): offerte, compagnie e periodo migliore per prenotare",voli-per-baltimore-bwi,"Confronta voli per Baltimore dai principali aeroporti italiani. Scopri prezzi indicativi, compagnie e consigli utili per organizzare la partenza.","<div class=""cpv-landing-note"">
  <p><strong>Perche cercare voli per Baltimore qui.</strong> Questa pagina raccoglie un quadro rapido delle partenze italiane piu interessanti per Baltimore, con tariffe indicative e consigli per scegliere il periodo piu vantaggioso.</p>
</div>
<div class=""cpv-stat-grid"">
  <div class=""cpv-stat""><strong>EUR 29</strong><span>Prezzo indicativo da monitorare dalle principali aree aeroportuali italiane.</span></div>
  <div class=""cpv-stat""><strong>novembre</strong><span>Periodo spesso interessante per tenere sotto controllo la rotta.</span></div>
  <div class=""cpv-stat""><strong>9</strong><span>Aeroporti italiani prioritari da confrontare per questa destinazione.</span></div>
</div>
<h2>Offerte voli per Baltimore</h2>
<p>Per trovare il miglior equilibrio tra prezzo, durata e comfort, conviene verificare piu aeroporti di partenza italiani e confrontare giorni feriali e weekend.</p>
<table>
  <thead>
    <tr><th>Partenza</th><th>Prezzo da</th><th>Durata indicativa</th><th>Mese da monitorare</th></tr>
  </thead>
  <tbody>
    <tr><td>Leonardo da Vinci-Fiumicino Airport (FCO)</td><td>EUR 61</td><td>1h 00</td><td>luglio</td></tr><tr><td>Ciampino-G. B. Pastine International Airport (CIA)</td><td>EUR 101</td><td>4h 40</td><td>novembre</td></tr><tr><td>Milano Malpensa Airport (MXP)</td><td>EUR 50</td><td>11h 10</td><td>agosto</td></tr><tr><td>Orio al Serio International Airport (BGY)</td><td>EUR 160</td><td>10h 30</td><td>ottobre</td></tr><tr><td>Milano Linate Airport (LIN)</td><td>EUR 189</td><td>6h 20</td><td>marzo</td></tr><tr><td>Naples International Airport (NAP)</td><td>EUR 100</td><td>5h 30</td><td>ottobre</td></tr><tr><td>Venice Marco Polo Airport (VCE)</td><td>EUR 124</td><td>10h 30</td><td>ottobre</td></tr><tr><td>Catania-Fontanarossa Airport (CTA)</td><td>EUR 198</td><td>7h 50</td><td>dicembre</td></tr><tr><td>Guglielmo Marconi Airport (BLQ)</td><td>EUR 38</td><td>9h 10</td><td>agosto</td></tr>
  </tbody>
</table>
<h2>Aeroporti italiani da cui conviene partire</h2>
<div class=""cpv-chip-list""><span class=""cpv-chip"">Leonardo da Vinci-Fiumicino Airport</span><span class=""cpv-chip"">Ciampino-G. B. Pastine International Airport</span><span class=""cpv-chip"">Milano Malpensa Airport</span><span class=""cpv-chip"">Orio al Serio International Airport</span><span class=""cpv-chip"">Milano Linate Airport</span><span class=""cpv-chip"">Naples International Airport</span></div>
<div class=""cpv-landing-grid"">
  <div class=""cpv-landing-card""><strong>City break</strong><p>Se Baltimore e una meta urbana, le partenze del venerdi e del sabato sono spesso le piu monitorate.</p></div>
  <div class=""cpv-landing-card""><strong>Viaggi stagionali</strong><p>In alcuni periodi dell'anno le tariffe possono variare molto, soprattutto vicino ai ponti e alle festivita.</p></div>
  <div class=""cpv-landing-card""><strong>Confronto rapido</strong><p>Valuta aeroporti maggiori e secondari per capire se un piccolo spostamento porta a un risparmio concreto.</p></div>
</div>
<h2>Domande frequenti sui voli per Baltimore</h2>
<div class=""cpv-faq"">
  <details><summary>Qual e il modo migliore per cercare voli per Baltimore?</summary><p>Confronta piu aeroporti italiani, prova date flessibili e verifica anche partenze infrasettimanali per migliorare le possibilita di risparmio.</p></details>
  <details><summary>Meglio volo diretto o con scalo?</summary><p>Per tratte medio-brevi il diretto e spesso la scelta piu comoda, mentre su alcune rotte uno scalo puo ridurre il prezzo finale.</p></details>
  <details><summary>Quando controllare i prezzi per Baltimore?</summary><p>Vale la pena iniziare a monitorare la rotta in anticipo e verificare con regolarita i giorni piu vicini alla partenza ideale.</p></details>
</div>","Voli per citta|Voli intercontinentali",city,BWI,/voli-per/baltimore/,"Voli per Baltimore (BWI): offerte e guide | ConfrontaPrezziVoli","Trova voli per Baltimore dai principali aeroporti italiani. Tariffe indicative da EUR 29 e consigli per scegliere il periodo migliore.","voli per Baltimore",cities,"Mese tipicamente conveniente: novembre"
post,publish,"Voli per Bamaga (ABM): offerte, compagnie e periodo migliore per prenotare",voli-per-bamaga-abm,"Confronta voli per Bamaga dai principali aeroporti italiani. Scopri prezzi indicativi, compagnie e consigli utili per organizzare la partenza.","<div class=""cpv-landing-note"">
  <p><strong>Perche cercare voli per Bamaga qui.</strong> Questa pagina raccoglie un quadro rapido delle partenze italiane piu interessanti per Bamaga, con tariffe indicative e consigli per scegliere il periodo piu vantaggioso.</p>
</div>
<div class=""cpv-stat-grid"">
  <div class=""cpv-stat""><strong>EUR 121</strong><span>Prezzo indicativo da monitorare dalle principali aree aeroportuali italiane.</span></div>
  <div class=""cpv-stat""><strong>luglio</strong><span>Periodo spesso interessante per tenere sotto controllo la rotta.</span></div>
  <div class=""cpv-stat""><strong>9</strong><span>Aeroporti italiani prioritari da confrontare per questa destinazione.</span></div>
</div>
<h2>Offerte voli per Bamaga</h2>
<p>Per trovare il miglior equilibrio tra prezzo, durata e comfort, conviene verificare piu aeroporti di partenza italiani e confrontare giorni feriali e weekend.</p>
<table>
  <thead>
    <tr><th>Partenza</th><th>Prezzo da</th><th>Durata indicativa</th><th>Mese da monitorare</th></tr>
  </thead>
  <tbody>
    <tr><td>Leonardo da Vinci-Fiumicino Airport (FCO)</td><td>EUR 53</td><td>3h 40</td><td>novembre</td></tr><tr><td>Ciampino-G. B. Pastine International Airport (CIA)</td><td>EUR 33</td><td>6h 20</td><td>marzo</td></tr><tr><td>Milano Malpensa Airport (MXP)</td><td>EUR 82</td><td>5h 30</td><td>aprile</td></tr><tr><td>Orio al Serio International Airport (BGY)</td><td>EUR 116</td><td>5h 10</td><td>febbraio</td></tr><tr><td>Milano Linate Airport (LIN)</td><td>EUR 37</td><td>4h 00</td><td>luglio</td></tr><tr><td>Naples International Airport (NAP)</td><td>EUR 28</td><td>8h 30</td><td>ottobre</td></tr><tr><td>Venice Marco Polo Airport (VCE)</td><td>EUR 100</td><td>4h 30</td><td>ottobre</td></tr><tr><td>Catania-Fontanarossa Airport (CTA)</td><td>EUR 74</td><td>1h 10</td><td>agosto</td></tr><tr><td>Guglielmo Marconi Airport (BLQ)</td><td>EUR 50</td><td>5h 10</td><td>agosto</td></tr>
  </tbody>
</table>
<h2>Aeroporti italiani da cui conviene partire</h2>
<div class=""cpv-chip-list""><span class=""cpv-chip"">Leonardo da Vinci-Fiumicino Airport</span><span class=""cpv-chip"">Ciampino-G. B. Pastine International Airport</span><span class=""cpv-chip"">Milano Malpensa Airport</span><span class=""cpv-chip"">Orio al Serio International Airport</span><span class=""cpv-chip"">Milano Linate Airport</span><span class=""cpv-chip"">Naples International Airport</span></div>
<div class=""cpv-landing-grid"">
  <div class=""cpv-landing-card""><strong>City break</strong><p>Se Bamaga e una meta urbana, le partenze del venerdi e del sabato sono spesso le piu monitorate.</p></div>
  <div class=""cpv-landing-card""><strong>Viaggi stagionali</strong><p>In alcuni periodi dell'anno le tariffe possono variare molto, soprattutto vicino ai ponti e alle festivita.</p></div>
  <div class=""cpv-landing-card""><strong>Confronto rapido</strong><p>Valuta aeroporti maggiori e secondari per capire se un piccolo spostamento porta a un risparmio concreto.</p></div>
</div>
<h2>Domande frequenti sui voli per Bamaga</h2>
<div class=""cpv-faq"">
  <details><summary>Qual e il modo migliore per cercare voli per Bamaga?</summary><p>Confronta piu aeroporti italiani, prova date flessibili e verifica anche partenze infrasettimanali per migliorare le possibilita di risparmio.</p></details>
  <details><summary>Meglio volo diretto o con scalo?</summary><p>Per tratte medio-brevi il diretto e spesso la scelta piu comoda, mentre su alcune rotte uno scalo puo ridurre il prezzo finale.</p></details>
  <details><summary>Quando controllare i prezzi per Bamaga?</summary><p>Vale la pena iniziare a monitorare la rotta in anticipo e verificare con regolarita i giorni piu vicini alla partenza ideale.</p></details>
</div>","Voli per citta|Voli intercontinentali",city,ABM,/voli-per/bamaga/,"Voli per Bamaga (ABM): offerte e guide | ConfrontaPrezziVoli","Trova voli per Bamaga dai principali aeroporti italiani. Tariffe indicative da EUR 121 e consigli per scegliere il periodo migliore.","voli per Bamaga",cities,"Mese tipicamente conveniente: luglio"
post,publish,"Voli per Bamako (BKO): offerte, compagnie e periodo migliore per prenotare",voli-per-bamako-bko,"Confronta voli per Bamako dai principali aeroporti italiani. Scopri prezzi indicativi, compagnie e consigli utili per organizzare la partenza.","<div class=""cpv-landing-note"">
  <p><strong>Perche cercare voli per Bamako qui.</strong> Questa pagina raccoglie un quadro rapido delle partenze italiane piu interessanti per Bamako, con tariffe indicative e consigli per scegliere il periodo piu vantaggioso.</p>
</div>
<div class=""cpv-stat-grid"">
  <div class=""cpv-stat""><strong>EUR 97</strong><span>Prezzo indicativo da monitorare dalle principali aree aeroportuali italiane.</span></div>
  <div class=""cpv-stat""><strong>luglio</strong><span>Periodo spesso interessante per tenere sotto controllo la rotta.</span></div>
  <div class=""cpv-stat""><strong>9</strong><span>Aeroporti italiani prioritari da confrontare per questa destinazione.</span></div>
</div>
<h2>Offerte voli per Bamako</h2>
<p>Per trovare il miglior equilibrio tra prezzo, durata e comfort, conviene verificare piu aeroporti di partenza italiani e confrontare giorni feriali e weekend.</p>
<table>
  <thead>
    <tr><th>Partenza</th><th>Prezzo da</th><th>Durata indicativa</th><th>Mese da monitorare</th></tr>
  </thead>
  <tbody>
    <tr><td>Leonardo da Vinci-Fiumicino Airport (FCO)</td><td>EUR 121</td><td>4h 00</td><td>luglio</td></tr><tr><td>Ciampino-G. B. Pastine International Airport (CIA)</td><td>EUR 165</td><td>2h 20</td><td>marzo</td></tr><tr><td>Milano Malpensa Airport (MXP)</td><td>EUR 78</td><td>3h 50</td><td>dicembre</td></tr><tr><td>Orio al Serio International Airport (BGY)</td><td>EUR 184</td><td>3h 30</td><td>ottobre</td></tr><tr><td>Milano Linate Airport (LIN)</td><td>EUR 181</td><td>10h 00</td><td>luglio</td></tr><tr><td>Naples International Airport (NAP)</td><td>EUR 92</td><td>4h 10</td><td>febbraio</td></tr><tr><td>Venice Marco Polo Airport (VCE)</td><td>EUR 180</td><td>8h 50</td><td>giugno</td></tr><tr><td>Catania-Fontanarossa Airport (CTA)</td><td>EUR 190</td><td>9h 30</td><td>aprile</td></tr><tr><td>Guglielmo Marconi Airport (BLQ)</td><td>EUR 26</td><td>4h 10</td><td>agosto</td></tr>
  </tbody>
</table>
<h2>Aeroporti italiani da cui conviene partire</h2>
<div class=""cpv-chip-list""><span class=""cpv-chip"">Leonardo da Vinci-Fiumicino Airport</span><span class=""cpv-chip"">Ciampino-G. B. Pastine International Airport</span><span class=""cpv-chip"">Milano Malpensa Airport</span><span class=""cpv-chip"">Orio al Serio International Airport</span><span class=""cpv-chip"">Milano Linate Airport</span><span class=""cpv-chip"">Naples International Airport</span></div>
<div class=""cpv-landing-grid"">
  <div class=""cpv-landing-card""><strong>City break</strong><p>Se Bamako e una meta urbana, le partenze del venerdi e del sabato sono spesso le piu monitorate.</p></div>
  <div class=""cpv-landing-card""><strong>Viaggi stagionali</strong><p>In alcuni periodi dell'anno le tariffe possono variare molto, soprattutto vicino ai ponti e alle festivita.</p></div>
  <div class=""cpv-landing-card""><strong>Confronto rapido</strong><p>Valuta aeroporti maggiori e secondari per capire se un piccolo spostamento porta a un risparmio concreto.</p></div>
</div>
<h2>Domande frequenti sui voli per Bamako</h2>
<div class=""cpv-faq"">
  <details><summary>Qual e il modo migliore per cercare voli per Bamako?</summary><p>Confronta piu aeroporti italiani, prova date flessibili e verifica anche partenze infrasettimanali per migliorare le possibilita di risparmio.</p></details>
  <details><summary>Meglio volo diretto o con scalo?</summary><p>Per tratte medio-brevi il diretto e spesso la scelta piu comoda, mentre su alcune rotte uno scalo puo ridurre il prezzo finale.</p></details>
  <details><summary>Quando controllare i prezzi per Bamako?</summary><p>Vale la pena iniziare a monitorare la rotta in anticipo e verificare con regolarita i giorni piu vicini alla partenza ideale.</p></details>
</div>","Voli per citta|Voli intercontinentali",city,BKO,/voli-per/bamako/,"Voli per Bamako (BKO): offerte e guide | ConfrontaPrezziVoli","Trova voli per Bamako dai principali aeroporti italiani. Tariffe indicative da EUR 97 e consigli per scegliere il periodo migliore.","voli per Bamako",cities,"Mese tipicamente conveniente: luglio"
post,publish,"Voli per Banda Aceh (BTJ): offerte, compagnie e periodo migliore per prenotare",voli-per-banda-aceh-btj,"Confronta voli per Banda Aceh dai principali aeroporti italiani. Scopri prezzi indicativi, compagnie e consigli utili per organizzare la partenza.","<div class=""cpv-landing-note"">
  <p><strong>Perche cercare voli per Banda Aceh qui.</strong> Questa pagina raccoglie un quadro rapido delle partenze italiane piu interessanti per Banda Aceh, con tariffe indicative e consigli per scegliere il periodo piu vantaggioso.</p>
</div>
<div class=""cpv-stat-grid"">
  <div class=""cpv-stat""><strong>EUR 134</strong><span>Prezzo indicativo da monitorare dalle principali aree aeroportuali italiane.</span></div>
  <div class=""cpv-stat""><strong>agosto</strong><span>Periodo spesso interessante per tenere sotto controllo la rotta.</span></div>
  <div class=""cpv-stat""><strong>9</strong><span>Aeroporti italiani prioritari da confrontare per questa destinazione.</span></div>
</div>
<h2>Offerte voli per Banda Aceh</h2>
<p>Per trovare il miglior equilibrio tra prezzo, durata e comfort, conviene verificare piu aeroporti di partenza italiani e confrontare giorni feriali e weekend.</p>
<table>
  <thead>
    <tr><th>Partenza</th><th>Prezzo da</th><th>Durata indicativa</th><th>Mese da monitorare</th></tr>
  </thead>
  <tbody>
    <tr><td>Leonardo da Vinci-Fiumicino Airport (FCO)</td><td>EUR 194</td><td>11h 10</td><td>agosto</td></tr><tr><td>Ciampino-G. B. Pastine International Airport (CIA)</td><td>EUR 174</td><td>11h 50</td><td>dicembre</td></tr><tr><td>Milano Malpensa Airport (MXP)</td><td>EUR 109</td><td>4h 00</td><td>luglio</td></tr><tr><td>Orio al Serio International Airport (BGY)</td><td>EUR 67</td><td>7h 00</td><td>gennaio</td></tr><tr><td>Milano Linate Airport (LIN)</td><td>EUR 94</td><td>5h 30</td><td>aprile</td></tr><tr><td>Naples International Airport (NAP)</td><td>EUR 135</td><td>9h 20</td><td>settembre</td></tr><tr><td>Venice Marco Polo Airport (VCE)</td><td>EUR 35</td><td>3h 40</td><td>maggio</td></tr><tr><td>Catania-Fontanarossa Airport (CTA)</td><td>EUR 85</td><td>4h 00</td><td>luglio</td></tr><tr><td>Guglielmo Marconi Airport (BLQ)</td><td>EUR 41</td><td>11h 40</td><td>novembre</td></tr>
  </tbody>
</table>
<h2>Aeroporti italiani da cui conviene partire</h2>
<div class=""cpv-chip-list""><span class=""cpv-chip"">Leonardo da Vinci-Fiumicino Airport</span><span class=""cpv-chip"">Ciampino-G. B. Pastine International Airport</span><span class=""cpv-chip"">Milano Malpensa Airport</span><span class=""cpv-chip"">Orio al Serio International Airport</span><span class=""cpv-chip"">Milano Linate Airport</span><span class=""cpv-chip"">Naples International Airport</span></div>
<div class=""cpv-landing-grid"">
  <div class=""cpv-landing-card""><strong>City break</strong><p>Se Banda Aceh e una meta urbana, le partenze del venerdi e del sabato sono spesso le piu monitorate.</p></div>
  <div class=""cpv-landing-card""><strong>Viaggi stagionali</strong><p>In alcuni periodi dell'anno le tariffe possono variare molto, soprattutto vicino ai ponti e alle festivita.</p></div>
  <div class=""cpv-landing-card""><strong>Confronto rapido</strong><p>Valuta aeroporti maggiori e secondari per capire se un piccolo spostamento porta a un risparmio concreto.</p></div>
</div>
<h2>Domande frequenti sui voli per Banda Aceh</h2>
<div class=""cpv-faq"">
  <details><summary>Qual e il modo migliore per cercare voli per Banda Aceh?</summary><p>Confronta piu aeroporti italiani, prova date flessibili e verifica anche partenze infrasettimanali per migliorare le possibilita di risparmio.</p></details>
  <details><summary>Meglio volo diretto o con scalo?</summary><p>Per tratte medio-brevi il diretto e spesso la scelta piu comoda, mentre su alcune rotte uno scalo puo ridurre il prezzo finale.</p></details>
  <details><summary>Quando controllare i prezzi per Banda Aceh?</summary><p>Vale la pena iniziare a monitorare la rotta in anticipo e verificare con regolarita i giorni piu vicini alla partenza ideale.</p></details>
</div>","Voli per citta|Voli intercontinentali",city,BTJ,/voli-per/banda-aceh/,"Voli per Banda Aceh (BTJ): offerte e guide | ConfrontaPrezziVoli","Trova voli per Banda Aceh dai principali aeroporti italiani. Tariffe indicative da EUR 134 e consigli per scegliere il periodo migliore.","voli per Banda Aceh",cities,"Mese tipicamente conveniente: agosto"
post,publish,"Voli per Bandar Abbas (BND): offerte, compagnie e periodo migliore per prenotare",voli-per-bandar-abbas-bnd,"Confronta voli per Bandar Abbas dai principali aeroporti italiani. Scopri prezzi indicativi, compagnie e consigli utili per organizzare la partenza.","<div class=""cpv-landing-note"">
  <p><strong>Perche cercare voli per Bandar Abbas qui.</strong> Questa pagina raccoglie un quadro rapido delle partenze italiane piu interessanti per Bandar Abbas, con tariffe indicative e consigli per scegliere il periodo piu vantaggioso.</p>
</div>
<div class=""cpv-stat-grid"">
  <div class=""cpv-stat""><strong>EUR 82</strong><span>Prezzo indicativo da monitorare dalle principali aree aeroportuali italiane.</span></div>
  <div class=""cpv-stat""><strong>aprile</strong><span>Periodo spesso interessante per tenere sotto controllo la rotta.</span></div>
  <div class=""cpv-stat""><strong>9</strong><span>Aeroporti italiani prioritari da confrontare per questa destinazione.</span></div>
</div>
<h2>Offerte voli per Bandar Abbas</h2>
<p>Per trovare il miglior equilibrio tra prezzo, durata e comfort, conviene verificare piu aeroporti di partenza italiani e confrontare giorni feriali e weekend.</p>
<table>
  <thead>
    <tr><th>Partenza</th><th>Prezzo da</th><th>Durata indicativa</th><th>Mese da monitorare</th></tr>
  </thead>
  <tbody>
    <tr><td>Leonardo da Vinci-Fiumicino Airport (FCO)</td><td>EUR 126</td><td>9h 50</td><td>dicembre</td></tr><tr><td>Ciampino-G. B. Pastine International Airport (CIA)</td><td>EUR 134</td><td>6h 10</td><td>agosto</td></tr><tr><td>Milano Malpensa Airport (MXP)</td><td>EUR 37</td><td>8h 00</td><td>luglio</td></tr><tr><td>Orio al Serio International Airport (BGY)</td><td>EUR 51</td><td>8h 20</td><td>settembre</td></tr><tr><td>Milano Linate Airport (LIN)</td><td>EUR 158</td><td>9h 10</td><td>agosto</td></tr><tr><td>Naples International Airport (NAP)</td><td>EUR 107</td><td>2h 40</td><td>maggio</td></tr><tr><td>Venice Marco Polo Airport (VCE)</td><td>EUR 107</td><td>4h 40</td><td>maggio</td></tr><tr><td>Catania-Fontanarossa Airport (CTA)</td><td>EUR 33</td><td>4h 20</td><td>marzo</td></tr><tr><td>Guglielmo Marconi Airport (BLQ)</td><td>EUR 53</td><td>5h 40</td><td>novembre</td></tr>
  </tbody>
</table>
<h2>Aeroporti italiani da cui conviene partire</h2>
<div class=""cpv-chip-list""><span class=""cpv-chip"">Leonardo da Vinci-Fiumicino Airport</span><span class=""cpv-chip"">Ciampino-G. B. Pastine International Airport</span><span class=""cpv-chip"">Milano Malpensa Airport</span><span class=""cpv-chip"">Orio al Serio International Airport</span><span class=""cpv-chip"">Milano Linate Airport</span><span class=""cpv-chip"">Naples International Airport</span></div>
<div class=""cpv-landing-grid"">
  <div class=""cpv-landing-card""><strong>City break</strong><p>Se Bandar Abbas e una meta urbana, le partenze del venerdi e del sabato sono spesso le piu monitorate.</p></div>
  <div class=""cpv-landing-card""><strong>Viaggi stagionali</strong><p>In alcuni periodi dell'anno le tariffe possono variare molto, soprattutto vicino ai ponti e alle festivita.</p></div>
  <div class=""cpv-landing-card""><strong>Confronto rapido</strong><p>Valuta aeroporti maggiori e secondari per capire se un piccolo spostamento porta a un risparmio concreto.</p></div>
</div>
<h2>Domande frequenti sui voli per Bandar Abbas</h2>
<div class=""cpv-faq"">
  <details><summary>Qual e il modo migliore per cercare voli per Bandar Abbas?</summary><p>Confronta piu aeroporti italiani, prova date flessibili e verifica anche partenze infrasettimanali per migliorare le possibilita di risparmio.</p></details>
  <details><summary>Meglio volo diretto o con scalo?</summary><p>Per tratte medio-brevi il diretto e spesso la scelta piu comoda, mentre su alcune rotte uno scalo puo ridurre il prezzo finale.</p></details>
  <details><summary>Quando controllare i prezzi per Bandar Abbas?</summary><p>Vale la pena iniziare a monitorare la rotta in anticipo e verificare con regolarita i giorni piu vicini alla partenza ideale.</p></details>
</div>","Voli per citta|Voli intercontinentali",city,BND,/voli-per/bandar-abbas/,"Voli per Bandar Abbas (BND): offerte e guide | ConfrontaPrezziVoli","Trova voli per Bandar Abbas dai principali aeroporti italiani. Tariffe indicative da EUR 82 e consigli per scegliere il periodo migliore.","voli per Bandar Abbas",cities,"Mese tipicamente conveniente: aprile"
post,publish,"Voli per Bandar Lampung (TKG): offerte, compagnie e periodo migliore per prenotare",voli-per-bandar-lampung-tkg,"Confronta voli per Bandar Lampung dai principali aeroporti italiani. Scopri prezzi indicativi, compagnie e consigli utili per organizzare la partenza.","<div class=""cpv-landing-note"">
  <p><strong>Perche cercare voli per Bandar Lampung qui.</strong> Questa pagina raccoglie un quadro rapido delle partenze italiane piu interessanti per Bandar Lampung, con tariffe indicative e consigli per scegliere il periodo piu vantaggioso.</p>
</div>
<div class=""cpv-stat-grid"">
  <div class=""cpv-stat""><strong>EUR 125</strong><span>Prezzo indicativo da monitorare dalle principali aree aeroportuali italiane.</span></div>
  <div class=""cpv-stat""><strong>novembre</strong><span>Periodo spesso interessante per tenere sotto controllo la rotta.</span></div>
  <div class=""cpv-stat""><strong>9</strong><span>Aeroporti italiani prioritari da confrontare per questa destinazione.</span></div>
</div>
<h2>Offerte voli per Bandar Lampung</h2>
<p>Per trovare il miglior equilibrio tra prezzo, durata e comfort, conviene verificare piu aeroporti di partenza italiani e confrontare giorni feriali e weekend.</p>
<table>
  <thead>
    <tr><th>Partenza</th><th>Prezzo da</th><th>Durata indicativa</th><th>Mese da monitorare</th></tr>
  </thead>
  <tbody>
    <tr><td>Leonardo da Vinci-Fiumicino Airport (FCO)</td><td>EUR 149</td><td>1h 40</td><td>novembre</td></tr><tr><td>Ciampino-G. B. Pastine International Airport (CIA)</td><td>EUR 165</td><td>11h 20</td><td>marzo</td></tr><tr><td>Milano Malpensa Airport (MXP)</td><td>EUR 54</td><td>9h 50</td><td>dicembre</td></tr><tr><td>Orio al Serio International Airport (BGY)</td><td>EUR 64</td><td>2h 30</td><td>ottobre</td></tr><tr><td>Milano Linate Airport (LIN)</td><td>EUR 93</td><td>4h 20</td><td>marzo</td></tr><tr><td>Naples International Airport (NAP)</td><td>EUR 124</td><td>11h 30</td><td>ottobre</td></tr><tr><td>Venice Marco Polo Airport (VCE)</td><td>EUR 132</td><td>2h 50</td><td>giugno</td></tr><tr><td>Catania-Fontanarossa Airport (CTA)</td><td>EUR 90</td><td>5h 50</td><td>dicembre</td></tr><tr><td>Guglielmo Marconi Airport (BLQ)</td><td>EUR 138</td><td>7h 50</td><td>dicembre</td></tr>
  </tbody>
</table>
<h2>Aeroporti italiani da cui conviene partire</h2>
<div class=""cpv-chip-list""><span class=""cpv-chip"">Leonardo da Vinci-Fiumicino Airport</span><span class=""cpv-chip"">Ciampino-G. B. Pastine International Airport</span><span class=""cpv-chip"">Milano Malpensa Airport</span><span class=""cpv-chip"">Orio al Serio International Airport</span><span class=""cpv-chip"">Milano Linate Airport</span><span class=""cpv-chip"">Naples International Airport</span></div>
<div class=""cpv-landing-grid"">
  <div class=""cpv-landing-card""><strong>City break</strong><p>Se Bandar Lampung e una meta urbana, le partenze del venerdi e del sabato sono spesso le piu monitorate.</p></div>
  <div class=""cpv-landing-card""><strong>Viaggi stagionali</strong><p>In alcuni periodi dell'anno le tariffe possono variare molto, soprattutto vicino ai ponti e alle festivita.</p></div>
  <div class=""cpv-landing-card""><strong>Confronto rapido</strong><p>Valuta aeroporti maggiori e secondari per capire se un piccolo spostamento porta a un risparmio concreto.</p></div>
</div>
<h2>Domande frequenti sui voli per Bandar Lampung</h2>
<div class=""cpv-faq"">
  <details><summary>Qual e il modo migliore per cercare voli per Bandar Lampung?</summary><p>Confronta piu aeroporti italiani, prova date flessibili e verifica anche partenze infrasettimanali per migliorare le possibilita di risparmio.</p></details>
  <details><summary>Meglio volo diretto o con scalo?</summary><p>Per tratte medio-brevi il diretto e spesso la scelta piu comoda, mentre su alcune rotte uno scalo puo ridurre il prezzo finale.</p></details>
  <details><summary>Quando controllare i prezzi per Bandar Lampung?</summary><p>Vale la pena iniziare a monitorare la rotta in anticipo e verificare con regolarita i giorni piu vicini alla partenza ideale.</p></details>
</div>","Voli per citta|Voli intercontinentali",city,TKG,/voli-per/bandar-lampung/,"Voli per Bandar Lampung (TKG): offerte e guide | ConfrontaPrezziVoli","Trova voli per Bandar Lampung dai principali aeroporti italiani. Tariffe indicative da EUR 125 e consigli per scegliere il periodo migliore.","voli per Bandar Lampung",cities,"Mese tipicamente conveniente: novembre"
post,publish,"Voli per Bandar Mahshahr (MRX): offerte, compagnie e periodo migliore per prenotare",voli-per-bandar-mahshahr-mrx,"Confronta voli per Bandar Mahshahr dai principali aeroporti italiani. Scopri prezzi indicativi, compagnie e consigli utili per organizzare la partenza.","<div class=""cpv-landing-note"">
  <p><strong>Perche cercare voli per Bandar Mahshahr qui.</strong> Questa pagina raccoglie un quadro rapido delle partenze italiane piu interessanti per Bandar Mahshahr, con tariffe indicative e consigli per scegliere il periodo piu vantaggioso.</p>
</div>
<div class=""cpv-stat-grid"">
  <div class=""cpv-stat""><strong>EUR 47</strong><span>Prezzo indicativo da monitorare dalle principali aree aeroportuali italiane.</span></div>
  <div class=""cpv-stat""><strong>maggio</strong><span>Periodo spesso interessante per tenere sotto controllo la rotta.</span></div>
  <div class=""cpv-stat""><strong>9</strong><span>Aeroporti italiani prioritari da confrontare per questa destinazione.</span></div>
</div>
<h2>Offerte voli per Bandar Mahshahr</h2>
<p>Per trovare il miglior equilibrio tra prezzo, durata e comfort, conviene verificare piu aeroporti di partenza italiani e confrontare giorni feriali e weekend.</p>
<table>
  <thead>
    <tr><th>Partenza</th><th>Prezzo da</th><th>Durata indicativa</th><th>Mese da monitorare</th></tr>
  </thead>
  <tbody>
    <tr><td>Leonardo da Vinci-Fiumicino Airport (FCO)</td><td>EUR 131</td><td>8h 40</td><td>maggio</td></tr><tr><td>Ciampino-G. B. Pastine International Airport (CIA)</td><td>EUR 83</td><td>10h 40</td><td>maggio</td></tr><tr><td>Milano Malpensa Airport (MXP)</td><td>EUR 120</td><td>5h 50</td><td>giugno</td></tr><tr><td>Orio al Serio International Airport (BGY)</td><td>EUR 70</td><td>10h 30</td><td>aprile</td></tr><tr><td>Milano Linate Airport (LIN)</td><td>EUR 39</td><td>11h 20</td><td>settembre</td></tr><tr><td>Naples International Airport (NAP)</td><td>EUR 94</td><td>10h 30</td><td>aprile</td></tr><tr><td>Venice Marco Polo Airport (VCE)</td><td>EUR 30</td><td>7h 50</td><td>dicembre</td></tr><tr><td>Catania-Fontanarossa Airport (CTA)</td><td>EUR 176</td><td>11h 10</td><td>febbraio</td></tr><tr><td>Guglielmo Marconi Airport (BLQ)</td><td>EUR 104</td><td>10h 10</td><td>febbraio</td></tr>
  </tbody>
</table>
<h2>Aeroporti italiani da cui conviene partire</h2>
<div class=""cpv-chip-list""><span class=""cpv-chip"">Leonardo da Vinci-Fiumicino Airport</span><span class=""cpv-chip"">Ciampino-G. B. Pastine International Airport</span><span class=""cpv-chip"">Milano Malpensa Airport</span><span class=""cpv-chip"">Orio al Serio International Airport</span><span class=""cpv-chip"">Milano Linate Airport</span><span class=""cpv-chip"">Naples International Airport</span></div>
<div class=""cpv-landing-grid"">
  <div class=""cpv-landing-card""><strong>City break</strong><p>Se Bandar Mahshahr e una meta urbana, le partenze del venerdi e del sabato sono spesso le piu monitorate.</p></div>
  <div class=""cpv-landing-card""><strong>Viaggi stagionali</strong><p>In alcuni periodi dell'anno le tariffe possono variare molto, soprattutto vicino ai ponti e alle festivita.</p></div>
  <div class=""cpv-landing-card""><strong>Confronto rapido</strong><p>Valuta aeroporti maggiori e secondari per capire se un piccolo spostamento porta a un risparmio concreto.</p></div>
</div>
<h2>Domande frequenti sui voli per Bandar Mahshahr</h2>
<div class=""cpv-faq"">
  <details><summary>Qual e il modo migliore per cercare voli per Bandar Mahshahr?</summary><p>Confronta piu aeroporti italiani, prova date flessibili e verifica anche partenze infrasettimanali per migliorare le possibilita di risparmio.</p></details>
  <details><summary>Meglio volo diretto o con scalo?</summary><p>Per tratte medio-brevi il diretto e spesso la scelta piu comoda, mentre su alcune rotte uno scalo puo ridurre il prezzo finale.</p></details>
  <details><summary>Quando controllare i prezzi per Bandar Mahshahr?</summary><p>Vale la pena iniziare a monitorare la rotta in anticipo e verificare con regolarita i giorni piu vicini alla partenza ideale.</p></details>
</div>","Voli per citta|Voli intercontinentali",city,MRX,/voli-per/bandar-mahshahr/,"Voli per Bandar Mahshahr (MRX): offerte e guide | ConfrontaPrezziVoli","Trova voli per Bandar Mahshahr dai principali aeroporti italiani. Tariffe indicative da EUR 47 e consigli per scegliere il periodo migliore.","voli per Bandar Mahshahr",cities,"Mese tipicamente conveniente: maggio"
post,publish,"Voli per Bandar Seri Begawan (BWN): offerte, compagnie e periodo migliore per prenotare",voli-per-bandar-seri-begawan-bwn,"Confronta voli per Bandar Seri Begawan dai principali aeroporti italiani. Scopri prezzi indicativi, compagnie e consigli utili per organizzare la partenza.","<div class=""cpv-landing-note"">
  <p><strong>Perche cercare voli per Bandar Seri Begawan qui.</strong> Questa pagina raccoglie un quadro rapido delle partenze italiane piu interessanti per Bandar Seri Begawan, con tariffe indicative e consigli per scegliere il periodo piu vantaggioso.</p>
</div>
<div class=""cpv-stat-grid"">
  <div class=""cpv-stat""><strong>EUR 156</strong><span>Prezzo indicativo da monitorare dalle principali aree aeroportuali italiane.</span></div>
  <div class=""cpv-stat""><strong>giugno</strong><span>Periodo spesso interessante per tenere sotto controllo la rotta.</span></div>
  <div class=""cpv-stat""><strong>9</strong><span>Aeroporti italiani prioritari da confrontare per questa destinazione.</span></div>
</div>
<h2>Offerte voli per Bandar Seri Begawan</h2>
<p>Per trovare il miglior equilibrio tra prezzo, durata e comfort, conviene verificare piu aeroporti di partenza italiani e confrontare giorni feriali e weekend.</p>
<table>
  <thead>
    <tr><th>Partenza</th><th>Prezzo da</th><th>Durata indicativa</th><th>Mese da monitorare</th></tr>
  </thead>
  <tbody>
    <tr><td>Leonardo da Vinci-Fiumicino Airport (FCO)</td><td>EUR 68</td><td>3h 10</td><td>febbraio</td></tr><tr><td>Ciampino-G. B. Pastine International Airport (CIA)</td><td>EUR 192</td><td>5h 50</td><td>giugno</td></tr><tr><td>Milano Malpensa Airport (MXP)</td><td>EUR 183</td><td>4h 20</td><td>settembre</td></tr><tr><td>Orio al Serio International Airport (BGY)</td><td>EUR 125</td><td>8h 40</td><td>novembre</td></tr><tr><td>Milano Linate Airport (LIN)</td><td>EUR 116</td><td>3h 10</td><td>febbraio</td></tr><tr><td>Naples International Airport (NAP)</td><td>EUR 21</td><td>9h 20</td><td>marzo</td></tr><tr><td>Venice Marco Polo Airport (VCE)</td><td>EUR 21</td><td>5h 20</td><td>marzo</td></tr><tr><td>Catania-Fontanarossa Airport (CTA)</td><td>EUR 191</td><td>10h 40</td><td>maggio</td></tr><tr><td>Guglielmo Marconi Airport (BLQ)</td><td>EUR 99</td><td>1h 20</td><td>settembre</td></tr>
  </tbody>
</table>
<h2>Aeroporti italiani da cui conviene partire</h2>
<div class=""cpv-chip-list""><span class=""cpv-chip"">Leonardo da Vinci-Fiumicino Airport</span><span class=""cpv-chip"">Ciampino-G. B. Pastine International Airport</span><span class=""cpv-chip"">Milano Malpensa Airport</span><span class=""cpv-chip"">Orio al Serio International Airport</span><span class=""cpv-chip"">Milano Linate Airport</span><span class=""cpv-chip"">Naples International Airport</span></div>
<div class=""cpv-landing-grid"">
  <div class=""cpv-landing-card""><strong>City break</strong><p>Se Bandar Seri Begawan e una meta urbana, le partenze del venerdi e del sabato sono spesso le piu monitorate.</p></div>
  <div class=""cpv-landing-card""><strong>Viaggi stagionali</strong><p>In alcuni periodi dell'anno le tariffe possono variare molto, soprattutto vicino ai ponti e alle festivita.</p></div>
  <div class=""cpv-landing-card""><strong>Confronto rapido</strong><p>Valuta aeroporti maggiori e secondari per capire se un piccolo spostamento porta a un risparmio concreto.</p></div>
</div>
<h2>Domande frequenti sui voli per Bandar Seri Begawan</h2>
<div class=""cpv-faq"">
  <details><summary>Qual e il modo migliore per cercare voli per Bandar Seri Begawan?</summary><p>Confronta piu aeroporti italiani, prova date flessibili e verifica anche partenze infrasettimanali per migliorare le possibilita di risparmio.</p></details>
  <details><summary>Meglio volo diretto o con scalo?</summary><p>Per tratte medio-brevi il diretto e spesso la scelta piu comoda, mentre su alcune rotte uno scalo puo ridurre il prezzo finale.</p></details>
  <details><summary>Quando controllare i prezzi per Bandar Seri Begawan?</summary><p>Vale la pena iniziare a monitorare la rotta in anticipo e verificare con regolarita i giorni piu vicini alla partenza ideale.</p></details>
</div>","Voli per citta|Voli intercontinentali",city,BWN,/voli-per/bandar-seri-begawan/,"Voli per Bandar Seri Begawan (BWN): offerte e guide | ConfrontaPrezziVoli","Trova voli per Bandar Seri Begawan dai principali aeroporti italiani. Tariffe indicative da EUR 156 e consigli per scegliere il periodo migliore.","voli per Bandar Seri Begawan",cities,"Mese tipicamente conveniente: giugno"
post,publish,"Voli per Bandung (BDO): offerte, compagnie e periodo migliore per prenotare",voli-per-bandung-bdo,"Confronta voli per Bandung dai principali aeroporti italiani. Scopri prezzi indicativi, compagnie e consigli utili per organizzare la partenza.","<div class=""cpv-landing-note"">
  <p><strong>Perche cercare voli per Bandung qui.</strong> Questa pagina raccoglie un quadro rapido delle partenze italiane piu interessanti per Bandung, con tariffe indicative e consigli per scegliere il periodo piu vantaggioso.</p>
</div>
<div class=""cpv-stat-grid"">
  <div class=""cpv-stat""><strong>EUR 36</strong><span>Prezzo indicativo da monitorare dalle principali aree aeroportuali italiane.</span></div>
  <div class=""cpv-stat""><strong>giugno</strong><span>Periodo spesso interessante per tenere sotto controllo la rotta.</span></div>
  <div class=""cpv-stat""><strong>9</strong><span>Aeroporti italiani prioritari da confrontare per questa destinazione.</span></div>
</div>
<h2>Offerte voli per Bandung</h2>
<p>Per trovare il miglior equilibrio tra prezzo, durata e comfort, conviene verificare piu aeroporti di partenza italiani e confrontare giorni feriali e weekend.</p>
<table>
  <thead>
    <tr><th>Partenza</th><th>Prezzo da</th><th>Durata indicativa</th><th>Mese da monitorare</th></tr>
  </thead>
  <tbody>
    <tr><td>Leonardo da Vinci-Fiumicino Airport (FCO)</td><td>EUR 120</td><td>7h 50</td><td>giugno</td></tr><tr><td>Ciampino-G. B. Pastine International Airport (CIA)</td><td>EUR 100</td><td>10h 30</td><td>ottobre</td></tr><tr><td>Milano Malpensa Airport (MXP)</td><td>EUR 63</td><td>4h 20</td><td>settembre</td></tr><tr><td>Orio al Serio International Airport (BGY)</td><td>EUR 53</td><td>1h 40</td><td>novembre</td></tr><tr><td>Milano Linate Airport (LIN)</td><td>EUR 128</td><td>8h 10</td><td>febbraio</td></tr><tr><td>Naples International Airport (NAP)</td><td>EUR 193</td><td>3h 00</td><td>luglio</td></tr><tr><td>Venice Marco Polo Airport (VCE)</td><td>EUR 121</td><td>2h 00</td><td>luglio</td></tr><tr><td>Catania-Fontanarossa Airport (CTA)</td><td>EUR 187</td><td>8h 00</td><td>gennaio</td></tr><tr><td>Guglielmo Marconi Airport (BLQ)</td><td>EUR 187</td><td>7h 00</td><td>gennaio</td></tr>
  </tbody>
</table>
<h2>Aeroporti italiani da cui conviene partire</h2>
<div class=""cpv-chip-list""><span class=""cpv-chip"">Leonardo da Vinci-Fiumicino Airport</span><span class=""cpv-chip"">Ciampino-G. B. Pastine International Airport</span><span class=""cpv-chip"">Milano Malpensa Airport</span><span class=""cpv-chip"">Orio al Serio International Airport</span><span class=""cpv-chip"">Milano Linate Airport</span><span class=""cpv-chip"">Naples International Airport</span></div>
<div class=""cpv-landing-grid"">
  <div class=""cpv-landing-card""><strong>City break</strong><p>Se Bandung e una meta urbana, le partenze del venerdi e del sabato sono spesso le piu monitorate.</p></div>
  <div class=""cpv-landing-card""><strong>Viaggi stagionali</strong><p>In alcuni periodi dell'anno le tariffe possono variare molto, soprattutto vicino ai ponti e alle festivita.</p></div>
  <div class=""cpv-landing-card""><strong>Confronto rapido</strong><p>Valuta aeroporti maggiori e secondari per capire se un piccolo spostamento porta a un risparmio concreto.</p></div>
</div>
<h2>Domande frequenti sui voli per Bandung</h2>
<div class=""cpv-faq"">
  <details><summary>Qual e il modo migliore per cercare voli per Bandung?</summary><p>Confronta piu aeroporti italiani, prova date flessibili e verifica anche partenze infrasettimanali per migliorare le possibilita di risparmio.</p></details>
  <details><summary>Meglio volo diretto o con scalo?</summary><p>Per tratte medio-brevi il diretto e spesso la scelta piu comoda, mentre su alcune rotte uno scalo puo ridurre il prezzo finale.</p></details>
  <details><summary>Quando controllare i prezzi per Bandung?</summary><p>Vale la pena iniziare a monitorare la rotta in anticipo e verificare con regolarita i giorni piu vicini alla partenza ideale.</p></details>
</div>","Voli per citta|Voli intercontinentali",city,BDO,/voli-per/bandung/,"Voli per Bandung (BDO): offerte e guide | ConfrontaPrezziVoli","Trova voli per Bandung dai principali aeroporti italiani. Tariffe indicative da EUR 36 e consigli per scegliere il periodo migliore.","voli per Bandung",cities,"Mese tipicamente conveniente: giugno"
post,publish,"Voli per Bangda (BPX): offerte, compagnie e periodo migliore per prenotare",voli-per-bangda-bpx,"Confronta voli per Bangda dai principali aeroporti italiani. Scopri prezzi indicativi, compagnie e consigli utili per organizzare la partenza.","<div class=""cpv-landing-note"">
  <p><strong>Perche cercare voli per Bangda qui.</strong> Questa pagina raccoglie un quadro rapido delle partenze italiane piu interessanti per Bangda, con tariffe indicative e consigli per scegliere il periodo piu vantaggioso.</p>
</div>
<div class=""cpv-stat-grid"">
  <div class=""cpv-stat""><strong>EUR 66</strong><span>Prezzo indicativo da monitorare dalle principali aree aeroportuali italiane.</span></div>
  <div class=""cpv-stat""><strong>dicembre</strong><span>Periodo spesso interessante per tenere sotto controllo la rotta.</span></div>
  <div class=""cpv-stat""><strong>9</strong><span>Aeroporti italiani prioritari da confrontare per questa destinazione.</span></div>
</div>
<h2>Offerte voli per Bangda</h2>
<p>Per trovare il miglior equilibrio tra prezzo, durata e comfort, conviene verificare piu aeroporti di partenza italiani e confrontare giorni feriali e weekend.</p>
<table>
  <thead>
    <tr><th>Partenza</th><th>Prezzo da</th><th>Durata indicativa</th><th>Mese da monitorare</th></tr>
  </thead>
  <tbody>
    <tr><td>Leonardo da Vinci-Fiumicino Airport (FCO)</td><td>EUR 106</td><td>4h 30</td><td>aprile</td></tr><tr><td>Ciampino-G. B. Pastine International Airport (CIA)</td><td>EUR 114</td><td>7h 50</td><td>dicembre</td></tr><tr><td>Milano Malpensa Airport (MXP)</td><td>EUR 37</td><td>8h 00</td><td>luglio</td></tr><tr><td>Orio al Serio International Airport (BGY)</td><td>EUR 67</td><td>2h 00</td><td>gennaio</td></tr><tr><td>Milano Linate Airport (LIN)</td><td>EUR 38</td><td>1h 10</td><td>agosto</td></tr><tr><td>Naples International Airport (NAP)</td><td>EUR 67</td><td>3h 00</td><td>gennaio</td></tr><tr><td>Venice Marco Polo Airport (VCE)</td><td>EUR 19</td><td>2h 00</td><td>gennaio</td></tr><tr><td>Catania-Fontanarossa Airport (CTA)</td><td>EUR 77</td><td>9h 40</td><td>novembre</td></tr><tr><td>Guglielmo Marconi Airport (BLQ)</td><td>EUR 21</td><td>7h 20</td><td>marzo</td></tr>
  </tbody>
</table>
<h2>Aeroporti italiani da cui conviene partire</h2>
<div class=""cpv-chip-list""><span class=""cpv-chip"">Leonardo da Vinci-Fiumicino Airport</span><span class=""cpv-chip"">Ciampino-G. B. Pastine International Airport</span><span class=""cpv-chip"">Milano Malpensa Airport</span><span class=""cpv-chip"">Orio al Serio International Airport</span><span class=""cpv-chip"">Milano Linate Airport</span><span class=""cpv-chip"">Naples International Airport</span></div>
<div class=""cpv-landing-grid"">
  <div class=""cpv-landing-card""><strong>City break</strong><p>Se Bangda e una meta urbana, le partenze del venerdi e del sabato sono spesso le piu monitorate.</p></div>
  <div class=""cpv-landing-card""><strong>Viaggi stagionali</strong><p>In alcuni periodi dell'anno le tariffe possono variare molto, soprattutto vicino ai ponti e alle festivita.</p></div>
  <div class=""cpv-landing-card""><strong>Confronto rapido</strong><p>Valuta aeroporti maggiori e secondari per capire se un piccolo spostamento porta a un risparmio concreto.</p></div>
</div>
<h2>Domande frequenti sui voli per Bangda</h2>
<div class=""cpv-faq"">
  <details><summary>Qual e il modo migliore per cercare voli per Bangda?</summary><p>Confronta piu aeroporti italiani, prova date flessibili e verifica anche partenze infrasettimanali per migliorare le possibilita di risparmio.</p></details>
  <details><summary>Meglio volo diretto o con scalo?</summary><p>Per tratte medio-brevi il diretto e spesso la scelta piu comoda, mentre su alcune rotte uno scalo puo ridurre il prezzo finale.</p></details>
  <details><summary>Quando controllare i prezzi per Bangda?</summary><p>Vale la pena iniziare a monitorare la rotta in anticipo e verificare con regolarita i giorni piu vicini alla partenza ideale.</p></details>
</div>","Voli per citta|Voli intercontinentali",city,BPX,/voli-per/bangda/,"Voli per Bangda (BPX): offerte e guide | ConfrontaPrezziVoli","Trova voli per Bangda dai principali aeroporti italiani. Tariffe indicative da EUR 66 e consigli per scegliere il periodo migliore.","voli per Bangda",cities,"Mese tipicamente conveniente: dicembre"
post,publish,"Voli per Bangkok (BKK): offerte, compagnie e periodo migliore per prenotare",voli-per-bangkok-bkk,"Confronta voli per Bangkok dai principali aeroporti italiani. Scopri prezzi indicativi, compagnie e consigli utili per organizzare la partenza.","<div class=""cpv-landing-note"">
  <p><strong>Perche cercare voli per Bangkok qui.</strong> Questa pagina raccoglie un quadro rapido delle partenze italiane piu interessanti per Bangkok, con tariffe indicative e consigli per scegliere il periodo piu vantaggioso.</p>
</div>
<div class=""cpv-stat-grid"">
  <div class=""cpv-stat""><strong>EUR 38</strong><span>Prezzo indicativo da monitorare dalle principali aree aeroportuali italiane.</span></div>
  <div class=""cpv-stat""><strong>agosto</strong><span>Periodo spesso interessante per tenere sotto controllo la rotta.</span></div>
  <div class=""cpv-stat""><strong>9</strong><span>Aeroporti italiani prioritari da confrontare per questa destinazione.</span></div>
</div>
<h2>Offerte voli per Bangkok</h2>
<p>Per trovare il miglior equilibrio tra prezzo, durata e comfort, conviene verificare piu aeroporti di partenza italiani e confrontare giorni feriali e weekend.</p>
<table>
  <thead>
    <tr><th>Partenza</th><th>Prezzo da</th><th>Durata indicativa</th><th>Mese da monitorare</th></tr>
  </thead>
  <tbody>
    <tr><td>Leonardo da Vinci-Fiumicino Airport (FCO)</td><td>EUR 22</td><td>8h 30</td><td>aprile</td></tr><tr><td>Ciampino-G. B. Pastine International Airport (CIA)</td><td>EUR 42</td><td>1h 50</td><td>dicembre</td></tr><tr><td>Milano Malpensa Airport (MXP)</td><td>EUR 193</td><td>4h 00</td><td>luglio</td></tr><tr><td>Orio al Serio International Airport (BGY)</td><td>EUR 79</td><td>8h 00</td><td>gennaio</td></tr><tr><td>Milano Linate Airport (LIN)</td><td>EUR 182</td><td>3h 10</td><td>agosto</td></tr><tr><td>Naples International Airport (NAP)</td><td>EUR 123</td><td>4h 20</td><td>settembre</td></tr><tr><td>Venice Marco Polo Airport (VCE)</td><td>EUR 159</td><td>9h 20</td><td>settembre</td></tr><tr><td>Catania-Fontanarossa Airport (CTA)</td><td>EUR 197</td><td>5h 40</td><td>novembre</td></tr><tr><td>Guglielmo Marconi Airport (BLQ)</td><td>EUR 189</td><td>3h 20</td><td>marzo</td></tr>
  </tbody>
</table>
<h2>Aeroporti italiani da cui conviene partire</h2>
<div class=""cpv-chip-list""><span class=""cpv-chip"">Leonardo da Vinci-Fiumicino Airport</span><span class=""cpv-chip"">Ciampino-G. B. Pastine International Airport</span><span class=""cpv-chip"">Milano Malpensa Airport</span><span class=""cpv-chip"">Orio al Serio International Airport</span><span class=""cpv-chip"">Milano Linate Airport</span><span class=""cpv-chip"">Naples International Airport</span></div>
<div class=""cpv-landing-grid"">
  <div class=""cpv-landing-card""><strong>City break</strong><p>Se Bangkok e una meta urbana, le partenze del venerdi e del sabato sono spesso le piu monitorate.</p></div>
  <div class=""cpv-landing-card""><strong>Viaggi stagionali</strong><p>In alcuni periodi dell'anno le tariffe possono variare molto, soprattutto vicino ai ponti e alle festivita.</p></div>
  <div class=""cpv-landing-card""><strong>Confronto rapido</strong><p>Valuta aeroporti maggiori e secondari per capire se un piccolo spostamento porta a un risparmio concreto.</p></div>
</div>
<h2>Domande frequenti sui voli per Bangkok</h2>
<div class=""cpv-faq"">
  <details><summary>Qual e il modo migliore per cercare voli per Bangkok?</summary><p>Confronta piu aeroporti italiani, prova date flessibili e verifica anche partenze infrasettimanali per migliorare le possibilita di risparmio.</p></details>
  <details><summary>Meglio volo diretto o con scalo?</summary><p>Per tratte medio-brevi il diretto e spesso la scelta piu comoda, mentre su alcune rotte uno scalo puo ridurre il prezzo finale.</p></details>
  <details><summary>Quando controllare i prezzi per Bangkok?</summary><p>Vale la pena iniziare a monitorare la rotta in anticipo e verificare con regolarita i giorni piu vicini alla partenza ideale.</p></details>
</div>","Voli per citta|Voli intercontinentali",city,BKK,/voli-per/bangkok/,"Voli per Bangkok (BKK): offerte e guide | ConfrontaPrezziVoli","Trova voli per Bangkok dai principali aeroporti italiani. Tariffe indicative da EUR 38 e consigli per scegliere il periodo migliore.","voli per Bangkok",cities,"Mese tipicamente conveniente: agosto"
post,publish,"Voli per Bangor (BGR): offerte, compagnie e periodo migliore per prenotare",voli-per-bangor-bgr,"Confronta voli per Bangor dai principali aeroporti italiani. Scopri prezzi indicativi, compagnie e consigli utili per organizzare la partenza.","<div class=""cpv-landing-note"">
  <p><strong>Perche cercare voli per Bangor qui.</strong> Questa pagina raccoglie un quadro rapido delle partenze italiane piu interessanti per Bangor, con tariffe indicative e consigli per scegliere il periodo piu vantaggioso.</p>
</div>
<div class=""cpv-stat-grid"">
  <div class=""cpv-stat""><strong>EUR 74</strong><span>Prezzo indicativo da monitorare dalle principali aree aeroportuali italiane.</span></div>
  <div class=""cpv-stat""><strong>agosto</strong><span>Periodo spesso interessante per tenere sotto controllo la rotta.</span></div>
  <div class=""cpv-stat""><strong>9</strong><span>Aeroporti italiani prioritari da confrontare per questa destinazione.</span></div>
</div>
<h2>Offerte voli per Bangor</h2>
<p>Per trovare il miglior equilibrio tra prezzo, durata e comfort, conviene verificare piu aeroporti di partenza italiani e confrontare giorni feriali e weekend.</p>
<table>
  <thead>
    <tr><th>Partenza</th><th>Prezzo da</th><th>Durata indicativa</th><th>Mese da monitorare</th></tr>
  </thead>
  <tbody>
    <tr><td>Leonardo da Vinci-Fiumicino Airport (FCO)</td><td>EUR 134</td><td>4h 10</td><td>agosto</td></tr><tr><td>Ciampino-G. B. Pastine International Airport (CIA)</td><td>EUR 46</td><td>9h 30</td><td>aprile</td></tr><tr><td>Milano Malpensa Airport (MXP)</td><td>EUR 29</td><td>8h 40</td><td>novembre</td></tr><tr><td>Orio al Serio International Airport (BGY)</td><td>EUR 79</td><td>11h 00</td><td>gennaio</td></tr><tr><td>Milano Linate Airport (LIN)</td><td>EUR 30</td><td>1h 50</td><td>dicembre</td></tr><tr><td>Naples International Airport (NAP)</td><td>EUR 123</td><td>7h 20</td><td>settembre</td></tr><tr><td>Venice Marco Polo Airport (VCE)</td><td>EUR 147</td><td>3h 20</td><td>settembre</td></tr><tr><td>Catania-Fontanarossa Airport (CTA)</td><td>EUR 109</td><td>3h 00</td><td>luglio</td></tr><tr><td>Guglielmo Marconi Airport (BLQ)</td><td>EUR 185</td><td>1h 40</td><td>novembre</td></tr>
  </tbody>
</table>
<h2>Aeroporti italiani da cui conviene partire</h2>
<div class=""cpv-chip-list""><span class=""cpv-chip"">Leonardo da Vinci-Fiumicino Airport</span><span class=""cpv-chip"">Ciampino-G. B. Pastine International Airport</span><span class=""cpv-chip"">Milano Malpensa Airport</span><span class=""cpv-chip"">Orio al Serio International Airport</span><span class=""cpv-chip"">Milano Linate Airport</span><span class=""cpv-chip"">Naples International Airport</span></div>
<div class=""cpv-landing-grid"">
  <div class=""cpv-landing-card""><strong>City break</strong><p>Se Bangor e una meta urbana, le partenze del venerdi e del sabato sono spesso le piu monitorate.</p></div>
  <div class=""cpv-landing-card""><strong>Viaggi stagionali</strong><p>In alcuni periodi dell'anno le tariffe possono variare molto, soprattutto vicino ai ponti e alle festivita.</p></div>
  <div class=""cpv-landing-card""><strong>Confronto rapido</strong><p>Valuta aeroporti maggiori e secondari per capire se un piccolo spostamento porta a un risparmio concreto.</p></div>
</div>
<h2>Domande frequenti sui voli per Bangor</h2>
<div class=""cpv-faq"">
  <details><summary>Qual e il modo migliore per cercare voli per Bangor?</summary><p>Confronta piu aeroporti italiani, prova date flessibili e verifica anche partenze infrasettimanali per migliorare le possibilita di risparmio.</p></details>
  <details><summary>Meglio volo diretto o con scalo?</summary><p>Per tratte medio-brevi il diretto e spesso la scelta piu comoda, mentre su alcune rotte uno scalo puo ridurre il prezzo finale.</p></details>
  <details><summary>Quando controllare i prezzi per Bangor?</summary><p>Vale la pena iniziare a monitorare la rotta in anticipo e verificare con regolarita i giorni piu vicini alla partenza ideale.</p></details>
</div>","Voli per citta|Voli intercontinentali",city,BGR,/voli-per/bangor/,"Voli per Bangor (BGR): offerte e guide | ConfrontaPrezziVoli","Trova voli per Bangor dai principali aeroporti italiani. Tariffe indicative da EUR 74 e consigli per scegliere il periodo migliore.","voli per Bangor",cities,"Mese tipicamente conveniente: agosto"
post,publish,"Voli per Bangui (BGF): offerte, compagnie e periodo migliore per prenotare",voli-per-bangui-bgf,"Confronta voli per Bangui dai principali aeroporti italiani. Scopri prezzi indicativi, compagnie e consigli utili per organizzare la partenza.","<div class=""cpv-landing-note"">
  <p><strong>Perche cercare voli per Bangui qui.</strong> Questa pagina raccoglie un quadro rapido delle partenze italiane piu interessanti per Bangui, con tariffe indicative e consigli per scegliere il periodo piu vantaggioso.</p>
</div>
<div class=""cpv-stat-grid"">
  <div class=""cpv-stat""><strong>EUR 21</strong><span>Prezzo indicativo da monitorare dalle principali aree aeroportuali italiane.</span></div>
  <div class=""cpv-stat""><strong>marzo</strong><span>Periodo spesso interessante per tenere sotto controllo la rotta.</span></div>
  <div class=""cpv-stat""><strong>9</strong><span>Aeroporti italiani prioritari da confrontare per questa destinazione.</span></div>
</div>
<h2>Offerte voli per Bangui</h2>
<p>Per trovare il miglior equilibrio tra prezzo, durata e comfort, conviene verificare piu aeroporti di partenza italiani e confrontare giorni feriali e weekend.</p>
<table>
  <thead>
    <tr><th>Partenza</th><th>Prezzo da</th><th>Durata indicativa</th><th>Mese da monitorare</th></tr>
  </thead>
  <tbody>
    <tr><td>Leonardo da Vinci-Fiumicino Airport (FCO)</td><td>EUR 137</td><td>8h 40</td><td>novembre</td></tr><tr><td>Ciampino-G. B. Pastine International Airport (CIA)</td><td>EUR 117</td><td>3h 20</td><td>marzo</td></tr><tr><td>Milano Malpensa Airport (MXP)</td><td>EUR 30</td><td>6h 50</td><td>dicembre</td></tr><tr><td>Orio al Serio International Airport (BGY)</td><td>EUR 80</td><td>10h 10</td><td>febbraio</td></tr><tr><td>Milano Linate Airport (LIN)</td><td>EUR 169</td><td>8h 00</td><td>luglio</td></tr><tr><td>Naples International Airport (NAP)</td><td>EUR 40</td><td>10h 30</td><td>ottobre</td></tr><tr><td>Venice Marco Polo Airport (VCE)</td><td>EUR 84</td><td>7h 50</td><td>giugno</td></tr><tr><td>Catania-Fontanarossa Airport (CTA)</td><td>EUR 86</td><td>4h 10</td><td>agosto</td></tr><tr><td>Guglielmo Marconi Airport (BLQ)</td><td>EUR 66</td><td>2h 50</td><td>dicembre</td></tr>
  </tbody>
</table>
<h2>Aeroporti italiani da cui conviene partire</h2>
<div class=""cpv-chip-list""><span class=""cpv-chip"">Leonardo da Vinci-Fiumicino Airport</span><span class=""cpv-chip"">Ciampino-G. B. Pastine International Airport</span><span class=""cpv-chip"">Milano Malpensa Airport</span><span class=""cpv-chip"">Orio al Serio International Airport</span><span class=""cpv-chip"">Milano Linate Airport</span><span class=""cpv-chip"">Naples International Airport</span></div>
<div class=""cpv-landing-grid"">
  <div class=""cpv-landing-card""><strong>City break</strong><p>Se Bangui e una meta urbana, le partenze del venerdi e del sabato sono spesso le piu monitorate.</p></div>
  <div class=""cpv-landing-card""><strong>Viaggi stagionali</strong><p>In alcuni periodi dell'anno le tariffe possono variare molto, soprattutto vicino ai ponti e alle festivita.</p></div>
  <div class=""cpv-landing-card""><strong>Confronto rapido</strong><p>Valuta aeroporti maggiori e secondari per capire se un piccolo spostamento porta a un risparmio concreto.</p></div>
</div>
<h2>Domande frequenti sui voli per Bangui</h2>
<div class=""cpv-faq"">
  <details><summary>Qual e il modo migliore per cercare voli per Bangui?</summary><p>Confronta piu aeroporti italiani, prova date flessibili e verifica anche partenze infrasettimanali per migliorare le possibilita di risparmio.</p></details>
  <details><summary>Meglio volo diretto o con scalo?</summary><p>Per tratte medio-brevi il diretto e spesso la scelta piu comoda, mentre su alcune rotte uno scalo puo ridurre il prezzo finale.</p></details>
  <details><summary>Quando controllare i prezzi per Bangui?</summary><p>Vale la pena iniziare a monitorare la rotta in anticipo e verificare con regolarita i giorni piu vicini alla partenza ideale.</p></details>
</div>","Voli per citta|Voli intercontinentali",city,BGF,/voli-per/bangui/,"Voli per Bangui (BGF): offerte e guide | ConfrontaPrezziVoli","Trova voli per Bangui dai principali aeroporti italiani. Tariffe indicative da EUR 21 e consigli per scegliere il periodo migliore.","voli per Bangui",cities,"Mese tipicamente conveniente: marzo"
post,publish,"Voli per Banja Luka (BNX): offerte, compagnie e periodo migliore per prenotare",voli-per-banja-luka-bnx,"Confronta voli per Banja Luka dai principali aeroporti italiani. Scopri prezzi indicativi, compagnie e consigli utili per organizzare la partenza.","<div class=""cpv-landing-note"">
  <p><strong>Perche cercare voli per Banja Luka qui.</strong> Questa pagina raccoglie un quadro rapido delle partenze italiane piu interessanti per Banja Luka, con tariffe indicative e consigli per scegliere il periodo piu vantaggioso.</p>
</div>
<div class=""cpv-stat-grid"">
  <div class=""cpv-stat""><strong>EUR 95</strong><span>Prezzo indicativo da monitorare dalle principali aree aeroportuali italiane.</span></div>
  <div class=""cpv-stat""><strong>maggio</strong><span>Periodo spesso interessante per tenere sotto controllo la rotta.</span></div>
  <div class=""cpv-stat""><strong>9</strong><span>Aeroporti italiani prioritari da confrontare per questa destinazione.</span></div>
</div>
<h2>Offerte voli per Banja Luka</h2>
<p>Per trovare il miglior equilibrio tra prezzo, durata e comfort, conviene verificare piu aeroporti di partenza italiani e confrontare giorni feriali e weekend.</p>
<table>
  <thead>
    <tr><th>Partenza</th><th>Prezzo da</th><th>Durata indicativa</th><th>Mese da monitorare</th></tr>
  </thead>
  <tbody>
    <tr><td>Leonardo da Vinci-Fiumicino Airport (FCO)</td><td>EUR 123</td><td>2h 20</td><td>settembre</td></tr><tr><td>Ciampino-G. B. Pastine International Airport (CIA)</td><td>EUR 67</td><td>7h 00</td><td>gennaio</td></tr><tr><td>Milano Malpensa Airport (MXP)</td><td>EUR 96</td><td>8h 50</td><td>giugno</td></tr><tr><td>Orio al Serio International Airport (BGY)</td><td>EUR 158</td><td>8h 10</td><td>agosto</td></tr><tr><td>Milano Linate Airport (LIN)</td><td>EUR 87</td><td>3h 20</td><td>settembre</td></tr><tr><td>Naples International Airport (NAP)</td><td>EUR 70</td><td>5h 30</td><td>aprile</td></tr><tr><td>Venice Marco Polo Airport (VCE)</td><td>EUR 170</td><td>9h 10</td><td>agosto</td></tr><tr><td>Catania-Fontanarossa Airport (CTA)</td><td>EUR 36</td><td>11h 50</td><td>giugno</td></tr><tr><td>Guglielmo Marconi Airport (BLQ)</td><td>EUR 88</td><td>4h 30</td><td>ottobre</td></tr>
  </tbody>
</table>
<h2>Aeroporti italiani da cui conviene partire</h2>
<div class=""cpv-chip-list""><span class=""cpv-chip"">Leonardo da Vinci-Fiumicino Airport</span><span class=""cpv-chip"">Ciampino-G. B. Pastine International Airport</span><span class=""cpv-chip"">Milano Malpensa Airport</span><span class=""cpv-chip"">Orio al Serio International Airport</span><span class=""cpv-chip"">Milano Linate Airport</span><span class=""cpv-chip"">Naples International Airport</span></div>
<div class=""cpv-landing-grid"">
  <div class=""cpv-landing-card""><strong>City break</strong><p>Se Banja Luka e una meta urbana, le partenze del venerdi e del sabato sono spesso le piu monitorate.</p></div>
  <div class=""cpv-landing-card""><strong>Viaggi stagionali</strong><p>In alcuni periodi dell'anno le tariffe possono variare molto, soprattutto vicino ai ponti e alle festivita.</p></div>
  <div class=""cpv-landing-card""><strong>Confronto rapido</strong><p>Valuta aeroporti maggiori e secondari per capire se un piccolo spostamento porta a un risparmio concreto.</p></div>
</div>
<h2>Domande frequenti sui voli per Banja Luka</h2>
<div class=""cpv-faq"">
  <details><summary>Qual e il modo migliore per cercare voli per Banja Luka?</summary><p>Confronta piu aeroporti italiani, prova date flessibili e verifica anche partenze infrasettimanali per migliorare le possibilita di risparmio.</p></details>
  <details><summary>Meglio volo diretto o con scalo?</summary><p>Per tratte medio-brevi il diretto e spesso la scelta piu comoda, mentre su alcune rotte uno scalo puo ridurre il prezzo finale.</p></details>
  <details><summary>Quando controllare i prezzi per Banja Luka?</summary><p>Vale la pena iniziare a monitorare la rotta in anticipo e verificare con regolarita i giorni piu vicini alla partenza ideale.</p></details>
</div>","Voli per citta|Voli in Europa",city,BNX,/voli-per/banja-luka/,"Voli per Banja Luka (BNX): offerte e guide | ConfrontaPrezziVoli","Trova voli per Banja Luka dai principali aeroporti italiani. Tariffe indicative da EUR 95 e consigli per scegliere il periodo migliore.","voli per Banja Luka",cities,"Mese tipicamente conveniente: maggio"
post,publish,"Voli per Banjarmasin (BDJ): offerte, compagnie e periodo migliore per prenotare",voli-per-banjarmasin-bdj,"Confronta voli per Banjarmasin dai principali aeroporti italiani. Scopri prezzi indicativi, compagnie e consigli utili per organizzare la partenza.","<div class=""cpv-landing-note"">
  <p><strong>Perche cercare voli per Banjarmasin qui.</strong> Questa pagina raccoglie un quadro rapido delle partenze italiane piu interessanti per Banjarmasin, con tariffe indicative e consigli per scegliere il periodo piu vantaggioso.</p>
</div>
<div class=""cpv-stat-grid"">
  <div class=""cpv-stat""><strong>EUR 29</strong><span>Prezzo indicativo da monitorare dalle principali aree aeroportuali italiane.</span></div>
  <div class=""cpv-stat""><strong>novembre</strong><span>Periodo spesso interessante per tenere sotto controllo la rotta.</span></div>
  <div class=""cpv-stat""><strong>9</strong><span>Aeroporti italiani prioritari da confrontare per questa destinazione.</span></div>
</div>
<h2>Offerte voli per Banjarmasin</h2>
<p>Per trovare il miglior equilibrio tra prezzo, durata e comfort, conviene verificare piu aeroporti di partenza italiani e confrontare giorni feriali e weekend.</p>
<table>
  <thead>
    <tr><th>Partenza</th><th>Prezzo da</th><th>Durata indicativa</th><th>Mese da monitorare</th></tr>
  </thead>
  <tbody>
    <tr><td>Leonardo da Vinci-Fiumicino Airport (FCO)</td><td>EUR 89</td><td>3h 40</td><td>novembre</td></tr><tr><td>Ciampino-G. B. Pastine International Airport (CIA)</td><td>EUR 85</td><td>9h 00</td><td>luglio</td></tr><tr><td>Milano Malpensa Airport (MXP)</td><td>EUR 70</td><td>2h 30</td><td>aprile</td></tr><tr><td>Orio al Serio International Airport (BGY)</td><td>EUR 140</td><td>7h 10</td><td>febbraio</td></tr><tr><td>Milano Linate Airport (LIN)</td><td>EUR 145</td><td>10h 00</td><td>luglio</td></tr><tr><td>Naples International Airport (NAP)</td><td>EUR 44</td><td>3h 10</td><td>febbraio</td></tr><tr><td>Venice Marco Polo Airport (VCE)</td><td>EUR 176</td><td>10h 10</td><td>febbraio</td></tr><tr><td>Catania-Fontanarossa Airport (CTA)</td><td>EUR 54</td><td>7h 50</td><td>dicembre</td></tr><tr><td>Guglielmo Marconi Airport (BLQ)</td><td>EUR 178</td><td>2h 30</td><td>aprile</td></tr>
  </tbody>
</table>
<h2>Aeroporti italiani da cui conviene partire</h2>
<div class=""cpv-chip-list""><span class=""cpv-chip"">Leonardo da Vinci-Fiumicino Airport</span><span class=""cpv-chip"">Ciampino-G. B. Pastine International Airport</span><span class=""cpv-chip"">Milano Malpensa Airport</span><span class=""cpv-chip"">Orio al Serio International Airport</span><span class=""cpv-chip"">Milano Linate Airport</span><span class=""cpv-chip"">Naples International Airport</span></div>
<div class=""cpv-landing-grid"">
  <div class=""cpv-landing-card""><strong>City break</strong><p>Se Banjarmasin e una meta urbana, le partenze del venerdi e del sabato sono spesso le piu monitorate.</p></div>
  <div class=""cpv-landing-card""><strong>Viaggi stagionali</strong><p>In alcuni periodi dell'anno le tariffe possono variare molto, soprattutto vicino ai ponti e alle festivita.</p></div>
  <div class=""cpv-landing-card""><strong>Confronto rapido</strong><p>Valuta aeroporti maggiori e secondari per capire se un piccolo spostamento porta a un risparmio concreto.</p></div>
</div>
<h2>Domande frequenti sui voli per Banjarmasin</h2>
<div class=""cpv-faq"">
  <details><summary>Qual e il modo migliore per cercare voli per Banjarmasin?</summary><p>Confronta piu aeroporti italiani, prova date flessibili e verifica anche partenze infrasettimanali per migliorare le possibilita di risparmio.</p></details>
  <details><summary>Meglio volo diretto o con scalo?</summary><p>Per tratte medio-brevi il diretto e spesso la scelta piu comoda, mentre su alcune rotte uno scalo puo ridurre il prezzo finale.</p></details>
  <details><summary>Quando controllare i prezzi per Banjarmasin?</summary><p>Vale la pena iniziare a monitorare la rotta in anticipo e verificare con regolarita i giorni piu vicini alla partenza ideale.</p></details>
</div>","Voli per citta|Voli intercontinentali",city,BDJ,/voli-per/banjarmasin/,"Voli per Banjarmasin (BDJ): offerte e guide | ConfrontaPrezziVoli","Trova voli per Banjarmasin dai principali aeroporti italiani. Tariffe indicative da EUR 29 e consigli per scegliere il periodo migliore.","voli per Banjarmasin",cities,"Mese tipicamente conveniente: novembre"
post,publish,"Voli per Banjul (BJL): offerte, compagnie e periodo migliore per prenotare",voli-per-banjul-bjl,"Confronta voli per Banjul dai principali aeroporti italiani. Scopri prezzi indicativi, compagnie e consigli utili per organizzare la partenza.","<div class=""cpv-landing-note"">
  <p><strong>Perche cercare voli per Banjul qui.</strong> Questa pagina raccoglie un quadro rapido delle partenze italiane piu interessanti per Banjul, con tariffe indicative e consigli per scegliere il periodo piu vantaggioso.</p>
</div>
<div class=""cpv-stat-grid"">
  <div class=""cpv-stat""><strong>EUR 96</strong><span>Prezzo indicativo da monitorare dalle principali aree aeroportuali italiane.</span></div>
  <div class=""cpv-stat""><strong>giugno</strong><span>Periodo spesso interessante per tenere sotto controllo la rotta.</span></div>
  <div class=""cpv-stat""><strong>9</strong><span>Aeroporti italiani prioritari da confrontare per questa destinazione.</span></div>
</div>
<h2>Offerte voli per Banjul</h2>
<p>Per trovare il miglior equilibrio tra prezzo, durata e comfort, conviene verificare piu aeroporti di partenza italiani e confrontare giorni feriali e weekend.</p>
<table>
  <thead>
    <tr><th>Partenza</th><th>Prezzo da</th><th>Durata indicativa</th><th>Mese da monitorare</th></tr>
  </thead>
  <tbody>
    <tr><td>Leonardo da Vinci-Fiumicino Airport (FCO)</td><td>EUR 36</td><td>8h 50</td><td>giugno</td></tr><tr><td>Ciampino-G. B. Pastine International Airport (CIA)</td><td>EUR 160</td><td>4h 30</td><td>ottobre</td></tr><tr><td>Milano Malpensa Airport (MXP)</td><td>EUR 195</td><td>10h 20</td><td>settembre</td></tr><tr><td>Orio al Serio International Airport (BGY)</td><td>EUR 149</td><td>9h 40</td><td>novembre</td></tr><tr><td>Milano Linate Airport (LIN)</td><td>EUR 44</td><td>9h 10</td><td>febbraio</td></tr><tr><td>Naples International Airport (NAP)</td><td>EUR 21</td><td>10h 20</td><td>marzo</td></tr><tr><td>Venice Marco Polo Airport (VCE)</td><td>EUR 133</td><td>7h 00</td><td>luglio</td></tr><tr><td>Catania-Fontanarossa Airport (CTA)</td><td>EUR 131</td><td>6h 40</td><td>maggio</td></tr><tr><td>Guglielmo Marconi Airport (BLQ)</td><td>EUR 135</td><td>6h 20</td><td>settembre</td></tr>
  </tbody>
</table>
<h2>Aeroporti italiani da cui conviene partire</h2>
<div class=""cpv-chip-list""><span class=""cpv-chip"">Leonardo da Vinci-Fiumicino Airport</span><span class=""cpv-chip"">Ciampino-G. B. Pastine International Airport</span><span class=""cpv-chip"">Milano Malpensa Airport</span><span class=""cpv-chip"">Orio al Serio International Airport</span><span class=""cpv-chip"">Milano Linate Airport</span><span class=""cpv-chip"">Naples International Airport</span></div>
<div class=""cpv-landing-grid"">
  <div class=""cpv-landing-card""><strong>City break</strong><p>Se Banjul e una meta urbana, le partenze del venerdi e del sabato sono spesso le piu monitorate.</p></div>
  <div class=""cpv-landing-card""><strong>Viaggi stagionali</strong><p>In alcuni periodi dell'anno le tariffe possono variare molto, soprattutto vicino ai ponti e alle festivita.</p></div>
  <div class=""cpv-landing-card""><strong>Confronto rapido</strong><p>Valuta aeroporti maggiori e secondari per capire se un piccolo spostamento porta a un risparmio concreto.</p></div>
</div>
<h2>Domande frequenti sui voli per Banjul</h2>
<div class=""cpv-faq"">
  <details><summary>Qual e il modo migliore per cercare voli per Banjul?</summary><p>Confronta piu aeroporti italiani, prova date flessibili e verifica anche partenze infrasettimanali per migliorare le possibilita di risparmio.</p></details>
  <details><summary>Meglio volo diretto o con scalo?</summary><p>Per tratte medio-brevi il diretto e spesso la scelta piu comoda, mentre su alcune rotte uno scalo puo ridurre il prezzo finale.</p></details>
  <details><summary>Quando controllare i prezzi per Banjul?</summary><p>Vale la pena iniziare a monitorare la rotta in anticipo e verificare con regolarita i giorni piu vicini alla partenza ideale.</p></details>
</div>","Voli per citta|Voli intercontinentali",city,BJL,/voli-per/banjul/,"Voli per Banjul (BJL): offerte e guide | ConfrontaPrezziVoli","Trova voli per Banjul dai principali aeroporti italiani. Tariffe indicative da EUR 96 e consigli per scegliere il periodo migliore.","voli per Banjul",cities,"Mese tipicamente conveniente: giugno"
post,publish,"Voli per Banmethuot (BMV): offerte, compagnie e periodo migliore per prenotare",voli-per-banmethuot-bmv,"Confronta voli per Banmethuot dai principali aeroporti italiani. Scopri prezzi indicativi, compagnie e consigli utili per organizzare la partenza.","<div class=""cpv-landing-note"">
  <p><strong>Perche cercare voli per Banmethuot qui.</strong> Questa pagina raccoglie un quadro rapido delle partenze italiane piu interessanti per Banmethuot, con tariffe indicative e consigli per scegliere il periodo piu vantaggioso.</p>
</div>
<div class=""cpv-stat-grid"">
  <div class=""cpv-stat""><strong>EUR 67</strong><span>Prezzo indicativo da monitorare dalle principali aree aeroportuali italiane.</span></div>
  <div class=""cpv-stat""><strong>gennaio</strong><span>Periodo spesso interessante per tenere sotto controllo la rotta.</span></div>
  <div class=""cpv-stat""><strong>9</strong><span>Aeroporti italiani prioritari da confrontare per questa destinazione.</span></div>
</div>
<h2>Offerte voli per Banmethuot</h2>
<p>Per trovare il miglior equilibrio tra prezzo, durata e comfort, conviene verificare piu aeroporti di partenza italiani e confrontare giorni feriali e weekend.</p>
<table>
  <thead>
    <tr><th>Partenza</th><th>Prezzo da</th><th>Durata indicativa</th><th>Mese da monitorare</th></tr>
  </thead>
  <tbody>
    <tr><td>Leonardo da Vinci-Fiumicino Airport (FCO)</td><td>EUR 95</td><td>8h 40</td><td>maggio</td></tr><tr><td>Ciampino-G. B. Pastine International Airport (CIA)</td><td>EUR 135</td><td>11h 20</td><td>settembre</td></tr><tr><td>Milano Malpensa Airport (MXP)</td><td>EUR 172</td><td>5h 30</td><td>ottobre</td></tr><tr><td>Orio al Serio International Airport (BGY)</td><td>EUR 154</td><td>5h 30</td><td>aprile</td></tr><tr><td>Milano Linate Airport (LIN)</td><td>EUR 131</td><td>9h 40</td><td>maggio</td></tr><tr><td>Naples International Airport (NAP)</td><td>EUR 190</td><td>2h 30</td><td>aprile</td></tr><tr><td>Venice Marco Polo Airport (VCE)</td><td>EUR 166</td><td>11h 30</td><td>aprile</td></tr><tr><td>Catania-Fontanarossa Airport (CTA)</td><td>EUR 156</td><td>10h 50</td><td>giugno</td></tr><tr><td>Guglielmo Marconi Airport (BLQ)</td><td>EUR 144</td><td>9h 50</td><td>giugno</td></tr>
  </tbody>
</table>
<h2>Aeroporti italiani da cui conviene partire</h2>
<div class=""cpv-chip-list""><span class=""cpv-chip"">Leonardo da Vinci-Fiumicino Airport</span><span class=""cpv-chip"">Ciampino-G. B. Pastine International Airport</span><span class=""cpv-chip"">Milano Malpensa Airport</span><span class=""cpv-chip"">Orio al Serio International Airport</span><span class=""cpv-chip"">Milano Linate Airport</span><span class=""cpv-chip"">Naples International Airport</span></div>
<div class=""cpv-landing-grid"">
  <div class=""cpv-landing-card""><strong>City break</strong><p>Se Banmethuot e una meta urbana, le partenze del venerdi e del sabato sono spesso le piu monitorate.</p></div>
  <div class=""cpv-landing-card""><strong>Viaggi stagionali</strong><p>In alcuni periodi dell'anno le tariffe possono variare molto, soprattutto vicino ai ponti e alle festivita.</p></div>
  <div class=""cpv-landing-card""><strong>Confronto rapido</strong><p>Valuta aeroporti maggiori e secondari per capire se un piccolo spostamento porta a un risparmio concreto.</p></div>
</div>
<h2>Domande frequenti sui voli per Banmethuot</h2>
<div class=""cpv-faq"">
  <details><summary>Qual e il modo migliore per cercare voli per Banmethuot?</summary><p>Confronta piu aeroporti italiani, prova date flessibili e verifica anche partenze infrasettimanali per migliorare le possibilita di risparmio.</p></details>
  <details><summary>Meglio volo diretto o con scalo?</summary><p>Per tratte medio-brevi il diretto e spesso la scelta piu comoda, mentre su alcune rotte uno scalo puo ridurre il prezzo finale.</p></details>
  <details><summary>Quando controllare i prezzi per Banmethuot?</summary><p>Vale la pena iniziare a monitorare la rotta in anticipo e verificare con regolarita i giorni piu vicini alla partenza ideale.</p></details>
</div>","Voli per citta|Voli intercontinentali",city,BMV,/voli-per/banmethuot/,"Voli per Banmethuot (BMV): offerte e guide | ConfrontaPrezziVoli","Trova voli per Banmethuot dai principali aeroporti italiani. Tariffe indicative da EUR 67 e consigli per scegliere il periodo migliore.","voli per Banmethuot",cities,"Mese tipicamente conveniente: gennaio"
post,publish,"Voli per Banyuwangi (BWX): offerte, compagnie e periodo migliore per prenotare",voli-per-banyuwangi-bwx,"Confronta voli per Banyuwangi dai principali aeroporti italiani. Scopri prezzi indicativi, compagnie e consigli utili per organizzare la partenza.","<div class=""cpv-landing-note"">
  <p><strong>Perche cercare voli per Banyuwangi qui.</strong> Questa pagina raccoglie un quadro rapido delle partenze italiane piu interessanti per Banyuwangi, con tariffe indicative e consigli per scegliere il periodo piu vantaggioso.</p>
</div>
<div class=""cpv-stat-grid"">
  <div class=""cpv-stat""><strong>EUR 55</strong><span>Prezzo indicativo da monitorare dalle principali aree aeroportuali italiane.</span></div>
  <div class=""cpv-stat""><strong>gennaio</strong><span>Periodo spesso interessante per tenere sotto controllo la rotta.</span></div>
  <div class=""cpv-stat""><strong>9</strong><span>Aeroporti italiani prioritari da confrontare per questa destinazione.</span></div>
</div>
<h2>Offerte voli per Banyuwangi</h2>
<p>Per trovare il miglior equilibrio tra prezzo, durata e comfort, conviene verificare piu aeroporti di partenza italiani e confrontare giorni feriali e weekend.</p>
<table>
  <thead>
    <tr><th>Partenza</th><th>Prezzo da</th><th>Durata indicativa</th><th>Mese da monitorare</th></tr>
  </thead>
  <tbody>
    <tr><td>Leonardo da Vinci-Fiumicino Airport (FCO)</td><td>EUR 103</td><td>1h 00</td><td>gennaio</td></tr><tr><td>Ciampino-G. B. Pastine International Airport (CIA)</td><td>EUR 75</td><td>2h 20</td><td>settembre</td></tr><tr><td>Milano Malpensa Airport (MXP)</td><td>EUR 88</td><td>10h 30</td><td>ottobre</td></tr><tr><td>Orio al Serio International Airport (BGY)</td><td>EUR 62</td><td>3h 10</td><td>agosto</td></tr><tr><td>Milano Linate Airport (LIN)</td><td>EUR 31</td><td>11h 00</td><td>gennaio</td></tr><tr><td>Naples International Airport (NAP)</td><td>EUR 174</td><td>9h 50</td><td>dicembre</td></tr><tr><td>Venice Marco Polo Airport (VCE)</td><td>EUR 78</td><td>3h 50</td><td>dicembre</td></tr><tr><td>Catania-Fontanarossa Airport (CTA)</td><td>EUR 44</td><td>6h 10</td><td>febbraio</td></tr><tr><td>Guglielmo Marconi Airport (BLQ)</td><td>EUR 64</td><td>10h 30</td><td>ottobre</td></tr>
  </tbody>
</table>
<h2>Aeroporti italiani da cui conviene partire</h2>
<div class=""cpv-chip-list""><span class=""cpv-chip"">Leonardo da Vinci-Fiumicino Airport</span><span class=""cpv-chip"">Ciampino-G. B. Pastine International Airport</span><span class=""cpv-chip"">Milano Malpensa Airport</span><span class=""cpv-chip"">Orio al Serio International Airport</span><span class=""cpv-chip"">Milano Linate Airport</span><span class=""cpv-chip"">Naples International Airport</span></div>
<div class=""cpv-landing-grid"">
  <div class=""cpv-landing-card""><strong>City break</strong><p>Se Banyuwangi e una meta urbana, le partenze del venerdi e del sabato sono spesso le piu monitorate.</p></div>
  <div class=""cpv-landing-card""><strong>Viaggi stagionali</strong><p>In alcuni periodi dell'anno le tariffe possono variare molto, soprattutto vicino ai ponti e alle festivita.</p></div>
  <div class=""cpv-landing-card""><strong>Confronto rapido</strong><p>Valuta aeroporti maggiori e secondari per capire se un piccolo spostamento porta a un risparmio concreto.</p></div>
</div>
<h2>Domande frequenti sui voli per Banyuwangi</h2>
<div class=""cpv-faq"">
  <details><summary>Qual e il modo migliore per cercare voli per Banyuwangi?</summary><p>Confronta piu aeroporti italiani, prova date flessibili e verifica anche partenze infrasettimanali per migliorare le possibilita di risparmio.</p></details>
  <details><summary>Meglio volo diretto o con scalo?</summary><p>Per tratte medio-brevi il diretto e spesso la scelta piu comoda, mentre su alcune rotte uno scalo puo ridurre il prezzo finale.</p></details>
  <details><summary>Quando controllare i prezzi per Banyuwangi?</summary><p>Vale la pena iniziare a monitorare la rotta in anticipo e verificare con regolarita i giorni piu vicini alla partenza ideale.</p></details>
</div>","Voli per citta|Voli intercontinentali",city,BWX,/voli-per/banyuwangi/,"Voli per Banyuwangi (BWX): offerte e guide | ConfrontaPrezziVoli","Trova voli per Banyuwangi dai principali aeroporti italiani. Tariffe indicative da EUR 55 e consigli per scegliere il periodo migliore.","voli per Banyuwangi",cities,"Mese tipicamente conveniente: gennaio"
post,publish,"Voli per Baoshan (BSD): offerte, compagnie e periodo migliore per prenotare",voli-per-baoshan-bsd,"Confronta voli per Baoshan dai principali aeroporti italiani. Scopri prezzi indicativi, compagnie e consigli utili per organizzare la partenza.","<div class=""cpv-landing-note"">
  <p><strong>Perche cercare voli per Baoshan qui.</strong> Questa pagina raccoglie un quadro rapido delle partenze italiane piu interessanti per Baoshan, con tariffe indicative e consigli per scegliere il periodo piu vantaggioso.</p>
</div>
<div class=""cpv-stat-grid"">
  <div class=""cpv-stat""><strong>EUR 38</strong><span>Prezzo indicativo da monitorare dalle principali aree aeroportuali italiane.</span></div>
  <div class=""cpv-stat""><strong>agosto</strong><span>Periodo spesso interessante per tenere sotto controllo la rotta.</span></div>
  <div class=""cpv-stat""><strong>9</strong><span>Aeroporti italiani prioritari da confrontare per questa destinazione.</span></div>
</div>
<h2>Offerte voli per Baoshan</h2>
<p>Per trovare il miglior equilibrio tra prezzo, durata e comfort, conviene verificare piu aeroporti di partenza italiani e confrontare giorni feriali e weekend.</p>
<table>
  <thead>
    <tr><th>Partenza</th><th>Prezzo da</th><th>Durata indicativa</th><th>Mese da monitorare</th></tr>
  </thead>
  <tbody>
    <tr><td>Leonardo da Vinci-Fiumicino Airport (FCO)</td><td>EUR 122</td><td>8h 10</td><td>agosto</td></tr><tr><td>Ciampino-G. B. Pastine International Airport (CIA)</td><td>EUR 186</td><td>5h 50</td><td>dicembre</td></tr><tr><td>Milano Malpensa Airport (MXP)</td><td>EUR 69</td><td>11h 20</td><td>marzo</td></tr><tr><td>Orio al Serio International Airport (BGY)</td><td>EUR 39</td><td>7h 20</td><td>settembre</td></tr><tr><td>Milano Linate Airport (LIN)</td><td>EUR 114</td><td>9h 50</td><td>dicembre</td></tr><tr><td>Naples International Airport (NAP)</td><td>EUR 167</td><td>9h 40</td><td>maggio</td></tr><tr><td>Venice Marco Polo Airport (VCE)</td><td>EUR 171</td><td>8h 20</td><td>settembre</td></tr><tr><td>Catania-Fontanarossa Airport (CTA)</td><td>EUR 41</td><td>1h 40</td><td>novembre</td></tr><tr><td>Guglielmo Marconi Airport (BLQ)</td><td>EUR 169</td><td>7h 00</td><td>luglio</td></tr>
  </tbody>
</table>
<h2>Aeroporti italiani da cui conviene partire</h2>
<div class=""cpv-chip-list""><span class=""cpv-chip"">Leonardo da Vinci-Fiumicino Airport</span><span class=""cpv-chip"">Ciampino-G. B. Pastine International Airport</span><span class=""cpv-chip"">Milano Malpensa Airport</span><span class=""cpv-chip"">Orio al Serio International Airport</span><span class=""cpv-chip"">Milano Linate Airport</span><span class=""cpv-chip"">Naples International Airport</span></div>
<div class=""cpv-landing-grid"">
  <div class=""cpv-landing-card""><strong>City break</strong><p>Se Baoshan e una meta urbana, le partenze del venerdi e del sabato sono spesso le piu monitorate.</p></div>
  <div class=""cpv-landing-card""><strong>Viaggi stagionali</strong><p>In alcuni periodi dell'anno le tariffe possono variare molto, soprattutto vicino ai ponti e alle festivita.</p></div>
  <div class=""cpv-landing-card""><strong>Confronto rapido</strong><p>Valuta aeroporti maggiori e secondari per capire se un piccolo spostamento porta a un risparmio concreto.</p></div>
</div>
<h2>Domande frequenti sui voli per Baoshan</h2>
<div class=""cpv-faq"">
  <details><summary>Qual e il modo migliore per cercare voli per Baoshan?</summary><p>Confronta piu aeroporti italiani, prova date flessibili e verifica anche partenze infrasettimanali per migliorare le possibilita di risparmio.</p></details>
  <details><summary>Meglio volo diretto o con scalo?</summary><p>Per tratte medio-brevi il diretto e spesso la scelta piu comoda, mentre su alcune rotte uno scalo puo ridurre il prezzo finale.</p></details>
  <details><summary>Quando controllare i prezzi per Baoshan?</summary><p>Vale la pena iniziare a monitorare la rotta in anticipo e verificare con regolarita i giorni piu vicini alla partenza ideale.</p></details>
</div>","Voli per citta|Voli intercontinentali",city,BSD,/voli-per/baoshan/,"Voli per Baoshan (BSD): offerte e guide | ConfrontaPrezziVoli","Trova voli per Baoshan dai principali aeroporti italiani. Tariffe indicative da EUR 38 e consigli per scegliere il periodo migliore.","voli per Baoshan",cities,"Mese tipicamente conveniente: agosto"
post,publish,"Voli per Baotou (BAV): offerte, compagnie e periodo migliore per prenotare",voli-per-baotou-bav,"Confronta voli per Baotou dai principali aeroporti italiani. Scopri prezzi indicativi, compagnie e consigli utili per organizzare la partenza.","<div class=""cpv-landing-note"">
  <p><strong>Perche cercare voli per Baotou qui.</strong> Questa pagina raccoglie un quadro rapido delle partenze italiane piu interessanti per Baotou, con tariffe indicative e consigli per scegliere il periodo piu vantaggioso.</p>
</div>
<div class=""cpv-stat-grid"">
  <div class=""cpv-stat""><strong>EUR 43</strong><span>Prezzo indicativo da monitorare dalle principali aree aeroportuali italiane.</span></div>
  <div class=""cpv-stat""><strong>gennaio</strong><span>Periodo spesso interessante per tenere sotto controllo la rotta.</span></div>
  <div class=""cpv-stat""><strong>9</strong><span>Aeroporti italiani prioritari da confrontare per questa destinazione.</span></div>
</div>
<h2>Offerte voli per Baotou</h2>
<p>Per trovare il miglior equilibrio tra prezzo, durata e comfort, conviene verificare piu aeroporti di partenza italiani e confrontare giorni feriali e weekend.</p>
<table>
  <thead>
    <tr><th>Partenza</th><th>Prezzo da</th><th>Durata indicativa</th><th>Mese da monitorare</th></tr>
  </thead>
  <tbody>
    <tr><td>Leonardo da Vinci-Fiumicino Airport (FCO)</td><td>EUR 195</td><td>2h 20</td><td>settembre</td></tr><tr><td>Ciampino-G. B. Pastine International Airport (CIA)</td><td>EUR 171</td><td>6h 20</td><td>settembre</td></tr><tr><td>Milano Malpensa Airport (MXP)</td><td>EUR 168</td><td>6h 50</td><td>giugno</td></tr><tr><td>Orio al Serio International Airport (BGY)</td><td>EUR 106</td><td>4h 30</td><td>aprile</td></tr><tr><td>Milano Linate Airport (LIN)</td><td>EUR 39</td><td>10h 20</td><td>settembre</td></tr><tr><td>Naples International Airport (NAP)</td><td>EUR 150</td><td>11h 50</td><td>dicembre</td></tr><tr><td>Venice Marco Polo Airport (VCE)</td><td>EUR 38</td><td>5h 10</td><td>agosto</td></tr><tr><td>Catania-Fontanarossa Airport (CTA)</td><td>EUR 196</td><td>6h 30</td><td>ottobre</td></tr><tr><td>Guglielmo Marconi Airport (BLQ)</td><td>EUR 144</td><td>5h 50</td><td>giugno</td></tr>
  </tbody>
</table>
<h2>Aeroporti italiani da cui conviene partire</h2>
<div class=""cpv-chip-list""><span class=""cpv-chip"">Leonardo da Vinci-Fiumicino Airport</span><span class=""cpv-chip"">Ciampino-G. B. Pastine International Airport</span><span class=""cpv-chip"">Milano Malpensa Airport</span><span class=""cpv-chip"">Orio al Serio International Airport</span><span class=""cpv-chip"">Milano Linate Airport</span><span class=""cpv-chip"">Naples International Airport</span></div>
<div class=""cpv-landing-grid"">
  <div class=""cpv-landing-card""><strong>City break</strong><p>Se Baotou e una meta urbana, le partenze del venerdi e del sabato sono spesso le piu monitorate.</p></div>
  <div class=""cpv-landing-card""><strong>Viaggi stagionali</strong><p>In alcuni periodi dell'anno le tariffe possono variare molto, soprattutto vicino ai ponti e alle festivita.</p></div>
  <div class=""cpv-landing-card""><strong>Confronto rapido</strong><p>Valuta aeroporti maggiori e secondari per capire se un piccolo spostamento porta a un risparmio concreto.</p></div>
</div>
<h2>Domande frequenti sui voli per Baotou</h2>
<div class=""cpv-faq"">
  <details><summary>Qual e il modo migliore per cercare voli per Baotou?</summary><p>Confronta piu aeroporti italiani, prova date flessibili e verifica anche partenze infrasettimanali per migliorare le possibilita di risparmio.</p></details>
  <details><summary>Meglio volo diretto o con scalo?</summary><p>Per tratte medio-brevi il diretto e spesso la scelta piu comoda, mentre su alcune rotte uno scalo puo ridurre il prezzo finale.</p></details>
  <details><summary>Quando controllare i prezzi per Baotou?</summary><p>Vale la pena iniziare a monitorare la rotta in anticipo e verificare con regolarita i giorni piu vicini alla partenza ideale.</p></details>
</div>","Voli per citta|Voli intercontinentali",city,BAV,/voli-per/baotou/,"Voli per Baotou (BAV): offerte e guide | ConfrontaPrezziVoli","Trova voli per Baotou dai principali aeroporti italiani. Tariffe indicative da EUR 43 e consigli per scegliere il periodo migliore.","voli per Baotou",cities,"Mese tipicamente conveniente: gennaio"
post,publish,"Voli per Bar Harbor (BHB): offerte, compagnie e periodo migliore per prenotare",voli-per-bar-harbor-bhb,"Confronta voli per Bar Harbor dai principali aeroporti italiani. Scopri prezzi indicativi, compagnie e consigli utili per organizzare la partenza.","<div class=""cpv-landing-note"">
  <p><strong>Perche cercare voli per Bar Harbor qui.</strong> Questa pagina raccoglie un quadro rapido delle partenze italiane piu interessanti per Bar Harbor, con tariffe indicative e consigli per scegliere il periodo piu vantaggioso.</p>
</div>
<div class=""cpv-stat-grid"">
  <div class=""cpv-stat""><strong>EUR 119</strong><span>Prezzo indicativo da monitorare dalle principali aree aeroportuali italiane.</span></div>
  <div class=""cpv-stat""><strong>maggio</strong><span>Periodo spesso interessante per tenere sotto controllo la rotta.</span></div>
  <div class=""cpv-stat""><strong>9</strong><span>Aeroporti italiani prioritari da confrontare per questa destinazione.</span></div>
</div>
<h2>Offerte voli per Bar Harbor</h2>
<p>Per trovare il miglior equilibrio tra prezzo, durata e comfort, conviene verificare piu aeroporti di partenza italiani e confrontare giorni feriali e weekend.</p>
<table>
  <thead>
    <tr><th>Partenza</th><th>Prezzo da</th><th>Durata indicativa</th><th>Mese da monitorare</th></tr>
  </thead>
  <tbody>
    <tr><td>Leonardo da Vinci-Fiumicino Airport (FCO)</td><td>EUR 51</td><td>9h 20</td><td>settembre</td></tr><tr><td>Ciampino-G. B. Pastine International Airport (CIA)</td><td>EUR 139</td><td>4h 00</td><td>gennaio</td></tr><tr><td>Milano Malpensa Airport (MXP)</td><td>EUR 88</td><td>9h 30</td><td>ottobre</td></tr><tr><td>Orio al Serio International Airport (BGY)</td><td>EUR 154</td><td>9h 30</td><td>aprile</td></tr><tr><td>Milano Linate Airport (LIN)</td><td>EUR 195</td><td>7h 20</td><td>settembre</td></tr><tr><td>Naples International Airport (NAP)</td><td>EUR 146</td><td>6h 10</td><td>agosto</td></tr><tr><td>Venice Marco Polo Airport (VCE)</td><td>EUR 118</td><td>3h 30</td><td>aprile</td></tr><tr><td>Catania-Fontanarossa Airport (CTA)</td><td>EUR 72</td><td>7h 50</td><td>giugno</td></tr><tr><td>Guglielmo Marconi Airport (BLQ)</td><td>EUR 84</td><td>6h 50</td><td>giugno</td></tr>
  </tbody>
</table>
<h2>Aeroporti italiani da cui conviene partire</h2>
<div class=""cpv-chip-list""><span class=""cpv-chip"">Leonardo da Vinci-Fiumicino Airport</span><span class=""cpv-chip"">Ciampino-G. B. Pastine International Airport</span><span class=""cpv-chip"">Milano Malpensa Airport</span><span class=""cpv-chip"">Orio al Serio International Airport</span><span class=""cpv-chip"">Milano Linate Airport</span><span class=""cpv-chip"">Naples International Airport</span></div>
<div class=""cpv-landing-grid"">
  <div class=""cpv-landing-card""><strong>City break</strong><p>Se Bar Harbor e una meta urbana, le partenze del venerdi e del sabato sono spesso le piu monitorate.</p></div>
  <div class=""cpv-landing-card""><strong>Viaggi stagionali</strong><p>In alcuni periodi dell'anno le tariffe possono variare molto, soprattutto vicino ai ponti e alle festivita.</p></div>
  <div class=""cpv-landing-card""><strong>Confronto rapido</strong><p>Valuta aeroporti maggiori e secondari per capire se un piccolo spostamento porta a un risparmio concreto.</p></div>
</div>
<h2>Domande frequenti sui voli per Bar Harbor</h2>
<div class=""cpv-faq"">
  <details><summary>Qual e il modo migliore per cercare voli per Bar Harbor?</summary><p>Confronta piu aeroporti italiani, prova date flessibili e verifica anche partenze infrasettimanali per migliorare le possibilita di risparmio.</p></details>
  <details><summary>Meglio volo diretto o con scalo?</summary><p>Per tratte medio-brevi il diretto e spesso la scelta piu comoda, mentre su alcune rotte uno scalo puo ridurre il prezzo finale.</p></details>
  <details><summary>Quando controllare i prezzi per Bar Harbor?</summary><p>Vale la pena iniziare a monitorare la rotta in anticipo e verificare con regolarita i giorni piu vicini alla partenza ideale.</p></details>
</div>","Voli per citta|Voli intercontinentali",city,BHB,/voli-per/bar-harbor/,"Voli per Bar Harbor (BHB): offerte e guide | ConfrontaPrezziVoli","Trova voli per Bar Harbor dai principali aeroporti italiani. Tariffe indicative da EUR 119 e consigli per scegliere il periodo migliore.","voli per Bar Harbor",cities,"Mese tipicamente conveniente: maggio"
post,publish,"Voli per Barcaldine (BCI): offerte, compagnie e periodo migliore per prenotare",voli-per-barcaldine-bci,"Confronta voli per Barcaldine dai principali aeroporti italiani. Scopri prezzi indicativi, compagnie e consigli utili per organizzare la partenza.","<div class=""cpv-landing-note"">
  <p><strong>Perche cercare voli per Barcaldine qui.</strong> Questa pagina raccoglie un quadro rapido delle partenze italiane piu interessanti per Barcaldine, con tariffe indicative e consigli per scegliere il periodo piu vantaggioso.</p>
</div>
<div class=""cpv-stat-grid"">
  <div class=""cpv-stat""><strong>EUR 166</strong><span>Prezzo indicativo da monitorare dalle principali aree aeroportuali italiane.</span></div>
  <div class=""cpv-stat""><strong>aprile</strong><span>Periodo spesso interessante per tenere sotto controllo la rotta.</span></div>
  <div class=""cpv-stat""><strong>9</strong><span>Aeroporti italiani prioritari da confrontare per questa destinazione.</span></div>
</div>
<h2>Offerte voli per Barcaldine</h2>
<p>Per trovare il miglior equilibrio tra prezzo, durata e comfort, conviene verificare piu aeroporti di partenza italiani e confrontare giorni feriali e weekend.</p>
<table>
  <thead>
    <tr><th>Partenza</th><th>Prezzo da</th><th>Durata indicativa</th><th>Mese da monitorare</th></tr>
  </thead>
  <tbody>
    <tr><td>Leonardo da Vinci-Fiumicino Airport (FCO)</td><td>EUR 158</td><td>9h 10</td><td>agosto</td></tr><tr><td>Ciampino-G. B. Pastine International Airport (CIA)</td><td>EUR 190</td><td>1h 30</td><td>aprile</td></tr><tr><td>Milano Malpensa Airport (MXP)</td><td>EUR 21</td><td>4h 20</td><td>marzo</td></tr><tr><td>Orio al Serio International Airport (BGY)</td><td>EUR 135</td><td>4h 20</td><td>settembre</td></tr><tr><td>Milano Linate Airport (LIN)</td><td>EUR 90</td><td>3h 50</td><td>dicembre</td></tr><tr><td>Naples International Airport (NAP)</td><td>EUR 159</td><td>9h 20</td><td>settembre</td></tr><tr><td>Venice Marco Polo Airport (VCE)</td><td>EUR 171</td><td>11h 20</td><td>settembre</td></tr><tr><td>Catania-Fontanarossa Airport (CTA)</td><td>EUR 145</td><td>6h 00</td><td>luglio</td></tr><tr><td>Guglielmo Marconi Airport (BLQ)</td><td>EUR 29</td><td>7h 40</td><td>novembre</td></tr>
  </tbody>
</table>
<h2>Aeroporti italiani da cui conviene partire</h2>
<div class=""cpv-chip-list""><span class=""cpv-chip"">Leonardo da Vinci-Fiumicino Airport</span><span class=""cpv-chip"">Ciampino-G. B. Pastine International Airport</span><span class=""cpv-chip"">Milano Malpensa Airport</span><span class=""cpv-chip"">Orio al Serio International Airport</span><span class=""cpv-chip"">Milano Linate Airport</span><span class=""cpv-chip"">Naples International Airport</span></div>
<div class=""cpv-landing-grid"">
  <div class=""cpv-landing-card""><strong>City break</strong><p>Se Barcaldine e una meta urbana, le partenze del venerdi e del sabato sono spesso le piu monitorate.</p></div>
  <div class=""cpv-landing-card""><strong>Viaggi stagionali</strong><p>In alcuni periodi dell'anno le tariffe possono variare molto, soprattutto vicino ai ponti e alle festivita.</p></div>
  <div class=""cpv-landing-card""><strong>Confronto rapido</strong><p>Valuta aeroporti maggiori e secondari per capire se un piccolo spostamento porta a un risparmio concreto.</p></div>
</div>
<h2>Domande frequenti sui voli per Barcaldine</h2>
<div class=""cpv-faq"">
  <details><summary>Qual e il modo migliore per cercare voli per Barcaldine?</summary><p>Confronta piu aeroporti italiani, prova date flessibili e verifica anche partenze infrasettimanali per migliorare le possibilita di risparmio.</p></details>
  <details><summary>Meglio volo diretto o con scalo?</summary><p>Per tratte medio-brevi il diretto e spesso la scelta piu comoda, mentre su alcune rotte uno scalo puo ridurre il prezzo finale.</p></details>
  <details><summary>Quando controllare i prezzi per Barcaldine?</summary><p>Vale la pena iniziare a monitorare la rotta in anticipo e verificare con regolarita i giorni piu vicini alla partenza ideale.</p></details>
</div>","Voli per citta|Voli intercontinentali",city,BCI,/voli-per/barcaldine/,"Voli per Barcaldine (BCI): offerte e guide | ConfrontaPrezziVoli","Trova voli per Barcaldine dai principali aeroporti italiani. Tariffe indicative da EUR 166 e consigli per scegliere il periodo migliore.","voli per Barcaldine",cities,"Mese tipicamente conveniente: aprile"
post,publish,"Voli per Barcellona (BCN): offerte, compagnie e periodo migliore per prenotare",voli-per-barcellona-bcn,"Confronta voli per Barcellona dai principali aeroporti italiani. Scopri prezzi indicativi, compagnie e consigli utili per organizzare la partenza.","<div class=""cpv-landing-note"">
  <p><strong>Perche cercare voli per Barcellona qui.</strong> Questa pagina raccoglie un quadro rapido delle partenze italiane piu interessanti per Barcellona, con tariffe indicative e consigli per scegliere il periodo piu vantaggioso.</p>
</div>
<div class=""cpv-stat-grid"">
  <div class=""cpv-stat""><strong>EUR 159</strong><span>Prezzo indicativo da monitorare dalle principali aree aeroportuali italiane.</span></div>
  <div class=""cpv-stat""><strong>settembre</strong><span>Periodo spesso interessante per tenere sotto controllo la rotta.</span></div>
  <div class=""cpv-stat""><strong>9</strong><span>Aeroporti italiani prioritari da confrontare per questa destinazione.</span></div>
</div>
<h2>Offerte voli per Barcellona</h2>
<p>Per trovare il miglior equilibrio tra prezzo, durata e comfort, conviene verificare piu aeroporti di partenza italiani e confrontare giorni feriali e weekend.</p>
<table>
  <thead>
    <tr><th>Partenza</th><th>Prezzo da</th><th>Durata indicativa</th><th>Mese da monitorare</th></tr>
  </thead>
  <tbody>
    <tr><td>Leonardo da Vinci-Fiumicino Airport (FCO)</td><td>EUR 119</td><td>6h 40</td><td>maggio</td></tr><tr><td>Ciampino-G. B. Pastine International Airport (CIA)</td><td>EUR 43</td><td>11h 00</td><td>gennaio</td></tr><tr><td>Milano Malpensa Airport (MXP)</td><td>EUR 164</td><td>8h 10</td><td>febbraio</td></tr><tr><td>Orio al Serio International Airport (BGY)</td><td>EUR 110</td><td>1h 10</td><td>agosto</td></tr><tr><td>Milano Linate Airport (LIN)</td><td>EUR 43</td><td>11h 00</td><td>gennaio</td></tr><tr><td>Naples International Airport (NAP)</td><td>EUR 198</td><td>6h 50</td><td>dicembre</td></tr><tr><td>Venice Marco Polo Airport (VCE)</td><td>EUR 62</td><td>3h 10</td><td>agosto</td></tr><tr><td>Catania-Fontanarossa Airport (CTA)</td><td>EUR 176</td><td>7h 10</td><td>febbraio</td></tr><tr><td>Guglielmo Marconi Airport (BLQ)</td><td>EUR 144</td><td>3h 50</td><td>giugno</td></tr>
  </tbody>
</table>
<h2>Aeroporti italiani da cui conviene partire</h2>
<div class=""cpv-chip-list""><span class=""cpv-chip"">Leonardo da Vinci-Fiumicino Airport</span><span class=""cpv-chip"">Ciampino-G. B. Pastine International Airport</span><span class=""cpv-chip"">Milano Malpensa Airport</span><span class=""cpv-chip"">Orio al Serio International Airport</span><span class=""cpv-chip"">Milano Linate Airport</span><span class=""cpv-chip"">Naples International Airport</span></div>
<div class=""cpv-landing-grid"">
  <div class=""cpv-landing-card""><strong>City break</strong><p>Se Barcellona e una meta urbana, le partenze del venerdi e del sabato sono spesso le piu monitorate.</p></div>
  <div class=""cpv-landing-card""><strong>Viaggi stagionali</strong><p>In alcuni periodi dell'anno le tariffe possono variare molto, soprattutto vicino ai ponti e alle festivita.</p></div>
  <div class=""cpv-landing-card""><strong>Confronto rapido</strong><p>Valuta aeroporti maggiori e secondari per capire se un piccolo spostamento porta a un risparmio concreto.</p></div>
</div>
<h2>Domande frequenti sui voli per Barcellona</h2>
<div class=""cpv-faq"">
  <details><summary>Qual e il modo migliore per cercare voli per Barcellona?</summary><p>Confronta piu aeroporti italiani, prova date flessibili e verifica anche partenze infrasettimanali per migliorare le possibilita di risparmio.</p></details>
  <details><summary>Meglio volo diretto o con scalo?</summary><p>Per tratte medio-brevi il diretto e spesso la scelta piu comoda, mentre su alcune rotte uno scalo puo ridurre il prezzo finale.</p></details>
  <details><summary>Quando controllare i prezzi per Barcellona?</summary><p>Vale la pena iniziare a monitorare la rotta in anticipo e verificare con regolarita i giorni piu vicini alla partenza ideale.</p></details>
</div>","Voli per citta|Voli in Europa",city,BCN,/voli-per/barcellona/,"Voli per Barcellona (BCN): offerte e guide | ConfrontaPrezziVoli","Trova voli per Barcellona dai principali aeroporti italiani. Tariffe indicative da EUR 159 e consigli per scegliere il periodo migliore.","voli per Barcellona",cities,"Mese tipicamente conveniente: settembre"
post,publish,"Voli per Barcellona (BLA): offerte, compagnie e periodo migliore per prenotare",voli-per-barcellona-bla,"Confronta voli per Barcellona dai principali aeroporti italiani. Scopri prezzi indicativi, compagnie e consigli utili per organizzare la partenza.","<div class=""cpv-landing-note"">
  <p><strong>Perche cercare voli per Barcellona qui.</strong> Questa pagina raccoglie un quadro rapido delle partenze italiane piu interessanti per Barcellona, con tariffe indicative e consigli per scegliere il periodo piu vantaggioso.</p>
</div>
<div class=""cpv-stat-grid"">
  <div class=""cpv-stat""><strong>EUR 181</strong><span>Prezzo indicativo da monitorare dalle principali aree aeroportuali italiane.</span></div>
  <div class=""cpv-stat""><strong>luglio</strong><span>Periodo spesso interessante per tenere sotto controllo la rotta.</span></div>
  <div class=""cpv-stat""><strong>9</strong><span>Aeroporti italiani prioritari da confrontare per questa destinazione.</span></div>
</div>
<h2>Offerte voli per Barcellona</h2>
<p>Per trovare il miglior equilibrio tra prezzo, durata e comfort, conviene verificare piu aeroporti di partenza italiani e confrontare giorni feriali e weekend.</p>
<table>
  <thead>
    <tr><th>Partenza</th><th>Prezzo da</th><th>Durata indicativa</th><th>Mese da monitorare</th></tr>
  </thead>
  <tbody>
    <tr><td>Leonardo da Vinci-Fiumicino Airport (FCO)</td><td>EUR 105</td><td>11h 20</td><td>marzo</td></tr><tr><td>Ciampino-G. B. Pastine International Airport (CIA)</td><td>EUR 121</td><td>2h 00</td><td>luglio</td></tr><tr><td>Milano Malpensa Airport (MXP)</td><td>EUR 74</td><td>1h 10</td><td>agosto</td></tr><tr><td>Orio al Serio International Airport (BGY)</td><td>EUR 196</td><td>11h 30</td><td>ottobre</td></tr><tr><td>Milano Linate Airport (LIN)</td><td>EUR 101</td><td>10h 40</td><td>novembre</td></tr><tr><td>Naples International Airport (NAP)</td><td>EUR 124</td><td>5h 30</td><td>ottobre</td></tr><tr><td>Venice Marco Polo Airport (VCE)</td><td>EUR 132</td><td>8h 50</td><td>giugno</td></tr><tr><td>Catania-Fontanarossa Airport (CTA)</td><td>EUR 142</td><td>8h 30</td><td>aprile</td></tr><tr><td>Guglielmo Marconi Airport (BLQ)</td><td>EUR 34</td><td>2h 30</td><td>aprile</td></tr>
  </tbody>
</table>
<h2>Aeroporti italiani da cui conviene partire</h2>
<div class=""cpv-chip-list""><span class=""cpv-chip"">Leonardo da Vinci-Fiumicino Airport</span><span class=""cpv-chip"">Ciampino-G. B. Pastine International Airport</span><span class=""cpv-chip"">Milano Malpensa Airport</span><span class=""cpv-chip"">Orio al Serio International Airport</span><span class=""cpv-chip"">Milano Linate Airport</span><span class=""cpv-chip"">Naples International Airport</span></div>
<div class=""cpv-landing-grid"">
  <div class=""cpv-landing-card""><strong>City break</strong><p>Se Barcellona e una meta urbana, le partenze del venerdi e del sabato sono spesso le piu monitorate.</p></div>
  <div class=""cpv-landing-card""><strong>Viaggi stagionali</strong><p>In alcuni periodi dell'anno le tariffe possono variare molto, soprattutto vicino ai ponti e alle festivita.</p></div>
  <div class=""cpv-landing-card""><strong>Confronto rapido</strong><p>Valuta aeroporti maggiori e secondari per capire se un piccolo spostamento porta a un risparmio concreto.</p></div>
</div>
<h2>Domande frequenti sui voli per Barcellona</h2>
<div class=""cpv-faq"">
  <details><summary>Qual e il modo migliore per cercare voli per Barcellona?</summary><p>Confronta piu aeroporti italiani, prova date flessibili e verifica anche partenze infrasettimanali per migliorare le possibilita di risparmio.</p></details>
  <details><summary>Meglio volo diretto o con scalo?</summary><p>Per tratte medio-brevi il diretto e spesso la scelta piu comoda, mentre su alcune rotte uno scalo puo ridurre il prezzo finale.</p></details>
  <details><summary>Quando controllare i prezzi per Barcellona?</summary><p>Vale la pena iniziare a monitorare la rotta in anticipo e verificare con regolarita i giorni piu vicini alla partenza ideale.</p></details>
</div>","Voli per citta|Voli intercontinentali",city,BLA,/voli-per/barcellona/,"Voli per Barcellona (BLA): offerte e guide | ConfrontaPrezziVoli","Trova voli per Barcellona dai principali aeroporti italiani. Tariffe indicative da EUR 181 e consigli per scegliere il periodo migliore.","voli per Barcellona",cities,"Mese tipicamente conveniente: luglio"
post,publish,"Voli per Bardufoss (BDU): offerte, compagnie e periodo migliore per prenotare",voli-per-bardufoss-bdu,"Confronta voli per Bardufoss dai principali aeroporti italiani. Scopri prezzi indicativi, compagnie e consigli utili per organizzare la partenza.","<div class=""cpv-landing-note"">
  <p><strong>Perche cercare voli per Bardufoss qui.</strong> Questa pagina raccoglie un quadro rapido delle partenze italiane piu interessanti per Bardufoss, con tariffe indicative e consigli per scegliere il periodo piu vantaggioso.</p>
</div>
<div class=""cpv-stat-grid"">
  <div class=""cpv-stat""><strong>EUR 74</strong><span>Prezzo indicativo da monitorare dalle principali aree aeroportuali italiane.</span></div>
  <div class=""cpv-stat""><strong>agosto</strong><span>Periodo spesso interessante per tenere sotto controllo la rotta.</span></div>
  <div class=""cpv-stat""><strong>9</strong><span>Aeroporti italiani prioritari da confrontare per questa destinazione.</span></div>
</div>
<h2>Offerte voli per Bardufoss</h2>
<p>Per trovare il miglior equilibrio tra prezzo, durata e comfort, conviene verificare piu aeroporti di partenza italiani e confrontare giorni feriali e weekend.</p>
<table>
  <thead>
    <tr><th>Partenza</th><th>Prezzo da</th><th>Durata indicativa</th><th>Mese da monitorare</th></tr>
  </thead>
  <tbody>
    <tr><td>Leonardo da Vinci-Fiumicino Airport (FCO)</td><td>EUR 146</td><td>7h 10</td><td>agosto</td></tr><tr><td>Ciampino-G. B. Pastine International Airport (CIA)</td><td>EUR 174</td><td>5h 50</td><td>dicembre</td></tr><tr><td>Milano Malpensa Airport (MXP)</td><td>EUR 145</td><td>7h 00</td><td>luglio</td></tr><tr><td>Orio al Serio International Airport (BGY)</td><td>EUR 55</td><td>5h 00</td><td>gennaio</td></tr><tr><td>Milano Linate Airport (LIN)</td><td>EUR 42</td><td>5h 50</td><td>dicembre</td></tr><tr><td>Naples International Airport (NAP)</td><td>EUR 103</td><td>6h 00</td><td>gennaio</td></tr><tr><td>Venice Marco Polo Airport (VCE)</td><td>EUR 195</td><td>2h 20</td><td>settembre</td></tr><tr><td>Catania-Fontanarossa Airport (CTA)</td><td>EUR 193</td><td>3h 00</td><td>luglio</td></tr><tr><td>Guglielmo Marconi Airport (BLQ)</td><td>EUR 185</td><td>7h 40</td><td>novembre</td></tr>
  </tbody>
</table>
<h2>Aeroporti italiani da cui conviene partire</h2>
<div class=""cpv-chip-list""><span class=""cpv-chip"">Leonardo da Vinci-Fiumicino Airport</span><span class=""cpv-chip"">Ciampino-G. B. Pastine International Airport</span><span class=""cpv-chip"">Milano Malpensa Airport</span><span class=""cpv-chip"">Orio al Serio International Airport</span><span class=""cpv-chip"">Milano Linate Airport</span><span class=""cpv-chip"">Naples International Airport</span></div>
<div class=""cpv-landing-grid"">
  <div class=""cpv-landing-card""><strong>City break</strong><p>Se Bardufoss e una meta urbana, le partenze del venerdi e del sabato sono spesso le piu monitorate.</p></div>
  <div class=""cpv-landing-card""><strong>Viaggi stagionali</strong><p>In alcuni periodi dell'anno le tariffe possono variare molto, soprattutto vicino ai ponti e alle festivita.</p></div>
  <div class=""cpv-landing-card""><strong>Confronto rapido</strong><p>Valuta aeroporti maggiori e secondari per capire se un piccolo spostamento porta a un risparmio concreto.</p></div>
</div>
<h2>Domande frequenti sui voli per Bardufoss</h2>
<div class=""cpv-faq"">
  <details><summary>Qual e il modo migliore per cercare voli per Bardufoss?</summary><p>Confronta piu aeroporti italiani, prova date flessibili e verifica anche partenze infrasettimanali per migliorare le possibilita di risparmio.</p></details>
  <details><summary>Meglio volo diretto o con scalo?</summary><p>Per tratte medio-brevi il diretto e spesso la scelta piu comoda, mentre su alcune rotte uno scalo puo ridurre il prezzo finale.</p></details>
  <details><summary>Quando controllare i prezzi per Bardufoss?</summary><p>Vale la pena iniziare a monitorare la rotta in anticipo e verificare con regolarita i giorni piu vicini alla partenza ideale.</p></details>
</div>","Voli per citta|Voli in Europa",city,BDU,/voli-per/bardufoss/,"Voli per Bardufoss (BDU): offerte e guide | ConfrontaPrezziVoli","Trova voli per Bardufoss dai principali aeroporti italiani. Tariffe indicative da EUR 74 e consigli per scegliere il periodo migliore.","voli per Bardufoss",cities,"Mese tipicamente conveniente: agosto"
post,publish,"Voli per Bareli (BEK): offerte, compagnie e periodo migliore per prenotare",voli-per-bareli-bek,"Confronta voli per Bareli dai principali aeroporti italiani. Scopri prezzi indicativi, compagnie e consigli utili per organizzare la partenza.","<div class=""cpv-landing-note"">
  <p><strong>Perche cercare voli per Bareli qui.</strong> Questa pagina raccoglie un quadro rapido delle partenze italiane piu interessanti per Bareli, con tariffe indicative e consigli per scegliere il periodo piu vantaggioso.</p>
</div>
<div class=""cpv-stat-grid"">
  <div class=""cpv-stat""><strong>EUR 64</strong><span>Prezzo indicativo da monitorare dalle principali aree aeroportuali italiane.</span></div>
  <div class=""cpv-stat""><strong>ottobre</strong><span>Periodo spesso interessante per tenere sotto controllo la rotta.</span></div>
  <div class=""cpv-stat""><strong>9</strong><span>Aeroporti italiani prioritari da confrontare per questa destinazione.</span></div>
</div>
<h2>Offerte voli per Bareli</h2>
<p>Per trovare il miglior equilibrio tra prezzo, durata e comfort, conviene verificare piu aeroporti di partenza italiani e confrontare giorni feriali e weekend.</p>
<table>
  <thead>
    <tr><th>Partenza</th><th>Prezzo da</th><th>Durata indicativa</th><th>Mese da monitorare</th></tr>
  </thead>
  <tbody>
    <tr><td>Leonardo da Vinci-Fiumicino Airport (FCO)</td><td>EUR 172</td><td>7h 30</td><td>ottobre</td></tr><tr><td>Ciampino-G. B. Pastine International Airport (CIA)</td><td>EUR 164</td><td>10h 10</td><td>febbraio</td></tr><tr><td>Milano Malpensa Airport (MXP)</td><td>EUR 103</td><td>1h 00</td><td>gennaio</td></tr><tr><td>Orio al Serio International Airport (BGY)</td><td>EUR 133</td><td>2h 00</td><td>luglio</td></tr><tr><td>Milano Linate Airport (LIN)</td><td>EUR 64</td><td>4h 30</td><td>ottobre</td></tr><tr><td>Naples International Airport (NAP)</td><td>EUR 45</td><td>10h 20</td><td>marzo</td></tr><tr><td>Venice Marco Polo Airport (VCE)</td><td>EUR 145</td><td>8h 00</td><td>luglio</td></tr><tr><td>Catania-Fontanarossa Airport (CTA)</td><td>EUR 59</td><td>10h 40</td><td>maggio</td></tr><tr><td>Guglielmo Marconi Airport (BLQ)</td><td>EUR 23</td><td>10h 40</td><td>maggio</td></tr>
  </tbody>
</table>
<h2>Aeroporti italiani da cui conviene partire</h2>
<div class=""cpv-chip-list""><span class=""cpv-chip"">Leonardo da Vinci-Fiumicino Airport</span><span class=""cpv-chip"">Ciampino-G. B. Pastine International Airport</span><span class=""cpv-chip"">Milano Malpensa Airport</span><span class=""cpv-chip"">Orio al Serio International Airport</span><span class=""cpv-chip"">Milano Linate Airport</span><span class=""cpv-chip"">Naples International Airport</span></div>
<div class=""cpv-landing-grid"">
  <div class=""cpv-landing-card""><strong>City break</strong><p>Se Bareli e una meta urbana, le partenze del venerdi e del sabato sono spesso le piu monitorate.</p></div>
  <div class=""cpv-landing-card""><strong>Viaggi stagionali</strong><p>In alcuni periodi dell'anno le tariffe possono variare molto, soprattutto vicino ai ponti e alle festivita.</p></div>
  <div class=""cpv-landing-card""><strong>Confronto rapido</strong><p>Valuta aeroporti maggiori e secondari per capire se un piccolo spostamento porta a un risparmio concreto.</p></div>
</div>
<h2>Domande frequenti sui voli per Bareli</h2>
<div class=""cpv-faq"">
  <details><summary>Qual e il modo migliore per cercare voli per Bareli?</summary><p>Confronta piu aeroporti italiani, prova date flessibili e verifica anche partenze infrasettimanali per migliorare le possibilita di risparmio.</p></details>
  <details><summary>Meglio volo diretto o con scalo?</summary><p>Per tratte medio-brevi il diretto e spesso la scelta piu comoda, mentre su alcune rotte uno scalo puo ridurre il prezzo finale.</p></details>
  <details><summary>Quando controllare i prezzi per Bareli?</summary><p>Vale la pena iniziare a monitorare la rotta in anticipo e verificare con regolarita i giorni piu vicini alla partenza ideale.</p></details>
</div>","Voli per citta|Voli intercontinentali",city,BEK,/voli-per/bareli/,"Voli per Bareli (BEK): offerte e guide | ConfrontaPrezziVoli","Trova voli per Bareli dai principali aeroporti italiani. Tariffe indicative da EUR 64 e consigli per scegliere il periodo migliore.","voli per Bareli",cities,"Mese tipicamente conveniente: ottobre"
post,publish,"Voli per Bari (BRI): offerte, compagnie e periodo migliore per prenotare",voli-per-bari-bri,"Confronta voli per Bari dai principali aeroporti italiani. Scopri prezzi indicativi, compagnie e consigli utili per organizzare la partenza.","<div class=""cpv-landing-note"">
  <p><strong>Perche cercare voli per Bari qui.</strong> Questa pagina raccoglie un quadro rapido delle partenze italiane piu interessanti per Bari, con tariffe indicative e consigli per scegliere il periodo piu vantaggioso.</p>
</div>
<div class=""cpv-stat-grid"">
  <div class=""cpv-stat""><strong>EUR 190</strong><span>Prezzo indicativo da monitorare dalle principali aree aeroportuali italiane.</span></div>
  <div class=""cpv-stat""><strong>aprile</strong><span>Periodo spesso interessante per tenere sotto controllo la rotta.</span></div>
  <div class=""cpv-stat""><strong>9</strong><span>Aeroporti italiani prioritari da confrontare per questa destinazione.</span></div>
</div>
<h2>Offerte voli per Bari</h2>
<p>Per trovare il miglior equilibrio tra prezzo, durata e comfort, conviene verificare piu aeroporti di partenza italiani e confrontare giorni feriali e weekend.</p>
<table>
  <thead>
    <tr><th>Partenza</th><th>Prezzo da</th><th>Durata indicativa</th><th>Mese da monitorare</th></tr>
  </thead>
  <tbody>
    <tr><td>Leonardo da Vinci-Fiumicino Airport (FCO)</td><td>EUR 102</td><td>3h 50</td><td>dicembre</td></tr><tr><td>Ciampino-G. B. Pastine International Airport (CIA)</td><td>EUR 62</td><td>1h 10</td><td>agosto</td></tr><tr><td>Milano Malpensa Airport (MXP)</td><td>EUR 69</td><td>11h 20</td><td>marzo</td></tr><tr><td>Orio al Serio International Airport (BGY)</td><td>EUR 115</td><td>11h 00</td><td>gennaio</td></tr><tr><td>Milano Linate Airport (LIN)</td><td>EUR 34</td><td>7h 30</td><td>aprile</td></tr><tr><td>Naples International Airport (NAP)</td><td>EUR 175</td><td>6h 00</td><td>gennaio</td></tr><tr><td>Venice Marco Polo Airport (VCE)</td><td>EUR 31</td><td>10h 00</td><td>gennaio</td></tr><tr><td>Catania-Fontanarossa Airport (CTA)</td><td>EUR 169</td><td>2h 00</td><td>luglio</td></tr><tr><td>Guglielmo Marconi Airport (BLQ)</td><td>EUR 117</td><td>4h 20</td><td>marzo</td></tr>
  </tbody>
</table>
<h2>Aeroporti italiani da cui conviene partire</h2>
<div class=""cpv-chip-list""><span class=""cpv-chip"">Leonardo da Vinci-Fiumicino Airport</span><span class=""cpv-chip"">Ciampino-G. B. Pastine International Airport</span><span class=""cpv-chip"">Milano Malpensa Airport</span><span class=""cpv-chip"">Orio al Serio International Airport</span><span class=""cpv-chip"">Milano Linate Airport</span><span class=""cpv-chip"">Naples International Airport</span></div>
<div class=""cpv-landing-grid"">
  <div class=""cpv-landing-card""><strong>City break</strong><p>Se Bari e una meta urbana, le partenze del venerdi e del sabato sono spesso le piu monitorate.</p></div>
  <div class=""cpv-landing-card""><strong>Viaggi stagionali</strong><p>In alcuni periodi dell'anno le tariffe possono variare molto, soprattutto vicino ai ponti e alle festivita.</p></div>
  <div class=""cpv-landing-card""><strong>Confronto rapido</strong><p>Valuta aeroporti maggiori e secondari per capire se un piccolo spostamento porta a un risparmio concreto.</p></div>
</div>
<h2>Domande frequenti sui voli per Bari</h2>
<div class=""cpv-faq"">
  <details><summary>Qual e il modo migliore per cercare voli per Bari?</summary><p>Confronta piu aeroporti italiani, prova date flessibili e verifica anche partenze infrasettimanali per migliorare le possibilita di risparmio.</p></details>
  <details><summary>Meglio volo diretto o con scalo?</summary><p>Per tratte medio-brevi il diretto e spesso la scelta piu comoda, mentre su alcune rotte uno scalo puo ridurre il prezzo finale.</p></details>
  <details><summary>Quando controllare i prezzi per Bari?</summary><p>Vale la pena iniziare a monitorare la rotta in anticipo e verificare con regolarita i giorni piu vicini alla partenza ideale.</p></details>
</div>","Voli per citta|Voli in Europa",city,BRI,/voli-per/bari/,"Voli per Bari (BRI): offerte e guide | ConfrontaPrezziVoli","Trova voli per Bari dai principali aeroporti italiani. Tariffe indicative da EUR 190 e consigli per scegliere il periodo migliore.","voli per Bari",cities,"Mese tipicamente conveniente: aprile"
post,publish,"Voli per Bario (BBN): offerte, compagnie e periodo migliore per prenotare",voli-per-bario-bbn,"Confronta voli per Bario dai principali aeroporti italiani. Scopri prezzi indicativi, compagnie e consigli utili per organizzare la partenza.","<div class=""cpv-landing-note"">
  <p><strong>Perche cercare voli per Bario qui.</strong> Questa pagina raccoglie un quadro rapido delle partenze italiane piu interessanti per Bario, con tariffe indicative e consigli per scegliere il periodo piu vantaggioso.</p>
</div>
<div class=""cpv-stat-grid"">
  <div class=""cpv-stat""><strong>EUR 104</strong><span>Prezzo indicativo da monitorare dalle principali aree aeroportuali italiane.</span></div>
  <div class=""cpv-stat""><strong>febbraio</strong><span>Periodo spesso interessante per tenere sotto controllo la rotta.</span></div>
  <div class=""cpv-stat""><strong>9</strong><span>Aeroporti italiani prioritari da confrontare per questa destinazione.</span></div>
</div>
<h2>Offerte voli per Bario</h2>
<p>Per trovare il miglior equilibrio tra prezzo, durata e comfort, conviene verificare piu aeroporti di partenza italiani e confrontare giorni feriali e weekend.</p>
<table>
  <thead>
    <tr><th>Partenza</th><th>Prezzo da</th><th>Durata indicativa</th><th>Mese da monitorare</th></tr>
  </thead>
  <tbody>
    <tr><td>Leonardo da Vinci-Fiumicino Airport (FCO)</td><td>EUR 116</td><td>4h 10</td><td>febbraio</td></tr><tr><td>Ciampino-G. B. Pastine International Airport (CIA)</td><td>EUR 72</td><td>9h 50</td><td>giugno</td></tr><tr><td>Milano Malpensa Airport (MXP)</td><td>EUR 67</td><td>4h 00</td><td>gennaio</td></tr><tr><td>Orio al Serio International Airport (BGY)</td><td>EUR 145</td><td>4h 00</td><td>luglio</td></tr><tr><td>Milano Linate Airport (LIN)</td><td>EUR 64</td><td>6h 30</td><td>ottobre</td></tr><tr><td>Naples International Airport (NAP)</td><td>EUR 77</td><td>10h 40</td><td>novembre</td></tr><tr><td>Venice Marco Polo Airport (VCE)</td><td>EUR 45</td><td>5h 20</td><td>marzo</td></tr><tr><td>Catania-Fontanarossa Airport (CTA)</td><td>EUR 75</td><td>3h 20</td><td>settembre</td></tr><tr><td>Guglielmo Marconi Airport (BLQ)</td><td>EUR 43</td><td>5h 00</td><td>gennaio</td></tr>
  </tbody>
</table>
<h2>Aeroporti italiani da cui conviene partire</h2>
<div class=""cpv-chip-list""><span class=""cpv-chip"">Leonardo da Vinci-Fiumicino Airport</span><span class=""cpv-chip"">Ciampino-G. B. Pastine International Airport</span><span class=""cpv-chip"">Milano Malpensa Airport</span><span class=""cpv-chip"">Orio al Serio International Airport</span><span class=""cpv-chip"">Milano Linate Airport</span><span class=""cpv-chip"">Naples International Airport</span></div>
<div class=""cpv-landing-grid"">
  <div class=""cpv-landing-card""><strong>City break</strong><p>Se Bario e una meta urbana, le partenze del venerdi e del sabato sono spesso le piu monitorate.</p></div>
  <div class=""cpv-landing-card""><strong>Viaggi stagionali</strong><p>In alcuni periodi dell'anno le tariffe possono variare molto, soprattutto vicino ai ponti e alle festivita.</p></div>
  <div class=""cpv-landing-card""><strong>Confronto rapido</strong><p>Valuta aeroporti maggiori e secondari per capire se un piccolo spostamento porta a un risparmio concreto.</p></div>
</div>
<h2>Domande frequenti sui voli per Bario</h2>
<div class=""cpv-faq"">
  <details><summary>Qual e il modo migliore per cercare voli per Bario?</summary><p>Confronta piu aeroporti italiani, prova date flessibili e verifica anche partenze infrasettimanali per migliorare le possibilita di risparmio.</p></details>
  <details><summary>Meglio volo diretto o con scalo?</summary><p>Per tratte medio-brevi il diretto e spesso la scelta piu comoda, mentre su alcune rotte uno scalo puo ridurre il prezzo finale.</p></details>
  <details><summary>Quando controllare i prezzi per Bario?</summary><p>Vale la pena iniziare a monitorare la rotta in anticipo e verificare con regolarita i giorni piu vicini alla partenza ideale.</p></details>
</div>","Voli per citta|Voli intercontinentali",city,BBN,/voli-per/bario/,"Voli per Bario (BBN): offerte e guide | ConfrontaPrezziVoli","Trova voli per Bario dai principali aeroporti italiani. Tariffe indicative da EUR 104 e consigli per scegliere il periodo migliore.","voli per Bario",cities,"Mese tipicamente conveniente: febbraio"
post,publish,"Voli per Barisal (BZL): offerte, compagnie e periodo migliore per prenotare",voli-per-barisal-bzl,"Confronta voli per Barisal dai principali aeroporti italiani. Scopri prezzi indicativi, compagnie e consigli utili per organizzare la partenza.","<div class=""cpv-landing-note"">
  <p><strong>Perche cercare voli per Barisal qui.</strong> Questa pagina raccoglie un quadro rapido delle partenze italiane piu interessanti per Barisal, con tariffe indicative e consigli per scegliere il periodo piu vantaggioso.</p>
</div>
<div class=""cpv-stat-grid"">
  <div class=""cpv-stat""><strong>EUR 51</strong><span>Prezzo indicativo da monitorare dalle principali aree aeroportuali italiane.</span></div>
  <div class=""cpv-stat""><strong>settembre</strong><span>Periodo spesso interessante per tenere sotto controllo la rotta.</span></div>
  <div class=""cpv-stat""><strong>9</strong><span>Aeroporti italiani prioritari da confrontare per questa destinazione.</span></div>
</div>
<h2>Offerte voli per Barisal</h2>
<p>Per trovare il miglior equilibrio tra prezzo, durata e comfort, conviene verificare piu aeroporti di partenza italiani e confrontare giorni feriali e weekend.</p>
<table>
  <thead>
    <tr><th>Partenza</th><th>Prezzo da</th><th>Durata indicativa</th><th>Mese da monitorare</th></tr>
  </thead>
  <tbody>
    <tr><td>Leonardo da Vinci-Fiumicino Airport (FCO)</td><td>EUR 95</td><td>3h 40</td><td>maggio</td></tr><tr><td>Ciampino-G. B. Pastine International Airport (CIA)</td><td>EUR 191</td><td>7h 40</td><td>maggio</td></tr><tr><td>Milano Malpensa Airport (MXP)</td><td>EUR 168</td><td>11h 50</td><td>giugno</td></tr><tr><td>Orio al Serio International Airport (BGY)</td><td>EUR 78</td><td>6h 50</td><td>dicembre</td></tr><tr><td>Milano Linate Airport (LIN)</td><td>EUR 103</td><td>10h 00</td><td>gennaio</td></tr><tr><td>Naples International Airport (NAP)</td><td>EUR 46</td><td>4h 30</td><td>aprile</td></tr><tr><td>Venice Marco Polo Airport (VCE)</td><td>EUR 174</td><td>8h 50</td><td>dicembre</td></tr><tr><td>Catania-Fontanarossa Airport (CTA)</td><td>EUR 144</td><td>7h 50</td><td>giugno</td></tr><tr><td>Guglielmo Marconi Airport (BLQ)</td><td>EUR 160</td><td>8h 30</td><td>ottobre</td></tr>
  </tbody>
</table>
<h2>Aeroporti italiani da cui conviene partire</h2>
<div class=""cpv-chip-list""><span class=""cpv-chip"">Leonardo da Vinci-Fiumicino Airport</span><span class=""cpv-chip"">Ciampino-G. B. Pastine International Airport</span><span class=""cpv-chip"">Milano Malpensa Airport</span><span class=""cpv-chip"">Orio al Serio International Airport</span><span class=""cpv-chip"">Milano Linate Airport</span><span class=""cpv-chip"">Naples International Airport</span></div>
<div class=""cpv-landing-grid"">
  <div class=""cpv-landing-card""><strong>City break</strong><p>Se Barisal e una meta urbana, le partenze del venerdi e del sabato sono spesso le piu monitorate.</p></div>
  <div class=""cpv-landing-card""><strong>Viaggi stagionali</strong><p>In alcuni periodi dell'anno le tariffe possono variare molto, soprattutto vicino ai ponti e alle festivita.</p></div>
  <div class=""cpv-landing-card""><strong>Confronto rapido</strong><p>Valuta aeroporti maggiori e secondari per capire se un piccolo spostamento porta a un risparmio concreto.</p></div>
</div>
<h2>Domande frequenti sui voli per Barisal</h2>
<div class=""cpv-faq"">
  <details><summary>Qual e il modo migliore per cercare voli per Barisal?</summary><p>Confronta piu aeroporti italiani, prova date flessibili e verifica anche partenze infrasettimanali per migliorare le possibilita di risparmio.</p></details>
  <details><summary>Meglio volo diretto o con scalo?</summary><p>Per tratte medio-brevi il diretto e spesso la scelta piu comoda, mentre su alcune rotte uno scalo puo ridurre il prezzo finale.</p></details>
  <details><summary>Quando controllare i prezzi per Barisal?</summary><p>Vale la pena iniziare a monitorare la rotta in anticipo e verificare con regolarita i giorni piu vicini alla partenza ideale.</p></details>
</div>","Voli per citta|Voli intercontinentali",city,BZL,/voli-per/barisal/,"Voli per Barisal (BZL): offerte e guide | ConfrontaPrezziVoli","Trova voli per Barisal dai principali aeroporti italiani. Tariffe indicative da EUR 51 e consigli per scegliere il periodo migliore.","voli per Barisal",cities,"Mese tipicamente conveniente: settembre"
post,publish,"Voli per Barnaul (BAX): offerte, compagnie e periodo migliore per prenotare",voli-per-barnaul-bax,"Confronta voli per Barnaul dai principali aeroporti italiani. Scopri prezzi indicativi, compagnie e consigli utili per organizzare la partenza.","<div class=""cpv-landing-note"">
  <p><strong>Perche cercare voli per Barnaul qui.</strong> Questa pagina raccoglie un quadro rapido delle partenze italiane piu interessanti per Barnaul, con tariffe indicative e consigli per scegliere il periodo piu vantaggioso.</p>
</div>
<div class=""cpv-stat-grid"">
  <div class=""cpv-stat""><strong>EUR 118</strong><span>Prezzo indicativo da monitorare dalle principali aree aeroportuali italiane.</span></div>
  <div class=""cpv-stat""><strong>aprile</strong><span>Periodo spesso interessante per tenere sotto controllo la rotta.</span></div>
  <div class=""cpv-stat""><strong>9</strong><span>Aeroporti italiani prioritari da confrontare per questa destinazione.</span></div>
</div>
<h2>Offerte voli per Barnaul</h2>
<p>Per trovare il miglior equilibrio tra prezzo, durata e comfort, conviene verificare piu aeroporti di partenza italiani e confrontare giorni feriali e weekend.</p>
<table>
  <thead>
    <tr><th>Partenza</th><th>Prezzo da</th><th>Durata indicativa</th><th>Mese da monitorare</th></tr>
  </thead>
  <tbody>
    <tr><td>Leonardo da Vinci-Fiumicino Airport (FCO)</td><td>EUR 162</td><td>7h 50</td><td>dicembre</td></tr><tr><td>Ciampino-G. B. Pastine International Airport (CIA)</td><td>EUR 114</td><td>11h 50</td><td>dicembre</td></tr><tr><td>Milano Malpensa Airport (MXP)</td><td>EUR 29</td><td>10h 40</td><td>novembre</td></tr><tr><td>Orio al Serio International Airport (BGY)</td><td>EUR 87</td><td>3h 20</td><td>settembre</td></tr><tr><td>Milano Linate Airport (LIN)</td><td>EUR 130</td><td>5h 30</td><td>aprile</td></tr><tr><td>Naples International Airport (NAP)</td><td>EUR 155</td><td>5h 40</td><td>maggio</td></tr><tr><td>Venice Marco Polo Airport (VCE)</td><td>EUR 159</td><td>11h 20</td><td>settembre</td></tr><tr><td>Catania-Fontanarossa Airport (CTA)</td><td>EUR 169</td><td>7h 00</td><td>luglio</td></tr><tr><td>Guglielmo Marconi Airport (BLQ)</td><td>EUR 49</td><td>4h 00</td><td>luglio</td></tr>
  </tbody>
</table>
<h2>Aeroporti italiani da cui conviene partire</h2>
<div class=""cpv-chip-list""><span class=""cpv-chip"">Leonardo da Vinci-Fiumicino Airport</span><span class=""cpv-chip"">Ciampino-G. B. Pastine International Airport</span><span class=""cpv-chip"">Milano Malpensa Airport</span><span class=""cpv-chip"">Orio al Serio International Airport</span><span class=""cpv-chip"">Milano Linate Airport</span><span class=""cpv-chip"">Naples International Airport</span></div>
<div class=""cpv-landing-grid"">
  <div class=""cpv-landing-card""><strong>City break</strong><p>Se Barnaul e una meta urbana, le partenze del venerdi e del sabato sono spesso le piu monitorate.</p></div>
  <div class=""cpv-landing-card""><strong>Viaggi stagionali</strong><p>In alcuni periodi dell'anno le tariffe possono variare molto, soprattutto vicino ai ponti e alle festivita.</p></div>
  <div class=""cpv-landing-card""><strong>Confronto rapido</strong><p>Valuta aeroporti maggiori e secondari per capire se un piccolo spostamento porta a un risparmio concreto.</p></div>
</div>
<h2>Domande frequenti sui voli per Barnaul</h2>
<div class=""cpv-faq"">
  <details><summary>Qual e il modo migliore per cercare voli per Barnaul?</summary><p>Confronta piu aeroporti italiani, prova date flessibili e verifica anche partenze infrasettimanali per migliorare le possibilita di risparmio.</p></details>
  <details><summary>Meglio volo diretto o con scalo?</summary><p>Per tratte medio-brevi il diretto e spesso la scelta piu comoda, mentre su alcune rotte uno scalo puo ridurre il prezzo finale.</p></details>
  <details><summary>Quando controllare i prezzi per Barnaul?</summary><p>Vale la pena iniziare a monitorare la rotta in anticipo e verificare con regolarita i giorni piu vicini alla partenza ideale.</p></details>
</div>","Voli per citta|Voli intercontinentali",city,BAX,/voli-per/barnaul/,"Voli per Barnaul (BAX): offerte e guide | ConfrontaPrezziVoli","Trova voli per Barnaul dai principali aeroporti italiani. Tariffe indicative da EUR 118 e consigli per scegliere il periodo migliore.","voli per Barnaul",cities,"Mese tipicamente conveniente: aprile"
post,publish,"Voli per Barquisimeto (BRM): offerte, compagnie e periodo migliore per prenotare",voli-per-barquisimeto-brm,"Confronta voli per Barquisimeto dai principali aeroporti italiani. Scopri prezzi indicativi, compagnie e consigli utili per organizzare la partenza.","<div class=""cpv-landing-note"">
  <p><strong>Perche cercare voli per Barquisimeto qui.</strong> Questa pagina raccoglie un quadro rapido delle partenze italiane piu interessanti per Barquisimeto, con tariffe indicative e consigli per scegliere il periodo piu vantaggioso.</p>
</div>
<div class=""cpv-stat-grid"">
  <div class=""cpv-stat""><strong>EUR 29</strong><span>Prezzo indicativo da monitorare dalle principali aree aeroportuali italiane.</span></div>
  <div class=""cpv-stat""><strong>novembre</strong><span>Periodo spesso interessante per tenere sotto controllo la rotta.</span></div>
  <div class=""cpv-stat""><strong>9</strong><span>Aeroporti italiani prioritari da confrontare per questa destinazione.</span></div>
</div>
<h2>Offerte voli per Barquisimeto</h2>
<p>Per trovare il miglior equilibrio tra prezzo, durata e comfort, conviene verificare piu aeroporti di partenza italiani e confrontare giorni feriali e weekend.</p>
<table>
  <thead>
    <tr><th>Partenza</th><th>Prezzo da</th><th>Durata indicativa</th><th>Mese da monitorare</th></tr>
  </thead>
  <tbody>
    <tr><td>Leonardo da Vinci-Fiumicino Airport (FCO)</td><td>EUR 73</td><td>4h 00</td><td>luglio</td></tr><tr><td>Ciampino-G. B. Pastine International Airport (CIA)</td><td>EUR 73</td><td>11h 00</td><td>luglio</td></tr><tr><td>Milano Malpensa Airport (MXP)</td><td>EUR 54</td><td>1h 50</td><td>dicembre</td></tr><tr><td>Orio al Serio International Airport (BGY)</td><td>EUR 196</td><td>10h 30</td><td>ottobre</td></tr><tr><td>Milano Linate Airport (LIN)</td><td>EUR 65</td><td>6h 40</td><td>novembre</td></tr><tr><td>Naples International Airport (NAP)</td><td>EUR 60</td><td>5h 50</td><td>giugno</td></tr><tr><td>Venice Marco Polo Airport (VCE)</td><td>EUR 48</td><td>4h 50</td><td>giugno</td></tr><tr><td>Catania-Fontanarossa Airport (CTA)</td><td>EUR 98</td><td>3h 10</td><td>agosto</td></tr><tr><td>Guglielmo Marconi Airport (BLQ)</td><td>EUR 66</td><td>4h 50</td><td>dicembre</td></tr>
  </tbody>
</table>
<h2>Aeroporti italiani da cui conviene partire</h2>
<div class=""cpv-chip-list""><span class=""cpv-chip"">Leonardo da Vinci-Fiumicino Airport</span><span class=""cpv-chip"">Ciampino-G. B. Pastine International Airport</span><span class=""cpv-chip"">Milano Malpensa Airport</span><span class=""cpv-chip"">Orio al Serio International Airport</span><span class=""cpv-chip"">Milano Linate Airport</span><span class=""cpv-chip"">Naples International Airport</span></div>
<div class=""cpv-landing-grid"">
  <div class=""cpv-landing-card""><strong>City break</strong><p>Se Barquisimeto e una meta urbana, le partenze del venerdi e del sabato sono spesso le piu monitorate.</p></div>
  <div class=""cpv-landing-card""><strong>Viaggi stagionali</strong><p>In alcuni periodi dell'anno le tariffe possono variare molto, soprattutto vicino ai ponti e alle festivita.</p></div>
  <div class=""cpv-landing-card""><strong>Confronto rapido</strong><p>Valuta aeroporti maggiori e secondari per capire se un piccolo spostamento porta a un risparmio concreto.</p></div>
</div>
<h2>Domande frequenti sui voli per Barquisimeto</h2>
<div class=""cpv-faq"">
  <details><summary>Qual e il modo migliore per cercare voli per Barquisimeto?</summary><p>Confronta piu aeroporti italiani, prova date flessibili e verifica anche partenze infrasettimanali per migliorare le possibilita di risparmio.</p></details>
  <details><summary>Meglio volo diretto o con scalo?</summary><p>Per tratte medio-brevi il diretto e spesso la scelta piu comoda, mentre su alcune rotte uno scalo puo ridurre il prezzo finale.</p></details>
  <details><summary>Quando controllare i prezzi per Barquisimeto?</summary><p>Vale la pena iniziare a monitorare la rotta in anticipo e verificare con regolarita i giorni piu vicini alla partenza ideale.</p></details>
</div>","Voli per citta|Voli intercontinentali",city,BRM,/voli-per/barquisimeto/,"Voli per Barquisimeto (BRM): offerte e guide | ConfrontaPrezziVoli","Trova voli per Barquisimeto dai principali aeroporti italiani. Tariffe indicative da EUR 29 e consigli per scegliere il periodo migliore.","voli per Barquisimeto",cities,"Mese tipicamente conveniente: novembre"
post,publish,"Voli per Barra (BRR): offerte, compagnie e periodo migliore per prenotare",voli-per-barra-brr,"Confronta voli per Barra dai principali aeroporti italiani. Scopri prezzi indicativi, compagnie e consigli utili per organizzare la partenza.","<div class=""cpv-landing-note"">
  <p><strong>Perche cercare voli per Barra qui.</strong> Questa pagina raccoglie un quadro rapido delle partenze italiane piu interessanti per Barra, con tariffe indicative e consigli per scegliere il periodo piu vantaggioso.</p>
</div>
<div class=""cpv-stat-grid"">
  <div class=""cpv-stat""><strong>EUR 174</strong><span>Prezzo indicativo da monitorare dalle principali aree aeroportuali italiane.</span></div>
  <div class=""cpv-stat""><strong>dicembre</strong><span>Periodo spesso interessante per tenere sotto controllo la rotta.</span></div>
  <div class=""cpv-stat""><strong>9</strong><span>Aeroporti italiani prioritari da confrontare per questa destinazione.</span></div>
</div>
<h2>Offerte voli per Barra</h2>
<p>Per trovare il miglior equilibrio tra prezzo, durata e comfort, conviene verificare piu aeroporti di partenza italiani e confrontare giorni feriali e weekend.</p>
<table>
  <thead>
    <tr><th>Partenza</th><th>Prezzo da</th><th>Durata indicativa</th><th>Mese da monitorare</th></tr>
  </thead>
  <tbody>
    <tr><td>Leonardo da Vinci-Fiumicino Airport (FCO)</td><td>EUR 198</td><td>10h 50</td><td>dicembre</td></tr><tr><td>Ciampino-G. B. Pastine International Airport (CIA)</td><td>EUR 178</td><td>5h 30</td><td>aprile</td></tr><tr><td>Milano Malpensa Airport (MXP)</td><td>EUR 105</td><td>7h 20</td><td>marzo</td></tr><tr><td>Orio al Serio International Airport (BGY)</td><td>EUR 55</td><td>11h 00</td><td>gennaio</td></tr><tr><td>Milano Linate Airport (LIN)</td><td>EUR 66</td><td>3h 50</td><td>dicembre</td></tr><tr><td>Naples International Airport (NAP)</td><td>EUR 155</td><td>7h 40</td><td>maggio</td></tr><tr><td>Venice Marco Polo Airport (VCE)</td><td>EUR 143</td><td>10h 40</td><td>maggio</td></tr><tr><td>Catania-Fontanarossa Airport (CTA)</td><td>EUR 105</td><td>10h 20</td><td>marzo</td></tr><tr><td>Guglielmo Marconi Airport (BLQ)</td><td>EUR 197</td><td>1h 40</td><td>novembre</td></tr>
  </tbody>
</table>
<h2>Aeroporti italiani da cui conviene partire</h2>
<div class=""cpv-chip-list""><span class=""cpv-chip"">Leonardo da Vinci-Fiumicino Airport</span><span class=""cpv-chip"">Ciampino-G. B. Pastine International Airport</span><span class=""cpv-chip"">Milano Malpensa Airport</span><span class=""cpv-chip"">Orio al Serio International Airport</span><span class=""cpv-chip"">Milano Linate Airport</span><span class=""cpv-chip"">Naples International Airport</span></div>
<div class=""cpv-landing-grid"">
  <div class=""cpv-landing-card""><strong>City break</strong><p>Se Barra e una meta urbana, le partenze del venerdi e del sabato sono spesso le piu monitorate.</p></div>
  <div class=""cpv-landing-card""><strong>Viaggi stagionali</strong><p>In alcuni periodi dell'anno le tariffe possono variare molto, soprattutto vicino ai ponti e alle festivita.</p></div>
  <div class=""cpv-landing-card""><strong>Confronto rapido</strong><p>Valuta aeroporti maggiori e secondari per capire se un piccolo spostamento porta a un risparmio concreto.</p></div>
</div>
<h2>Domande frequenti sui voli per Barra</h2>
<div class=""cpv-faq"">
  <details><summary>Qual e il modo migliore per cercare voli per Barra?</summary><p>Confronta piu aeroporti italiani, prova date flessibili e verifica anche partenze infrasettimanali per migliorare le possibilita di risparmio.</p></details>
  <details><summary>Meglio volo diretto o con scalo?</summary><p>Per tratte medio-brevi il diretto e spesso la scelta piu comoda, mentre su alcune rotte uno scalo puo ridurre il prezzo finale.</p></details>
  <details><summary>Quando controllare i prezzi per Barra?</summary><p>Vale la pena iniziare a monitorare la rotta in anticipo e verificare con regolarita i giorni piu vicini alla partenza ideale.</p></details>
</div>","Voli per citta|Voli in Europa",city,BRR,/voli-per/barra/,"Voli per Barra (BRR): offerte e guide | ConfrontaPrezziVoli","Trova voli per Barra dai principali aeroporti italiani. Tariffe indicative da EUR 174 e consigli per scegliere il periodo migliore.","voli per Barra",cities,"Mese tipicamente conveniente: dicembre"
post,publish,"Voli per Barra Do Garcas (BPG): offerte, compagnie e periodo migliore per prenotare",voli-per-barra-do-garcas-bpg,"Confronta voli per Barra Do Garcas dai principali aeroporti italiani. Scopri prezzi indicativi, compagnie e consigli utili per organizzare la partenza.","<div class=""cpv-landing-note"">
  <p><strong>Perche cercare voli per Barra Do Garcas qui.</strong> Questa pagina raccoglie un quadro rapido delle partenze italiane piu interessanti per Barra Do Garcas, con tariffe indicative e consigli per scegliere il periodo piu vantaggioso.</p>
</div>
<div class=""cpv-stat-grid"">
  <div class=""cpv-stat""><strong>EUR 141</strong><span>Prezzo indicativo da monitorare dalle principali aree aeroportuali italiane.</span></div>
  <div class=""cpv-stat""><strong>marzo</strong><span>Periodo spesso interessante per tenere sotto controllo la rotta.</span></div>
  <div class=""cpv-stat""><strong>9</strong><span>Aeroporti italiani prioritari da confrontare per questa destinazione.</span></div>
</div>
<h2>Offerte voli per Barra Do Garcas</h2>
<p>Per trovare il miglior equilibrio tra prezzo, durata e comfort, conviene verificare piu aeroporti di partenza italiani e confrontare giorni feriali e weekend.</p>
<table>
  <thead>
    <tr><th>Partenza</th><th>Prezzo da</th><th>Durata indicativa</th><th>Mese da monitorare</th></tr>
  </thead>
  <tbody>
    <tr><td>Leonardo da Vinci-Fiumicino Airport (FCO)</td><td>EUR 29</td><td>7h 40</td><td>novembre</td></tr><tr><td>Ciampino-G. B. Pastine International Airport (CIA)</td><td>EUR 85</td><td>5h 00</td><td>luglio</td></tr><tr><td>Milano Malpensa Airport (MXP)</td><td>EUR 98</td><td>11h 10</td><td>agosto</td></tr><tr><td>Orio al Serio International Airport (BGY)</td><td>EUR 32</td><td>2h 10</td><td>febbraio</td></tr><tr><td>Milano Linate Airport (LIN)</td><td>EUR 121</td><td>6h 00</td><td>luglio</td></tr><tr><td>Naples International Airport (NAP)</td><td>EUR 76</td><td>9h 30</td><td>ottobre</td></tr><tr><td>Venice Marco Polo Airport (VCE)</td><td>EUR 136</td><td>11h 30</td><td>ottobre</td></tr><tr><td>Catania-Fontanarossa Airport (CTA)</td><td>EUR 46</td><td>9h 30</td><td>aprile</td></tr><tr><td>Guglielmo Marconi Airport (BLQ)</td><td>EUR 110</td><td>9h 10</td><td>agosto</td></tr>
  </tbody>
</table>
<h2>Aeroporti italiani da cui conviene partire</h2>
<div class=""cpv-chip-list""><span class=""cpv-chip"">Leonardo da Vinci-Fiumicino Airport</span><span class=""cpv-chip"">Ciampino-G. B. Pastine International Airport</span><span class=""cpv-chip"">Milano Malpensa Airport</span><span class=""cpv-chip"">Orio al Serio International Airport</span><span class=""cpv-chip"">Milano Linate Airport</span><span class=""cpv-chip"">Naples International Airport</span></div>
<div class=""cpv-landing-grid"">
  <div class=""cpv-landing-card""><strong>City break</strong><p>Se Barra Do Garcas e una meta urbana, le partenze del venerdi e del sabato sono spesso le piu monitorate.</p></div>
  <div class=""cpv-landing-card""><strong>Viaggi stagionali</strong><p>In alcuni periodi dell'anno le tariffe possono variare molto, soprattutto vicino ai ponti e alle festivita.</p></div>
  <div class=""cpv-landing-card""><strong>Confronto rapido</strong><p>Valuta aeroporti maggiori e secondari per capire se un piccolo spostamento porta a un risparmio concreto.</p></div>
</div>
<h2>Domande frequenti sui voli per Barra Do Garcas</h2>
<div class=""cpv-faq"">
  <details><summary>Qual e il modo migliore per cercare voli per Barra Do Garcas?</summary><p>Confronta piu aeroporti italiani, prova date flessibili e verifica anche partenze infrasettimanali per migliorare le possibilita di risparmio.</p></details>
  <details><summary>Meglio volo diretto o con scalo?</summary><p>Per tratte medio-brevi il diretto e spesso la scelta piu comoda, mentre su alcune rotte uno scalo puo ridurre il prezzo finale.</p></details>
  <details><summary>Quando controllare i prezzi per Barra Do Garcas?</summary><p>Vale la pena iniziare a monitorare la rotta in anticipo e verificare con regolarita i giorni piu vicini alla partenza ideale.</p></details>
</div>","Voli per citta|Voli intercontinentali",city,BPG,/voli-per/barra-do-garcas/,"Voli per Barra Do Garcas (BPG): offerte e guide | ConfrontaPrezziVoli","Trova voli per Barra Do Garcas dai principali aeroporti italiani. Tariffe indicative da EUR 141 e consigli per scegliere il periodo migliore.","voli per Barra Do Garcas",cities,"Mese tipicamente conveniente: marzo"
post,publish,"Voli per Barrancabermeja (EJA): offerte, compagnie e periodo migliore per prenotare",voli-per-barrancabermeja-eja,"Confronta voli per Barrancabermeja dai principali aeroporti italiani. Scopri prezzi indicativi, compagnie e consigli utili per organizzare la partenza.","<div class=""cpv-landing-note"">
  <p><strong>Perche cercare voli per Barrancabermeja qui.</strong> Questa pagina raccoglie un quadro rapido delle partenze italiane piu interessanti per Barrancabermeja, con tariffe indicative e consigli per scegliere il periodo piu vantaggioso.</p>
</div>
<div class=""cpv-stat-grid"">
  <div class=""cpv-stat""><strong>EUR 136</strong><span>Prezzo indicativo da monitorare dalle principali aree aeroportuali italiane.</span></div>
  <div class=""cpv-stat""><strong>ottobre</strong><span>Periodo spesso interessante per tenere sotto controllo la rotta.</span></div>
  <div class=""cpv-stat""><strong>9</strong><span>Aeroporti italiani prioritari da confrontare per questa destinazione.</span></div>
</div>
<h2>Offerte voli per Barrancabermeja</h2>
<p>Per trovare il miglior equilibrio tra prezzo, durata e comfort, conviene verificare piu aeroporti di partenza italiani e confrontare giorni feriali e weekend.</p>
<table>
  <thead>
    <tr><th>Partenza</th><th>Prezzo da</th><th>Durata indicativa</th><th>Mese da monitorare</th></tr>
  </thead>
  <tbody>
    <tr><td>Leonardo da Vinci-Fiumicino Airport (FCO)</td><td>EUR 108</td><td>3h 50</td><td>giugno</td></tr><tr><td>Ciampino-G. B. Pastine International Airport (CIA)</td><td>EUR 20</td><td>1h 10</td><td>febbraio</td></tr><tr><td>Milano Malpensa Airport (MXP)</td><td>EUR 95</td><td>4h 40</td><td>maggio</td></tr><tr><td>Orio al Serio International Airport (BGY)</td><td>EUR 177</td><td>9h 20</td><td>marzo</td></tr><tr><td>Milano Linate Airport (LIN)</td><td>EUR 104</td><td>1h 10</td><td>febbraio</td></tr><tr><td>Naples International Airport (NAP)</td><td>EUR 177</td><td>7h 20</td><td>marzo</td></tr><tr><td>Venice Marco Polo Airport (VCE)</td><td>EUR 161</td><td>9h 40</td><td>novembre</td></tr><tr><td>Catania-Fontanarossa Airport (CTA)</td><td>EUR 99</td><td>3h 20</td><td>settembre</td></tr><tr><td>Guglielmo Marconi Airport (BLQ)</td><td>EUR 139</td><td>3h 00</td><td>gennaio</td></tr>
  </tbody>
</table>
<h2>Aeroporti italiani da cui conviene partire</h2>
<div class=""cpv-chip-list""><span class=""cpv-chip"">Leonardo da Vinci-Fiumicino Airport</span><span class=""cpv-chip"">Ciampino-G. B. Pastine International Airport</span><span class=""cpv-chip"">Milano Malpensa Airport</span><span class=""cpv-chip"">Orio al Serio International Airport</span><span class=""cpv-chip"">Milano Linate Airport</span><span class=""cpv-chip"">Naples International Airport</span></div>
<div class=""cpv-landing-grid"">
  <div class=""cpv-landing-card""><strong>City break</strong><p>Se Barrancabermeja e una meta urbana, le partenze del venerdi e del sabato sono spesso le piu monitorate.</p></div>
  <div class=""cpv-landing-card""><strong>Viaggi stagionali</strong><p>In alcuni periodi dell'anno le tariffe possono variare molto, soprattutto vicino ai ponti e alle festivita.</p></div>
  <div class=""cpv-landing-card""><strong>Confronto rapido</strong><p>Valuta aeroporti maggiori e secondari per capire se un piccolo spostamento porta a un risparmio concreto.</p></div>
</div>
<h2>Domande frequenti sui voli per Barrancabermeja</h2>
<div class=""cpv-faq"">
  <details><summary>Qual e il modo migliore per cercare voli per Barrancabermeja?</summary><p>Confronta piu aeroporti italiani, prova date flessibili e verifica anche partenze infrasettimanali per migliorare le possibilita di risparmio.</p></details>
  <details><summary>Meglio volo diretto o con scalo?</summary><p>Per tratte medio-brevi il diretto e spesso la scelta piu comoda, mentre su alcune rotte uno scalo puo ridurre il prezzo finale.</p></details>
  <details><summary>Quando controllare i prezzi per Barrancabermeja?</summary><p>Vale la pena iniziare a monitorare la rotta in anticipo e verificare con regolarita i giorni piu vicini alla partenza ideale.</p></details>
</div>","Voli per citta|Voli intercontinentali",city,EJA,/voli-per/barrancabermeja/,"Voli per Barrancabermeja (EJA): offerte e guide | ConfrontaPrezziVoli","Trova voli per Barrancabermeja dai principali aeroporti italiani. Tariffe indicative da EUR 136 e consigli per scegliere il periodo migliore.","voli per Barrancabermeja",cities,"Mese tipicamente conveniente: ottobre"
post,publish,"Voli per Barranquilla (BAQ): offerte, compagnie e periodo migliore per prenotare",voli-per-barranquilla-baq,"Confronta voli per Barranquilla dai principali aeroporti italiani. Scopri prezzi indicativi, compagnie e consigli utili per organizzare la partenza.","<div class=""cpv-landing-note"">
  <p><strong>Perche cercare voli per Barranquilla qui.</strong> Questa pagina raccoglie un quadro rapido delle partenze italiane piu interessanti per Barranquilla, con tariffe indicative e consigli per scegliere il periodo piu vantaggioso.</p>
</div>
<div class=""cpv-stat-grid"">
  <div class=""cpv-stat""><strong>EUR 86</strong><span>Prezzo indicativo da monitorare dalle principali aree aeroportuali italiane.</span></div>
  <div class=""cpv-stat""><strong>agosto</strong><span>Periodo spesso interessante per tenere sotto controllo la rotta.</span></div>
  <div class=""cpv-stat""><strong>9</strong><span>Aeroporti italiani prioritari da confrontare per questa destinazione.</span></div>
</div>
<h2>Offerte voli per Barranquilla</h2>
<p>Per trovare il miglior equilibrio tra prezzo, durata e comfort, conviene verificare piu aeroporti di partenza italiani e confrontare giorni feriali e weekend.</p>
<table>
  <thead>
    <tr><th>Partenza</th><th>Prezzo da</th><th>Durata indicativa</th><th>Mese da monitorare</th></tr>
  </thead>
  <tbody>
    <tr><td>Leonardo da Vinci-Fiumicino Airport (FCO)</td><td>EUR 90</td><td>10h 50</td><td>dicembre</td></tr><tr><td>Ciampino-G. B. Pastine International Airport (CIA)</td><td>EUR 58</td><td>7h 30</td><td>aprile</td></tr><tr><td>Milano Malpensa Airport (MXP)</td><td>EUR 121</td><td>8h 00</td><td>luglio</td></tr><tr><td>Orio al Serio International Airport (BGY)</td><td>EUR 31</td><td>7h 00</td><td>gennaio</td></tr><tr><td>Milano Linate Airport (LIN)</td><td>EUR 154</td><td>6h 30</td><td>aprile</td></tr><tr><td>Naples International Airport (NAP)</td><td>EUR 179</td><td>4h 40</td><td>maggio</td></tr><tr><td>Venice Marco Polo Airport (VCE)</td><td>EUR 79</td><td>9h 00</td><td>gennaio</td></tr><tr><td>Catania-Fontanarossa Airport (CTA)</td><td>EUR 125</td><td>6h 40</td><td>novembre</td></tr><tr><td>Guglielmo Marconi Airport (BLQ)</td><td>EUR 145</td><td>10h 00</td><td>luglio</td></tr>
  </tbody>
</table>
<h2>Aeroporti italiani da cui conviene partire</h2>
<div class=""cpv-chip-list""><span class=""cpv-chip"">Leonardo da Vinci-Fiumicino Airport</span><span class=""cpv-chip"">Ciampino-G. B. Pastine International Airport</span><span class=""cpv-chip"">Milano Malpensa Airport</span><span class=""cpv-chip"">Orio al Serio International Airport</span><span class=""cpv-chip"">Milano Linate Airport</span><span class=""cpv-chip"">Naples International Airport</span></div>
<div class=""cpv-landing-grid"">
  <div class=""cpv-landing-card""><strong>City break</strong><p>Se Barranquilla e una meta urbana, le partenze del venerdi e del sabato sono spesso le piu monitorate.</p></div>
  <div class=""cpv-landing-card""><strong>Viaggi stagionali</strong><p>In alcuni periodi dell'anno le tariffe possono variare molto, soprattutto vicino ai ponti e alle festivita.</p></div>
  <div class=""cpv-landing-card""><strong>Confronto rapido</strong><p>Valuta aeroporti maggiori e secondari per capire se un piccolo spostamento porta a un risparmio concreto.</p></div>
</div>
<h2>Domande frequenti sui voli per Barranquilla</h2>
<div class=""cpv-faq"">
  <details><summary>Qual e il modo migliore per cercare voli per Barranquilla?</summary><p>Confronta piu aeroporti italiani, prova date flessibili e verifica anche partenze infrasettimanali per migliorare le possibilita di risparmio.</p></details>
  <details><summary>Meglio volo diretto o con scalo?</summary><p>Per tratte medio-brevi il diretto e spesso la scelta piu comoda, mentre su alcune rotte uno scalo puo ridurre il prezzo finale.</p></details>
  <details><summary>Quando controllare i prezzi per Barranquilla?</summary><p>Vale la pena iniziare a monitorare la rotta in anticipo e verificare con regolarita i giorni piu vicini alla partenza ideale.</p></details>
</div>","Voli per citta|Voli intercontinentali",city,BAQ,/voli-per/barranquilla/,"Voli per Barranquilla (BAQ): offerte e guide | ConfrontaPrezziVoli","Trova voli per Barranquilla dai principali aeroporti italiani. Tariffe indicative da EUR 86 e consigli per scegliere il periodo migliore.","voli per Barranquilla",cities,"Mese tipicamente conveniente: agosto"
post,publish,"Voli per Barreiras (BRA): offerte, compagnie e periodo migliore per prenotare",voli-per-barreiras-bra,"Confronta voli per Barreiras dai principali aeroporti italiani. Scopri prezzi indicativi, compagnie e consigli utili per organizzare la partenza.","<div class=""cpv-landing-note"">
  <p><strong>Perche cercare voli per Barreiras qui.</strong> Questa pagina raccoglie un quadro rapido delle partenze italiane piu interessanti per Barreiras, con tariffe indicative e consigli per scegliere il periodo piu vantaggioso.</p>
</div>
<div class=""cpv-stat-grid"">
  <div class=""cpv-stat""><strong>EUR 96</strong><span>Prezzo indicativo da monitorare dalle principali aree aeroportuali italiane.</span></div>
  <div class=""cpv-stat""><strong>giugno</strong><span>Periodo spesso interessante per tenere sotto controllo la rotta.</span></div>
  <div class=""cpv-stat""><strong>9</strong><span>Aeroporti italiani prioritari da confrontare per questa destinazione.</span></div>
</div>
<h2>Offerte voli per Barreiras</h2>
<p>Per trovare il miglior equilibrio tra prezzo, durata e comfort, conviene verificare piu aeroporti di partenza italiani e confrontare giorni feriali e weekend.</p>
<table>
  <thead>
    <tr><th>Partenza</th><th>Prezzo da</th><th>Durata indicativa</th><th>Mese da monitorare</th></tr>
  </thead>
  <tbody>
    <tr><td>Leonardo da Vinci-Fiumicino Airport (FCO)</td><td>EUR 164</td><td>3h 10</td><td>febbraio</td></tr><tr><td>Ciampino-G. B. Pastine International Airport (CIA)</td><td>EUR 76</td><td>9h 30</td><td>ottobre</td></tr><tr><td>Milano Malpensa Airport (MXP)</td><td>EUR 55</td><td>7h 00</td><td>gennaio</td></tr><tr><td>Orio al Serio International Airport (BGY)</td><td>EUR 145</td><td>8h 00</td><td>luglio</td></tr><tr><td>Milano Linate Airport (LIN)</td><td>EUR 76</td><td>2h 30</td><td>ottobre</td></tr><tr><td>Naples International Airport (NAP)</td><td>EUR 117</td><td>1h 20</td><td>marzo</td></tr><tr><td>Venice Marco Polo Airport (VCE)</td><td>EUR 81</td><td>4h 20</td><td>marzo</td></tr><tr><td>Catania-Fontanarossa Airport (CTA)</td><td>EUR 23</td><td>3h 40</td><td>maggio</td></tr><tr><td>Guglielmo Marconi Airport (BLQ)</td><td>EUR 183</td><td>7h 20</td><td>settembre</td></tr>
  </tbody>
</table>
<h2>Aeroporti italiani da cui conviene partire</h2>
<div class=""cpv-chip-list""><span class=""cpv-chip"">Leonardo da Vinci-Fiumicino Airport</span><span class=""cpv-chip"">Ciampino-G. B. Pastine International Airport</span><span class=""cpv-chip"">Milano Malpensa Airport</span><span class=""cpv-chip"">Orio al Serio International Airport</span><span class=""cpv-chip"">Milano Linate Airport</span><span class=""cpv-chip"">Naples International Airport</span></div>
<div class=""cpv-landing-grid"">
  <div class=""cpv-landing-card""><strong>City break</strong><p>Se Barreiras e una meta urbana, le partenze del venerdi e del sabato sono spesso le piu monitorate.</p></div>
  <div class=""cpv-landing-card""><strong>Viaggi stagionali</strong><p>In alcuni periodi dell'anno le tariffe possono variare molto, soprattutto vicino ai ponti e alle festivita.</p></div>
  <div class=""cpv-landing-card""><strong>Confronto rapido</strong><p>Valuta aeroporti maggiori e secondari per capire se un piccolo spostamento porta a un risparmio concreto.</p></div>
</div>
<h2>Domande frequenti sui voli per Barreiras</h2>
<div class=""cpv-faq"">
  <details><summary>Qual e il modo migliore per cercare voli per Barreiras?</summary><p>Confronta piu aeroporti italiani, prova date flessibili e verifica anche partenze infrasettimanali per migliorare le possibilita di risparmio.</p></details>
  <details><summary>Meglio volo diretto o con scalo?</summary><p>Per tratte medio-brevi il diretto e spesso la scelta piu comoda, mentre su alcune rotte uno scalo puo ridurre il prezzo finale.</p></details>
  <details><summary>Quando controllare i prezzi per Barreiras?</summary><p>Vale la pena iniziare a monitorare la rotta in anticipo e verificare con regolarita i giorni piu vicini alla partenza ideale.</p></details>
</div>","Voli per citta|Voli intercontinentali",city,BRA,/voli-per/barreiras/,"Voli per Barreiras (BRA): offerte e guide | ConfrontaPrezziVoli","Trova voli per Barreiras dai principali aeroporti italiani. Tariffe indicative da EUR 96 e consigli per scegliere il periodo migliore.","voli per Barreiras",cities,"Mese tipicamente conveniente: giugno"
post,publish,"Voli per Barreirinhas (BRB): offerte, compagnie e periodo migliore per prenotare",voli-per-barreirinhas-brb,"Confronta voli per Barreirinhas dai principali aeroporti italiani. Scopri prezzi indicativi, compagnie e consigli utili per organizzare la partenza.","<div class=""cpv-landing-note"">
  <p><strong>Perche cercare voli per Barreirinhas qui.</strong> Questa pagina raccoglie un quadro rapido delle partenze italiane piu interessanti per Barreirinhas, con tariffe indicative e consigli per scegliere il periodo piu vantaggioso.</p>
</div>
<div class=""cpv-stat-grid"">
  <div class=""cpv-stat""><strong>EUR 150</strong><span>Prezzo indicativo da monitorare dalle principali aree aeroportuali italiane.</span></div>
  <div class=""cpv-stat""><strong>dicembre</strong><span>Periodo spesso interessante per tenere sotto controllo la rotta.</span></div>
  <div class=""cpv-stat""><strong>9</strong><span>Aeroporti italiani prioritari da confrontare per questa destinazione.</span></div>
</div>
<h2>Offerte voli per Barreirinhas</h2>
<p>Per trovare il miglior equilibrio tra prezzo, durata e comfort, conviene verificare piu aeroporti di partenza italiani e confrontare giorni feriali e weekend.</p>
<table>
  <thead>
    <tr><th>Partenza</th><th>Prezzo da</th><th>Durata indicativa</th><th>Mese da monitorare</th></tr>
  </thead>
  <tbody>
    <tr><td>Leonardo da Vinci-Fiumicino Airport (FCO)</td><td>EUR 78</td><td>11h 50</td><td>dicembre</td></tr><tr><td>Ciampino-G. B. Pastine International Airport (CIA)</td><td>EUR 106</td><td>9h 30</td><td>aprile</td></tr><tr><td>Milano Malpensa Airport (MXP)</td><td>EUR 45</td><td>8h 20</td><td>marzo</td></tr><tr><td>Orio al Serio International Airport (BGY)</td><td>EUR 143</td><td>8h 40</td><td>maggio</td></tr><tr><td>Milano Linate Airport (LIN)</td><td>EUR 62</td><td>4h 10</td><td>agosto</td></tr><tr><td>Naples International Airport (NAP)</td><td>EUR 19</td><td>10h 00</td><td>gennaio</td></tr><tr><td>Venice Marco Polo Airport (VCE)</td><td>EUR 127</td><td>7h 00</td><td>gennaio</td></tr><tr><td>Catania-Fontanarossa Airport (CTA)</td><td>EUR 129</td><td>7h 20</td><td>marzo</td></tr><tr><td>Guglielmo Marconi Airport (BLQ)</td><td>EUR 21</td><td>4h 20</td><td>marzo</td></tr>
  </tbody>
</table>
<h2>Aeroporti italiani da cui conviene partire</h2>
<div class=""cpv-chip-list""><span class=""cpv-chip"">Leonardo da Vinci-Fiumicino Airport</span><span class=""cpv-chip"">Ciampino-G. B. Pastine International Airport</span><span class=""cpv-chip"">Milano Malpensa Airport</span><span class=""cpv-chip"">Orio al Serio International Airport</span><span class=""cpv-chip"">Milano Linate Airport</span><span class=""cpv-chip"">Naples International Airport</span></div>
<div class=""cpv-landing-grid"">
  <div class=""cpv-landing-card""><strong>City break</strong><p>Se Barreirinhas e una meta urbana, le partenze del venerdi e del sabato sono spesso le piu monitorate.</p></div>
  <div class=""cpv-landing-card""><strong>Viaggi stagionali</strong><p>In alcuni periodi dell'anno le tariffe possono variare molto, soprattutto vicino ai ponti e alle festivita.</p></div>
  <div class=""cpv-landing-card""><strong>Confronto rapido</strong><p>Valuta aeroporti maggiori e secondari per capire se un piccolo spostamento porta a un risparmio concreto.</p></div>
</div>
<h2>Domande frequenti sui voli per Barreirinhas</h2>
<div class=""cpv-faq"">
  <details><summary>Qual e il modo migliore per cercare voli per Barreirinhas?</summary><p>Confronta piu aeroporti italiani, prova date flessibili e verifica anche partenze infrasettimanali per migliorare le possibilita di risparmio.</p></details>
  <details><summary>Meglio volo diretto o con scalo?</summary><p>Per tratte medio-brevi il diretto e spesso la scelta piu comoda, mentre su alcune rotte uno scalo puo ridurre il prezzo finale.</p></details>
  <details><summary>Quando controllare i prezzi per Barreirinhas?</summary><p>Vale la pena iniziare a monitorare la rotta in anticipo e verificare con regolarita i giorni piu vicini alla partenza ideale.</p></details>
</div>","Voli per citta|Voli intercontinentali",city,BRB,/voli-per/barreirinhas/,"Voli per Barreirinhas (BRB): offerte e guide | ConfrontaPrezziVoli","Trova voli per Barreirinhas dai principali aeroporti italiani. Tariffe indicative da EUR 150 e consigli per scegliere il periodo migliore.","voli per Barreirinhas",cities,"Mese tipicamente conveniente: dicembre"
post,publish,"Voli per Barrow (BRW): offerte, compagnie e periodo migliore per prenotare",voli-per-barrow-brw,"Confronta voli per Barrow dai principali aeroporti italiani. Scopri prezzi indicativi, compagnie e consigli utili per organizzare la partenza.","<div class=""cpv-landing-note"">
  <p><strong>Perche cercare voli per Barrow qui.</strong> Questa pagina raccoglie un quadro rapido delle partenze italiane piu interessanti per Barrow, con tariffe indicative e consigli per scegliere il periodo piu vantaggioso.</p>
</div>
<div class=""cpv-stat-grid"">
  <div class=""cpv-stat""><strong>EUR 43</strong><span>Prezzo indicativo da monitorare dalle principali aree aeroportuali italiane.</span></div>
  <div class=""cpv-stat""><strong>gennaio</strong><span>Periodo spesso interessante per tenere sotto controllo la rotta.</span></div>
  <div class=""cpv-stat""><strong>9</strong><span>Aeroporti italiani prioritari da confrontare per questa destinazione.</span></div>
</div>
<h2>Offerte voli per Barrow</h2>
<p>Per trovare il miglior equilibrio tra prezzo, durata e comfort, conviene verificare piu aeroporti di partenza italiani e confrontare giorni feriali e weekend.</p>
<table>
  <thead>
    <tr><th>Partenza</th><th>Prezzo da</th><th>Durata indicativa</th><th>Mese da monitorare</th></tr>
  </thead>
  <tbody>
    <tr><td>Leonardo da Vinci-Fiumicino Airport (FCO)</td><td>EUR 159</td><td>10h 20</td><td>settembre</td></tr><tr><td>Ciampino-G. B. Pastine International Airport (CIA)</td><td>EUR 103</td><td>7h 00</td><td>gennaio</td></tr><tr><td>Milano Malpensa Airport (MXP)</td><td>EUR 124</td><td>7h 30</td><td>ottobre</td></tr><tr><td>Orio al Serio International Airport (BGY)</td><td>EUR 58</td><td>4h 30</td><td>aprile</td></tr><tr><td>Milano Linate Airport (LIN)</td><td>EUR 175</td><td>10h 00</td><td>gennaio</td></tr><tr><td>Naples International Airport (NAP)</td><td>EUR 110</td><td>2h 10</td><td>agosto</td></tr><tr><td>Venice Marco Polo Airport (VCE)</td><td>EUR 178</td><td>1h 30</td><td>aprile</td></tr><tr><td>Catania-Fontanarossa Airport (CTA)</td><td>EUR 196</td><td>11h 30</td><td>ottobre</td></tr><tr><td>Guglielmo Marconi Airport (BLQ)</td><td>EUR 56</td><td>7h 10</td><td>febbraio</td></tr>
  </tbody>
</table>
<h2>Aeroporti italiani da cui conviene partire</h2>
<div class=""cpv-chip-list""><span class=""cpv-chip"">Leonardo da Vinci-Fiumicino Airport</span><span class=""cpv-chip"">Ciampino-G. B. Pastine International Airport</span><span class=""cpv-chip"">Milano Malpensa Airport</span><span class=""cpv-chip"">Orio al Serio International Airport</span><span class=""cpv-chip"">Milano Linate Airport</span><span class=""cpv-chip"">Naples International Airport</span></div>
<div class=""cpv-landing-grid"">
  <div class=""cpv-landing-card""><strong>City break</strong><p>Se Barrow e una meta urbana, le partenze del venerdi e del sabato sono spesso le piu monitorate.</p></div>
  <div class=""cpv-landing-card""><strong>Viaggi stagionali</strong><p>In alcuni periodi dell'anno le tariffe possono variare molto, soprattutto vicino ai ponti e alle festivita.</p></div>
  <div class=""cpv-landing-card""><strong>Confronto rapido</strong><p>Valuta aeroporti maggiori e secondari per capire se un piccolo spostamento porta a un risparmio concreto.</p></div>
</div>
<h2>Domande frequenti sui voli per Barrow</h2>
<div class=""cpv-faq"">
  <details><summary>Qual e il modo migliore per cercare voli per Barrow?</summary><p>Confronta piu aeroporti italiani, prova date flessibili e verifica anche partenze infrasettimanali per migliorare le possibilita di risparmio.</p></details>
  <details><summary>Meglio volo diretto o con scalo?</summary><p>Per tratte medio-brevi il diretto e spesso la scelta piu comoda, mentre su alcune rotte uno scalo puo ridurre il prezzo finale.</p></details>
  <details><summary>Quando controllare i prezzi per Barrow?</summary><p>Vale la pena iniziare a monitorare la rotta in anticipo e verificare con regolarita i giorni piu vicini alla partenza ideale.</p></details>
</div>","Voli per citta|Voli intercontinentali",city,BRW,/voli-per/barrow/,"Voli per Barrow (BRW): offerte e guide | ConfrontaPrezziVoli","Trova voli per Barrow dai principali aeroporti italiani. Tariffe indicative da EUR 43 e consigli per scegliere il periodo migliore.","voli per Barrow",cities,"Mese tipicamente conveniente: gennaio"
post,publish,"Voli per Barter Island (BTI): offerte, compagnie e periodo migliore per prenotare",voli-per-barter-island-bti,"Confronta voli per Barter Island dai principali aeroporti italiani. Scopri prezzi indicativi, compagnie e consigli utili per organizzare la partenza.","<div class=""cpv-landing-note"">
  <p><strong>Perche cercare voli per Barter Island qui.</strong> Questa pagina raccoglie un quadro rapido delle partenze italiane piu interessanti per Barter Island, con tariffe indicative e consigli per scegliere il periodo piu vantaggioso.</p>
</div>
<div class=""cpv-stat-grid"">
  <div class=""cpv-stat""><strong>EUR 28</strong><span>Prezzo indicativo da monitorare dalle principali aree aeroportuali italiane.</span></div>
  <div class=""cpv-stat""><strong>ottobre</strong><span>Periodo spesso interessante per tenere sotto controllo la rotta.</span></div>
  <div class=""cpv-stat""><strong>9</strong><span>Aeroporti italiani prioritari da confrontare per questa destinazione.</span></div>
</div>
<h2>Offerte voli per Barter Island</h2>
<p>Per trovare il miglior equilibrio tra prezzo, durata e comfort, conviene verificare piu aeroporti di partenza italiani e confrontare giorni feriali e weekend.</p>
<table>
  <thead>
    <tr><th>Partenza</th><th>Prezzo da</th><th>Durata indicativa</th><th>Mese da monitorare</th></tr>
  </thead>
  <tbody>
    <tr><td>Leonardo da Vinci-Fiumicino Airport (FCO)</td><td>EUR 104</td><td>9h 10</td><td>febbraio</td></tr><tr><td>Ciampino-G. B. Pastine International Airport (CIA)</td><td>EUR 196</td><td>7h 30</td><td>ottobre</td></tr><tr><td>Milano Malpensa Airport (MXP)</td><td>EUR 119</td><td>11h 40</td><td>maggio</td></tr><tr><td>Orio al Serio International Airport (BGY)</td><td>EUR 125</td><td>6h 40</td><td>novembre</td></tr><tr><td>Milano Linate Airport (LIN)</td><td>EUR 52</td><td>4h 30</td><td>ottobre</td></tr><tr><td>Naples International Airport (NAP)</td><td>EUR 21</td><td>11h 20</td><td>marzo</td></tr><tr><td>Venice Marco Polo Airport (VCE)</td><td>EUR 77</td><td>5h 40</td><td>novembre</td></tr><tr><td>Catania-Fontanarossa Airport (CTA)</td><td>EUR 59</td><td>1h 40</td><td>maggio</td></tr><tr><td>Guglielmo Marconi Airport (BLQ)</td><td>EUR 107</td><td>5h 40</td><td>maggio</td></tr>
  </tbody>
</table>
<h2>Aeroporti italiani da cui conviene partire</h2>
<div class=""cpv-chip-list""><span class=""cpv-chip"">Leonardo da Vinci-Fiumicino Airport</span><span class=""cpv-chip"">Ciampino-G. B. Pastine International Airport</span><span class=""cpv-chip"">Milano Malpensa Airport</span><span class=""cpv-chip"">Orio al Serio International Airport</span><span class=""cpv-chip"">Milano Linate Airport</span><span class=""cpv-chip"">Naples International Airport</span></div>
<div class=""cpv-landing-grid"">
  <div class=""cpv-landing-card""><strong>City break</strong><p>Se Barter Island e una meta urbana, le partenze del venerdi e del sabato sono spesso le piu monitorate.</p></div>
  <div class=""cpv-landing-card""><strong>Viaggi stagionali</strong><p>In alcuni periodi dell'anno le tariffe possono variare molto, soprattutto vicino ai ponti e alle festivita.</p></div>
  <div class=""cpv-landing-card""><strong>Confronto rapido</strong><p>Valuta aeroporti maggiori e secondari per capire se un piccolo spostamento porta a un risparmio concreto.</p></div>
</div>
<h2>Domande frequenti sui voli per Barter Island</h2>
<div class=""cpv-faq"">
  <details><summary>Qual e il modo migliore per cercare voli per Barter Island?</summary><p>Confronta piu aeroporti italiani, prova date flessibili e verifica anche partenze infrasettimanali per migliorare le possibilita di risparmio.</p></details>
  <details><summary>Meglio volo diretto o con scalo?</summary><p>Per tratte medio-brevi il diretto e spesso la scelta piu comoda, mentre su alcune rotte uno scalo puo ridurre il prezzo finale.</p></details>
  <details><summary>Quando controllare i prezzi per Barter Island?</summary><p>Vale la pena iniziare a monitorare la rotta in anticipo e verificare con regolarita i giorni piu vicini alla partenza ideale.</p></details>
</div>","Voli per citta|Voli intercontinentali",city,BTI,/voli-per/barter-island/,"Voli per Barter Island (BTI): offerte e guide | ConfrontaPrezziVoli","Trova voli per Barter Island dai principali aeroporti italiani. Tariffe indicative da EUR 28 e consigli per scegliere il periodo migliore.","voli per Barter Island",cities,"Mese tipicamente conveniente: ottobre"
post,publish,"Voli per Basco (BSO): offerte, compagnie e periodo migliore per prenotare",voli-per-basco-bso,"Confronta voli per Basco dai principali aeroporti italiani. Scopri prezzi indicativi, compagnie e consigli utili per organizzare la partenza.","<div class=""cpv-landing-note"">
  <p><strong>Perche cercare voli per Basco qui.</strong> Questa pagina raccoglie un quadro rapido delle partenze italiane piu interessanti per Basco, con tariffe indicative e consigli per scegliere il periodo piu vantaggioso.</p>
</div>
<div class=""cpv-stat-grid"">
  <div class=""cpv-stat""><strong>EUR 162</strong><span>Prezzo indicativo da monitorare dalle principali aree aeroportuali italiane.</span></div>
  <div class=""cpv-stat""><strong>dicembre</strong><span>Periodo spesso interessante per tenere sotto controllo la rotta.</span></div>
  <div class=""cpv-stat""><strong>9</strong><span>Aeroporti italiani prioritari da confrontare per questa destinazione.</span></div>
</div>
<h2>Offerte voli per Basco</h2>
<p>Per trovare il miglior equilibrio tra prezzo, durata e comfort, conviene verificare piu aeroporti di partenza italiani e confrontare giorni feriali e weekend.</p>
<table>
  <thead>
    <tr><th>Partenza</th><th>Prezzo da</th><th>Durata indicativa</th><th>Mese da monitorare</th></tr>
  </thead>
  <tbody>
    <tr><td>Leonardo da Vinci-Fiumicino Airport (FCO)</td><td>EUR 134</td><td>8h 10</td><td>agosto</td></tr><tr><td>Ciampino-G. B. Pastine International Airport (CIA)</td><td>EUR 110</td><td>10h 10</td><td>agosto</td></tr><tr><td>Milano Malpensa Airport (MXP)</td><td>EUR 85</td><td>4h 00</td><td>luglio</td></tr><tr><td>Orio al Serio International Airport (BGY)</td><td>EUR 51</td><td>2h 20</td><td>settembre</td></tr><tr><td>Milano Linate Airport (LIN)</td><td>EUR 194</td><td>2h 10</td><td>agosto</td></tr><tr><td>Naples International Airport (NAP)</td><td>EUR 195</td><td>9h 20</td><td>settembre</td></tr><tr><td>Venice Marco Polo Airport (VCE)</td><td>EUR 51</td><td>9h 20</td><td>settembre</td></tr><tr><td>Catania-Fontanarossa Airport (CTA)</td><td>EUR 89</td><td>5h 40</td><td>novembre</td></tr><tr><td>Guglielmo Marconi Airport (BLQ)</td><td>EUR 153</td><td>6h 20</td><td>marzo</td></tr>
  </tbody>
</table>
<h2>Aeroporti italiani da cui conviene partire</h2>
<div class=""cpv-chip-list""><span class=""cpv-chip"">Leonardo da Vinci-Fiumicino Airport</span><span class=""cpv-chip"">Ciampino-G. B. Pastine International Airport</span><span class=""cpv-chip"">Milano Malpensa Airport</span><span class=""cpv-chip"">Orio al Serio International Airport</span><span class=""cpv-chip"">Milano Linate Airport</span><span class=""cpv-chip"">Naples International Airport</span></div>
<div class=""cpv-landing-grid"">
  <div class=""cpv-landing-card""><strong>City break</strong><p>Se Basco e una meta urbana, le partenze del venerdi e del sabato sono spesso le piu monitorate.</p></div>
  <div class=""cpv-landing-card""><strong>Viaggi stagionali</strong><p>In alcuni periodi dell'anno le tariffe possono variare molto, soprattutto vicino ai ponti e alle festivita.</p></div>
  <div class=""cpv-landing-card""><strong>Confronto rapido</strong><p>Valuta aeroporti maggiori e secondari per capire se un piccolo spostamento porta a un risparmio concreto.</p></div>
</div>
<h2>Domande frequenti sui voli per Basco</h2>
<div class=""cpv-faq"">
  <details><summary>Qual e il modo migliore per cercare voli per Basco?</summary><p>Confronta piu aeroporti italiani, prova date flessibili e verifica anche partenze infrasettimanali per migliorare le possibilita di risparmio.</p></details>
  <details><summary>Meglio volo diretto o con scalo?</summary><p>Per tratte medio-brevi il diretto e spesso la scelta piu comoda, mentre su alcune rotte uno scalo puo ridurre il prezzo finale.</p></details>
  <details><summary>Quando controllare i prezzi per Basco?</summary><p>Vale la pena iniziare a monitorare la rotta in anticipo e verificare con regolarita i giorni piu vicini alla partenza ideale.</p></details>
</div>","Voli per citta|Voli intercontinentali",city,BSO,/voli-per/basco/,"Voli per Basco (BSO): offerte e guide | ConfrontaPrezziVoli","Trova voli per Basco dai principali aeroporti italiani. Tariffe indicative da EUR 162 e consigli per scegliere il periodo migliore.","voli per Basco",cities,"Mese tipicamente conveniente: dicembre"
post,publish,"Voli per Basel, Switzerland/Mulhouse (EAP): offerte, compagnie e periodo migliore per prenotare",voli-per-basel-switzerland-mulhouse-eap,"Confronta voli per Basel, Switzerland/Mulhouse dai principali aeroporti italiani. Scopri prezzi indicativi, compagnie e consigli utili per organizzare la partenza.","<div class=""cpv-landing-note"">
  <p><strong>Perche cercare voli per Basel, Switzerland/Mulhouse qui.</strong> Questa pagina raccoglie un quadro rapido delle partenze italiane piu interessanti per Basel, Switzerland/Mulhouse, con tariffe indicative e consigli per scegliere il periodo piu vantaggioso.</p>
</div>
<div class=""cpv-stat-grid"">
  <div class=""cpv-stat""><strong>EUR 71</strong><span>Prezzo indicativo da monitorare dalle principali aree aeroportuali italiane.</span></div>
  <div class=""cpv-stat""><strong>maggio</strong><span>Periodo spesso interessante per tenere sotto controllo la rotta.</span></div>
  <div class=""cpv-stat""><strong>9</strong><span>Aeroporti italiani prioritari da confrontare per questa destinazione.</span></div>
</div>
<h2>Offerte voli per Basel, Switzerland/Mulhouse</h2>
<p>Per trovare il miglior equilibrio tra prezzo, durata e comfort, conviene verificare piu aeroporti di partenza italiani e confrontare giorni feriali e weekend.</p>
<table>
  <thead>
    <tr><th>Partenza</th><th>Prezzo da</th><th>Durata indicativa</th><th>Mese da monitorare</th></tr>
  </thead>
  <tbody>
    <tr><td>Leonardo da Vinci-Fiumicino Airport (FCO)</td><td>EUR 155</td><td>3h 40</td><td>maggio</td></tr><tr><td>Ciampino-G. B. Pastine International Airport (CIA)</td><td>EUR 131</td><td>6h 40</td><td>maggio</td></tr><tr><td>Milano Malpensa Airport (MXP)</td><td>EUR 148</td><td>6h 30</td><td>ottobre</td></tr><tr><td>Orio al Serio International Airport (BGY)</td><td>EUR 26</td><td>11h 10</td><td>agosto</td></tr><tr><td>Milano Linate Airport (LIN)</td><td>EUR 191</td><td>2h 40</td><td>maggio</td></tr><tr><td>Naples International Airport (NAP)</td><td>EUR 62</td><td>1h 10</td><td>agosto</td></tr><tr><td>Venice Marco Polo Airport (VCE)</td><td>EUR 190</td><td>1h 30</td><td>aprile</td></tr><tr><td>Catania-Fontanarossa Airport (CTA)</td><td>EUR 156</td><td>10h 50</td><td>giugno</td></tr><tr><td>Guglielmo Marconi Airport (BLQ)</td><td>EUR 172</td><td>2h 30</td><td>ottobre</td></tr>
  </tbody>
</table>
<h2>Aeroporti italiani da cui conviene partire</h2>
<div class=""cpv-chip-list""><span class=""cpv-chip"">Leonardo da Vinci-Fiumicino Airport</span><span class=""cpv-chip"">Ciampino-G. B. Pastine International Airport</span><span class=""cpv-chip"">Milano Malpensa Airport</span><span class=""cpv-chip"">Orio al Serio International Airport</span><span class=""cpv-chip"">Milano Linate Airport</span><span class=""cpv-chip"">Naples International Airport</span></div>
<div class=""cpv-landing-grid"">
  <div class=""cpv-landing-card""><strong>City break</strong><p>Se Basel, Switzerland/Mulhouse e una meta urbana, le partenze del venerdi e del sabato sono spesso le piu monitorate.</p></div>
  <div class=""cpv-landing-card""><strong>Viaggi stagionali</strong><p>In alcuni periodi dell'anno le tariffe possono variare molto, soprattutto vicino ai ponti e alle festivita.</p></div>
  <div class=""cpv-landing-card""><strong>Confronto rapido</strong><p>Valuta aeroporti maggiori e secondari per capire se un piccolo spostamento porta a un risparmio concreto.</p></div>
</div>
<h2>Domande frequenti sui voli per Basel, Switzerland/Mulhouse</h2>
<div class=""cpv-faq"">
  <details><summary>Qual e il modo migliore per cercare voli per Basel, Switzerland/Mulhouse?</summary><p>Confronta piu aeroporti italiani, prova date flessibili e verifica anche partenze infrasettimanali per migliorare le possibilita di risparmio.</p></details>
  <details><summary>Meglio volo diretto o con scalo?</summary><p>Per tratte medio-brevi il diretto e spesso la scelta piu comoda, mentre su alcune rotte uno scalo puo ridurre il prezzo finale.</p></details>
  <details><summary>Quando controllare i prezzi per Basel, Switzerland/Mulhouse?</summary><p>Vale la pena iniziare a monitorare la rotta in anticipo e verificare con regolarita i giorni piu vicini alla partenza ideale.</p></details>
</div>","Voli per citta|Voli in Europa",city,EAP,/voli-per/basel-switzerland-mulhouse/,"Voli per Basel, Switzerland/Mulhouse (EAP): offerte e guide | ConfrontaPrezziVoli","Trova voli per Basel, Switzerland/Mulhouse dai principali aeroporti italiani. Tariffe indicative da EUR 71 e consigli per scegliere il periodo migliore.","voli per Basel, Switzerland/Mulhouse",cities,"Mese tipicamente conveniente: maggio"
post,publish,"Voli per Basra (BSR): offerte, compagnie e periodo migliore per prenotare",voli-per-basra-bsr,"Confronta voli per Basra dai principali aeroporti italiani. Scopri prezzi indicativi, compagnie e consigli utili per organizzare la partenza.","<div class=""cpv-landing-note"">
  <p><strong>Perche cercare voli per Basra qui.</strong> Questa pagina raccoglie un quadro rapido delle partenze italiane piu interessanti per Basra, con tariffe indicative e consigli per scegliere il periodo piu vantaggioso.</p>
</div>
<div class=""cpv-stat-grid"">
  <div class=""cpv-stat""><strong>EUR 161</strong><span>Prezzo indicativo da monitorare dalle principali aree aeroportuali italiane.</span></div>
  <div class=""cpv-stat""><strong>novembre</strong><span>Periodo spesso interessante per tenere sotto controllo la rotta.</span></div>
  <div class=""cpv-stat""><strong>9</strong><span>Aeroporti italiani prioritari da confrontare per questa destinazione.</span></div>
</div>
<h2>Offerte voli per Basra</h2>
<p>Per trovare il miglior equilibrio tra prezzo, durata e comfort, conviene verificare piu aeroporti di partenza italiani e confrontare giorni feriali e weekend.</p>
<table>
  <thead>
    <tr><th>Partenza</th><th>Prezzo da</th><th>Durata indicativa</th><th>Mese da monitorare</th></tr>
  </thead>
  <tbody>
    <tr><td>Leonardo da Vinci-Fiumicino Airport (FCO)</td><td>EUR 133</td><td>3h 00</td><td>luglio</td></tr><tr><td>Ciampino-G. B. Pastine International Airport (CIA)</td><td>EUR 101</td><td>6h 40</td><td>novembre</td></tr><tr><td>Milano Malpensa Airport (MXP)</td><td>EUR 38</td><td>2h 10</td><td>agosto</td></tr><tr><td>Orio al Serio International Airport (BGY)</td><td>EUR 184</td><td>4h 30</td><td>ottobre</td></tr><tr><td>Milano Linate Airport (LIN)</td><td>EUR 113</td><td>6h 40</td><td>novembre</td></tr><tr><td>Naples International Airport (NAP)</td><td>EUR 164</td><td>1h 10</td><td>febbraio</td></tr><tr><td>Venice Marco Polo Airport (VCE)</td><td>EUR 176</td><td>10h 10</td><td>febbraio</td></tr><tr><td>Catania-Fontanarossa Airport (CTA)</td><td>EUR 62</td><td>6h 10</td><td>agosto</td></tr><tr><td>Guglielmo Marconi Airport (BLQ)</td><td>EUR 134</td><td>3h 10</td><td>agosto</td></tr>
  </tbody>
</table>
<h2>Aeroporti italiani da cui conviene partire</h2>
<div class=""cpv-chip-list""><span class=""cpv-chip"">Leonardo da Vinci-Fiumicino Airport</span><span class=""cpv-chip"">Ciampino-G. B. Pastine International Airport</span><span class=""cpv-chip"">Milano Malpensa Airport</span><span class=""cpv-chip"">Orio al Serio International Airport</span><span class=""cpv-chip"">Milano Linate Airport</span><span class=""cpv-chip"">Naples International Airport</span></div>
<div class=""cpv-landing-grid"">
  <div class=""cpv-landing-card""><strong>City break</strong><p>Se Basra e una meta urbana, le partenze del venerdi e del sabato sono spesso le piu monitorate.</p></div>
  <div class=""cpv-landing-card""><strong>Viaggi stagionali</strong><p>In alcuni periodi dell'anno le tariffe possono variare molto, soprattutto vicino ai ponti e alle festivita.</p></div>
  <div class=""cpv-landing-card""><strong>Confronto rapido</strong><p>Valuta aeroporti maggiori e secondari per capire se un piccolo spostamento porta a un risparmio concreto.</p></div>
</div>
<h2>Domande frequenti sui voli per Basra</h2>
<div class=""cpv-faq"">
  <details><summary>Qual e il modo migliore per cercare voli per Basra?</summary><p>Confronta piu aeroporti italiani, prova date flessibili e verifica anche partenze infrasettimanali per migliorare le possibilita di risparmio.</p></details>
  <details><summary>Meglio volo diretto o con scalo?</summary><p>Per tratte medio-brevi il diretto e spesso la scelta piu comoda, mentre su alcune rotte uno scalo puo ridurre il prezzo finale.</p></details>
  <details><summary>Quando controllare i prezzi per Basra?</summary><p>Vale la pena iniziare a monitorare la rotta in anticipo e verificare con regolarita i giorni piu vicini alla partenza ideale.</p></details>
</div>","Voli per citta|Voli intercontinentali",city,BSR,/voli-per/basra/,"Voli per Basra (BSR): offerte e guide | ConfrontaPrezziVoli","Trova voli per Basra dai principali aeroporti italiani. Tariffe indicative da EUR 161 e consigli per scegliere il periodo migliore.","voli per Basra",cities,"Mese tipicamente conveniente: novembre"
post,publish,"Voli per Bastia (BIA): offerte, compagnie e periodo migliore per prenotare",voli-per-bastia-bia,"Confronta voli per Bastia dai principali aeroporti italiani. Scopri prezzi indicativi, compagnie e consigli utili per organizzare la partenza.","<div class=""cpv-landing-note"">
  <p><strong>Perche cercare voli per Bastia qui.</strong> Questa pagina raccoglie un quadro rapido delle partenze italiane piu interessanti per Bastia, con tariffe indicative e consigli per scegliere il periodo piu vantaggioso.</p>
</div>
<div class=""cpv-stat-grid"">
  <div class=""cpv-stat""><strong>EUR 22</strong><span>Prezzo indicativo da monitorare dalle principali aree aeroportuali italiane.</span></div>
  <div class=""cpv-stat""><strong>aprile</strong><span>Periodo spesso interessante per tenere sotto controllo la rotta.</span></div>
  <div class=""cpv-stat""><strong>9</strong><span>Aeroporti italiani prioritari da confrontare per questa destinazione.</span></div>
</div>
<h2>Offerte voli per Bastia</h2>
<p>Per trovare il miglior equilibrio tra prezzo, durata e comfort, conviene verificare piu aeroporti di partenza italiani e confrontare giorni feriali e weekend.</p>
<table>
  <thead>
    <tr><th>Partenza</th><th>Prezzo da</th><th>Durata indicativa</th><th>Mese da monitorare</th></tr>
  </thead>
  <tbody>
    <tr><td>Leonardo da Vinci-Fiumicino Airport (FCO)</td><td>EUR 66</td><td>4h 50</td><td>dicembre</td></tr><tr><td>Ciampino-G. B. Pastine International Airport (CIA)</td><td>EUR 50</td><td>1h 10</td><td>agosto</td></tr><tr><td>Milano Malpensa Airport (MXP)</td><td>EUR 25</td><td>5h 00</td><td>luglio</td></tr><tr><td>Orio al Serio International Airport (BGY)</td><td>EUR 35</td><td>1h 40</td><td>maggio</td></tr><tr><td>Milano Linate Airport (LIN)</td><td>EUR 74</td><td>5h 10</td><td>agosto</td></tr><tr><td>Naples International Airport (NAP)</td><td>EUR 79</td><td>7h 00</td><td>gennaio</td></tr><tr><td>Venice Marco Polo Airport (VCE)</td><td>EUR 39</td><td>5h 20</td><td>settembre</td></tr><tr><td>Catania-Fontanarossa Airport (CTA)</td><td>EUR 185</td><td>2h 40</td><td>novembre</td></tr><tr><td>Guglielmo Marconi Airport (BLQ)</td><td>EUR 53</td><td>7h 40</td><td>novembre</td></tr>
  </tbody>
</table>
<h2>Aeroporti italiani da cui conviene partire</h2>
<div class=""cpv-chip-list""><span class=""cpv-chip"">Leonardo da Vinci-Fiumicino Airport</span><span class=""cpv-chip"">Ciampino-G. B. Pastine International Airport</span><span class=""cpv-chip"">Milano Malpensa Airport</span><span class=""cpv-chip"">Orio al Serio International Airport</span><span class=""cpv-chip"">Milano Linate Airport</span><span class=""cpv-chip"">Naples International Airport</span></div>
<div class=""cpv-landing-grid"">
  <div class=""cpv-landing-card""><strong>City break</strong><p>Se Bastia e una meta urbana, le partenze del venerdi e del sabato sono spesso le piu monitorate.</p></div>
  <div class=""cpv-landing-card""><strong>Viaggi stagionali</strong><p>In alcuni periodi dell'anno le tariffe possono variare molto, soprattutto vicino ai ponti e alle festivita.</p></div>
  <div class=""cpv-landing-card""><strong>Confronto rapido</strong><p>Valuta aeroporti maggiori e secondari per capire se un piccolo spostamento porta a un risparmio concreto.</p></div>
</div>
<h2>Domande frequenti sui voli per Bastia</h2>
<div class=""cpv-faq"">
  <details><summary>Qual e il modo migliore per cercare voli per Bastia?</summary><p>Confronta piu aeroporti italiani, prova date flessibili e verifica anche partenze infrasettimanali per migliorare le possibilita di risparmio.</p></details>
  <details><summary>Meglio volo diretto o con scalo?</summary><p>Per tratte medio-brevi il diretto e spesso la scelta piu comoda, mentre su alcune rotte uno scalo puo ridurre il prezzo finale.</p></details>
  <details><summary>Quando controllare i prezzi per Bastia?</summary><p>Vale la pena iniziare a monitorare la rotta in anticipo e verificare con regolarita i giorni piu vicini alla partenza ideale.</p></details>
</div>","Voli per citta|Voli in Europa",city,BIA,/voli-per/bastia/,"Voli per Bastia (BIA): offerte e guide | ConfrontaPrezziVoli","Trova voli per Bastia dai principali aeroporti italiani. Tariffe indicative da EUR 22 e consigli per scegliere il periodo migliore.","voli per Bastia",cities,"Mese tipicamente conveniente: aprile"
post,publish,"Voli per Bata (BSG): offerte, compagnie e periodo migliore per prenotare",voli-per-bata-bsg,"Confronta voli per Bata dai principali aeroporti italiani. Scopri prezzi indicativi, compagnie e consigli utili per organizzare la partenza.","<div class=""cpv-landing-note"">
  <p><strong>Perche cercare voli per Bata qui.</strong> Questa pagina raccoglie un quadro rapido delle partenze italiane piu interessanti per Bata, con tariffe indicative e consigli per scegliere il periodo piu vantaggioso.</p>
</div>
<div class=""cpv-stat-grid"">
  <div class=""cpv-stat""><strong>EUR 108</strong><span>Prezzo indicativo da monitorare dalle principali aree aeroportuali italiane.</span></div>
  <div class=""cpv-stat""><strong>giugno</strong><span>Periodo spesso interessante per tenere sotto controllo la rotta.</span></div>
  <div class=""cpv-stat""><strong>9</strong><span>Aeroporti italiani prioritari da confrontare per questa destinazione.</span></div>
</div>
<h2>Offerte voli per Bata</h2>
<p>Per trovare il miglior equilibrio tra prezzo, durata e comfort, conviene verificare piu aeroporti di partenza italiani e confrontare giorni feriali e weekend.</p>
<table>
  <thead>
    <tr><th>Partenza</th><th>Prezzo da</th><th>Durata indicativa</th><th>Mese da monitorare</th></tr>
  </thead>
  <tbody>
    <tr><td>Leonardo da Vinci-Fiumicino Airport (FCO)</td><td>EUR 28</td><td>3h 30</td><td>ottobre</td></tr><tr><td>Ciampino-G. B. Pastine International Airport (CIA)</td><td>EUR 32</td><td>6h 10</td><td>febbraio</td></tr><tr><td>Milano Malpensa Airport (MXP)</td><td>EUR 167</td><td>1h 40</td><td>maggio</td></tr><tr><td>Orio al Serio International Airport (BGY)</td><td>EUR 37</td><td>2h 00</td><td>luglio</td></tr><tr><td>Milano Linate Airport (LIN)</td><td>EUR 104</td><td>3h 10</td><td>febbraio</td></tr><tr><td>Naples International Airport (NAP)</td><td>EUR 109</td><td>1h 00</td><td>luglio</td></tr><tr><td>Venice Marco Polo Airport (VCE)</td><td>EUR 149</td><td>3h 40</td><td>novembre</td></tr><tr><td>Catania-Fontanarossa Airport (CTA)</td><td>EUR 47</td><td>2h 40</td><td>maggio</td></tr><tr><td>Guglielmo Marconi Airport (BLQ)</td><td>EUR 87</td><td>9h 20</td><td>settembre</td></tr>
  </tbody>
</table>
<h2>Aeroporti italiani da cui conviene partire</h2>
<div class=""cpv-chip-list""><span class=""cpv-chip"">Leonardo da Vinci-Fiumicino Airport</span><span class=""cpv-chip"">Ciampino-G. B. Pastine International Airport</span><span class=""cpv-chip"">Milano Malpensa Airport</span><span class=""cpv-chip"">Orio al Serio International Airport</span><span class=""cpv-chip"">Milano Linate Airport</span><span class=""cpv-chip"">Naples International Airport</span></div>
<div class=""cpv-landing-grid"">
  <div class=""cpv-landing-card""><strong>City break</strong><p>Se Bata e una meta urbana, le partenze del venerdi e del sabato sono spesso le piu monitorate.</p></div>
  <div class=""cpv-landing-card""><strong>Viaggi stagionali</strong><p>In alcuni periodi dell'anno le tariffe possono variare molto, soprattutto vicino ai ponti e alle festivita.</p></div>
  <div class=""cpv-landing-card""><strong>Confronto rapido</strong><p>Valuta aeroporti maggiori e secondari per capire se un piccolo spostamento porta a un risparmio concreto.</p></div>
</div>
<h2>Domande frequenti sui voli per Bata</h2>
<div class=""cpv-faq"">
  <details><summary>Qual e il modo migliore per cercare voli per Bata?</summary><p>Confronta piu aeroporti italiani, prova date flessibili e verifica anche partenze infrasettimanali per migliorare le possibilita di risparmio.</p></details>
  <details><summary>Meglio volo diretto o con scalo?</summary><p>Per tratte medio-brevi il diretto e spesso la scelta piu comoda, mentre su alcune rotte uno scalo puo ridurre il prezzo finale.</p></details>
  <details><summary>Quando controllare i prezzi per Bata?</summary><p>Vale la pena iniziare a monitorare la rotta in anticipo e verificare con regolarita i giorni piu vicini alla partenza ideale.</p></details>
</div>","Voli per citta|Voli intercontinentali",city,BSG,/voli-per/bata/,"Voli per Bata (BSG): offerte e guide | ConfrontaPrezziVoli","Trova voli per Bata dai principali aeroporti italiani. Tariffe indicative da EUR 108 e consigli per scegliere il periodo migliore.","voli per Bata",cities,"Mese tipicamente conveniente: giugno"
post,publish,"Voli per Batagay (BQJ): offerte, compagnie e periodo migliore per prenotare",voli-per-batagay-bqj,"Confronta voli per Batagay dai principali aeroporti italiani. Scopri prezzi indicativi, compagnie e consigli utili per organizzare la partenza.","<div class=""cpv-landing-note"">
  <p><strong>Perche cercare voli per Batagay qui.</strong> Questa pagina raccoglie un quadro rapido delle partenze italiane piu interessanti per Batagay, con tariffe indicative e consigli per scegliere il periodo piu vantaggioso.</p>
</div>
<div class=""cpv-stat-grid"">
  <div class=""cpv-stat""><strong>EUR 85</strong><span>Prezzo indicativo da monitorare dalle principali aree aeroportuali italiane.</span></div>
  <div class=""cpv-stat""><strong>luglio</strong><span>Periodo spesso interessante per tenere sotto controllo la rotta.</span></div>
  <div class=""cpv-stat""><strong>9</strong><span>Aeroporti italiani prioritari da confrontare per questa destinazione.</span></div>
</div>
<h2>Offerte voli per Batagay</h2>
<p>Per trovare il miglior equilibrio tra prezzo, durata e comfort, conviene verificare piu aeroporti di partenza italiani e confrontare giorni feriali e weekend.</p>
<table>
  <thead>
    <tr><th>Partenza</th><th>Prezzo da</th><th>Durata indicativa</th><th>Mese da monitorare</th></tr>
  </thead>
  <tbody>
    <tr><td>Leonardo da Vinci-Fiumicino Airport (FCO)</td><td>EUR 145</td><td>10h 00</td><td>luglio</td></tr><tr><td>Ciampino-G. B. Pastine International Airport (CIA)</td><td>EUR 45</td><td>5h 20</td><td>marzo</td></tr><tr><td>Milano Malpensa Airport (MXP)</td><td>EUR 154</td><td>6h 30</td><td>aprile</td></tr><tr><td>Orio al Serio International Airport (BGY)</td><td>EUR 124</td><td>2h 30</td><td>ottobre</td></tr><tr><td>Milano Linate Airport (LIN)</td><td>EUR 93</td><td>4h 20</td><td>marzo</td></tr><tr><td>Naples International Airport (NAP)</td><td>EUR 136</td><td>11h 30</td><td>ottobre</td></tr><tr><td>Venice Marco Polo Airport (VCE)</td><td>EUR 96</td><td>7h 50</td><td>giugno</td></tr><tr><td>Catania-Fontanarossa Airport (CTA)</td><td>EUR 138</td><td>9h 50</td><td>dicembre</td></tr><tr><td>Guglielmo Marconi Airport (BLQ)</td><td>EUR 150</td><td>6h 50</td><td>dicembre</td></tr>
  </tbody>
</table>
<h2>Aeroporti italiani da cui conviene partire</h2>
<div class=""cpv-chip-list""><span class=""cpv-chip"">Leonardo da Vinci-Fiumicino Airport</span><span class=""cpv-chip"">Ciampino-G. B. Pastine International Airport</span><span class=""cpv-chip"">Milano Malpensa Airport</span><span class=""cpv-chip"">Orio al Serio International Airport</span><span class=""cpv-chip"">Milano Linate Airport</span><span class=""cpv-chip"">Naples International Airport</span></div>
<div class=""cpv-landing-grid"">
  <div class=""cpv-landing-card""><strong>City break</strong><p>Se Batagay e una meta urbana, le partenze del venerdi e del sabato sono spesso le piu monitorate.</p></div>
  <div class=""cpv-landing-card""><strong>Viaggi stagionali</strong><p>In alcuni periodi dell'anno le tariffe possono variare molto, soprattutto vicino ai ponti e alle festivita.</p></div>
  <div class=""cpv-landing-card""><strong>Confronto rapido</strong><p>Valuta aeroporti maggiori e secondari per capire se un piccolo spostamento porta a un risparmio concreto.</p></div>
</div>
<h2>Domande frequenti sui voli per Batagay</h2>
<div class=""cpv-faq"">
  <details><summary>Qual e il modo migliore per cercare voli per Batagay?</summary><p>Confronta piu aeroporti italiani, prova date flessibili e verifica anche partenze infrasettimanali per migliorare le possibilita di risparmio.</p></details>
  <details><summary>Meglio volo diretto o con scalo?</summary><p>Per tratte medio-brevi il diretto e spesso la scelta piu comoda, mentre su alcune rotte uno scalo puo ridurre il prezzo finale.</p></details>
  <details><summary>Quando controllare i prezzi per Batagay?</summary><p>Vale la pena iniziare a monitorare la rotta in anticipo e verificare con regolarita i giorni piu vicini alla partenza ideale.</p></details>
</div>","Voli per citta|Voli intercontinentali",city,BQJ,/voli-per/batagay/,"Voli per Batagay (BQJ): offerte e guide | ConfrontaPrezziVoli","Trova voli per Batagay dai principali aeroporti italiani. Tariffe indicative da EUR 85 e consigli per scegliere il periodo migliore.","voli per Batagay",cities,"Mese tipicamente conveniente: luglio"
post,publish,"Voli per Batagay-Alyta (SUK): offerte, compagnie e periodo migliore per prenotare",voli-per-batagay-alyta-suk,"Confronta voli per Batagay-Alyta dai principali aeroporti italiani. Scopri prezzi indicativi, compagnie e consigli utili per organizzare la partenza.","<div class=""cpv-landing-note"">
  <p><strong>Perche cercare voli per Batagay-Alyta qui.</strong> Questa pagina raccoglie un quadro rapido delle partenze italiane piu interessanti per Batagay-Alyta, con tariffe indicative e consigli per scegliere il periodo piu vantaggioso.</p>
</div>
<div class=""cpv-stat-grid"">
  <div class=""cpv-stat""><strong>EUR 186</strong><span>Prezzo indicativo da monitorare dalle principali aree aeroportuali italiane.</span></div>
  <div class=""cpv-stat""><strong>dicembre</strong><span>Periodo spesso interessante per tenere sotto controllo la rotta.</span></div>
  <div class=""cpv-stat""><strong>9</strong><span>Aeroporti italiani prioritari da confrontare per questa destinazione.</span></div>
</div>
<h2>Offerte voli per Batagay-Alyta</h2>
<p>Per trovare il miglior equilibrio tra prezzo, durata e comfort, conviene verificare piu aeroporti di partenza italiani e confrontare giorni feriali e weekend.</p>
<table>
  <thead>
    <tr><th>Partenza</th><th>Prezzo da</th><th>Durata indicativa</th><th>Mese da monitorare</th></tr>
  </thead>
  <tbody>
    <tr><td>Leonardo da Vinci-Fiumicino Airport (FCO)</td><td>EUR 90</td><td>9h 50</td><td>dicembre</td></tr><tr><td>Ciampino-G. B. Pastine International Airport (CIA)</td><td>EUR 90</td><td>2h 50</td><td>dicembre</td></tr><tr><td>Milano Malpensa Airport (MXP)</td><td>EUR 45</td><td>2h 20</td><td>marzo</td></tr><tr><td>Orio al Serio International Airport (BGY)</td><td>EUR 83</td><td>1h 40</td><td>maggio</td></tr><tr><td>Milano Linate Airport (LIN)</td><td>EUR 30</td><td>10h 50</td><td>dicembre</td></tr><tr><td>Naples International Airport (NAP)</td><td>EUR 127</td><td>10h 00</td><td>gennaio</td></tr><tr><td>Venice Marco Polo Airport (VCE)</td><td>EUR 159</td><td>3h 20</td><td>settembre</td></tr><tr><td>Catania-Fontanarossa Airport (CTA)</td><td>EUR 153</td><td>6h 20</td><td>marzo</td></tr><tr><td>Guglielmo Marconi Airport (BLQ)</td><td>EUR 141</td><td>9h 20</td><td>marzo</td></tr>
  </tbody>
</table>
<h2>Aeroporti italiani da cui conviene partire</h2>
<div class=""cpv-chip-list""><span class=""cpv-chip"">Leonardo da Vinci-Fiumicino Airport</span><span class=""cpv-chip"">Ciampino-G. B. Pastine International Airport</span><span class=""cpv-chip"">Milano Malpensa Airport</span><span class=""cpv-chip"">Orio al Serio International Airport</span><span class=""cpv-chip"">Milano Linate Airport</span><span class=""cpv-chip"">Naples International Airport</span></div>
<div class=""cpv-landing-grid"">
  <div class=""cpv-landing-card""><strong>City break</strong><p>Se Batagay-Alyta e una meta urbana, le partenze del venerdi e del sabato sono spesso le piu monitorate.</p></div>
  <div class=""cpv-landing-card""><strong>Viaggi stagionali</strong><p>In alcuni periodi dell'anno le tariffe possono variare molto, soprattutto vicino ai ponti e alle festivita.</p></div>
  <div class=""cpv-landing-card""><strong>Confronto rapido</strong><p>Valuta aeroporti maggiori e secondari per capire se un piccolo spostamento porta a un risparmio concreto.</p></div>
</div>
<h2>Domande frequenti sui voli per Batagay-Alyta</h2>
<div class=""cpv-faq"">
  <details><summary>Qual e il modo migliore per cercare voli per Batagay-Alyta?</summary><p>Confronta piu aeroporti italiani, prova date flessibili e verifica anche partenze infrasettimanali per migliorare le possibilita di risparmio.</p></details>
  <details><summary>Meglio volo diretto o con scalo?</summary><p>Per tratte medio-brevi il diretto e spesso la scelta piu comoda, mentre su alcune rotte uno scalo puo ridurre il prezzo finale.</p></details>
  <details><summary>Quando controllare i prezzi per Batagay-Alyta?</summary><p>Vale la pena iniziare a monitorare la rotta in anticipo e verificare con regolarita i giorni piu vicini alla partenza ideale.</p></details>
</div>","Voli per citta|Voli intercontinentali",city,SUK,/voli-per/batagay-alyta/,"Voli per Batagay-Alyta (SUK): offerte e guide | ConfrontaPrezziVoli","Trova voli per Batagay-Alyta dai principali aeroporti italiani. Tariffe indicative da EUR 186 e consigli per scegliere il periodo migliore.","voli per Batagay-Alyta",cities,"Mese tipicamente conveniente: dicembre"
post,publish,"Voli per Batam (BTH): offerte, compagnie e periodo migliore per prenotare",voli-per-batam-bth,"Confronta voli per Batam dai principali aeroporti italiani. Scopri prezzi indicativi, compagnie e consigli utili per organizzare la partenza.","<div class=""cpv-landing-note"">
  <p><strong>Perche cercare voli per Batam qui.</strong> Questa pagina raccoglie un quadro rapido delle partenze italiane piu interessanti per Batam, con tariffe indicative e consigli per scegliere il periodo piu vantaggioso.</p>
</div>
<div class=""cpv-stat-grid"">
  <div class=""cpv-stat""><strong>EUR 114</strong><span>Prezzo indicativo da monitorare dalle principali aree aeroportuali italiane.</span></div>
  <div class=""cpv-stat""><strong>dicembre</strong><span>Periodo spesso interessante per tenere sotto controllo la rotta.</span></div>
  <div class=""cpv-stat""><strong>9</strong><span>Aeroporti italiani prioritari da confrontare per questa destinazione.</span></div>
</div>
<h2>Offerte voli per Batam</h2>
<p>Per trovare il miglior equilibrio tra prezzo, durata e comfort, conviene verificare piu aeroporti di partenza italiani e confrontare giorni feriali e weekend.</p>
<table>
  <thead>
    <tr><th>Partenza</th><th>Prezzo da</th><th>Durata indicativa</th><th>Mese da monitorare</th></tr>
  </thead>
  <tbody>
    <tr><td>Leonardo da Vinci-Fiumicino Airport (FCO)</td><td>EUR 34</td><td>9h 30</td><td>aprile</td></tr><tr><td>Ciampino-G. B. Pastine International Airport (CIA)</td><td>EUR 162</td><td>10h 50</td><td>dicembre</td></tr><tr><td>Milano Malpensa Airport (MXP)</td><td>EUR 193</td><td>7h 00</td><td>luglio</td></tr><tr><td>Orio al Serio International Airport (BGY)</td><td>EUR 71</td><td>8h 40</td><td>maggio</td></tr><tr><td>Milano Linate Airport (LIN)</td><td>EUR 130</td><td>11h 30</td><td>aprile</td></tr><tr><td>Naples International Airport (NAP)</td><td>EUR 183</td><td>7h 20</td><td>settembre</td></tr><tr><td>Venice Marco Polo Airport (VCE)</td><td>EUR 187</td><td>3h 00</td><td>gennaio</td></tr><tr><td>Catania-Fontanarossa Airport (CTA)</td><td>EUR 117</td><td>5h 20</td><td>marzo</td></tr><tr><td>Guglielmo Marconi Airport (BLQ)</td><td>EUR 141</td><td>11h 20</td><td>marzo</td></tr>
  </tbody>
</table>
<h2>Aeroporti italiani da cui conviene partire</h2>
<div class=""cpv-chip-list""><span class=""cpv-chip"">Leonardo da Vinci-Fiumicino Airport</span><span class=""cpv-chip"">Ciampino-G. B. Pastine International Airport</span><span class=""cpv-chip"">Milano Malpensa Airport</span><span class=""cpv-chip"">Orio al Serio International Airport</span><span class=""cpv-chip"">Milano Linate Airport</span><span class=""cpv-chip"">Naples International Airport</span></div>
<div class=""cpv-landing-grid"">
  <div class=""cpv-landing-card""><strong>City break</strong><p>Se Batam e una meta urbana, le partenze del venerdi e del sabato sono spesso le piu monitorate.</p></div>
  <div class=""cpv-landing-card""><strong>Viaggi stagionali</strong><p>In alcuni periodi dell'anno le tariffe possono variare molto, soprattutto vicino ai ponti e alle festivita.</p></div>
  <div class=""cpv-landing-card""><strong>Confronto rapido</strong><p>Valuta aeroporti maggiori e secondari per capire se un piccolo spostamento porta a un risparmio concreto.</p></div>
</div>
<h2>Domande frequenti sui voli per Batam</h2>
<div class=""cpv-faq"">
  <details><summary>Qual e il modo migliore per cercare voli per Batam?</summary><p>Confronta piu aeroporti italiani, prova date flessibili e verifica anche partenze infrasettimanali per migliorare le possibilita di risparmio.</p></details>
  <details><summary>Meglio volo diretto o con scalo?</summary><p>Per tratte medio-brevi il diretto e spesso la scelta piu comoda, mentre su alcune rotte uno scalo puo ridurre il prezzo finale.</p></details>
  <details><summary>Quando controllare i prezzi per Batam?</summary><p>Vale la pena iniziare a monitorare la rotta in anticipo e verificare con regolarita i giorni piu vicini alla partenza ideale.</p></details>
</div>","Voli per citta|Voli intercontinentali",city,BTH,/voli-per/batam/,"Voli per Batam (BTH): offerte e guide | ConfrontaPrezziVoli","Trova voli per Batam dai principali aeroporti italiani. Tariffe indicative da EUR 114 e consigli per scegliere il periodo migliore.","voli per Batam",cities,"Mese tipicamente conveniente: dicembre"
post,publish,"Voli per Bathurst (BHS): offerte, compagnie e periodo migliore per prenotare",voli-per-bathurst-bhs,"Confronta voli per Bathurst dai principali aeroporti italiani. Scopri prezzi indicativi, compagnie e consigli utili per organizzare la partenza.","<div class=""cpv-landing-note"">
  <p><strong>Perche cercare voli per Bathurst qui.</strong> Questa pagina raccoglie un quadro rapido delle partenze italiane piu interessanti per Bathurst, con tariffe indicative e consigli per scegliere il periodo piu vantaggioso.</p>
</div>
<div class=""cpv-stat-grid"">
  <div class=""cpv-stat""><strong>EUR 145</strong><span>Prezzo indicativo da monitorare dalle principali aree aeroportuali italiane.</span></div>
  <div class=""cpv-stat""><strong>luglio</strong><span>Periodo spesso interessante per tenere sotto controllo la rotta.</span></div>
  <div class=""cpv-stat""><strong>9</strong><span>Aeroporti italiani prioritari da confrontare per questa destinazione.</span></div>
</div>
<h2>Offerte voli per Bathurst</h2>
<p>Per trovare il miglior equilibrio tra prezzo, durata e comfort, conviene verificare piu aeroporti di partenza italiani e confrontare giorni feriali e weekend.</p>
<table>
  <thead>
    <tr><th>Partenza</th><th>Prezzo da</th><th>Durata indicativa</th><th>Mese da monitorare</th></tr>
  </thead>
  <tbody>
    <tr><td>Leonardo da Vinci-Fiumicino Airport (FCO)</td><td>EUR 169</td><td>11h 00</td><td>luglio</td></tr><tr><td>Ciampino-G. B. Pastine International Airport (CIA)</td><td>EUR 169</td><td>6h 00</td><td>luglio</td></tr><tr><td>Milano Malpensa Airport (MXP)</td><td>EUR 142</td><td>3h 30</td><td>aprile</td></tr><tr><td>Orio al Serio International Airport (BGY)</td><td>EUR 124</td><td>7h 30</td><td>ottobre</td></tr><tr><td>Milano Linate Airport (LIN)</td><td>EUR 53</td><td>7h 40</td><td>novembre</td></tr><tr><td>Naples International Airport (NAP)</td><td>EUR 48</td><td>8h 50</td><td>giugno</td></tr><tr><td>Venice Marco Polo Airport (VCE)</td><td>EUR 108</td><td>6h 50</td><td>giugno</td></tr><tr><td>Catania-Fontanarossa Airport (CTA)</td><td>EUR 178</td><td>9h 30</td><td>aprile</td></tr><tr><td>Guglielmo Marconi Airport (BLQ)</td><td>EUR 158</td><td>4h 10</td><td>agosto</td></tr>
  </tbody>
</table>
<h2>Aeroporti italiani da cui conviene partire</h2>
<div class=""cpv-chip-list""><span class=""cpv-chip"">Leonardo da Vinci-Fiumicino Airport</span><span class=""cpv-chip"">Ciampino-G. B. Pastine International Airport</span><span class=""cpv-chip"">Milano Malpensa Airport</span><span class=""cpv-chip"">Orio al Serio International Airport</span><span class=""cpv-chip"">Milano Linate Airport</span><span class=""cpv-chip"">Naples International Airport</span></div>
<div class=""cpv-landing-grid"">
  <div class=""cpv-landing-card""><strong>City break</strong><p>Se Bathurst e una meta urbana, le partenze del venerdi e del sabato sono spesso le piu monitorate.</p></div>
  <div class=""cpv-landing-card""><strong>Viaggi stagionali</strong><p>In alcuni periodi dell'anno le tariffe possono variare molto, soprattutto vicino ai ponti e alle festivita.</p></div>
  <div class=""cpv-landing-card""><strong>Confronto rapido</strong><p>Valuta aeroporti maggiori e secondari per capire se un piccolo spostamento porta a un risparmio concreto.</p></div>
</div>
<h2>Domande frequenti sui voli per Bathurst</h2>
<div class=""cpv-faq"">
  <details><summary>Qual e il modo migliore per cercare voli per Bathurst?</summary><p>Confronta piu aeroporti italiani, prova date flessibili e verifica anche partenze infrasettimanali per migliorare le possibilita di risparmio.</p></details>
  <details><summary>Meglio volo diretto o con scalo?</summary><p>Per tratte medio-brevi il diretto e spesso la scelta piu comoda, mentre su alcune rotte uno scalo puo ridurre il prezzo finale.</p></details>
  <details><summary>Quando controllare i prezzi per Bathurst?</summary><p>Vale la pena iniziare a monitorare la rotta in anticipo e verificare con regolarita i giorni piu vicini alla partenza ideale.</p></details>
</div>","Voli per citta|Voli intercontinentali",city,BHS,/voli-per/bathurst/,"Voli per Bathurst (BHS): offerte e guide | ConfrontaPrezziVoli","Trova voli per Bathurst dai principali aeroporti italiani. Tariffe indicative da EUR 145 e consigli per scegliere il periodo migliore.","voli per Bathurst",cities,"Mese tipicamente conveniente: luglio"
post,publish,"Voli per Bathurst (ZBF): offerte, compagnie e periodo migliore per prenotare",voli-per-bathurst-zbf,"Confronta voli per Bathurst dai principali aeroporti italiani. Scopri prezzi indicativi, compagnie e consigli utili per organizzare la partenza.","<div class=""cpv-landing-note"">
  <p><strong>Perche cercare voli per Bathurst qui.</strong> Questa pagina raccoglie un quadro rapido delle partenze italiane piu interessanti per Bathurst, con tariffe indicative e consigli per scegliere il periodo piu vantaggioso.</p>
</div>
<div class=""cpv-stat-grid"">
  <div class=""cpv-stat""><strong>EUR 158</strong><span>Prezzo indicativo da monitorare dalle principali aree aeroportuali italiane.</span></div>
  <div class=""cpv-stat""><strong>agosto</strong><span>Periodo spesso interessante per tenere sotto controllo la rotta.</span></div>
  <div class=""cpv-stat""><strong>9</strong><span>Aeroporti italiani prioritari da confrontare per questa destinazione.</span></div>
</div>
<h2>Offerte voli per Bathurst</h2>
<p>Per trovare il miglior equilibrio tra prezzo, durata e comfort, conviene verificare piu aeroporti di partenza italiani e confrontare giorni feriali e weekend.</p>
<table>
  <thead>
    <tr><th>Partenza</th><th>Prezzo da</th><th>Durata indicativa</th><th>Mese da monitorare</th></tr>
  </thead>
  <tbody>
    <tr><td>Leonardo da Vinci-Fiumicino Airport (FCO)</td><td>EUR 142</td><td>5h 30</td><td>aprile</td></tr><tr><td>Ciampino-G. B. Pastine International Airport (CIA)</td><td>EUR 70</td><td>9h 30</td><td>aprile</td></tr><tr><td>Milano Malpensa Airport (MXP)</td><td>EUR 121</td><td>4h 00</td><td>luglio</td></tr><tr><td>Orio al Serio International Airport (BGY)</td><td>EUR 155</td><td>11h 40</td><td>maggio</td></tr><tr><td>Milano Linate Airport (LIN)</td><td>EUR 182</td><td>10h 10</td><td>agosto</td></tr><tr><td>Naples International Airport (NAP)</td><td>EUR 179</td><td>2h 40</td><td>maggio</td></tr><tr><td>Venice Marco Polo Airport (VCE)</td><td>EUR 191</td><td>6h 40</td><td>maggio</td></tr><tr><td>Catania-Fontanarossa Airport (CTA)</td><td>EUR 141</td><td>11h 20</td><td>marzo</td></tr><tr><td>Guglielmo Marconi Airport (BLQ)</td><td>EUR 53</td><td>9h 40</td><td>novembre</td></tr>
  </tbody>
</table>
<h2>Aeroporti italiani da cui conviene partire</h2>
<div class=""cpv-chip-list""><span class=""cpv-chip"">Leonardo da Vinci-Fiumicino Airport</span><span class=""cpv-chip"">Ciampino-G. B. Pastine International Airport</span><span class=""cpv-chip"">Milano Malpensa Airport</span><span class=""cpv-chip"">Orio al Serio International Airport</span><span class=""cpv-chip"">Milano Linate Airport</span><span class=""cpv-chip"">Naples International Airport</span></div>
<div class=""cpv-landing-grid"">
  <div class=""cpv-landing-card""><strong>City break</strong><p>Se Bathurst e una meta urbana, le partenze del venerdi e del sabato sono spesso le piu monitorate.</p></div>
  <div class=""cpv-landing-card""><strong>Viaggi stagionali</strong><p>In alcuni periodi dell'anno le tariffe possono variare molto, soprattutto vicino ai ponti e alle festivita.</p></div>
  <div class=""cpv-landing-card""><strong>Confronto rapido</strong><p>Valuta aeroporti maggiori e secondari per capire se un piccolo spostamento porta a un risparmio concreto.</p></div>
</div>
<h2>Domande frequenti sui voli per Bathurst</h2>
<div class=""cpv-faq"">
  <details><summary>Qual e il modo migliore per cercare voli per Bathurst?</summary><p>Confronta piu aeroporti italiani, prova date flessibili e verifica anche partenze infrasettimanali per migliorare le possibilita di risparmio.</p></details>
  <details><summary>Meglio volo diretto o con scalo?</summary><p>Per tratte medio-brevi il diretto e spesso la scelta piu comoda, mentre su alcune rotte uno scalo puo ridurre il prezzo finale.</p></details>
  <details><summary>Quando controllare i prezzi per Bathurst?</summary><p>Vale la pena iniziare a monitorare la rotta in anticipo e verificare con regolarita i giorni piu vicini alla partenza ideale.</p></details>
</div>","Voli per citta|Voli intercontinentali",city,ZBF,/voli-per/bathurst/,"Voli per Bathurst (ZBF): offerte e guide | ConfrontaPrezziVoli","Trova voli per Bathurst dai principali aeroporti italiani. Tariffe indicative da EUR 158 e consigli per scegliere il periodo migliore.","voli per Bathurst",cities,"Mese tipicamente conveniente: agosto"
post,publish,"Voli per Batken (БАТ): offerte, compagnie e periodo migliore per prenotare",voli-per-batken-БАТ,"Confronta voli per Batken dai principali aeroporti italiani. Scopri prezzi indicativi, compagnie e consigli utili per organizzare la partenza.","<div class=""cpv-landing-note"">
  <p><strong>Perche cercare voli per Batken qui.</strong> Questa pagina raccoglie un quadro rapido delle partenze italiane piu interessanti per Batken, con tariffe indicative e consigli per scegliere il periodo piu vantaggioso.</p>
</div>
<div class=""cpv-stat-grid"">
  <div class=""cpv-stat""><strong>EUR 34</strong><span>Prezzo indicativo da monitorare dalle principali aree aeroportuali italiane.</span></div>
  <div class=""cpv-stat""><strong>aprile</strong><span>Periodo spesso interessante per tenere sotto controllo la rotta.</span></div>
  <div class=""cpv-stat""><strong>9</strong><span>Aeroporti italiani prioritari da confrontare per questa destinazione.</span></div>
</div>
<h2>Offerte voli per Batken</h2>
<p>Per trovare il miglior equilibrio tra prezzo, durata e comfort, conviene verificare piu aeroporti di partenza italiani e confrontare giorni feriali e weekend.</p>
<table>
  <thead>
    <tr><th>Partenza</th><th>Prezzo da</th><th>Durata indicativa</th><th>Mese da monitorare</th></tr>
  </thead>
  <tbody>
    <tr><td>Leonardo da Vinci-Fiumicino Airport (FCO)</td><td>EUR 48</td><td>4h 50</td><td>giugno</td></tr><tr><td>Ciampino-G. B. Pastine International Airport (CIA)</td><td>EUR 152</td><td>4h 10</td><td>febbraio</td></tr><tr><td>Milano Malpensa Airport (MXP)</td><td>EUR 140</td><td>7h 10</td><td>febbraio</td></tr><tr><td>Orio al Serio International Airport (BGY)</td><td>EUR 46</td><td>10h 30</td><td>aprile</td></tr><tr><td>Milano Linate Airport (LIN)</td><td>EUR 111</td><td>10h 20</td><td>settembre</td></tr><tr><td>Naples International Airport (NAP)</td><td>EUR 183</td><td>3h 20</td><td>settembre</td></tr><tr><td>Venice Marco Polo Airport (VCE)</td><td>EUR 100</td><td>11h 30</td><td>ottobre</td></tr><tr><td>Catania-Fontanarossa Airport (CTA)</td><td>EUR 166</td><td>11h 30</td><td>aprile</td></tr><tr><td>Guglielmo Marconi Airport (BLQ)</td><td>EUR 194</td><td>9h 10</td><td>agosto</td></tr>
  </tbody>
</table>
<h2>Aeroporti italiani da cui conviene partire</h2>
<div class=""cpv-chip-list""><span class=""cpv-chip"">Leonardo da Vinci-Fiumicino Airport</span><span class=""cpv-chip"">Ciampino-G. B. Pastine International Airport</span><span class=""cpv-chip"">Milano Malpensa Airport</span><span class=""cpv-chip"">Orio al Serio International Airport</span><span class=""cpv-chip"">Milano Linate Airport</span><span class=""cpv-chip"">Naples International Airport</span></div>
<div class=""cpv-landing-grid"">
  <div class=""cpv-landing-card""><strong>City break</strong><p>Se Batken e una meta urbana, le partenze del venerdi e del sabato sono spesso le piu monitorate.</p></div>
  <div class=""cpv-landing-card""><strong>Viaggi stagionali</strong><p>In alcuni periodi dell'anno le tariffe possono variare molto, soprattutto vicino ai ponti e alle festivita.</p></div>
  <div class=""cpv-landing-card""><strong>Confronto rapido</strong><p>Valuta aeroporti maggiori e secondari per capire se un piccolo spostamento porta a un risparmio concreto.</p></div>
</div>
<h2>Domande frequenti sui voli per Batken</h2>
<div class=""cpv-faq"">
  <details><summary>Qual e il modo migliore per cercare voli per Batken?</summary><p>Confronta piu aeroporti italiani, prova date flessibili e verifica anche partenze infrasettimanali per migliorare le possibilita di risparmio.</p></details>
  <details><summary>Meglio volo diretto o con scalo?</summary><p>Per tratte medio-brevi il diretto e spesso la scelta piu comoda, mentre su alcune rotte uno scalo puo ridurre il prezzo finale.</p></details>
  <details><summary>Quando controllare i prezzi per Batken?</summary><p>Vale la pena iniziare a monitorare la rotta in anticipo e verificare con regolarita i giorni piu vicini alla partenza ideale.</p></details>
</div>","Voli per citta|Voli intercontinentali",city,БАТ,/voli-per/batken/,"Voli per Batken (БАТ): offerte e guide | ConfrontaPrezziVoli","Trova voli per Batken dai principali aeroporti italiani. Tariffe indicative da EUR 34 e consigli per scegliere il periodo migliore.","voli per Batken",cities,"Mese tipicamente conveniente: aprile"
post,publish,"Voli per Batman (BAL): offerte, compagnie e periodo migliore per prenotare",voli-per-batman-bal,"Confronta voli per Batman dai principali aeroporti italiani. Scopri prezzi indicativi, compagnie e consigli utili per organizzare la partenza.","<div class=""cpv-landing-note"">
  <p><strong>Perche cercare voli per Batman qui.</strong> Questa pagina raccoglie un quadro rapido delle partenze italiane piu interessanti per Batman, con tariffe indicative e consigli per scegliere il periodo piu vantaggioso.</p>
</div>
<div class=""cpv-stat-grid"">
  <div class=""cpv-stat""><strong>EUR 145</strong><span>Prezzo indicativo da monitorare dalle principali aree aeroportuali italiane.</span></div>
  <div class=""cpv-stat""><strong>luglio</strong><span>Periodo spesso interessante per tenere sotto controllo la rotta.</span></div>
  <div class=""cpv-stat""><strong>9</strong><span>Aeroporti italiani prioritari da confrontare per questa destinazione.</span></div>
</div>
<h2>Offerte voli per Batman</h2>
<p>Per trovare il miglior equilibrio tra prezzo, durata e comfort, conviene verificare piu aeroporti di partenza italiani e confrontare giorni feriali e weekend.</p>
<table>
  <thead>
    <tr><th>Partenza</th><th>Prezzo da</th><th>Durata indicativa</th><th>Mese da monitorare</th></tr>
  </thead>
  <tbody>
    <tr><td>Leonardo da Vinci-Fiumicino Airport (FCO)</td><td>EUR 197</td><td>1h 40</td><td>novembre</td></tr><tr><td>Ciampino-G. B. Pastine International Airport (CIA)</td><td>EUR 77</td><td>11h 40</td><td>novembre</td></tr><tr><td>Milano Malpensa Airport (MXP)</td><td>EUR 82</td><td>1h 30</td><td>aprile</td></tr><tr><td>Orio al Serio International Airport (BGY)</td><td>EUR 84</td><td>7h 50</td><td>giugno</td></tr><tr><td>Milano Linate Airport (LIN)</td><td>EUR 65</td><td>7h 40</td><td>novembre</td></tr><tr><td>Naples International Airport (NAP)</td><td>EUR 76</td><td>1h 30</td><td>ottobre</td></tr><tr><td>Venice Marco Polo Airport (VCE)</td><td>EUR 124</td><td>8h 30</td><td>ottobre</td></tr><tr><td>Catania-Fontanarossa Airport (CTA)</td><td>EUR 118</td><td>8h 30</td><td>aprile</td></tr><tr><td>Guglielmo Marconi Airport (BLQ)</td><td>EUR 178</td><td>6h 30</td><td>aprile</td></tr>
  </tbody>
</table>
<h2>Aeroporti italiani da cui conviene partire</h2>
<div class=""cpv-chip-list""><span class=""cpv-chip"">Leonardo da Vinci-Fiumicino Airport</span><span class=""cpv-chip"">Ciampino-G. B. Pastine International Airport</span><span class=""cpv-chip"">Milano Malpensa Airport</span><span class=""cpv-chip"">Orio al Serio International Airport</span><span class=""cpv-chip"">Milano Linate Airport</span><span class=""cpv-chip"">Naples International Airport</span></div>
<div class=""cpv-landing-grid"">
  <div class=""cpv-landing-card""><strong>City break</strong><p>Se Batman e una meta urbana, le partenze del venerdi e del sabato sono spesso le piu monitorate.</p></div>
  <div class=""cpv-landing-card""><strong>Viaggi stagionali</strong><p>In alcuni periodi dell'anno le tariffe possono variare molto, soprattutto vicino ai ponti e alle festivita.</p></div>
  <div class=""cpv-landing-card""><strong>Confronto rapido</strong><p>Valuta aeroporti maggiori e secondari per capire se un piccolo spostamento porta a un risparmio concreto.</p></div>
</div>
<h2>Domande frequenti sui voli per Batman</h2>
<div class=""cpv-faq"">
  <details><summary>Qual e il modo migliore per cercare voli per Batman?</summary><p>Confronta piu aeroporti italiani, prova date flessibili e verifica anche partenze infrasettimanali per migliorare le possibilita di risparmio.</p></details>
  <details><summary>Meglio volo diretto o con scalo?</summary><p>Per tratte medio-brevi il diretto e spesso la scelta piu comoda, mentre su alcune rotte uno scalo puo ridurre il prezzo finale.</p></details>
  <details><summary>Quando controllare i prezzi per Batman?</summary><p>Vale la pena iniziare a monitorare la rotta in anticipo e verificare con regolarita i giorni piu vicini alla partenza ideale.</p></details>
</div>","Voli per citta|Voli in Europa",city,BAL,/voli-per/batman/,"Voli per Batman (BAL): offerte e guide | ConfrontaPrezziVoli","Trova voli per Batman dai principali aeroporti italiani. Tariffe indicative da EUR 145 e consigli per scegliere il periodo migliore.","voli per Batman",cities,"Mese tipicamente conveniente: luglio"
post,publish,"Voli per Batna (BLJ): offerte, compagnie e periodo migliore per prenotare",voli-per-batna-blj,"Confronta voli per Batna dai principali aeroporti italiani. Scopri prezzi indicativi, compagnie e consigli utili per organizzare la partenza.","<div class=""cpv-landing-note"">
  <p><strong>Perche cercare voli per Batna qui.</strong> Questa pagina raccoglie un quadro rapido delle partenze italiane piu interessanti per Batna, con tariffe indicative e consigli per scegliere il periodo piu vantaggioso.</p>
</div>
<div class=""cpv-stat-grid"">
  <div class=""cpv-stat""><strong>EUR 181</strong><span>Prezzo indicativo da monitorare dalle principali aree aeroportuali italiane.</span></div>
  <div class=""cpv-stat""><strong>luglio</strong><span>Periodo spesso interessante per tenere sotto controllo la rotta.</span></div>
  <div class=""cpv-stat""><strong>9</strong><span>Aeroporti italiani prioritari da confrontare per questa destinazione.</span></div>
</div>
<h2>Offerte voli per Batna</h2>
<p>Per trovare il miglior equilibrio tra prezzo, durata e comfort, conviene verificare piu aeroporti di partenza italiani e confrontare giorni feriali e weekend.</p>
<table>
  <thead>
    <tr><th>Partenza</th><th>Prezzo da</th><th>Durata indicativa</th><th>Mese da monitorare</th></tr>
  </thead>
  <tbody>
    <tr><td>Leonardo da Vinci-Fiumicino Airport (FCO)</td><td>EUR 193</td><td>11h 00</td><td>luglio</td></tr><tr><td>Ciampino-G. B. Pastine International Airport (CIA)</td><td>EUR 125</td><td>10h 40</td><td>novembre</td></tr><tr><td>Milano Malpensa Airport (MXP)</td><td>EUR 166</td><td>10h 30</td><td>aprile</td></tr><tr><td>Orio al Serio International Airport (BGY)</td><td>EUR 188</td><td>5h 10</td><td>febbraio</td></tr><tr><td>Milano Linate Airport (LIN)</td><td>EUR 153</td><td>8h 20</td><td>marzo</td></tr><tr><td>Naples International Airport (NAP)</td><td>EUR 76</td><td>1h 30</td><td>ottobre</td></tr><tr><td>Venice Marco Polo Airport (VCE)</td><td>EUR 44</td><td>8h 10</td><td>febbraio</td></tr><tr><td>Catania-Fontanarossa Airport (CTA)</td><td>EUR 26</td><td>3h 10</td><td>agosto</td></tr><tr><td>Guglielmo Marconi Airport (BLQ)</td><td>EUR 62</td><td>1h 10</td><td>agosto</td></tr>
  </tbody>
</table>
<h2>Aeroporti italiani da cui conviene partire</h2>
<div class=""cpv-chip-list""><span class=""cpv-chip"">Leonardo da Vinci-Fiumicino Airport</span><span class=""cpv-chip"">Ciampino-G. B. Pastine International Airport</span><span class=""cpv-chip"">Milano Malpensa Airport</span><span class=""cpv-chip"">Orio al Serio International Airport</span><span class=""cpv-chip"">Milano Linate Airport</span><span class=""cpv-chip"">Naples International Airport</span></div>
<div class=""cpv-landing-grid"">
  <div class=""cpv-landing-card""><strong>City break</strong><p>Se Batna e una meta urbana, le partenze del venerdi e del sabato sono spesso le piu monitorate.</p></div>
  <div class=""cpv-landing-card""><strong>Viaggi stagionali</strong><p>In alcuni periodi dell'anno le tariffe possono variare molto, soprattutto vicino ai ponti e alle festivita.</p></div>
  <div class=""cpv-landing-card""><strong>Confronto rapido</strong><p>Valuta aeroporti maggiori e secondari per capire se un piccolo spostamento porta a un risparmio concreto.</p></div>
</div>
<h2>Domande frequenti sui voli per Batna</h2>
<div class=""cpv-faq"">
  <details><summary>Qual e il modo migliore per cercare voli per Batna?</summary><p>Confronta piu aeroporti italiani, prova date flessibili e verifica anche partenze infrasettimanali per migliorare le possibilita di risparmio.</p></details>
  <details><summary>Meglio volo diretto o con scalo?</summary><p>Per tratte medio-brevi il diretto e spesso la scelta piu comoda, mentre su alcune rotte uno scalo puo ridurre il prezzo finale.</p></details>
  <details><summary>Quando controllare i prezzi per Batna?</summary><p>Vale la pena iniziare a monitorare la rotta in anticipo e verificare con regolarita i giorni piu vicini alla partenza ideale.</p></details>
</div>","Voli per citta|Voli intercontinentali",city,BLJ,/voli-per/batna/,"Voli per Batna (BLJ): offerte e guide | ConfrontaPrezziVoli","Trova voli per Batna dai principali aeroporti italiani. Tariffe indicative da EUR 181 e consigli per scegliere il periodo migliore.","voli per Batna",cities,"Mese tipicamente conveniente: luglio"
post,publish,"Voli per Baton Rouge (BTR): offerte, compagnie e periodo migliore per prenotare",voli-per-baton-rouge-btr,"Confronta voli per Baton Rouge dai principali aeroporti italiani. Scopri prezzi indicativi, compagnie e consigli utili per organizzare la partenza.","<div class=""cpv-landing-note"">
  <p><strong>Perche cercare voli per Baton Rouge qui.</strong> Questa pagina raccoglie un quadro rapido delle partenze italiane piu interessanti per Baton Rouge, con tariffe indicative e consigli per scegliere il periodo piu vantaggioso.</p>
</div>
<div class=""cpv-stat-grid"">
  <div class=""cpv-stat""><strong>EUR 60</strong><span>Prezzo indicativo da monitorare dalle principali aree aeroportuali italiane.</span></div>
  <div class=""cpv-stat""><strong>giugno</strong><span>Periodo spesso interessante per tenere sotto controllo la rotta.</span></div>
  <div class=""cpv-stat""><strong>9</strong><span>Aeroporti italiani prioritari da confrontare per questa destinazione.</span></div>
</div>
<h2>Offerte voli per Baton Rouge</h2>
<p>Per trovare il miglior equilibrio tra prezzo, durata e comfort, conviene verificare piu aeroporti di partenza italiani e confrontare giorni feriali e weekend.</p>
<table>
  <thead>
    <tr><th>Partenza</th><th>Prezzo da</th><th>Durata indicativa</th><th>Mese da monitorare</th></tr>
  </thead>
  <tbody>
    <tr><td>Leonardo da Vinci-Fiumicino Airport (FCO)</td><td>EUR 176</td><td>4h 10</td><td>febbraio</td></tr><tr><td>Ciampino-G. B. Pastine International Airport (CIA)</td><td>EUR 48</td><td>9h 50</td><td>giugno</td></tr><tr><td>Milano Malpensa Airport (MXP)</td><td>EUR 71</td><td>5h 40</td><td>maggio</td></tr><tr><td>Orio al Serio International Airport (BGY)</td><td>EUR 101</td><td>5h 40</td><td>novembre</td></tr><tr><td>Milano Linate Airport (LIN)</td><td>EUR 88</td><td>4h 30</td><td>ottobre</td></tr><tr><td>Naples International Airport (NAP)</td><td>EUR 197</td><td>8h 40</td><td>novembre</td></tr><tr><td>Venice Marco Polo Airport (VCE)</td><td>EUR 193</td><td>8h 00</td><td>luglio</td></tr><tr><td>Catania-Fontanarossa Airport (CTA)</td><td>EUR 19</td><td>10h 00</td><td>gennaio</td></tr><tr><td>Guglielmo Marconi Airport (BLQ)</td><td>EUR 59</td><td>8h 40</td><td>maggio</td></tr>
  </tbody>
</table>
<h2>Aeroporti italiani da cui conviene partire</h2>
<div class=""cpv-chip-list""><span class=""cpv-chip"">Leonardo da Vinci-Fiumicino Airport</span><span class=""cpv-chip"">Ciampino-G. B. Pastine International Airport</span><span class=""cpv-chip"">Milano Malpensa Airport</span><span class=""cpv-chip"">Orio al Serio International Airport</span><span class=""cpv-chip"">Milano Linate Airport</span><span class=""cpv-chip"">Naples International Airport</span></div>
<div class=""cpv-landing-grid"">
  <div class=""cpv-landing-card""><strong>City break</strong><p>Se Baton Rouge e una meta urbana, le partenze del venerdi e del sabato sono spesso le piu monitorate.</p></div>
  <div class=""cpv-landing-card""><strong>Viaggi stagionali</strong><p>In alcuni periodi dell'anno le tariffe possono variare molto, soprattutto vicino ai ponti e alle festivita.</p></div>
  <div class=""cpv-landing-card""><strong>Confronto rapido</strong><p>Valuta aeroporti maggiori e secondari per capire se un piccolo spostamento porta a un risparmio concreto.</p></div>
</div>
<h2>Domande frequenti sui voli per Baton Rouge</h2>
<div class=""cpv-faq"">
  <details><summary>Qual e il modo migliore per cercare voli per Baton Rouge?</summary><p>Confronta piu aeroporti italiani, prova date flessibili e verifica anche partenze infrasettimanali per migliorare le possibilita di risparmio.</p></details>
  <details><summary>Meglio volo diretto o con scalo?</summary><p>Per tratte medio-brevi il diretto e spesso la scelta piu comoda, mentre su alcune rotte uno scalo puo ridurre il prezzo finale.</p></details>
  <details><summary>Quando controllare i prezzi per Baton Rouge?</summary><p>Vale la pena iniziare a monitorare la rotta in anticipo e verificare con regolarita i giorni piu vicini alla partenza ideale.</p></details>
</div>","Voli per citta|Voli intercontinentali",city,BTR,/voli-per/baton-rouge/,"Voli per Baton Rouge (BTR): offerte e guide | ConfrontaPrezziVoli","Trova voli per Baton Rouge dai principali aeroporti italiani. Tariffe indicative da EUR 60 e consigli per scegliere il periodo migliore.","voli per Baton Rouge",cities,"Mese tipicamente conveniente: giugno"
post,publish,"Voli per Batsfjord (BJF): offerte, compagnie e periodo migliore per prenotare",voli-per-batsfjord-bjf,"Confronta voli per Batsfjord dai principali aeroporti italiani. Scopri prezzi indicativi, compagnie e consigli utili per organizzare la partenza.","<div class=""cpv-landing-note"">
  <p><strong>Perche cercare voli per Batsfjord qui.</strong> Questa pagina raccoglie un quadro rapido delle partenze italiane piu interessanti per Batsfjord, con tariffe indicative e consigli per scegliere il periodo piu vantaggioso.</p>
</div>
<div class=""cpv-stat-grid"">
  <div class=""cpv-stat""><strong>EUR 154</strong><span>Prezzo indicativo da monitorare dalle principali aree aeroportuali italiane.</span></div>
  <div class=""cpv-stat""><strong>aprile</strong><span>Periodo spesso interessante per tenere sotto controllo la rotta.</span></div>
  <div class=""cpv-stat""><strong>9</strong><span>Aeroporti italiani prioritari da confrontare per questa destinazione.</span></div>
</div>
<h2>Offerte voli per Batsfjord</h2>
<p>Per trovare il miglior equilibrio tra prezzo, durata e comfort, conviene verificare piu aeroporti di partenza italiani e confrontare giorni feriali e weekend.</p>
<table>
  <thead>
    <tr><th>Partenza</th><th>Prezzo da</th><th>Durata indicativa</th><th>Mese da monitorare</th></tr>
  </thead>
  <tbody>
    <tr><td>Leonardo da Vinci-Fiumicino Airport (FCO)</td><td>EUR 90</td><td>5h 50</td><td>dicembre</td></tr><tr><td>Ciampino-G. B. Pastine International Airport (CIA)</td><td>EUR 126</td><td>3h 50</td><td>dicembre</td></tr><tr><td>Milano Malpensa Airport (MXP)</td><td>EUR 121</td><td>6h 00</td><td>luglio</td></tr><tr><td>Orio al Serio International Airport (BGY)</td><td>EUR 39</td><td>2h 20</td><td>settembre</td></tr><tr><td>Milano Linate Airport (LIN)</td><td>EUR 150</td><td>3h 50</td><td>dicembre</td></tr><tr><td>Naples International Airport (NAP)</td><td>EUR 151</td><td>9h 00</td><td>gennaio</td></tr><tr><td>Venice Marco Polo Airport (VCE)</td><td>EUR 39</td><td>8h 20</td><td>settembre</td></tr><tr><td>Catania-Fontanarossa Airport (CTA)</td><td>EUR 49</td><td>6h 00</td><td>luglio</td></tr><tr><td>Guglielmo Marconi Airport (BLQ)</td><td>EUR 133</td><td>5h 00</td><td>luglio</td></tr>
  </tbody>
</table>
<h2>Aeroporti italiani da cui conviene partire</h2>
<div class=""cpv-chip-list""><span class=""cpv-chip"">Leonardo da Vinci-Fiumicino Airport</span><span class=""cpv-chip"">Ciampino-G. B. Pastine International Airport</span><span class=""cpv-chip"">Milano Malpensa Airport</span><span class=""cpv-chip"">Orio al Serio International Airport</span><span class=""cpv-chip"">Milano Linate Airport</span><span class=""cpv-chip"">Naples International Airport</span></div>
<div class=""cpv-landing-grid"">
  <div class=""cpv-landing-card""><strong>City break</strong><p>Se Batsfjord e una meta urbana, le partenze del venerdi e del sabato sono spesso le piu monitorate.</p></div>
  <div class=""cpv-landing-card""><strong>Viaggi stagionali</strong><p>In alcuni periodi dell'anno le tariffe possono variare molto, soprattutto vicino ai ponti e alle festivita.</p></div>
  <div class=""cpv-landing-card""><strong>Confronto rapido</strong><p>Valuta aeroporti maggiori e secondari per capire se un piccolo spostamento porta a un risparmio concreto.</p></div>
</div>
<h2>Domande frequenti sui voli per Batsfjord</h2>
<div class=""cpv-faq"">
  <details><summary>Qual e il modo migliore per cercare voli per Batsfjord?</summary><p>Confronta piu aeroporti italiani, prova date flessibili e verifica anche partenze infrasettimanali per migliorare le possibilita di risparmio.</p></details>
  <details><summary>Meglio volo diretto o con scalo?</summary><p>Per tratte medio-brevi il diretto e spesso la scelta piu comoda, mentre su alcune rotte uno scalo puo ridurre il prezzo finale.</p></details>
  <details><summary>Quando controllare i prezzi per Batsfjord?</summary><p>Vale la pena iniziare a monitorare la rotta in anticipo e verificare con regolarita i giorni piu vicini alla partenza ideale.</p></details>
</div>","Voli per citta|Voli in Europa",city,BJF,/voli-per/batsfjord/,"Voli per Batsfjord (BJF): offerte e guide | ConfrontaPrezziVoli","Trova voli per Batsfjord dai principali aeroporti italiani. Tariffe indicative da EUR 154 e consigli per scegliere il periodo migliore.","voli per Batsfjord",cities,"Mese tipicamente conveniente: aprile"
post,publish,"Voli per Batticaloa (BTC): offerte, compagnie e periodo migliore per prenotare",voli-per-batticaloa-btc,"Confronta voli per Batticaloa dai principali aeroporti italiani. Scopri prezzi indicativi, compagnie e consigli utili per organizzare la partenza.","<div class=""cpv-landing-note"">
  <p><strong>Perche cercare voli per Batticaloa qui.</strong> Questa pagina raccoglie un quadro rapido delle partenze italiane piu interessanti per Batticaloa, con tariffe indicative e consigli per scegliere il periodo piu vantaggioso.</p>
</div>
<div class=""cpv-stat-grid"">
  <div class=""cpv-stat""><strong>EUR 38</strong><span>Prezzo indicativo da monitorare dalle principali aree aeroportuali italiane.</span></div>
  <div class=""cpv-stat""><strong>agosto</strong><span>Periodo spesso interessante per tenere sotto controllo la rotta.</span></div>
  <div class=""cpv-stat""><strong>9</strong><span>Aeroporti italiani prioritari da confrontare per questa destinazione.</span></div>
</div>
<h2>Offerte voli per Batticaloa</h2>
<p>Per trovare il miglior equilibrio tra prezzo, durata e comfort, conviene verificare piu aeroporti di partenza italiani e confrontare giorni feriali e weekend.</p>
<table>
  <thead>
    <tr><th>Partenza</th><th>Prezzo da</th><th>Durata indicativa</th><th>Mese da monitorare</th></tr>
  </thead>
  <tbody>
    <tr><td>Leonardo da Vinci-Fiumicino Airport (FCO)</td><td>EUR 42</td><td>5h 50</td><td>dicembre</td></tr><tr><td>Ciampino-G. B. Pastine International Airport (CIA)</td><td>EUR 78</td><td>1h 50</td><td>dicembre</td></tr><tr><td>Milano Malpensa Airport (MXP)</td><td>EUR 165</td><td>9h 20</td><td>marzo</td></tr><tr><td>Orio al Serio International Airport (BGY)</td><td>EUR 51</td><td>6h 20</td><td>settembre</td></tr><tr><td>Milano Linate Airport (LIN)</td><td>EUR 62</td><td>1h 10</td><td>agosto</td></tr><tr><td>Naples International Airport (NAP)</td><td>EUR 139</td><td>9h 00</td><td>gennaio</td></tr><tr><td>Venice Marco Polo Airport (VCE)</td><td>EUR 143</td><td>11h 40</td><td>maggio</td></tr><tr><td>Catania-Fontanarossa Airport (CTA)</td><td>EUR 49</td><td>5h 00</td><td>luglio</td></tr><tr><td>Guglielmo Marconi Airport (BLQ)</td><td>EUR 141</td><td>3h 20</td><td>marzo</td></tr>
  </tbody>
</table>
<h2>Aeroporti italiani da cui conviene partire</h2>
<div class=""cpv-chip-list""><span class=""cpv-chip"">Leonardo da Vinci-Fiumicino Airport</span><span class=""cpv-chip"">Ciampino-G. B. Pastine International Airport</span><span class=""cpv-chip"">Milano Malpensa Airport</span><span class=""cpv-chip"">Orio al Serio International Airport</span><span class=""cpv-chip"">Milano Linate Airport</span><span class=""cpv-chip"">Naples International Airport</span></div>
<div class=""cpv-landing-grid"">
  <div class=""cpv-landing-card""><strong>City break</strong><p>Se Batticaloa e una meta urbana, le partenze del venerdi e del sabato sono spesso le piu monitorate.</p></div>
  <div class=""cpv-landing-card""><strong>Viaggi stagionali</strong><p>In alcuni periodi dell'anno le tariffe possono variare molto, soprattutto vicino ai ponti e alle festivita.</p></div>
  <div class=""cpv-landing-card""><strong>Confronto rapido</strong><p>Valuta aeroporti maggiori e secondari per capire se un piccolo spostamento porta a un risparmio concreto.</p></div>
</div>
<h2>Domande frequenti sui voli per Batticaloa</h2>
<div class=""cpv-faq"">
  <details><summary>Qual e il modo migliore per cercare voli per Batticaloa?</summary><p>Confronta piu aeroporti italiani, prova date flessibili e verifica anche partenze infrasettimanali per migliorare le possibilita di risparmio.</p></details>
  <details><summary>Meglio volo diretto o con scalo?</summary><p>Per tratte medio-brevi il diretto e spesso la scelta piu comoda, mentre su alcune rotte uno scalo puo ridurre il prezzo finale.</p></details>
  <details><summary>Quando controllare i prezzi per Batticaloa?</summary><p>Vale la pena iniziare a monitorare la rotta in anticipo e verificare con regolarita i giorni piu vicini alla partenza ideale.</p></details>
</div>","Voli per citta|Voli intercontinentali",city,BTC,/voli-per/batticaloa/,"Voli per Batticaloa (BTC): offerte e guide | ConfrontaPrezziVoli","Trova voli per Batticaloa dai principali aeroporti italiani. Tariffe indicative da EUR 38 e consigli per scegliere il periodo migliore.","voli per Batticaloa",cities,"Mese tipicamente conveniente: agosto"
post,publish,"Voli per Batu Licin (BTW): offerte, compagnie e periodo migliore per prenotare",voli-per-batu-licin-btw,"Confronta voli per Batu Licin dai principali aeroporti italiani. Scopri prezzi indicativi, compagnie e consigli utili per organizzare la partenza.","<div class=""cpv-landing-note"">
  <p><strong>Perche cercare voli per Batu Licin qui.</strong> Questa pagina raccoglie un quadro rapido delle partenze italiane piu interessanti per Batu Licin, con tariffe indicative e consigli per scegliere il periodo piu vantaggioso.</p>
</div>
<div class=""cpv-stat-grid"">
  <div class=""cpv-stat""><strong>EUR 97</strong><span>Prezzo indicativo da monitorare dalle principali aree aeroportuali italiane.</span></div>
  <div class=""cpv-stat""><strong>luglio</strong><span>Periodo spesso interessante per tenere sotto controllo la rotta.</span></div>
  <div class=""cpv-stat""><strong>9</strong><span>Aeroporti italiani prioritari da confrontare per questa destinazione.</span></div>
</div>
<h2>Offerte voli per Batu Licin</h2>
<p>Per trovare il miglior equilibrio tra prezzo, durata e comfort, conviene verificare piu aeroporti di partenza italiani e confrontare giorni feriali e weekend.</p>
<table>
  <thead>
    <tr><th>Partenza</th><th>Prezzo da</th><th>Durata indicativa</th><th>Mese da monitorare</th></tr>
  </thead>
  <tbody>
    <tr><td>Leonardo da Vinci-Fiumicino Airport (FCO)</td><td>EUR 137</td><td>4h 40</td><td>novembre</td></tr><tr><td>Ciampino-G. B. Pastine International Airport (CIA)</td><td>EUR 49</td><td>1h 00</td><td>luglio</td></tr><tr><td>Milano Malpensa Airport (MXP)</td><td>EUR 46</td><td>6h 30</td><td>aprile</td></tr><tr><td>Orio al Serio International Airport (BGY)</td><td>EUR 92</td><td>2h 10</td><td>febbraio</td></tr><tr><td>Milano Linate Airport (LIN)</td><td>EUR 165</td><td>7h 20</td><td>marzo</td></tr><tr><td>Naples International Airport (NAP)</td><td>EUR 120</td><td>9h 50</td><td>giugno</td></tr><tr><td>Venice Marco Polo Airport (VCE)</td><td>EUR 68</td><td>10h 10</td><td>febbraio</td></tr><tr><td>Catania-Fontanarossa Airport (CTA)</td><td>EUR 162</td><td>4h 50</td><td>dicembre</td></tr><tr><td>Guglielmo Marconi Airport (BLQ)</td><td>EUR 130</td><td>11h 30</td><td>aprile</td></tr>
  </tbody>
</table>
<h2>Aeroporti italiani da cui conviene partire</h2>
<div class=""cpv-chip-list""><span class=""cpv-chip"">Leonardo da Vinci-Fiumicino Airport</span><span class=""cpv-chip"">Ciampino-G. B. Pastine International Airport</span><span class=""cpv-chip"">Milano Malpensa Airport</span><span class=""cpv-chip"">Orio al Serio International Airport</span><span class=""cpv-chip"">Milano Linate Airport</span><span class=""cpv-chip"">Naples International Airport</span></div>
<div class=""cpv-landing-grid"">
  <div class=""cpv-landing-card""><strong>City break</strong><p>Se Batu Licin e una meta urbana, le partenze del venerdi e del sabato sono spesso le piu monitorate.</p></div>
  <div class=""cpv-landing-card""><strong>Viaggi stagionali</strong><p>In alcuni periodi dell'anno le tariffe possono variare molto, soprattutto vicino ai ponti e alle festivita.</p></div>
  <div class=""cpv-landing-card""><strong>Confronto rapido</strong><p>Valuta aeroporti maggiori e secondari per capire se un piccolo spostamento porta a un risparmio concreto.</p></div>
</div>
<h2>Domande frequenti sui voli per Batu Licin</h2>
<div class=""cpv-faq"">
  <details><summary>Qual e il modo migliore per cercare voli per Batu Licin?</summary><p>Confronta piu aeroporti italiani, prova date flessibili e verifica anche partenze infrasettimanali per migliorare le possibilita di risparmio.</p></details>
  <details><summary>Meglio volo diretto o con scalo?</summary><p>Per tratte medio-brevi il diretto e spesso la scelta piu comoda, mentre su alcune rotte uno scalo puo ridurre il prezzo finale.</p></details>
  <details><summary>Quando controllare i prezzi per Batu Licin?</summary><p>Vale la pena iniziare a monitorare la rotta in anticipo e verificare con regolarita i giorni piu vicini alla partenza ideale.</p></details>
</div>","Voli per citta|Voli intercontinentali",city,BTW,/voli-per/batu-licin/,"Voli per Batu Licin (BTW): offerte e guide | ConfrontaPrezziVoli","Trova voli per Batu Licin dai principali aeroporti italiani. Tariffe indicative da EUR 97 e consigli per scegliere il periodo migliore.","voli per Batu Licin",cities,"Mese tipicamente conveniente: luglio"
post,publish,"Voli per Batumi (BUS): offerte, compagnie e periodo migliore per prenotare",voli-per-batumi-bus,"Confronta voli per Batumi dai principali aeroporti italiani. Scopri prezzi indicativi, compagnie e consigli utili per organizzare la partenza.","<div class=""cpv-landing-note"">
  <p><strong>Perche cercare voli per Batumi qui.</strong> Questa pagina raccoglie un quadro rapido delle partenze italiane piu interessanti per Batumi, con tariffe indicative e consigli per scegliere il periodo piu vantaggioso.</p>
</div>
<div class=""cpv-stat-grid"">
  <div class=""cpv-stat""><strong>EUR 149</strong><span>Prezzo indicativo da monitorare dalle principali aree aeroportuali italiane.</span></div>
  <div class=""cpv-stat""><strong>novembre</strong><span>Periodo spesso interessante per tenere sotto controllo la rotta.</span></div>
  <div class=""cpv-stat""><strong>9</strong><span>Aeroporti italiani prioritari da confrontare per questa destinazione.</span></div>
</div>
<h2>Offerte voli per Batumi</h2>
<p>Per trovare il miglior equilibrio tra prezzo, durata e comfort, conviene verificare piu aeroporti di partenza italiani e confrontare giorni feriali e weekend.</p>
<table>
  <thead>
    <tr><th>Partenza</th><th>Prezzo da</th><th>Durata indicativa</th><th>Mese da monitorare</th></tr>
  </thead>
  <tbody>
    <tr><td>Leonardo da Vinci-Fiumicino Airport (FCO)</td><td>EUR 177</td><td>7h 20</td><td>marzo</td></tr><tr><td>Ciampino-G. B. Pastine International Airport (CIA)</td><td>EUR 153</td><td>8h 20</td><td>marzo</td></tr><tr><td>Milano Malpensa Airport (MXP)</td><td>EUR 162</td><td>1h 50</td><td>dicembre</td></tr><tr><td>Orio al Serio International Airport (BGY)</td><td>EUR 68</td><td>2h 10</td><td>febbraio</td></tr><tr><td>Milano Linate Airport (LIN)</td><td>EUR 109</td><td>5h 00</td><td>luglio</td></tr><tr><td>Naples International Airport (NAP)</td><td>EUR 52</td><td>10h 30</td><td>ottobre</td></tr><tr><td>Venice Marco Polo Airport (VCE)</td><td>EUR 168</td><td>3h 50</td><td>giugno</td></tr><tr><td>Catania-Fontanarossa Airport (CTA)</td><td>EUR 158</td><td>6h 10</td><td>agosto</td></tr><tr><td>Guglielmo Marconi Airport (BLQ)</td><td>EUR 70</td><td>4h 30</td><td>aprile</td></tr>
  </tbody>
</table>
<h2>Aeroporti italiani da cui conviene partire</h2>
<div class=""cpv-chip-list""><span class=""cpv-chip"">Leonardo da Vinci-Fiumicino Airport</span><span class=""cpv-chip"">Ciampino-G. B. Pastine International Airport</span><span class=""cpv-chip"">Milano Malpensa Airport</span><span class=""cpv-chip"">Orio al Serio International Airport</span><span class=""cpv-chip"">Milano Linate Airport</span><span class=""cpv-chip"">Naples International Airport</span></div>
<div class=""cpv-landing-grid"">
  <div class=""cpv-landing-card""><strong>City break</strong><p>Se Batumi e una meta urbana, le partenze del venerdi e del sabato sono spesso le piu monitorate.</p></div>
  <div class=""cpv-landing-card""><strong>Viaggi stagionali</strong><p>In alcuni periodi dell'anno le tariffe possono variare molto, soprattutto vicino ai ponti e alle festivita.</p></div>
  <div class=""cpv-landing-card""><strong>Confronto rapido</strong><p>Valuta aeroporti maggiori e secondari per capire se un piccolo spostamento porta a un risparmio concreto.</p></div>
</div>
<h2>Domande frequenti sui voli per Batumi</h2>
<div class=""cpv-faq"">
  <details><summary>Qual e il modo migliore per cercare voli per Batumi?</summary><p>Confronta piu aeroporti italiani, prova date flessibili e verifica anche partenze infrasettimanali per migliorare le possibilita di risparmio.</p></details>
  <details><summary>Meglio volo diretto o con scalo?</summary><p>Per tratte medio-brevi il diretto e spesso la scelta piu comoda, mentre su alcune rotte uno scalo puo ridurre il prezzo finale.</p></details>
  <details><summary>Quando controllare i prezzi per Batumi?</summary><p>Vale la pena iniziare a monitorare la rotta in anticipo e verificare con regolarita i giorni piu vicini alla partenza ideale.</p></details>
</div>","Voli per citta|Voli in Europa",city,BUS,/voli-per/batumi/,"Voli per Batumi (BUS): offerte e guide | ConfrontaPrezziVoli","Trova voli per Batumi dai principali aeroporti italiani. Tariffe indicative da EUR 149 e consigli per scegliere il periodo migliore.","voli per Batumi",cities,"Mese tipicamente conveniente: novembre"
post,publish,"Voli per Baubau (BUW): offerte, compagnie e periodo migliore per prenotare",voli-per-baubau-buw,"Confronta voli per Baubau dai principali aeroporti italiani. Scopri prezzi indicativi, compagnie e consigli utili per organizzare la partenza.","<div class=""cpv-landing-note"">
  <p><strong>Perche cercare voli per Baubau qui.</strong> Questa pagina raccoglie un quadro rapido delle partenze italiane piu interessanti per Baubau, con tariffe indicative e consigli per scegliere il periodo piu vantaggioso.</p>
</div>
<div class=""cpv-stat-grid"">
  <div class=""cpv-stat""><strong>EUR 178</strong><span>Prezzo indicativo da monitorare dalle principali aree aeroportuali italiane.</span></div>
  <div class=""cpv-stat""><strong>aprile</strong><span>Periodo spesso interessante per tenere sotto controllo la rotta.</span></div>
  <div class=""cpv-stat""><strong>9</strong><span>Aeroporti italiani prioritari da confrontare per questa destinazione.</span></div>
</div>
<h2>Offerte voli per Baubau</h2>
<p>Per trovare il miglior equilibrio tra prezzo, durata e comfort, conviene verificare piu aeroporti di partenza italiani e confrontare giorni feriali e weekend.</p>
<table>
  <thead>
    <tr><th>Partenza</th><th>Prezzo da</th><th>Durata indicativa</th><th>Mese da monitorare</th></tr>
  </thead>
  <tbody>
    <tr><td>Leonardo da Vinci-Fiumicino Airport (FCO)</td><td>EUR 166</td><td>3h 30</td><td>aprile</td></tr><tr><td>Ciampino-G. B. Pastine International Airport (CIA)</td><td>EUR 118</td><td>10h 30</td><td>aprile</td></tr><tr><td>Milano Malpensa Airport (MXP)</td><td>EUR 69</td><td>3h 20</td><td>marzo</td></tr><tr><td>Orio al Serio International Airport (BGY)</td><td>EUR 187</td><td>4h 00</td><td>gennaio</td></tr><tr><td>Milano Linate Airport (LIN)</td><td>EUR 66</td><td>1h 50</td><td>dicembre</td></tr><tr><td>Naples International Airport (NAP)</td><td>EUR 39</td><td>2h 20</td><td>settembre</td></tr><tr><td>Venice Marco Polo Airport (VCE)</td><td>EUR 191</td><td>1h 40</td><td>maggio</td></tr><tr><td>Catania-Fontanarossa Airport (CTA)</td><td>EUR 29</td><td>10h 40</td><td>novembre</td></tr><tr><td>Guglielmo Marconi Airport (BLQ)</td><td>EUR 97</td><td>11h 00</td><td>luglio</td></tr>
  </tbody>
</table>
<h2>Aeroporti italiani da cui conviene partire</h2>
<div class=""cpv-chip-list""><span class=""cpv-chip"">Leonardo da Vinci-Fiumicino Airport</span><span class=""cpv-chip"">Ciampino-G. B. Pastine International Airport</span><span class=""cpv-chip"">Milano Malpensa Airport</span><span class=""cpv-chip"">Orio al Serio International Airport</span><span class=""cpv-chip"">Milano Linate Airport</span><span class=""cpv-chip"">Naples International Airport</span></div>
<div class=""cpv-landing-grid"">
  <div class=""cpv-landing-card""><strong>City break</strong><p>Se Baubau e una meta urbana, le partenze del venerdi e del sabato sono spesso le piu monitorate.</p></div>
  <div class=""cpv-landing-card""><strong>Viaggi stagionali</strong><p>In alcuni periodi dell'anno le tariffe possono variare molto, soprattutto vicino ai ponti e alle festivita.</p></div>
  <div class=""cpv-landing-card""><strong>Confronto rapido</strong><p>Valuta aeroporti maggiori e secondari per capire se un piccolo spostamento porta a un risparmio concreto.</p></div>
</div>
<h2>Domande frequenti sui voli per Baubau</h2>
<div class=""cpv-faq"">
  <details><summary>Qual e il modo migliore per cercare voli per Baubau?</summary><p>Confronta piu aeroporti italiani, prova date flessibili e verifica anche partenze infrasettimanali per migliorare le possibilita di risparmio.</p></details>
  <details><summary>Meglio volo diretto o con scalo?</summary><p>Per tratte medio-brevi il diretto e spesso la scelta piu comoda, mentre su alcune rotte uno scalo puo ridurre il prezzo finale.</p></details>
  <details><summary>Quando controllare i prezzi per Baubau?</summary><p>Vale la pena iniziare a monitorare la rotta in anticipo e verificare con regolarita i giorni piu vicini alla partenza ideale.</p></details>
</div>","Voli per citta|Voli intercontinentali",city,BUW,/voli-per/baubau/,"Voli per Baubau (BUW): offerte e guide | ConfrontaPrezziVoli","Trova voli per Baubau dai principali aeroporti italiani. Tariffe indicative da EUR 178 e consigli per scegliere il periodo migliore.","voli per Baubau",cities,"Mese tipicamente conveniente: aprile"
post,publish,"Voli per Bauchi (BCU): offerte, compagnie e periodo migliore per prenotare",voli-per-bauchi-bcu,"Confronta voli per Bauchi dai principali aeroporti italiani. Scopri prezzi indicativi, compagnie e consigli utili per organizzare la partenza.","<div class=""cpv-landing-note"">
  <p><strong>Perche cercare voli per Bauchi qui.</strong> Questa pagina raccoglie un quadro rapido delle partenze italiane piu interessanti per Bauchi, con tariffe indicative e consigli per scegliere il periodo piu vantaggioso.</p>
</div>
<div class=""cpv-stat-grid"">
  <div class=""cpv-stat""><strong>EUR 83</strong><span>Prezzo indicativo da monitorare dalle principali aree aeroportuali italiane.</span></div>
  <div class=""cpv-stat""><strong>maggio</strong><span>Periodo spesso interessante per tenere sotto controllo la rotta.</span></div>
  <div class=""cpv-stat""><strong>9</strong><span>Aeroporti italiani prioritari da confrontare per questa destinazione.</span></div>
</div>
<h2>Offerte voli per Bauchi</h2>
<p>Per trovare il miglior equilibrio tra prezzo, durata e comfort, conviene verificare piu aeroporti di partenza italiani e confrontare giorni feriali e weekend.</p>
<table>
  <thead>
    <tr><th>Partenza</th><th>Prezzo da</th><th>Durata indicativa</th><th>Mese da monitorare</th></tr>
  </thead>
  <tbody>
    <tr><td>Leonardo da Vinci-Fiumicino Airport (FCO)</td><td>EUR 135</td><td>5h 20</td><td>settembre</td></tr><tr><td>Ciampino-G. B. Pastine International Airport (CIA)</td><td>EUR 39</td><td>2h 20</td><td>settembre</td></tr><tr><td>Milano Malpensa Airport (MXP)</td><td>EUR 164</td><td>4h 10</td><td>febbraio</td></tr><tr><td>Orio al Serio International Airport (BGY)</td><td>EUR 42</td><td>7h 50</td><td>dicembre</td></tr><tr><td>Milano Linate Airport (LIN)</td><td>EUR 115</td><td>8h 00</td><td>gennaio</td></tr><tr><td>Naples International Airport (NAP)</td><td>EUR 38</td><td>1h 10</td><td>agosto</td></tr><tr><td>Venice Marco Polo Airport (VCE)</td><td>EUR 138</td><td>5h 50</td><td>dicembre</td></tr><tr><td>Catania-Fontanarossa Airport (CTA)</td><td>EUR 168</td><td>10h 50</td><td>giugno</td></tr><tr><td>Guglielmo Marconi Airport (BLQ)</td><td>EUR 160</td><td>6h 30</td><td>ottobre</td></tr>
  </tbody>
</table>
<h2>Aeroporti italiani da cui conviene partire</h2>
<div class=""cpv-chip-list""><span class=""cpv-chip"">Leonardo da Vinci-Fiumicino Airport</span><span class=""cpv-chip"">Ciampino-G. B. Pastine International Airport</span><span class=""cpv-chip"">Milano Malpensa Airport</span><span class=""cpv-chip"">Orio al Serio International Airport</span><span class=""cpv-chip"">Milano Linate Airport</span><span class=""cpv-chip"">Naples International Airport</span></div>
<div class=""cpv-landing-grid"">
  <div class=""cpv-landing-card""><strong>City break</strong><p>Se Bauchi e una meta urbana, le partenze del venerdi e del sabato sono spesso le piu monitorate.</p></div>
  <div class=""cpv-landing-card""><strong>Viaggi stagionali</strong><p>In alcuni periodi dell'anno le tariffe possono variare molto, soprattutto vicino ai ponti e alle festivita.</p></div>
  <div class=""cpv-landing-card""><strong>Confronto rapido</strong><p>Valuta aeroporti maggiori e secondari per capire se un piccolo spostamento porta a un risparmio concreto.</p></div>
</div>
<h2>Domande frequenti sui voli per Bauchi</h2>
<div class=""cpv-faq"">
  <details><summary>Qual e il modo migliore per cercare voli per Bauchi?</summary><p>Confronta piu aeroporti italiani, prova date flessibili e verifica anche partenze infrasettimanali per migliorare le possibilita di risparmio.</p></details>
  <details><summary>Meglio volo diretto o con scalo?</summary><p>Per tratte medio-brevi il diretto e spesso la scelta piu comoda, mentre su alcune rotte uno scalo puo ridurre il prezzo finale.</p></details>
  <details><summary>Quando controllare i prezzi per Bauchi?</summary><p>Vale la pena iniziare a monitorare la rotta in anticipo e verificare con regolarita i giorni piu vicini alla partenza ideale.</p></details>
</div>","Voli per citta|Voli intercontinentali",city,BCU,/voli-per/bauchi/,"Voli per Bauchi (BCU): offerte e guide | ConfrontaPrezziVoli","Trova voli per Bauchi dai principali aeroporti italiani. Tariffe indicative da EUR 83 e consigli per scegliere il periodo migliore.","voli per Bauchi",cities,"Mese tipicamente conveniente: maggio"
post,publish,"Voli per Baura-Arealva (JTC): offerte, compagnie e periodo migliore per prenotare",voli-per-baura-arealva-jtc,"Confronta voli per Baura-Arealva dai principali aeroporti italiani. Scopri prezzi indicativi, compagnie e consigli utili per organizzare la partenza.","<div class=""cpv-landing-note"">
  <p><strong>Perche cercare voli per Baura-Arealva qui.</strong> Questa pagina raccoglie un quadro rapido delle partenze italiane piu interessanti per Baura-Arealva, con tariffe indicative e consigli per scegliere il periodo piu vantaggioso.</p>
</div>
<div class=""cpv-stat-grid"">
  <div class=""cpv-stat""><strong>EUR 142</strong><span>Prezzo indicativo da monitorare dalle principali aree aeroportuali italiane.</span></div>
  <div class=""cpv-stat""><strong>aprile</strong><span>Periodo spesso interessante per tenere sotto controllo la rotta.</span></div>
  <div class=""cpv-stat""><strong>9</strong><span>Aeroporti italiani prioritari da confrontare per questa destinazione.</span></div>
</div>
<h2>Offerte voli per Baura-Arealva</h2>
<p>Per trovare il miglior equilibrio tra prezzo, durata e comfort, conviene verificare piu aeroporti di partenza italiani e confrontare giorni feriali e weekend.</p>
<table>
  <thead>
    <tr><th>Partenza</th><th>Prezzo da</th><th>Durata indicativa</th><th>Mese da monitorare</th></tr>
  </thead>
  <tbody>
    <tr><td>Leonardo da Vinci-Fiumicino Airport (FCO)</td><td>EUR 30</td><td>9h 50</td><td>dicembre</td></tr><tr><td>Ciampino-G. B. Pastine International Airport (CIA)</td><td>EUR 114</td><td>5h 50</td><td>dicembre</td></tr><tr><td>Milano Malpensa Airport (MXP)</td><td>EUR 193</td><td>2h 00</td><td>luglio</td></tr><tr><td>Orio al Serio International Airport (BGY)</td><td>EUR 139</td><td>2h 00</td><td>gennaio</td></tr><tr><td>Milano Linate Airport (LIN)</td><td>EUR 34</td><td>10h 30</td><td>aprile</td></tr><tr><td>Naples International Airport (NAP)</td><td>EUR 167</td><td>3h 40</td><td>maggio</td></tr><tr><td>Venice Marco Polo Airport (VCE)</td><td>EUR 55</td><td>4h 00</td><td>gennaio</td></tr><tr><td>Catania-Fontanarossa Airport (CTA)</td><td>EUR 149</td><td>5h 40</td><td>novembre</td></tr><tr><td>Guglielmo Marconi Airport (BLQ)</td><td>EUR 25</td><td>11h 00</td><td>luglio</td></tr>
  </tbody>
</table>
<h2>Aeroporti italiani da cui conviene partire</h2>
<div class=""cpv-chip-list""><span class=""cpv-chip"">Leonardo da Vinci-Fiumicino Airport</span><span class=""cpv-chip"">Ciampino-G. B. Pastine International Airport</span><span class=""cpv-chip"">Milano Malpensa Airport</span><span class=""cpv-chip"">Orio al Serio International Airport</span><span class=""cpv-chip"">Milano Linate Airport</span><span class=""cpv-chip"">Naples International Airport</span></div>
<div class=""cpv-landing-grid"">
  <div class=""cpv-landing-card""><strong>City break</strong><p>Se Baura-Arealva e una meta urbana, le partenze del venerdi e del sabato sono spesso le piu monitorate.</p></div>
  <div class=""cpv-landing-card""><strong>Viaggi stagionali</strong><p>In alcuni periodi dell'anno le tariffe possono variare molto, soprattutto vicino ai ponti e alle festivita.</p></div>
  <div class=""cpv-landing-card""><strong>Confronto rapido</strong><p>Valuta aeroporti maggiori e secondari per capire se un piccolo spostamento porta a un risparmio concreto.</p></div>
</div>
<h2>Domande frequenti sui voli per Baura-Arealva</h2>
<div class=""cpv-faq"">
  <details><summary>Qual e il modo migliore per cercare voli per Baura-Arealva?</summary><p>Confronta piu aeroporti italiani, prova date flessibili e verifica anche partenze infrasettimanali per migliorare le possibilita di risparmio.</p></details>
  <details><summary>Meglio volo diretto o con scalo?</summary><p>Per tratte medio-brevi il diretto e spesso la scelta piu comoda, mentre su alcune rotte uno scalo puo ridurre il prezzo finale.</p></details>
  <details><summary>Quando controllare i prezzi per Baura-Arealva?</summary><p>Vale la pena iniziare a monitorare la rotta in anticipo e verificare con regolarita i giorni piu vicini alla partenza ideale.</p></details>
</div>","Voli per citta|Voli intercontinentali",city,JTC,/voli-per/baura-arealva/,"Voli per Baura-Arealva (JTC): offerte e guide | ConfrontaPrezziVoli","Trova voli per Baura-Arealva dai principali aeroporti italiani. Tariffe indicative da EUR 142 e consigli per scegliere il periodo migliore.","voli per Baura-Arealva",cities,"Mese tipicamente conveniente: aprile"
post,publish,"Voli per Bayannur (RLK): offerte, compagnie e periodo migliore per prenotare",voli-per-bayannur-rlk,"Confronta voli per Bayannur dai principali aeroporti italiani. Scopri prezzi indicativi, compagnie e consigli utili per organizzare la partenza.","<div class=""cpv-landing-note"">
  <p><strong>Perche cercare voli per Bayannur qui.</strong> Questa pagina raccoglie un quadro rapido delle partenze italiane piu interessanti per Bayannur, con tariffe indicative e consigli per scegliere il periodo piu vantaggioso.</p>
</div>
<div class=""cpv-stat-grid"">
  <div class=""cpv-stat""><strong>EUR 151</strong><span>Prezzo indicativo da monitorare dalle principali aree aeroportuali italiane.</span></div>
  <div class=""cpv-stat""><strong>gennaio</strong><span>Periodo spesso interessante per tenere sotto controllo la rotta.</span></div>
  <div class=""cpv-stat""><strong>9</strong><span>Aeroporti italiani prioritari da confrontare per questa destinazione.</span></div>
</div>
<h2>Offerte voli per Bayannur</h2>
<p>Per trovare il miglior equilibrio tra prezzo, durata e comfort, conviene verificare piu aeroporti di partenza italiani e confrontare giorni feriali e weekend.</p>
<table>
  <thead>
    <tr><th>Partenza</th><th>Prezzo da</th><th>Durata indicativa</th><th>Mese da monitorare</th></tr>
  </thead>
  <tbody>
    <tr><td>Leonardo da Vinci-Fiumicino Airport (FCO)</td><td>EUR 167</td><td>8h 40</td><td>maggio</td></tr><tr><td>Ciampino-G. B. Pastine International Airport (CIA)</td><td>EUR 187</td><td>3h 00</td><td>gennaio</td></tr><tr><td>Milano Malpensa Airport (MXP)</td><td>EUR 68</td><td>1h 10</td><td>febbraio</td></tr><tr><td>Orio al Serio International Airport (BGY)</td><td>EUR 166</td><td>1h 30</td><td>aprile</td></tr><tr><td>Milano Linate Airport (LIN)</td><td>EUR 47</td><td>5h 40</td><td>maggio</td></tr><tr><td>Naples International Airport (NAP)</td><td>EUR 158</td><td>5h 10</td><td>agosto</td></tr><tr><td>Venice Marco Polo Airport (VCE)</td><td>EUR 154</td><td>3h 30</td><td>aprile</td></tr><tr><td>Catania-Fontanarossa Airport (CTA)</td><td>EUR 64</td><td>6h 30</td><td>ottobre</td></tr><tr><td>Guglielmo Marconi Airport (BLQ)</td><td>EUR 184</td><td>9h 30</td><td>ottobre</td></tr>
  </tbody>
</table>
<h2>Aeroporti italiani da cui conviene partire</h2>
<div class=""cpv-chip-list""><span class=""cpv-chip"">Leonardo da Vinci-Fiumicino Airport</span><span class=""cpv-chip"">Ciampino-G. B. Pastine International Airport</span><span class=""cpv-chip"">Milano Malpensa Airport</span><span class=""cpv-chip"">Orio al Serio International Airport</span><span class=""cpv-chip"">Milano Linate Airport</span><span class=""cpv-chip"">Naples International Airport</span></div>
<div class=""cpv-landing-grid"">
  <div class=""cpv-landing-card""><strong>City break</strong><p>Se Bayannur e una meta urbana, le partenze del venerdi e del sabato sono spesso le piu monitorate.</p></div>
  <div class=""cpv-landing-card""><strong>Viaggi stagionali</strong><p>In alcuni periodi dell'anno le tariffe possono variare molto, soprattutto vicino ai ponti e alle festivita.</p></div>
  <div class=""cpv-landing-card""><strong>Confronto rapido</strong><p>Valuta aeroporti maggiori e secondari per capire se un piccolo spostamento porta a un risparmio concreto.</p></div>
</div>
<h2>Domande frequenti sui voli per Bayannur</h2>
<div class=""cpv-faq"">
  <details><summary>Qual e il modo migliore per cercare voli per Bayannur?</summary><p>Confronta piu aeroporti italiani, prova date flessibili e verifica anche partenze infrasettimanali per migliorare le possibilita di risparmio.</p></details>
  <details><summary>Meglio volo diretto o con scalo?</summary><p>Per tratte medio-brevi il diretto e spesso la scelta piu comoda, mentre su alcune rotte uno scalo puo ridurre il prezzo finale.</p></details>
  <details><summary>Quando controllare i prezzi per Bayannur?</summary><p>Vale la pena iniziare a monitorare la rotta in anticipo e verificare con regolarita i giorni piu vicini alla partenza ideale.</p></details>
</div>","Voli per citta|Voli intercontinentali",city,RLK,/voli-per/bayannur/,"Voli per Bayannur (RLK): offerte e guide | ConfrontaPrezziVoli","Trova voli per Bayannur dai principali aeroporti italiani. Tariffe indicative da EUR 151 e consigli per scegliere il periodo migliore.","voli per Bayannur",cities,"Mese tipicamente conveniente: gennaio"
post,publish,"Voli per Bazhong (BZX): offerte, compagnie e periodo migliore per prenotare",voli-per-bazhong-bzx,"Confronta voli per Bazhong dai principali aeroporti italiani. Scopri prezzi indicativi, compagnie e consigli utili per organizzare la partenza.","<div class=""cpv-landing-note"">
  <p><strong>Perche cercare voli per Bazhong qui.</strong> Questa pagina raccoglie un quadro rapido delle partenze italiane piu interessanti per Bazhong, con tariffe indicative e consigli per scegliere il periodo piu vantaggioso.</p>
</div>
<div class=""cpv-stat-grid"">
  <div class=""cpv-stat""><strong>EUR 192</strong><span>Prezzo indicativo da monitorare dalle principali aree aeroportuali italiane.</span></div>
  <div class=""cpv-stat""><strong>giugno</strong><span>Periodo spesso interessante per tenere sotto controllo la rotta.</span></div>
  <div class=""cpv-stat""><strong>9</strong><span>Aeroporti italiani prioritari da confrontare per questa destinazione.</span></div>
</div>
<h2>Offerte voli per Bazhong</h2>
<p>Per trovare il miglior equilibrio tra prezzo, durata e comfort, conviene verificare piu aeroporti di partenza italiani e confrontare giorni feriali e weekend.</p>
<table>
  <thead>
    <tr><th>Partenza</th><th>Prezzo da</th><th>Durata indicativa</th><th>Mese da monitorare</th></tr>
  </thead>
  <tbody>
    <tr><td>Leonardo da Vinci-Fiumicino Airport (FCO)</td><td>EUR 140</td><td>11h 10</td><td>febbraio</td></tr><tr><td>Ciampino-G. B. Pastine International Airport (CIA)</td><td>EUR 196</td><td>2h 30</td><td>ottobre</td></tr><tr><td>Milano Malpensa Airport (MXP)</td><td>EUR 143</td><td>10h 40</td><td>maggio</td></tr><tr><td>Orio al Serio International Airport (BGY)</td><td>EUR 165</td><td>6h 20</td><td>marzo</td></tr><tr><td>Milano Linate Airport (LIN)</td><td>EUR 180</td><td>3h 50</td><td>giugno</td></tr><tr><td>Naples International Airport (NAP)</td><td>EUR 45</td><td>6h 20</td><td>marzo</td></tr><tr><td>Venice Marco Polo Airport (VCE)</td><td>EUR 153</td><td>9h 20</td><td>marzo</td></tr><tr><td>Catania-Fontanarossa Airport (CTA)</td><td>EUR 131</td><td>6h 40</td><td>maggio</td></tr><tr><td>Guglielmo Marconi Airport (BLQ)</td><td>EUR 175</td><td>10h 00</td><td>gennaio</td></tr>
  </tbody>
</table>
<h2>Aeroporti italiani da cui conviene partire</h2>
<div class=""cpv-chip-list""><span class=""cpv-chip"">Leonardo da Vinci-Fiumicino Airport</span><span class=""cpv-chip"">Ciampino-G. B. Pastine International Airport</span><span class=""cpv-chip"">Milano Malpensa Airport</span><span class=""cpv-chip"">Orio al Serio International Airport</span><span class=""cpv-chip"">Milano Linate Airport</span><span class=""cpv-chip"">Naples International Airport</span></div>
<div class=""cpv-landing-grid"">
  <div class=""cpv-landing-card""><strong>City break</strong><p>Se Bazhong e una meta urbana, le partenze del venerdi e del sabato sono spesso le piu monitorate.</p></div>
  <div class=""cpv-landing-card""><strong>Viaggi stagionali</strong><p>In alcuni periodi dell'anno le tariffe possono variare molto, soprattutto vicino ai ponti e alle festivita.</p></div>
  <div class=""cpv-landing-card""><strong>Confronto rapido</strong><p>Valuta aeroporti maggiori e secondari per capire se un piccolo spostamento porta a un risparmio concreto.</p></div>
</div>
<h2>Domande frequenti sui voli per Bazhong</h2>
<div class=""cpv-faq"">
  <details><summary>Qual e il modo migliore per cercare voli per Bazhong?</summary><p>Confronta piu aeroporti italiani, prova date flessibili e verifica anche partenze infrasettimanali per migliorare le possibilita di risparmio.</p></details>
  <details><summary>Meglio volo diretto o con scalo?</summary><p>Per tratte medio-brevi il diretto e spesso la scelta piu comoda, mentre su alcune rotte uno scalo puo ridurre il prezzo finale.</p></details>
  <details><summary>Quando controllare i prezzi per Bazhong?</summary><p>Vale la pena iniziare a monitorare la rotta in anticipo e verificare con regolarita i giorni piu vicini alla partenza ideale.</p></details>
</div>","Voli per citta|Voli intercontinentali",city,BZX,/voli-per/bazhong/,"Voli per Bazhong (BZX): offerte e guide | ConfrontaPrezziVoli","Trova voli per Bazhong dai principali aeroporti italiani. Tariffe indicative da EUR 192 e consigli per scegliere il periodo migliore.","voli per Bazhong",cities,"Mese tipicamente conveniente: giugno"
post,publish,"Voli per Bearskin Lake (XBE): offerte, compagnie e periodo migliore per prenotare",voli-per-bearskin-lake-xbe,"Confronta voli per Bearskin Lake dai principali aeroporti italiani. Scopri prezzi indicativi, compagnie e consigli utili per organizzare la partenza.","<div class=""cpv-landing-note"">
  <p><strong>Perche cercare voli per Bearskin Lake qui.</strong> Questa pagina raccoglie un quadro rapido delle partenze italiane piu interessanti per Bearskin Lake, con tariffe indicative e consigli per scegliere il periodo piu vantaggioso.</p>
</div>
<div class=""cpv-stat-grid"">
  <div class=""cpv-stat""><strong>EUR 186</strong><span>Prezzo indicativo da monitorare dalle principali aree aeroportuali italiane.</span></div>
  <div class=""cpv-stat""><strong>dicembre</strong><span>Periodo spesso interessante per tenere sotto controllo la rotta.</span></div>
  <div class=""cpv-stat""><strong>9</strong><span>Aeroporti italiani prioritari da confrontare per questa destinazione.</span></div>
</div>
<h2>Offerte voli per Bearskin Lake</h2>
<p>Per trovare il miglior equilibrio tra prezzo, durata e comfort, conviene verificare piu aeroporti di partenza italiani e confrontare giorni feriali e weekend.</p>
<table>
  <thead>
    <tr><th>Partenza</th><th>Prezzo da</th><th>Durata indicativa</th><th>Mese da monitorare</th></tr>
  </thead>
  <tbody>
    <tr><td>Leonardo da Vinci-Fiumicino Airport (FCO)</td><td>EUR 82</td><td>4h 30</td><td>aprile</td></tr><tr><td>Ciampino-G. B. Pastine International Airport (CIA)</td><td>EUR 102</td><td>11h 50</td><td>dicembre</td></tr><tr><td>Milano Malpensa Airport (MXP)</td><td>EUR 81</td><td>8h 20</td><td>marzo</td></tr><tr><td>Orio al Serio International Airport (BGY)</td><td>EUR 103</td><td>7h 00</td><td>gennaio</td></tr><tr><td>Milano Linate Airport (LIN)</td><td>EUR 158</td><td>2h 10</td><td>agosto</td></tr><tr><td>Naples International Airport (NAP)</td><td>EUR 183</td><td>3h 20</td><td>settembre</td></tr><tr><td>Venice Marco Polo Airport (VCE)</td><td>EUR 87</td><td>4h 20</td><td>settembre</td></tr><tr><td>Catania-Fontanarossa Airport (CTA)</td><td>EUR 21</td><td>11h 20</td><td>marzo</td></tr><tr><td>Guglielmo Marconi Airport (BLQ)</td><td>EUR 41</td><td>2h 40</td><td>novembre</td></tr>
  </tbody>
</table>
<h2>Aeroporti italiani da cui conviene partire</h2>
<div class=""cpv-chip-list""><span class=""cpv-chip"">Leonardo da Vinci-Fiumicino Airport</span><span class=""cpv-chip"">Ciampino-G. B. Pastine International Airport</span><span class=""cpv-chip"">Milano Malpensa Airport</span><span class=""cpv-chip"">Orio al Serio International Airport</span><span class=""cpv-chip"">Milano Linate Airport</span><span class=""cpv-chip"">Naples International Airport</span></div>
<div class=""cpv-landing-grid"">
  <div class=""cpv-landing-card""><strong>City break</strong><p>Se Bearskin Lake e una meta urbana, le partenze del venerdi e del sabato sono spesso le piu monitorate.</p></div>
  <div class=""cpv-landing-card""><strong>Viaggi stagionali</strong><p>In alcuni periodi dell'anno le tariffe possono variare molto, soprattutto vicino ai ponti e alle festivita.</p></div>
  <div class=""cpv-landing-card""><strong>Confronto rapido</strong><p>Valuta aeroporti maggiori e secondari per capire se un piccolo spostamento porta a un risparmio concreto.</p></div>
</div>
<h2>Domande frequenti sui voli per Bearskin Lake</h2>
<div class=""cpv-faq"">
  <details><summary>Qual e il modo migliore per cercare voli per Bearskin Lake?</summary><p>Confronta piu aeroporti italiani, prova date flessibili e verifica anche partenze infrasettimanali per migliorare le possibilita di risparmio.</p></details>
  <details><summary>Meglio volo diretto o con scalo?</summary><p>Per tratte medio-brevi il diretto e spesso la scelta piu comoda, mentre su alcune rotte uno scalo puo ridurre il prezzo finale.</p></details>
  <details><summary>Quando controllare i prezzi per Bearskin Lake?</summary><p>Vale la pena iniziare a monitorare la rotta in anticipo e verificare con regolarita i giorni piu vicini alla partenza ideale.</p></details>
</div>","Voli per citta|Voli intercontinentali",city,XBE,/voli-per/bearskin-lake/,"Voli per Bearskin Lake (XBE): offerte e guide | ConfrontaPrezziVoli","Trova voli per Bearskin Lake dai principali aeroporti italiani. Tariffe indicative da EUR 186 e consigli per scegliere il periodo migliore.","voli per Bearskin Lake",cities,"Mese tipicamente conveniente: dicembre"
post,publish,"Voli per Beaumont (BPT): offerte, compagnie e periodo migliore per prenotare",voli-per-beaumont-bpt,"Confronta voli per Beaumont dai principali aeroporti italiani. Scopri prezzi indicativi, compagnie e consigli utili per organizzare la partenza.","<div class=""cpv-landing-note"">
  <p><strong>Perche cercare voli per Beaumont qui.</strong> Questa pagina raccoglie un quadro rapido delle partenze italiane piu interessanti per Beaumont, con tariffe indicative e consigli per scegliere il periodo piu vantaggioso.</p>
</div>
<div class=""cpv-stat-grid"">
  <div class=""cpv-stat""><strong>EUR 163</strong><span>Prezzo indicativo da monitorare dalle principali aree aeroportuali italiane.</span></div>
  <div class=""cpv-stat""><strong>gennaio</strong><span>Periodo spesso interessante per tenere sotto controllo la rotta.</span></div>
  <div class=""cpv-stat""><strong>9</strong><span>Aeroporti italiani prioritari da confrontare per questa destinazione.</span></div>
</div>
<h2>Offerte voli per Beaumont</h2>
<p>Per trovare il miglior equilibrio tra prezzo, durata e comfort, conviene verificare piu aeroporti di partenza italiani e confrontare giorni feriali e weekend.</p>
<table>
  <thead>
    <tr><th>Partenza</th><th>Prezzo da</th><th>Durata indicativa</th><th>Mese da monitorare</th></tr>
  </thead>
  <tbody>
    <tr><td>Leonardo da Vinci-Fiumicino Airport (FCO)</td><td>EUR 39</td><td>11h 20</td><td>settembre</td></tr><tr><td>Ciampino-G. B. Pastine International Airport (CIA)</td><td>EUR 79</td><td>8h 00</td><td>gennaio</td></tr><tr><td>Milano Malpensa Airport (MXP)</td><td>EUR 164</td><td>7h 10</td><td>febbraio</td></tr><tr><td>Orio al Serio International Airport (BGY)</td><td>EUR 198</td><td>10h 50</td><td>dicembre</td></tr><tr><td>Milano Linate Airport (LIN)</td><td>EUR 35</td><td>2h 40</td><td>maggio</td></tr><tr><td>Naples International Airport (NAP)</td><td>EUR 166</td><td>1h 30</td><td>aprile</td></tr><tr><td>Venice Marco Polo Airport (VCE)</td><td>EUR 122</td><td>4h 10</td><td>agosto</td></tr><tr><td>Catania-Fontanarossa Airport (CTA)</td><td>EUR 120</td><td>8h 50</td><td>giugno</td></tr><tr><td>Guglielmo Marconi Airport (BLQ)</td><td>EUR 20</td><td>7h 10</td><td>febbraio</td></tr>
  </tbody>
</table>
<h2>Aeroporti italiani da cui conviene partire</h2>
<div class=""cpv-chip-list""><span class=""cpv-chip"">Leonardo da Vinci-Fiumicino Airport</span><span class=""cpv-chip"">Ciampino-G. B. Pastine International Airport</span><span class=""cpv-chip"">Milano Malpensa Airport</span><span class=""cpv-chip"">Orio al Serio International Airport</span><span class=""cpv-chip"">Milano Linate Airport</span><span class=""cpv-chip"">Naples International Airport</span></div>
<div class=""cpv-landing-grid"">
  <div class=""cpv-landing-card""><strong>City break</strong><p>Se Beaumont e una meta urbana, le partenze del venerdi e del sabato sono spesso le piu monitorate.</p></div>
  <div class=""cpv-landing-card""><strong>Viaggi stagionali</strong><p>In alcuni periodi dell'anno le tariffe possono variare molto, soprattutto vicino ai ponti e alle festivita.</p></div>
  <div class=""cpv-landing-card""><strong>Confronto rapido</strong><p>Valuta aeroporti maggiori e secondari per capire se un piccolo spostamento porta a un risparmio concreto.</p></div>
</div>
<h2>Domande frequenti sui voli per Beaumont</h2>
<div class=""cpv-faq"">
  <details><summary>Qual e il modo migliore per cercare voli per Beaumont?</summary><p>Confronta piu aeroporti italiani, prova date flessibili e verifica anche partenze infrasettimanali per migliorare le possibilita di risparmio.</p></details>
  <details><summary>Meglio volo diretto o con scalo?</summary><p>Per tratte medio-brevi il diretto e spesso la scelta piu comoda, mentre su alcune rotte uno scalo puo ridurre il prezzo finale.</p></details>
  <details><summary>Quando controllare i prezzi per Beaumont?</summary><p>Vale la pena iniziare a monitorare la rotta in anticipo e verificare con regolarita i giorni piu vicini alla partenza ideale.</p></details>
</div>","Voli per citta|Voli intercontinentali",city,BPT,/voli-per/beaumont/,"Voli per Beaumont (BPT): offerte e guide | ConfrontaPrezziVoli","Trova voli per Beaumont dai principali aeroporti italiani. Tariffe indicative da EUR 163 e consigli per scegliere il periodo migliore.","voli per Beaumont",cities,"Mese tipicamente conveniente: gennaio"
post,publish,"Voli per Beckley (BKW): offerte, compagnie e periodo migliore per prenotare",voli-per-beckley-bkw,"Confronta voli per Beckley dai principali aeroporti italiani. Scopri prezzi indicativi, compagnie e consigli utili per organizzare la partenza.","<div class=""cpv-landing-note"">
  <p><strong>Perche cercare voli per Beckley qui.</strong> Questa pagina raccoglie un quadro rapido delle partenze italiane piu interessanti per Beckley, con tariffe indicative e consigli per scegliere il periodo piu vantaggioso.</p>
</div>
<div class=""cpv-stat-grid"">
  <div class=""cpv-stat""><strong>EUR 171</strong><span>Prezzo indicativo da monitorare dalle principali aree aeroportuali italiane.</span></div>
  <div class=""cpv-stat""><strong>settembre</strong><span>Periodo spesso interessante per tenere sotto controllo la rotta.</span></div>
  <div class=""cpv-stat""><strong>9</strong><span>Aeroporti italiani prioritari da confrontare per questa destinazione.</span></div>
</div>
<h2>Offerte voli per Beckley</h2>
<p>Per trovare il miglior equilibrio tra prezzo, durata e comfort, conviene verificare piu aeroporti di partenza italiani e confrontare giorni feriali e weekend.</p>
<table>
  <thead>
    <tr><th>Partenza</th><th>Prezzo da</th><th>Durata indicativa</th><th>Mese da monitorare</th></tr>
  </thead>
  <tbody>
    <tr><td>Leonardo da Vinci-Fiumicino Airport (FCO)</td><td>EUR 95</td><td>7h 40</td><td>maggio</td></tr><tr><td>Ciampino-G. B. Pastine International Airport (CIA)</td><td>EUR 67</td><td>11h 00</td><td>gennaio</td></tr><tr><td>Milano Malpensa Airport (MXP)</td><td>EUR 72</td><td>7h 50</td><td>giugno</td></tr><tr><td>Orio al Serio International Airport (BGY)</td><td>EUR 98</td><td>8h 10</td><td>agosto</td></tr><tr><td>Milano Linate Airport (LIN)</td><td>EUR 171</td><td>5h 20</td><td>settembre</td></tr><tr><td>Naples International Airport (NAP)</td><td>EUR 86</td><td>4h 10</td><td>agosto</td></tr><tr><td>Venice Marco Polo Airport (VCE)</td><td>EUR 74</td><td>3h 10</td><td>agosto</td></tr><tr><td>Catania-Fontanarossa Airport (CTA)</td><td>EUR 36</td><td>9h 50</td><td>giugno</td></tr><tr><td>Guglielmo Marconi Airport (BLQ)</td><td>EUR 44</td><td>5h 10</td><td>febbraio</td></tr>
  </tbody>
</table>
<h2>Aeroporti italiani da cui conviene partire</h2>
<div class=""cpv-chip-list""><span class=""cpv-chip"">Leonardo da Vinci-Fiumicino Airport</span><span class=""cpv-chip"">Ciampino-G. B. Pastine International Airport</span><span class=""cpv-chip"">Milano Malpensa Airport</span><span class=""cpv-chip"">Orio al Serio International Airport</span><span class=""cpv-chip"">Milano Linate Airport</span><span class=""cpv-chip"">Naples International Airport</span></div>
<div class=""cpv-landing-grid"">
  <div class=""cpv-landing-card""><strong>City break</strong><p>Se Beckley e una meta urbana, le partenze del venerdi e del sabato sono spesso le piu monitorate.</p></div>
  <div class=""cpv-landing-card""><strong>Viaggi stagionali</strong><p>In alcuni periodi dell'anno le tariffe possono variare molto, soprattutto vicino ai ponti e alle festivita.</p></div>
  <div class=""cpv-landing-card""><strong>Confronto rapido</strong><p>Valuta aeroporti maggiori e secondari per capire se un piccolo spostamento porta a un risparmio concreto.</p></div>
</div>
<h2>Domande frequenti sui voli per Beckley</h2>
<div class=""cpv-faq"">
  <details><summary>Qual e il modo migliore per cercare voli per Beckley?</summary><p>Confronta piu aeroporti italiani, prova date flessibili e verifica anche partenze infrasettimanali per migliorare le possibilita di risparmio.</p></details>
  <details><summary>Meglio volo diretto o con scalo?</summary><p>Per tratte medio-brevi il diretto e spesso la scelta piu comoda, mentre su alcune rotte uno scalo puo ridurre il prezzo finale.</p></details>
  <details><summary>Quando controllare i prezzi per Beckley?</summary><p>Vale la pena iniziare a monitorare la rotta in anticipo e verificare con regolarita i giorni piu vicini alla partenza ideale.</p></details>
</div>","Voli per citta|Voli intercontinentali",city,BKW,/voli-per/beckley/,"Voli per Beckley (BKW): offerte e guide | ConfrontaPrezziVoli","Trova voli per Beckley dai principali aeroporti italiani. Tariffe indicative da EUR 171 e consigli per scegliere il periodo migliore.","voli per Beckley",cities,"Mese tipicamente conveniente: settembre"
post,publish,"Voli per Beef Island (EIS): offerte, compagnie e periodo migliore per prenotare",voli-per-beef-island-eis,"Confronta voli per Beef Island dai principali aeroporti italiani. Scopri prezzi indicativi, compagnie e consigli utili per organizzare la partenza.","<div class=""cpv-landing-note"">
  <p><strong>Perche cercare voli per Beef Island qui.</strong> Questa pagina raccoglie un quadro rapido delle partenze italiane piu interessanti per Beef Island, con tariffe indicative e consigli per scegliere il periodo piu vantaggioso.</p>
</div>
<div class=""cpv-stat-grid"">
  <div class=""cpv-stat""><strong>EUR 193</strong><span>Prezzo indicativo da monitorare dalle principali aree aeroportuali italiane.</span></div>
  <div class=""cpv-stat""><strong>luglio</strong><span>Periodo spesso interessante per tenere sotto controllo la rotta.</span></div>
  <div class=""cpv-stat""><strong>9</strong><span>Aeroporti italiani prioritari da confrontare per questa destinazione.</span></div>
</div>
<h2>Offerte voli per Beef Island</h2>
<p>Per trovare il miglior equilibrio tra prezzo, durata e comfort, conviene verificare piu aeroporti di partenza italiani e confrontare giorni feriali e weekend.</p>
<table>
  <thead>
    <tr><th>Partenza</th><th>Prezzo da</th><th>Durata indicativa</th><th>Mese da monitorare</th></tr>
  </thead>
  <tbody>
    <tr><td>Leonardo da Vinci-Fiumicino Airport (FCO)</td><td>EUR 181</td><td>11h 00</td><td>luglio</td></tr><tr><td>Ciampino-G. B. Pastine International Airport (CIA)</td><td>EUR 21</td><td>5h 20</td><td>marzo</td></tr><tr><td>Milano Malpensa Airport (MXP)</td><td>EUR 50</td><td>11h 10</td><td>agosto</td></tr><tr><td>Orio al Serio International Airport (BGY)</td><td>EUR 196</td><td>7h 30</td><td>ottobre</td></tr><tr><td>Milano Linate Airport (LIN)</td><td>EUR 85</td><td>10h 00</td><td>luglio</td></tr><tr><td>Naples International Airport (NAP)</td><td>EUR 156</td><td>9h 50</td><td>giugno</td></tr><tr><td>Venice Marco Polo Airport (VCE)</td><td>EUR 104</td><td>7h 10</td><td>febbraio</td></tr><tr><td>Catania-Fontanarossa Airport (CTA)</td><td>EUR 158</td><td>7h 10</td><td>agosto</td></tr><tr><td>Guglielmo Marconi Airport (BLQ)</td><td>EUR 166</td><td>5h 30</td><td>aprile</td></tr>
  </tbody>
</table>
<h2>Aeroporti italiani da cui conviene partire</h2>
<div class=""cpv-chip-list""><span class=""cpv-chip"">Leonardo da Vinci-Fiumicino Airport</span><span class=""cpv-chip"">Ciampino-G. B. Pastine International Airport</span><span class=""cpv-chip"">Milano Malpensa Airport</span><span class=""cpv-chip"">Orio al Serio International Airport</span><span class=""cpv-chip"">Milano Linate Airport</span><span class=""cpv-chip"">Naples International Airport</span></div>
<div class=""cpv-landing-grid"">
  <div class=""cpv-landing-card""><strong>City break</strong><p>Se Beef Island e una meta urbana, le partenze del venerdi e del sabato sono spesso le piu monitorate.</p></div>
  <div class=""cpv-landing-card""><strong>Viaggi stagionali</strong><p>In alcuni periodi dell'anno le tariffe possono variare molto, soprattutto vicino ai ponti e alle festivita.</p></div>
  <div class=""cpv-landing-card""><strong>Confronto rapido</strong><p>Valuta aeroporti maggiori e secondari per capire se un piccolo spostamento porta a un risparmio concreto.</p></div>
</div>
<h2>Domande frequenti sui voli per Beef Island</h2>
<div class=""cpv-faq"">
  <details><summary>Qual e il modo migliore per cercare voli per Beef Island?</summary><p>Confronta piu aeroporti italiani, prova date flessibili e verifica anche partenze infrasettimanali per migliorare le possibilita di risparmio.</p></details>
  <details><summary>Meglio volo diretto o con scalo?</summary><p>Per tratte medio-brevi il diretto e spesso la scelta piu comoda, mentre su alcune rotte uno scalo puo ridurre il prezzo finale.</p></details>
  <details><summary>Quando controllare i prezzi per Beef Island?</summary><p>Vale la pena iniziare a monitorare la rotta in anticipo e verificare con regolarita i giorni piu vicini alla partenza ideale.</p></details>
</div>","Voli per citta|Voli intercontinentali",city,EIS,/voli-per/beef-island/,"Voli per Beef Island (EIS): offerte e guide | ConfrontaPrezziVoli","Trova voli per Beef Island dai principali aeroporti italiani. Tariffe indicative da EUR 193 e consigli per scegliere il periodo migliore.","voli per Beef Island",cities,"Mese tipicamente conveniente: luglio"
post,publish,"Voli per Beida (LAQ): offerte, compagnie e periodo migliore per prenotare",voli-per-beida-laq,"Confronta voli per Beida dai principali aeroporti italiani. Scopri prezzi indicativi, compagnie e consigli utili per organizzare la partenza.","<div class=""cpv-landing-note"">
  <p><strong>Perche cercare voli per Beida qui.</strong> Questa pagina raccoglie un quadro rapido delle partenze italiane piu interessanti per Beida, con tariffe indicative e consigli per scegliere il periodo piu vantaggioso.</p>
</div>
<div class=""cpv-stat-grid"">
  <div class=""cpv-stat""><strong>EUR 60</strong><span>Prezzo indicativo da monitorare dalle principali aree aeroportuali italiane.</span></div>
  <div class=""cpv-stat""><strong>giugno</strong><span>Periodo spesso interessante per tenere sotto controllo la rotta.</span></div>
  <div class=""cpv-stat""><strong>9</strong><span>Aeroporti italiani prioritari da confrontare per questa destinazione.</span></div>
</div>
<h2>Offerte voli per Beida</h2>
<p>Per trovare il miglior equilibrio tra prezzo, durata e comfort, conviene verificare piu aeroporti di partenza italiani e confrontare giorni feriali e weekend.</p>
<table>
  <thead>
    <tr><th>Partenza</th><th>Prezzo da</th><th>Durata indicativa</th><th>Mese da monitorare</th></tr>
  </thead>
  <tbody>
    <tr><td>Leonardo da Vinci-Fiumicino Airport (FCO)</td><td>EUR 20</td><td>7h 10</td><td>febbraio</td></tr><tr><td>Ciampino-G. B. Pastine International Airport (CIA)</td><td>EUR 56</td><td>6h 10</td><td>febbraio</td></tr><tr><td>Milano Malpensa Airport (MXP)</td><td>EUR 27</td><td>9h 20</td><td>settembre</td></tr><tr><td>Orio al Serio International Airport (BGY)</td><td>EUR 165</td><td>5h 20</td><td>marzo</td></tr><tr><td>Milano Linate Airport (LIN)</td><td>EUR 76</td><td>5h 30</td><td>ottobre</td></tr><tr><td>Naples International Airport (NAP)</td><td>EUR 149</td><td>6h 40</td><td>novembre</td></tr><tr><td>Venice Marco Polo Airport (VCE)</td><td>EUR 61</td><td>7h 00</td><td>luglio</td></tr><tr><td>Catania-Fontanarossa Airport (CTA)</td><td>EUR 87</td><td>3h 20</td><td>settembre</td></tr><tr><td>Guglielmo Marconi Airport (BLQ)</td><td>EUR 31</td><td>4h 00</td><td>gennaio</td></tr>
  </tbody>
</table>
<h2>Aeroporti italiani da cui conviene partire</h2>
<div class=""cpv-chip-list""><span class=""cpv-chip"">Leonardo da Vinci-Fiumicino Airport</span><span class=""cpv-chip"">Ciampino-G. B. Pastine International Airport</span><span class=""cpv-chip"">Milano Malpensa Airport</span><span class=""cpv-chip"">Orio al Serio International Airport</span><span class=""cpv-chip"">Milano Linate Airport</span><span class=""cpv-chip"">Naples International Airport</span></div>
<div class=""cpv-landing-grid"">
  <div class=""cpv-landing-card""><strong>City break</strong><p>Se Beida e una meta urbana, le partenze del venerdi e del sabato sono spesso le piu monitorate.</p></div>
  <div class=""cpv-landing-card""><strong>Viaggi stagionali</strong><p>In alcuni periodi dell'anno le tariffe possono variare molto, soprattutto vicino ai ponti e alle festivita.</p></div>
  <div class=""cpv-landing-card""><strong>Confronto rapido</strong><p>Valuta aeroporti maggiori e secondari per capire se un piccolo spostamento porta a un risparmio concreto.</p></div>
</div>
<h2>Domande frequenti sui voli per Beida</h2>
<div class=""cpv-faq"">
  <details><summary>Qual e il modo migliore per cercare voli per Beida?</summary><p>Confronta piu aeroporti italiani, prova date flessibili e verifica anche partenze infrasettimanali per migliorare le possibilita di risparmio.</p></details>
  <details><summary>Meglio volo diretto o con scalo?</summary><p>Per tratte medio-brevi il diretto e spesso la scelta piu comoda, mentre su alcune rotte uno scalo puo ridurre il prezzo finale.</p></details>
  <details><summary>Quando controllare i prezzi per Beida?</summary><p>Vale la pena iniziare a monitorare la rotta in anticipo e verificare con regolarita i giorni piu vicini alla partenza ideale.</p></details>
</div>","Voli per citta|Voli intercontinentali",city,LAQ,/voli-per/beida/,"Voli per Beida (LAQ): offerte e guide | ConfrontaPrezziVoli","Trova voli per Beida dai principali aeroporti italiani. Tariffe indicative da EUR 60 e consigli per scegliere il periodo migliore.","voli per Beida",cities,"Mese tipicamente conveniente: giugno"
post,publish,"Voli per Beihai (BHY): offerte, compagnie e periodo migliore per prenotare",voli-per-beihai-bhy,"Confronta voli per Beihai dai principali aeroporti italiani. Scopri prezzi indicativi, compagnie e consigli utili per organizzare la partenza.","<div class=""cpv-landing-note"">
  <p><strong>Perche cercare voli per Beihai qui.</strong> Questa pagina raccoglie un quadro rapido delle partenze italiane piu interessanti per Beihai, con tariffe indicative e consigli per scegliere il periodo piu vantaggioso.</p>
</div>
<div class=""cpv-stat-grid"">
  <div class=""cpv-stat""><strong>EUR 179</strong><span>Prezzo indicativo da monitorare dalle principali aree aeroportuali italiane.</span></div>
  <div class=""cpv-stat""><strong>maggio</strong><span>Periodo spesso interessante per tenere sotto controllo la rotta.</span></div>
  <div class=""cpv-stat""><strong>9</strong><span>Aeroporti italiani prioritari da confrontare per questa destinazione.</span></div>
</div>
<h2>Offerte voli per Beihai</h2>
<p>Per trovare il miglior equilibrio tra prezzo, durata e comfort, conviene verificare piu aeroporti di partenza italiani e confrontare giorni feriali e weekend.</p>
<table>
  <thead>
    <tr><th>Partenza</th><th>Prezzo da</th><th>Durata indicativa</th><th>Mese da monitorare</th></tr>
  </thead>
  <tbody>
    <tr><td>Leonardo da Vinci-Fiumicino Airport (FCO)</td><td>EUR 99</td><td>8h 20</td><td>settembre</td></tr><tr><td>Ciampino-G. B. Pastine International Airport (CIA)</td><td>EUR 143</td><td>8h 40</td><td>maggio</td></tr><tr><td>Milano Malpensa Airport (MXP)</td><td>EUR 144</td><td>7h 50</td><td>giugno</td></tr><tr><td>Orio al Serio International Airport (BGY)</td><td>EUR 82</td><td>3h 30</td><td>aprile</td></tr><tr><td>Milano Linate Airport (LIN)</td><td>EUR 171</td><td>2h 20</td><td>settembre</td></tr><tr><td>Naples International Airport (NAP)</td><td>EUR 174</td><td>5h 50</td><td>dicembre</td></tr><tr><td>Venice Marco Polo Airport (VCE)</td><td>EUR 114</td><td>11h 50</td><td>dicembre</td></tr><tr><td>Catania-Fontanarossa Airport (CTA)</td><td>EUR 64</td><td>5h 30</td><td>ottobre</td></tr><tr><td>Guglielmo Marconi Airport (BLQ)</td><td>EUR 144</td><td>1h 50</td><td>giugno</td></tr>
  </tbody>
</table>
<h2>Aeroporti italiani da cui conviene partire</h2>
<div class=""cpv-chip-list""><span class=""cpv-chip"">Leonardo da Vinci-Fiumicino Airport</span><span class=""cpv-chip"">Ciampino-G. B. Pastine International Airport</span><span class=""cpv-chip"">Milano Malpensa Airport</span><span class=""cpv-chip"">Orio al Serio International Airport</span><span class=""cpv-chip"">Milano Linate Airport</span><span class=""cpv-chip"">Naples International Airport</span></div>
<div class=""cpv-landing-grid"">
  <div class=""cpv-landing-card""><strong>City break</strong><p>Se Beihai e una meta urbana, le partenze del venerdi e del sabato sono spesso le piu monitorate.</p></div>
  <div class=""cpv-landing-card""><strong>Viaggi stagionali</strong><p>In alcuni periodi dell'anno le tariffe possono variare molto, soprattutto vicino ai ponti e alle festivita.</p></div>
  <div class=""cpv-landing-card""><strong>Confronto rapido</strong><p>Valuta aeroporti maggiori e secondari per capire se un piccolo spostamento porta a un risparmio concreto.</p></div>
</div>
<h2>Domande frequenti sui voli per Beihai</h2>
<div class=""cpv-faq"">
  <details><summary>Qual e il modo migliore per cercare voli per Beihai?</summary><p>Confronta piu aeroporti italiani, prova date flessibili e verifica anche partenze infrasettimanali per migliorare le possibilita di risparmio.</p></details>
  <details><summary>Meglio volo diretto o con scalo?</summary><p>Per tratte medio-brevi il diretto e spesso la scelta piu comoda, mentre su alcune rotte uno scalo puo ridurre il prezzo finale.</p></details>
  <details><summary>Quando controllare i prezzi per Beihai?</summary><p>Vale la pena iniziare a monitorare la rotta in anticipo e verificare con regolarita i giorni piu vicini alla partenza ideale.</p></details>
</div>","Voli per citta|Voli intercontinentali",city,BHY,/voli-per/beihai/,"Voli per Beihai (BHY): offerte e guide | ConfrontaPrezziVoli","Trova voli per Beihai dai principali aeroporti italiani. Tariffe indicative da EUR 179 e consigli per scegliere il periodo migliore.","voli per Beihai",cities,"Mese tipicamente conveniente: maggio"
post,publish,"Voli per Beijing (BJS): offerte, compagnie e periodo migliore per prenotare",voli-per-beijing-bjs,"Confronta voli per Beijing dai principali aeroporti italiani. Scopri prezzi indicativi, compagnie e consigli utili per organizzare la partenza.","<div class=""cpv-landing-note"">
  <p><strong>Perche cercare voli per Beijing qui.</strong> Questa pagina raccoglie un quadro rapido delle partenze italiane piu interessanti per Beijing, con tariffe indicative e consigli per scegliere il periodo piu vantaggioso.</p>
</div>
<div class=""cpv-stat-grid"">
  <div class=""cpv-stat""><strong>EUR 91</strong><span>Prezzo indicativo da monitorare dalle principali aree aeroportuali italiane.</span></div>
  <div class=""cpv-stat""><strong>gennaio</strong><span>Periodo spesso interessante per tenere sotto controllo la rotta.</span></div>
  <div class=""cpv-stat""><strong>9</strong><span>Aeroporti italiani prioritari da confrontare per questa destinazione.</span></div>
</div>
<h2>Offerte voli per Beijing</h2>
<p>Per trovare il miglior equilibrio tra prezzo, durata e comfort, conviene verificare piu aeroporti di partenza italiani e confrontare giorni feriali e weekend.</p>
<table>
  <thead>
    <tr><th>Partenza</th><th>Prezzo da</th><th>Durata indicativa</th><th>Mese da monitorare</th></tr>
  </thead>
  <tbody>
    <tr><td>Leonardo da Vinci-Fiumicino Airport (FCO)</td><td>EUR 151</td><td>11h 00</td><td>gennaio</td></tr><tr><td>Ciampino-G. B. Pastine International Airport (CIA)</td><td>EUR 31</td><td>9h 00</td><td>gennaio</td></tr><tr><td>Milano Malpensa Airport (MXP)</td><td>EUR 140</td><td>5h 10</td><td>febbraio</td></tr><tr><td>Orio al Serio International Airport (BGY)</td><td>EUR 74</td><td>6h 10</td><td>agosto</td></tr><tr><td>Milano Linate Airport (LIN)</td><td>EUR 35</td><td>7h 40</td><td>maggio</td></tr><tr><td>Naples International Airport (NAP)</td><td>EUR 46</td><td>10h 30</td><td>aprile</td></tr><tr><td>Venice Marco Polo Airport (VCE)</td><td>EUR 150</td><td>4h 50</td><td>dicembre</td></tr><tr><td>Catania-Fontanarossa Airport (CTA)</td><td>EUR 76</td><td>5h 30</td><td>ottobre</td></tr><tr><td>Guglielmo Marconi Airport (BLQ)</td><td>EUR 60</td><td>2h 50</td><td>giugno</td></tr>
  </tbody>
</table>
<h2>Aeroporti italiani da cui conviene partire</h2>
<div class=""cpv-chip-list""><span class=""cpv-chip"">Leonardo da Vinci-Fiumicino Airport</span><span class=""cpv-chip"">Ciampino-G. B. Pastine International Airport</span><span class=""cpv-chip"">Milano Malpensa Airport</span><span class=""cpv-chip"">Orio al Serio International Airport</span><span class=""cpv-chip"">Milano Linate Airport</span><span class=""cpv-chip"">Naples International Airport</span></div>
<div class=""cpv-landing-grid"">
  <div class=""cpv-landing-card""><strong>City break</strong><p>Se Beijing e una meta urbana, le partenze del venerdi e del sabato sono spesso le piu monitorate.</p></div>
  <div class=""cpv-landing-card""><strong>Viaggi stagionali</strong><p>In alcuni periodi dell'anno le tariffe possono variare molto, soprattutto vicino ai ponti e alle festivita.</p></div>
  <div class=""cpv-landing-card""><strong>Confronto rapido</strong><p>Valuta aeroporti maggiori e secondari per capire se un piccolo spostamento porta a un risparmio concreto.</p></div>
</div>
<h2>Domande frequenti sui voli per Beijing</h2>
<div class=""cpv-faq"">
  <details><summary>Qual e il modo migliore per cercare voli per Beijing?</summary><p>Confronta piu aeroporti italiani, prova date flessibili e verifica anche partenze infrasettimanali per migliorare le possibilita di risparmio.</p></details>
  <details><summary>Meglio volo diretto o con scalo?</summary><p>Per tratte medio-brevi il diretto e spesso la scelta piu comoda, mentre su alcune rotte uno scalo puo ridurre il prezzo finale.</p></details>
  <details><summary>Quando controllare i prezzi per Beijing?</summary><p>Vale la pena iniziare a monitorare la rotta in anticipo e verificare con regolarita i giorni piu vicini alla partenza ideale.</p></details>
</div>","Voli per citta|Voli intercontinentali",city,BJS,/voli-per/beijing/,"Voli per Beijing (BJS): offerte e guide | ConfrontaPrezziVoli","Trova voli per Beijing dai principali aeroporti italiani. Tariffe indicative da EUR 91 e consigli per scegliere il periodo migliore.","voli per Beijing",cities,"Mese tipicamente conveniente: gennaio"
post,publish,"Voli per Beira (BEW): offerte, compagnie e periodo migliore per prenotare",voli-per-beira-bew,"Confronta voli per Beira dai principali aeroporti italiani. Scopri prezzi indicativi, compagnie e consigli utili per organizzare la partenza.","<div class=""cpv-landing-note"">
  <p><strong>Perche cercare voli per Beira qui.</strong> Questa pagina raccoglie un quadro rapido delle partenze italiane piu interessanti per Beira, con tariffe indicative e consigli per scegliere il periodo piu vantaggioso.</p>
</div>
<div class=""cpv-stat-grid"">
  <div class=""cpv-stat""><strong>EUR 77</strong><span>Prezzo indicativo da monitorare dalle principali aree aeroportuali italiane.</span></div>
  <div class=""cpv-stat""><strong>novembre</strong><span>Periodo spesso interessante per tenere sotto controllo la rotta.</span></div>
  <div class=""cpv-stat""><strong>9</strong><span>Aeroporti italiani prioritari da confrontare per questa destinazione.</span></div>
</div>
<h2>Offerte voli per Beira</h2>
<p>Per trovare il miglior equilibrio tra prezzo, durata e comfort, conviene verificare piu aeroporti di partenza italiani e confrontare giorni feriali e weekend.</p>
<table>
  <thead>
    <tr><th>Partenza</th><th>Prezzo da</th><th>Durata indicativa</th><th>Mese da monitorare</th></tr>
  </thead>
  <tbody>
    <tr><td>Leonardo da Vinci-Fiumicino Airport (FCO)</td><td>EUR 141</td><td>4h 20</td><td>marzo</td></tr><tr><td>Ciampino-G. B. Pastine International Airport (CIA)</td><td>EUR 185</td><td>1h 40</td><td>novembre</td></tr><tr><td>Milano Malpensa Airport (MXP)</td><td>EUR 194</td><td>6h 10</td><td>agosto</td></tr><tr><td>Orio al Serio International Airport (BGY)</td><td>EUR 160</td><td>2h 30</td><td>ottobre</td></tr><tr><td>Milano Linate Airport (LIN)</td><td>EUR 105</td><td>5h 20</td><td>marzo</td></tr><tr><td>Naples International Airport (NAP)</td><td>EUR 112</td><td>1h 30</td><td>ottobre</td></tr><tr><td>Venice Marco Polo Airport (VCE)</td><td>EUR 20</td><td>11h 10</td><td>febbraio</td></tr><tr><td>Catania-Fontanarossa Airport (CTA)</td><td>EUR 190</td><td>3h 30</td><td>aprile</td></tr><tr><td>Guglielmo Marconi Airport (BLQ)</td><td>EUR 38</td><td>2h 10</td><td>agosto</td></tr>
  </tbody>
</table>
<h2>Aeroporti italiani da cui conviene partire</h2>
<div class=""cpv-chip-list""><span class=""cpv-chip"">Leonardo da Vinci-Fiumicino Airport</span><span class=""cpv-chip"">Ciampino-G. B. Pastine International Airport</span><span class=""cpv-chip"">Milano Malpensa Airport</span><span class=""cpv-chip"">Orio al Serio International Airport</span><span class=""cpv-chip"">Milano Linate Airport</span><span class=""cpv-chip"">Naples International Airport</span></div>
<div class=""cpv-landing-grid"">
  <div class=""cpv-landing-card""><strong>City break</strong><p>Se Beira e una meta urbana, le partenze del venerdi e del sabato sono spesso le piu monitorate.</p></div>
  <div class=""cpv-landing-card""><strong>Viaggi stagionali</strong><p>In alcuni periodi dell'anno le tariffe possono variare molto, soprattutto vicino ai ponti e alle festivita.</p></div>
  <div class=""cpv-landing-card""><strong>Confronto rapido</strong><p>Valuta aeroporti maggiori e secondari per capire se un piccolo spostamento porta a un risparmio concreto.</p></div>
</div>
<h2>Domande frequenti sui voli per Beira</h2>
<div class=""cpv-faq"">
  <details><summary>Qual e il modo migliore per cercare voli per Beira?</summary><p>Confronta piu aeroporti italiani, prova date flessibili e verifica anche partenze infrasettimanali per migliorare le possibilita di risparmio.</p></details>
  <details><summary>Meglio volo diretto o con scalo?</summary><p>Per tratte medio-brevi il diretto e spesso la scelta piu comoda, mentre su alcune rotte uno scalo puo ridurre il prezzo finale.</p></details>
  <details><summary>Quando controllare i prezzi per Beira?</summary><p>Vale la pena iniziare a monitorare la rotta in anticipo e verificare con regolarita i giorni piu vicini alla partenza ideale.</p></details>
</div>","Voli per citta|Voli intercontinentali",city,BEW,/voli-per/beira/,"Voli per Beira (BEW): offerte e guide | ConfrontaPrezziVoli","Trova voli per Beira dai principali aeroporti italiani. Tariffe indicative da EUR 77 e consigli per scegliere il periodo migliore.","voli per Beira",cities,"Mese tipicamente conveniente: novembre"
post,publish,"Voli per Beirut (BEY): offerte, compagnie e periodo migliore per prenotare",voli-per-beirut-bey,"Confronta voli per Beirut dai principali aeroporti italiani. Scopri prezzi indicativi, compagnie e consigli utili per organizzare la partenza.","<div class=""cpv-landing-note"">
  <p><strong>Perche cercare voli per Beirut qui.</strong> Questa pagina raccoglie un quadro rapido delle partenze italiane piu interessanti per Beirut, con tariffe indicative e consigli per scegliere il periodo piu vantaggioso.</p>
</div>
<div class=""cpv-stat-grid"">
  <div class=""cpv-stat""><strong>EUR 160</strong><span>Prezzo indicativo da monitorare dalle principali aree aeroportuali italiane.</span></div>
  <div class=""cpv-stat""><strong>ottobre</strong><span>Periodo spesso interessante per tenere sotto controllo la rotta.</span></div>
  <div class=""cpv-stat""><strong>9</strong><span>Aeroporti italiani prioritari da confrontare per questa destinazione.</span></div>
</div>
<h2>Offerte voli per Beirut</h2>
<p>Per trovare il miglior equilibrio tra prezzo, durata e comfort, conviene verificare piu aeroporti di partenza italiani e confrontare giorni feriali e weekend.</p>
<table>
  <thead>
    <tr><th>Partenza</th><th>Prezzo da</th><th>Durata indicativa</th><th>Mese da monitorare</th></tr>
  </thead>
  <tbody>
    <tr><td>Leonardo da Vinci-Fiumicino Airport (FCO)</td><td>EUR 112</td><td>7h 30</td><td>ottobre</td></tr><tr><td>Ciampino-G. B. Pastine International Airport (CIA)</td><td>EUR 124</td><td>5h 30</td><td>ottobre</td></tr><tr><td>Milano Malpensa Airport (MXP)</td><td>EUR 23</td><td>10h 40</td><td>maggio</td></tr><tr><td>Orio al Serio International Airport (BGY)</td><td>EUR 101</td><td>8h 40</td><td>novembre</td></tr><tr><td>Milano Linate Airport (LIN)</td><td>EUR 92</td><td>6h 10</td><td>febbraio</td></tr><tr><td>Naples International Airport (NAP)</td><td>EUR 41</td><td>8h 40</td><td>novembre</td></tr><tr><td>Venice Marco Polo Airport (VCE)</td><td>EUR 97</td><td>4h 00</td><td>luglio</td></tr><tr><td>Catania-Fontanarossa Airport (CTA)</td><td>EUR 175</td><td>10h 00</td><td>gennaio</td></tr><tr><td>Guglielmo Marconi Airport (BLQ)</td><td>EUR 183</td><td>1h 20</td><td>settembre</td></tr>
  </tbody>
</table>
<h2>Aeroporti italiani da cui conviene partire</h2>
<div class=""cpv-chip-list""><span class=""cpv-chip"">Leonardo da Vinci-Fiumicino Airport</span><span class=""cpv-chip"">Ciampino-G. B. Pastine International Airport</span><span class=""cpv-chip"">Milano Malpensa Airport</span><span class=""cpv-chip"">Orio al Serio International Airport</span><span class=""cpv-chip"">Milano Linate Airport</span><span class=""cpv-chip"">Naples International Airport</span></div>
<div class=""cpv-landing-grid"">
  <div class=""cpv-landing-card""><strong>City break</strong><p>Se Beirut e una meta urbana, le partenze del venerdi e del sabato sono spesso le piu monitorate.</p></div>
  <div class=""cpv-landing-card""><strong>Viaggi stagionali</strong><p>In alcuni periodi dell'anno le tariffe possono variare molto, soprattutto vicino ai ponti e alle festivita.</p></div>
  <div class=""cpv-landing-card""><strong>Confronto rapido</strong><p>Valuta aeroporti maggiori e secondari per capire se un piccolo spostamento porta a un risparmio concreto.</p></div>
</div>
<h2>Domande frequenti sui voli per Beirut</h2>
<div class=""cpv-faq"">
  <details><summary>Qual e il modo migliore per cercare voli per Beirut?</summary><p>Confronta piu aeroporti italiani, prova date flessibili e verifica anche partenze infrasettimanali per migliorare le possibilita di risparmio.</p></details>
  <details><summary>Meglio volo diretto o con scalo?</summary><p>Per tratte medio-brevi il diretto e spesso la scelta piu comoda, mentre su alcune rotte uno scalo puo ridurre il prezzo finale.</p></details>
  <details><summary>Quando controllare i prezzi per Beirut?</summary><p>Vale la pena iniziare a monitorare la rotta in anticipo e verificare con regolarita i giorni piu vicini alla partenza ideale.</p></details>
</div>","Voli per citta|Voli intercontinentali",city,BEY,/voli-per/beirut/,"Voli per Beirut (BEY): offerte e guide | ConfrontaPrezziVoli","Trova voli per Beirut dai principali aeroporti italiani. Tariffe indicative da EUR 160 e consigli per scegliere il periodo migliore.","voli per Beirut",cities,"Mese tipicamente conveniente: ottobre"
post,publish,"Voli per Bejaia (BJA): offerte, compagnie e periodo migliore per prenotare",voli-per-bejaia-bja,"Confronta voli per Bejaia dai principali aeroporti italiani. Scopri prezzi indicativi, compagnie e consigli utili per organizzare la partenza.","<div class=""cpv-landing-note"">
  <p><strong>Perche cercare voli per Bejaia qui.</strong> Questa pagina raccoglie un quadro rapido delle partenze italiane piu interessanti per Bejaia, con tariffe indicative e consigli per scegliere il periodo piu vantaggioso.</p>
</div>
<div class=""cpv-stat-grid"">
  <div class=""cpv-stat""><strong>EUR 83</strong><span>Prezzo indicativo da monitorare dalle principali aree aeroportuali italiane.</span></div>
  <div class=""cpv-stat""><strong>maggio</strong><span>Periodo spesso interessante per tenere sotto controllo la rotta.</span></div>
  <div class=""cpv-stat""><strong>9</strong><span>Aeroporti italiani prioritari da confrontare per questa destinazione.</span></div>
</div>
<h2>Offerte voli per Bejaia</h2>
<p>Per trovare il miglior equilibrio tra prezzo, durata e comfort, conviene verificare piu aeroporti di partenza italiani e confrontare giorni feriali e weekend.</p>
<table>
  <thead>
    <tr><th>Partenza</th><th>Prezzo da</th><th>Durata indicativa</th><th>Mese da monitorare</th></tr>
  </thead>
  <tbody>
    <tr><td>Leonardo da Vinci-Fiumicino Airport (FCO)</td><td>EUR 39</td><td>11h 20</td><td>settembre</td></tr><tr><td>Ciampino-G. B. Pastine International Airport (CIA)</td><td>EUR 87</td><td>10h 20</td><td>settembre</td></tr><tr><td>Milano Malpensa Airport (MXP)</td><td>EUR 140</td><td>7h 10</td><td>febbraio</td></tr><tr><td>Orio al Serio International Airport (BGY)</td><td>EUR 86</td><td>2h 10</td><td>agosto</td></tr><tr><td>Milano Linate Airport (LIN)</td><td>EUR 19</td><td>8h 00</td><td>gennaio</td></tr><tr><td>Naples International Airport (NAP)</td><td>EUR 26</td><td>11h 10</td><td>agosto</td></tr><tr><td>Venice Marco Polo Airport (VCE)</td><td>EUR 150</td><td>7h 50</td><td>dicembre</td></tr><tr><td>Catania-Fontanarossa Airport (CTA)</td><td>EUR 144</td><td>9h 50</td><td>giugno</td></tr><tr><td>Guglielmo Marconi Airport (BLQ)</td><td>EUR 116</td><td>1h 10</td><td>febbraio</td></tr>
  </tbody>
</table>
<h2>Aeroporti italiani da cui conviene partire</h2>
<div class=""cpv-chip-list""><span class=""cpv-chip"">Leonardo da Vinci-Fiumicino Airport</span><span class=""cpv-chip"">Ciampino-G. B. Pastine International Airport</span><span class=""cpv-chip"">Milano Malpensa Airport</span><span class=""cpv-chip"">Orio al Serio International Airport</span><span class=""cpv-chip"">Milano Linate Airport</span><span class=""cpv-chip"">Naples International Airport</span></div>
<div class=""cpv-landing-grid"">
  <div class=""cpv-landing-card""><strong>City break</strong><p>Se Bejaia e una meta urbana, le partenze del venerdi e del sabato sono spesso le piu monitorate.</p></div>
  <div class=""cpv-landing-card""><strong>Viaggi stagionali</strong><p>In alcuni periodi dell'anno le tariffe possono variare molto, soprattutto vicino ai ponti e alle festivita.</p></div>
  <div class=""cpv-landing-card""><strong>Confronto rapido</strong><p>Valuta aeroporti maggiori e secondari per capire se un piccolo spostamento porta a un risparmio concreto.</p></div>
</div>
<h2>Domande frequenti sui voli per Bejaia</h2>
<div class=""cpv-faq"">
  <details><summary>Qual e il modo migliore per cercare voli per Bejaia?</summary><p>Confronta piu aeroporti italiani, prova date flessibili e verifica anche partenze infrasettimanali per migliorare le possibilita di risparmio.</p></details>
  <details><summary>Meglio volo diretto o con scalo?</summary><p>Per tratte medio-brevi il diretto e spesso la scelta piu comoda, mentre su alcune rotte uno scalo puo ridurre il prezzo finale.</p></details>
  <details><summary>Quando controllare i prezzi per Bejaia?</summary><p>Vale la pena iniziare a monitorare la rotta in anticipo e verificare con regolarita i giorni piu vicini alla partenza ideale.</p></details>
</div>","Voli per citta|Voli intercontinentali",city,BJA,/voli-per/bejaia/,"Voli per Bejaia (BJA): offerte e guide | ConfrontaPrezziVoli","Trova voli per Bejaia dai principali aeroporti italiani. Tariffe indicative da EUR 83 e consigli per scegliere il periodo migliore.","voli per Bejaia",cities,"Mese tipicamente conveniente: maggio"
post,publish,"Voli per Belaya Gora (BGN): offerte, compagnie e periodo migliore per prenotare",voli-per-belaya-gora-bgn,"Confronta voli per Belaya Gora dai principali aeroporti italiani. Scopri prezzi indicativi, compagnie e consigli utili per organizzare la partenza.","<div class=""cpv-landing-note"">
  <p><strong>Perche cercare voli per Belaya Gora qui.</strong> Questa pagina raccoglie un quadro rapido delle partenze italiane piu interessanti per Belaya Gora, con tariffe indicative e consigli per scegliere il periodo piu vantaggioso.</p>
</div>
<div class=""cpv-stat-grid"">
  <div class=""cpv-stat""><strong>EUR 191</strong><span>Prezzo indicativo da monitorare dalle principali aree aeroportuali italiane.</span></div>
  <div class=""cpv-stat""><strong>maggio</strong><span>Periodo spesso interessante per tenere sotto controllo la rotta.</span></div>
  <div class=""cpv-stat""><strong>9</strong><span>Aeroporti italiani prioritari da confrontare per questa destinazione.</span></div>
</div>
<h2>Offerte voli per Belaya Gora</h2>
<p>Per trovare il miglior equilibrio tra prezzo, durata e comfort, conviene verificare piu aeroporti di partenza italiani e confrontare giorni feriali e weekend.</p>
<table>
  <thead>
    <tr><th>Partenza</th><th>Prezzo da</th><th>Durata indicativa</th><th>Mese da monitorare</th></tr>
  </thead>
  <tbody>
    <tr><td>Leonardo da Vinci-Fiumicino Airport (FCO)</td><td>EUR 27</td><td>8h 20</td><td>settembre</td></tr><tr><td>Ciampino-G. B. Pastine International Airport (CIA)</td><td>EUR 71</td><td>2h 40</td><td>maggio</td></tr><tr><td>Milano Malpensa Airport (MXP)</td><td>EUR 120</td><td>1h 50</td><td>giugno</td></tr><tr><td>Orio al Serio International Airport (BGY)</td><td>EUR 38</td><td>4h 10</td><td>agosto</td></tr><tr><td>Milano Linate Airport (LIN)</td><td>EUR 139</td><td>11h 00</td><td>gennaio</td></tr><tr><td>Naples International Airport (NAP)</td><td>EUR 190</td><td>10h 30</td><td>aprile</td></tr><tr><td>Venice Marco Polo Airport (VCE)</td><td>EUR 46</td><td>5h 30</td><td>aprile</td></tr><tr><td>Catania-Fontanarossa Airport (CTA)</td><td>EUR 188</td><td>10h 10</td><td>febbraio</td></tr><tr><td>Guglielmo Marconi Airport (BLQ)</td><td>EUR 160</td><td>7h 30</td><td>ottobre</td></tr>
  </tbody>
</table>
<h2>Aeroporti italiani da cui conviene partire</h2>
<div class=""cpv-chip-list""><span class=""cpv-chip"">Leonardo da Vinci-Fiumicino Airport</span><span class=""cpv-chip"">Ciampino-G. B. Pastine International Airport</span><span class=""cpv-chip"">Milano Malpensa Airport</span><span class=""cpv-chip"">Orio al Serio International Airport</span><span class=""cpv-chip"">Milano Linate Airport</span><span class=""cpv-chip"">Naples International Airport</span></div>
<div class=""cpv-landing-grid"">
  <div class=""cpv-landing-card""><strong>City break</strong><p>Se Belaya Gora e una meta urbana, le partenze del venerdi e del sabato sono spesso le piu monitorate.</p></div>
  <div class=""cpv-landing-card""><strong>Viaggi stagionali</strong><p>In alcuni periodi dell'anno le tariffe possono variare molto, soprattutto vicino ai ponti e alle festivita.</p></div>
  <div class=""cpv-landing-card""><strong>Confronto rapido</strong><p>Valuta aeroporti maggiori e secondari per capire se un piccolo spostamento porta a un risparmio concreto.</p></div>
</div>
<h2>Domande frequenti sui voli per Belaya Gora</h2>
<div class=""cpv-faq"">
  <details><summary>Qual e il modo migliore per cercare voli per Belaya Gora?</summary><p>Confronta piu aeroporti italiani, prova date flessibili e verifica anche partenze infrasettimanali per migliorare le possibilita di risparmio.</p></details>
  <details><summary>Meglio volo diretto o con scalo?</summary><p>Per tratte medio-brevi il diretto e spesso la scelta piu comoda, mentre su alcune rotte uno scalo puo ridurre il prezzo finale.</p></details>
  <details><summary>Quando controllare i prezzi per Belaya Gora?</summary><p>Vale la pena iniziare a monitorare la rotta in anticipo e verificare con regolarita i giorni piu vicini alla partenza ideale.</p></details>
</div>","Voli per citta|Voli intercontinentali",city,BGN,/voli-per/belaya-gora/,"Voli per Belaya Gora (BGN): offerte e guide | ConfrontaPrezziVoli","Trova voli per Belaya Gora dai principali aeroporti italiani. Tariffe indicative da EUR 191 e consigli per scegliere il periodo migliore.","voli per Belaya Gora",cities,"Mese tipicamente conveniente: maggio"
post,publish,"Voli per Belem (BEL): offerte, compagnie e periodo migliore per prenotare",voli-per-belem-bel,"Confronta voli per Belem dai principali aeroporti italiani. Scopri prezzi indicativi, compagnie e consigli utili per organizzare la partenza.","<div class=""cpv-landing-note"">
  <p><strong>Perche cercare voli per Belem qui.</strong> Questa pagina raccoglie un quadro rapido delle partenze italiane piu interessanti per Belem, con tariffe indicative e consigli per scegliere il periodo piu vantaggioso.</p>
</div>
<div class=""cpv-stat-grid"">
  <div class=""cpv-stat""><strong>EUR 57</strong><span>Prezzo indicativo da monitorare dalle principali aree aeroportuali italiane.</span></div>
  <div class=""cpv-stat""><strong>marzo</strong><span>Periodo spesso interessante per tenere sotto controllo la rotta.</span></div>
  <div class=""cpv-stat""><strong>9</strong><span>Aeroporti italiani prioritari da confrontare per questa destinazione.</span></div>
</div>
<h2>Offerte voli per Belem</h2>
<p>Per trovare il miglior equilibrio tra prezzo, durata e comfort, conviene verificare piu aeroporti di partenza italiani e confrontare giorni feriali e weekend.</p>
<table>
  <thead>
    <tr><th>Partenza</th><th>Prezzo da</th><th>Durata indicativa</th><th>Mese da monitorare</th></tr>
  </thead>
  <tbody>
    <tr><td>Leonardo da Vinci-Fiumicino Airport (FCO)</td><td>EUR 45</td><td>4h 20</td><td>marzo</td></tr><tr><td>Ciampino-G. B. Pastine International Airport (CIA)</td><td>EUR 133</td><td>7h 00</td><td>luglio</td></tr><tr><td>Milano Malpensa Airport (MXP)</td><td>EUR 90</td><td>9h 50</td><td>dicembre</td></tr><tr><td>Orio al Serio International Airport (BGY)</td><td>EUR 108</td><td>6h 50</td><td>giugno</td></tr><tr><td>Milano Linate Airport (LIN)</td><td>EUR 185</td><td>5h 40</td><td>novembre</td></tr><tr><td>Naples International Airport (NAP)</td><td>EUR 64</td><td>7h 30</td><td>ottobre</td></tr><tr><td>Venice Marco Polo Airport (VCE)</td><td>EUR 188</td><td>3h 10</td><td>febbraio</td></tr><tr><td>Catania-Fontanarossa Airport (CTA)</td><td>EUR 94</td><td>10h 30</td><td>aprile</td></tr><tr><td>Guglielmo Marconi Airport (BLQ)</td><td>EUR 158</td><td>9h 10</td><td>agosto</td></tr>
  </tbody>
</table>
<h2>Aeroporti italiani da cui conviene partire</h2>
<div class=""cpv-chip-list""><span class=""cpv-chip"">Leonardo da Vinci-Fiumicino Airport</span><span class=""cpv-chip"">Ciampino-G. B. Pastine International Airport</span><span class=""cpv-chip"">Milano Malpensa Airport</span><span class=""cpv-chip"">Orio al Serio International Airport</span><span class=""cpv-chip"">Milano Linate Airport</span><span class=""cpv-chip"">Naples International Airport</span></div>
<div class=""cpv-landing-grid"">
  <div class=""cpv-landing-card""><strong>City break</strong><p>Se Belem e una meta urbana, le partenze del venerdi e del sabato sono spesso le piu monitorate.</p></div>
  <div class=""cpv-landing-card""><strong>Viaggi stagionali</strong><p>In alcuni periodi dell'anno le tariffe possono variare molto, soprattutto vicino ai ponti e alle festivita.</p></div>
  <div class=""cpv-landing-card""><strong>Confronto rapido</strong><p>Valuta aeroporti maggiori e secondari per capire se un piccolo spostamento porta a un risparmio concreto.</p></div>
</div>
<h2>Domande frequenti sui voli per Belem</h2>
<div class=""cpv-faq"">
  <details><summary>Qual e il modo migliore per cercare voli per Belem?</summary><p>Confronta piu aeroporti italiani, prova date flessibili e verifica anche partenze infrasettimanali per migliorare le possibilita di risparmio.</p></details>
  <details><summary>Meglio volo diretto o con scalo?</summary><p>Per tratte medio-brevi il diretto e spesso la scelta piu comoda, mentre su alcune rotte uno scalo puo ridurre il prezzo finale.</p></details>
  <details><summary>Quando controllare i prezzi per Belem?</summary><p>Vale la pena iniziare a monitorare la rotta in anticipo e verificare con regolarita i giorni piu vicini alla partenza ideale.</p></details>
</div>","Voli per citta|Voli intercontinentali",city,BEL,/voli-per/belem/,"Voli per Belem (BEL): offerte e guide | ConfrontaPrezziVoli","Trova voli per Belem dai principali aeroporti italiani. Tariffe indicative da EUR 57 e consigli per scegliere il periodo migliore.","voli per Belem",cities,"Mese tipicamente conveniente: marzo"
post,publish,"Voli per Belfast (BFS): offerte, compagnie e periodo migliore per prenotare",voli-per-belfast-bfs,"Confronta voli per Belfast dai principali aeroporti italiani. Scopri prezzi indicativi, compagnie e consigli utili per organizzare la partenza.","<div class=""cpv-landing-note"">
  <p><strong>Perche cercare voli per Belfast qui.</strong> Questa pagina raccoglie un quadro rapido delle partenze italiane piu interessanti per Belfast, con tariffe indicative e consigli per scegliere il periodo piu vantaggioso.</p>
</div>
<div class=""cpv-stat-grid"">
  <div class=""cpv-stat""><strong>EUR 119</strong><span>Prezzo indicativo da monitorare dalle principali aree aeroportuali italiane.</span></div>
  <div class=""cpv-stat""><strong>maggio</strong><span>Periodo spesso interessante per tenere sotto controllo la rotta.</span></div>
  <div class=""cpv-stat""><strong>9</strong><span>Aeroporti italiani prioritari da confrontare per questa destinazione.</span></div>
</div>
<h2>Offerte voli per Belfast</h2>
<p>Per trovare il miglior equilibrio tra prezzo, durata e comfort, conviene verificare piu aeroporti di partenza italiani e confrontare giorni feriali e weekend.</p>
<table>
  <thead>
    <tr><th>Partenza</th><th>Prezzo da</th><th>Durata indicativa</th><th>Mese da monitorare</th></tr>
  </thead>
  <tbody>
    <tr><td>Leonardo da Vinci-Fiumicino Airport (FCO)</td><td>EUR 135</td><td>5h 20</td><td>settembre</td></tr><tr><td>Ciampino-G. B. Pastine International Airport (CIA)</td><td>EUR 47</td><td>8h 40</td><td>maggio</td></tr><tr><td>Milano Malpensa Airport (MXP)</td><td>EUR 52</td><td>7h 30</td><td>ottobre</td></tr><tr><td>Orio al Serio International Airport (BGY)</td><td>EUR 158</td><td>2h 10</td><td>agosto</td></tr><tr><td>Milano Linate Airport (LIN)</td><td>EUR 43</td><td>10h 00</td><td>gennaio</td></tr><tr><td>Naples International Airport (NAP)</td><td>EUR 182</td><td>2h 10</td><td>agosto</td></tr><tr><td>Venice Marco Polo Airport (VCE)</td><td>EUR 106</td><td>1h 30</td><td>aprile</td></tr><tr><td>Catania-Fontanarossa Airport (CTA)</td><td>EUR 100</td><td>5h 30</td><td>ottobre</td></tr><tr><td>Guglielmo Marconi Airport (BLQ)</td><td>EUR 24</td><td>10h 50</td><td>giugno</td></tr>
  </tbody>
</table>
<h2>Aeroporti italiani da cui conviene partire</h2>
<div class=""cpv-chip-list""><span class=""cpv-chip"">Leonardo da Vinci-Fiumicino Airport</span><span class=""cpv-chip"">Ciampino-G. B. Pastine International Airport</span><span class=""cpv-chip"">Milano Malpensa Airport</span><span class=""cpv-chip"">Orio al Serio International Airport</span><span class=""cpv-chip"">Milano Linate Airport</span><span class=""cpv-chip"">Naples International Airport</span></div>
<div class=""cpv-landing-grid"">
  <div class=""cpv-landing-card""><strong>City break</strong><p>Se Belfast e una meta urbana, le partenze del venerdi e del sabato sono spesso le piu monitorate.</p></div>
  <div class=""cpv-landing-card""><strong>Viaggi stagionali</strong><p>In alcuni periodi dell'anno le tariffe possono variare molto, soprattutto vicino ai ponti e alle festivita.</p></div>
  <div class=""cpv-landing-card""><strong>Confronto rapido</strong><p>Valuta aeroporti maggiori e secondari per capire se un piccolo spostamento porta a un risparmio concreto.</p></div>
</div>
<h2>Domande frequenti sui voli per Belfast</h2>
<div class=""cpv-faq"">
  <details><summary>Qual e il modo migliore per cercare voli per Belfast?</summary><p>Confronta piu aeroporti italiani, prova date flessibili e verifica anche partenze infrasettimanali per migliorare le possibilita di risparmio.</p></details>
  <details><summary>Meglio volo diretto o con scalo?</summary><p>Per tratte medio-brevi il diretto e spesso la scelta piu comoda, mentre su alcune rotte uno scalo puo ridurre il prezzo finale.</p></details>
  <details><summary>Quando controllare i prezzi per Belfast?</summary><p>Vale la pena iniziare a monitorare la rotta in anticipo e verificare con regolarita i giorni piu vicini alla partenza ideale.</p></details>
</div>","Voli per citta|Voli in Europa",city,BFS,/voli-per/belfast/,"Voli per Belfast (BFS): offerte e guide | ConfrontaPrezziVoli","Trova voli per Belfast dai principali aeroporti italiani. Tariffe indicative da EUR 119 e consigli per scegliere il periodo migliore.","voli per Belfast",cities,"Mese tipicamente conveniente: maggio"
