post_type,post_status,post_title,post_name,post_excerpt,post_content,post_category,cpv_page_type,cpv_entity_code,cpv_target_path,rank_math_title,rank_math_description,rank_math_focus_keyword,seo_batch_label,seo_priority_note
post,publish,"Voli per Kingscote (KGC): offerte, compagnie e periodo migliore per prenotare",voli-per-kingscote-kgc,"Confronta voli per Kingscote dai principali aeroporti italiani. Scopri prezzi indicativi, compagnie e consigli utili per organizzare la partenza.","<div class=""cpv-landing-note"">
  <p><strong>Perche cercare voli per Kingscote qui.</strong> Questa pagina raccoglie un quadro rapido delle partenze italiane piu interessanti per Kingscote, con tariffe indicative e consigli per scegliere il periodo piu vantaggioso.</p>
</div>
<div class=""cpv-stat-grid"">
  <div class=""cpv-stat""><strong>EUR 69</strong><span>Prezzo indicativo da monitorare dalle principali aree aeroportuali italiane.</span></div>
  <div class=""cpv-stat""><strong>marzo</strong><span>Periodo spesso interessante per tenere sotto controllo la rotta.</span></div>
  <div class=""cpv-stat""><strong>9</strong><span>Aeroporti italiani prioritari da confrontare per questa destinazione.</span></div>
</div>
<h2>Offerte voli per Kingscote</h2>
<p>Per trovare il miglior equilibrio tra prezzo, durata e comfort, conviene verificare piu aeroporti di partenza italiani e confrontare giorni feriali e weekend.</p>
<table>
  <thead>
    <tr><th>Partenza</th><th>Prezzo da</th><th>Durata indicativa</th><th>Mese da monitorare</th></tr>
  </thead>
  <tbody>
    <tr><td>Leonardo da Vinci-Fiumicino Airport (FCO)</td><td>EUR 81</td><td>6h 20</td><td>marzo</td></tr><tr><td>Ciampino-G. B. Pastine International Airport (CIA)</td><td>EUR 57</td><td>1h 20</td><td>marzo</td></tr><tr><td>Milano Malpensa Airport (MXP)</td><td>EUR 162</td><td>7h 50</td><td>dicembre</td></tr><tr><td>Orio al Serio International Airport (BGY)</td><td>EUR 124</td><td>8h 30</td><td>ottobre</td></tr><tr><td>Milano Linate Airport (LIN)</td><td>EUR 81</td><td>5h 20</td><td>marzo</td></tr><tr><td>Naples International Airport (NAP)</td><td>EUR 72</td><td>4h 50</td><td>giugno</td></tr><tr><td>Venice Marco Polo Airport (VCE)</td><td>EUR 156</td><td>9h 50</td><td>giugno</td></tr><tr><td>Catania-Fontanarossa Airport (CTA)</td><td>EUR 126</td><td>11h 50</td><td>dicembre</td></tr><tr><td>Guglielmo Marconi Airport (BLQ)</td><td>EUR 186</td><td>6h 50</td><td>dicembre</td></tr>
  </tbody>
</table>
<h2>Aeroporti italiani da cui conviene partire</h2>
<div class=""cpv-chip-list""><span class=""cpv-chip"">Leonardo da Vinci-Fiumicino Airport</span><span class=""cpv-chip"">Ciampino-G. B. Pastine International Airport</span><span class=""cpv-chip"">Milano Malpensa Airport</span><span class=""cpv-chip"">Orio al Serio International Airport</span><span class=""cpv-chip"">Milano Linate Airport</span><span class=""cpv-chip"">Naples International Airport</span></div>
<div class=""cpv-landing-grid"">
  <div class=""cpv-landing-card""><strong>City break</strong><p>Se Kingscote e una meta urbana, le partenze del venerdi e del sabato sono spesso le piu monitorate.</p></div>
  <div class=""cpv-landing-card""><strong>Viaggi stagionali</strong><p>In alcuni periodi dell'anno le tariffe possono variare molto, soprattutto vicino ai ponti e alle festivita.</p></div>
  <div class=""cpv-landing-card""><strong>Confronto rapido</strong><p>Valuta aeroporti maggiori e secondari per capire se un piccolo spostamento porta a un risparmio concreto.</p></div>
</div>
<h2>Domande frequenti sui voli per Kingscote</h2>
<div class=""cpv-faq"">
  <details><summary>Qual e il modo migliore per cercare voli per Kingscote?</summary><p>Confronta piu aeroporti italiani, prova date flessibili e verifica anche partenze infrasettimanali per migliorare le possibilita di risparmio.</p></details>
  <details><summary>Meglio volo diretto o con scalo?</summary><p>Per tratte medio-brevi il diretto e spesso la scelta piu comoda, mentre su alcune rotte uno scalo puo ridurre il prezzo finale.</p></details>
  <details><summary>Quando controllare i prezzi per Kingscote?</summary><p>Vale la pena iniziare a monitorare la rotta in anticipo e verificare con regolarita i giorni piu vicini alla partenza ideale.</p></details>
</div>","Voli per citta|Voli intercontinentali",city,KGC,/voli-per/kingscote/,"Voli per Kingscote (KGC): offerte e guide | ConfrontaPrezziVoli","Trova voli per Kingscote dai principali aeroporti italiani. Tariffe indicative da EUR 69 e consigli per scegliere il periodo migliore.","voli per Kingscote",cities,"Mese tipicamente conveniente: marzo"
post,publish,"Voli per Kingston (KIN): offerte, compagnie e periodo migliore per prenotare",voli-per-kingston-kin,"Confronta voli per Kingston dai principali aeroporti italiani. Scopri prezzi indicativi, compagnie e consigli utili per organizzare la partenza.","<div class=""cpv-landing-note"">
  <p><strong>Perche cercare voli per Kingston qui.</strong> Questa pagina raccoglie un quadro rapido delle partenze italiane piu interessanti per Kingston, con tariffe indicative e consigli per scegliere il periodo piu vantaggioso.</p>
</div>
<div class=""cpv-stat-grid"">
  <div class=""cpv-stat""><strong>EUR 156</strong><span>Prezzo indicativo da monitorare dalle principali aree aeroportuali italiane.</span></div>
  <div class=""cpv-stat""><strong>giugno</strong><span>Periodo spesso interessante per tenere sotto controllo la rotta.</span></div>
  <div class=""cpv-stat""><strong>9</strong><span>Aeroporti italiani prioritari da confrontare per questa destinazione.</span></div>
</div>
<h2>Offerte voli per Kingston</h2>
<p>Per trovare il miglior equilibrio tra prezzo, durata e comfort, conviene verificare piu aeroporti di partenza italiani e confrontare giorni feriali e weekend.</p>
<table>
  <thead>
    <tr><th>Partenza</th><th>Prezzo da</th><th>Durata indicativa</th><th>Mese da monitorare</th></tr>
  </thead>
  <tbody>
    <tr><td>Leonardo da Vinci-Fiumicino Airport (FCO)</td><td>EUR 108</td><td>8h 50</td><td>giugno</td></tr><tr><td>Ciampino-G. B. Pastine International Airport (CIA)</td><td>EUR 148</td><td>1h 30</td><td>ottobre</td></tr><tr><td>Milano Malpensa Airport (MXP)</td><td>EUR 23</td><td>3h 40</td><td>maggio</td></tr><tr><td>Orio al Serio International Airport (BGY)</td><td>EUR 49</td><td>5h 00</td><td>luglio</td></tr><tr><td>Milano Linate Airport (LIN)</td><td>EUR 144</td><td>3h 50</td><td>giugno</td></tr><tr><td>Naples International Airport (NAP)</td><td>EUR 181</td><td>3h 00</td><td>luglio</td></tr><tr><td>Venice Marco Polo Airport (VCE)</td><td>EUR 193</td><td>2h 00</td><td>luglio</td></tr><tr><td>Catania-Fontanarossa Airport (CTA)</td><td>EUR 87</td><td>9h 20</td><td>settembre</td></tr><tr><td>Guglielmo Marconi Airport (BLQ)</td><td>EUR 27</td><td>11h 20</td><td>settembre</td></tr>
  </tbody>
</table>
<h2>Aeroporti italiani da cui conviene partire</h2>
<div class=""cpv-chip-list""><span class=""cpv-chip"">Leonardo da Vinci-Fiumicino Airport</span><span class=""cpv-chip"">Ciampino-G. B. Pastine International Airport</span><span class=""cpv-chip"">Milano Malpensa Airport</span><span class=""cpv-chip"">Orio al Serio International Airport</span><span class=""cpv-chip"">Milano Linate Airport</span><span class=""cpv-chip"">Naples International Airport</span></div>
<div class=""cpv-landing-grid"">
  <div class=""cpv-landing-card""><strong>City break</strong><p>Se Kingston e una meta urbana, le partenze del venerdi e del sabato sono spesso le piu monitorate.</p></div>
  <div class=""cpv-landing-card""><strong>Viaggi stagionali</strong><p>In alcuni periodi dell'anno le tariffe possono variare molto, soprattutto vicino ai ponti e alle festivita.</p></div>
  <div class=""cpv-landing-card""><strong>Confronto rapido</strong><p>Valuta aeroporti maggiori e secondari per capire se un piccolo spostamento porta a un risparmio concreto.</p></div>
</div>
<h2>Domande frequenti sui voli per Kingston</h2>
<div class=""cpv-faq"">
  <details><summary>Qual e il modo migliore per cercare voli per Kingston?</summary><p>Confronta piu aeroporti italiani, prova date flessibili e verifica anche partenze infrasettimanali per migliorare le possibilita di risparmio.</p></details>
  <details><summary>Meglio volo diretto o con scalo?</summary><p>Per tratte medio-brevi il diretto e spesso la scelta piu comoda, mentre su alcune rotte uno scalo puo ridurre il prezzo finale.</p></details>
  <details><summary>Quando controllare i prezzi per Kingston?</summary><p>Vale la pena iniziare a monitorare la rotta in anticipo e verificare con regolarita i giorni piu vicini alla partenza ideale.</p></details>
</div>","Voli per citta|Voli intercontinentali",city,KIN,/voli-per/kingston/,"Voli per Kingston (KIN): offerte e guide | ConfrontaPrezziVoli","Trova voli per Kingston dai principali aeroporti italiani. Tariffe indicative da EUR 156 e consigli per scegliere il periodo migliore.","voli per Kingston",cities,"Mese tipicamente conveniente: giugno"
post,publish,"Voli per Kingston (YGK): offerte, compagnie e periodo migliore per prenotare",voli-per-kingston-ygk,"Confronta voli per Kingston dai principali aeroporti italiani. Scopri prezzi indicativi, compagnie e consigli utili per organizzare la partenza.","<div class=""cpv-landing-note"">
  <p><strong>Perche cercare voli per Kingston qui.</strong> Questa pagina raccoglie un quadro rapido delle partenze italiane piu interessanti per Kingston, con tariffe indicative e consigli per scegliere il periodo piu vantaggioso.</p>
</div>
<div class=""cpv-stat-grid"">
  <div class=""cpv-stat""><strong>EUR 193</strong><span>Prezzo indicativo da monitorare dalle principali aree aeroportuali italiane.</span></div>
  <div class=""cpv-stat""><strong>luglio</strong><span>Periodo spesso interessante per tenere sotto controllo la rotta.</span></div>
  <div class=""cpv-stat""><strong>9</strong><span>Aeroporti italiani prioritari da confrontare per questa destinazione.</span></div>
</div>
<h2>Offerte voli per Kingston</h2>
<p>Per trovare il miglior equilibrio tra prezzo, durata e comfort, conviene verificare piu aeroporti di partenza italiani e confrontare giorni feriali e weekend.</p>
<table>
  <thead>
    <tr><th>Partenza</th><th>Prezzo da</th><th>Durata indicativa</th><th>Mese da monitorare</th></tr>
  </thead>
  <tbody>
    <tr><td>Leonardo da Vinci-Fiumicino Airport (FCO)</td><td>EUR 109</td><td>5h 00</td><td>luglio</td></tr><tr><td>Ciampino-G. B. Pastine International Airport (CIA)</td><td>EUR 121</td><td>6h 00</td><td>luglio</td></tr><tr><td>Milano Malpensa Airport (MXP)</td><td>EUR 66</td><td>1h 50</td><td>dicembre</td></tr><tr><td>Orio al Serio International Airport (BGY)</td><td>EUR 76</td><td>2h 30</td><td>ottobre</td></tr><tr><td>Milano Linate Airport (LIN)</td><td>EUR 185</td><td>6h 40</td><td>novembre</td></tr><tr><td>Naples International Airport (NAP)</td><td>EUR 108</td><td>3h 50</td><td>giugno</td></tr><tr><td>Venice Marco Polo Airport (VCE)</td><td>EUR 24</td><td>7h 50</td><td>giugno</td></tr><tr><td>Catania-Fontanarossa Airport (CTA)</td><td>EUR 198</td><td>6h 50</td><td>dicembre</td></tr><tr><td>Guglielmo Marconi Airport (BLQ)</td><td>EUR 70</td><td>2h 30</td><td>aprile</td></tr>
  </tbody>
</table>
<h2>Aeroporti italiani da cui conviene partire</h2>
<div class=""cpv-chip-list""><span class=""cpv-chip"">Leonardo da Vinci-Fiumicino Airport</span><span class=""cpv-chip"">Ciampino-G. B. Pastine International Airport</span><span class=""cpv-chip"">Milano Malpensa Airport</span><span class=""cpv-chip"">Orio al Serio International Airport</span><span class=""cpv-chip"">Milano Linate Airport</span><span class=""cpv-chip"">Naples International Airport</span></div>
<div class=""cpv-landing-grid"">
  <div class=""cpv-landing-card""><strong>City break</strong><p>Se Kingston e una meta urbana, le partenze del venerdi e del sabato sono spesso le piu monitorate.</p></div>
  <div class=""cpv-landing-card""><strong>Viaggi stagionali</strong><p>In alcuni periodi dell'anno le tariffe possono variare molto, soprattutto vicino ai ponti e alle festivita.</p></div>
  <div class=""cpv-landing-card""><strong>Confronto rapido</strong><p>Valuta aeroporti maggiori e secondari per capire se un piccolo spostamento porta a un risparmio concreto.</p></div>
</div>
<h2>Domande frequenti sui voli per Kingston</h2>
<div class=""cpv-faq"">
  <details><summary>Qual e il modo migliore per cercare voli per Kingston?</summary><p>Confronta piu aeroporti italiani, prova date flessibili e verifica anche partenze infrasettimanali per migliorare le possibilita di risparmio.</p></details>
  <details><summary>Meglio volo diretto o con scalo?</summary><p>Per tratte medio-brevi il diretto e spesso la scelta piu comoda, mentre su alcune rotte uno scalo puo ridurre il prezzo finale.</p></details>
  <details><summary>Quando controllare i prezzi per Kingston?</summary><p>Vale la pena iniziare a monitorare la rotta in anticipo e verificare con regolarita i giorni piu vicini alla partenza ideale.</p></details>
</div>","Voli per citta|Voli intercontinentali",city,YGK,/voli-per/kingston/,"Voli per Kingston (YGK): offerte e guide | ConfrontaPrezziVoli","Trova voli per Kingston dai principali aeroporti italiani. Tariffe indicative da EUR 193 e consigli per scegliere il periodo migliore.","voli per Kingston",cities,"Mese tipicamente conveniente: luglio"
post,publish,"Voli per Kinmen (KNH): offerte, compagnie e periodo migliore per prenotare",voli-per-kinmen-knh,"Confronta voli per Kinmen dai principali aeroporti italiani. Scopri prezzi indicativi, compagnie e consigli utili per organizzare la partenza.","<div class=""cpv-landing-note"">
  <p><strong>Perche cercare voli per Kinmen qui.</strong> Questa pagina raccoglie un quadro rapido delle partenze italiane piu interessanti per Kinmen, con tariffe indicative e consigli per scegliere il periodo piu vantaggioso.</p>
</div>
<div class=""cpv-stat-grid"">
  <div class=""cpv-stat""><strong>EUR 190</strong><span>Prezzo indicativo da monitorare dalle principali aree aeroportuali italiane.</span></div>
  <div class=""cpv-stat""><strong>aprile</strong><span>Periodo spesso interessante per tenere sotto controllo la rotta.</span></div>
  <div class=""cpv-stat""><strong>9</strong><span>Aeroporti italiani prioritari da confrontare per questa destinazione.</span></div>
</div>
<h2>Offerte voli per Kinmen</h2>
<p>Per trovare il miglior equilibrio tra prezzo, durata e comfort, conviene verificare piu aeroporti di partenza italiani e confrontare giorni feriali e weekend.</p>
<table>
  <thead>
    <tr><th>Partenza</th><th>Prezzo da</th><th>Durata indicativa</th><th>Mese da monitorare</th></tr>
  </thead>
  <tbody>
    <tr><td>Leonardo da Vinci-Fiumicino Airport (FCO)</td><td>EUR 182</td><td>6h 10</td><td>agosto</td></tr><tr><td>Ciampino-G. B. Pastine International Airport (CIA)</td><td>EUR 74</td><td>2h 10</td><td>agosto</td></tr><tr><td>Milano Malpensa Airport (MXP)</td><td>EUR 81</td><td>6h 20</td><td>marzo</td></tr><tr><td>Orio al Serio International Airport (BGY)</td><td>EUR 71</td><td>4h 40</td><td>maggio</td></tr><tr><td>Milano Linate Airport (LIN)</td><td>EUR 86</td><td>7h 10</td><td>agosto</td></tr><tr><td>Naples International Airport (NAP)</td><td>EUR 71</td><td>8h 40</td><td>maggio</td></tr><tr><td>Venice Marco Polo Airport (VCE)</td><td>EUR 119</td><td>4h 40</td><td>maggio</td></tr><tr><td>Catania-Fontanarossa Airport (CTA)</td><td>EUR 25</td><td>8h 00</td><td>luglio</td></tr><tr><td>Guglielmo Marconi Airport (BLQ)</td><td>EUR 109</td><td>9h 00</td><td>luglio</td></tr>
  </tbody>
</table>
<h2>Aeroporti italiani da cui conviene partire</h2>
<div class=""cpv-chip-list""><span class=""cpv-chip"">Leonardo da Vinci-Fiumicino Airport</span><span class=""cpv-chip"">Ciampino-G. B. Pastine International Airport</span><span class=""cpv-chip"">Milano Malpensa Airport</span><span class=""cpv-chip"">Orio al Serio International Airport</span><span class=""cpv-chip"">Milano Linate Airport</span><span class=""cpv-chip"">Naples International Airport</span></div>
<div class=""cpv-landing-grid"">
  <div class=""cpv-landing-card""><strong>City break</strong><p>Se Kinmen e una meta urbana, le partenze del venerdi e del sabato sono spesso le piu monitorate.</p></div>
  <div class=""cpv-landing-card""><strong>Viaggi stagionali</strong><p>In alcuni periodi dell'anno le tariffe possono variare molto, soprattutto vicino ai ponti e alle festivita.</p></div>
  <div class=""cpv-landing-card""><strong>Confronto rapido</strong><p>Valuta aeroporti maggiori e secondari per capire se un piccolo spostamento porta a un risparmio concreto.</p></div>
</div>
<h2>Domande frequenti sui voli per Kinmen</h2>
<div class=""cpv-faq"">
  <details><summary>Qual e il modo migliore per cercare voli per Kinmen?</summary><p>Confronta piu aeroporti italiani, prova date flessibili e verifica anche partenze infrasettimanali per migliorare le possibilita di risparmio.</p></details>
  <details><summary>Meglio volo diretto o con scalo?</summary><p>Per tratte medio-brevi il diretto e spesso la scelta piu comoda, mentre su alcune rotte uno scalo puo ridurre il prezzo finale.</p></details>
  <details><summary>Quando controllare i prezzi per Kinmen?</summary><p>Vale la pena iniziare a monitorare la rotta in anticipo e verificare con regolarita i giorni piu vicini alla partenza ideale.</p></details>
</div>","Voli per citta|Voli intercontinentali",city,KNH,/voli-per/kinmen/,"Voli per Kinmen (KNH): offerte e guide | ConfrontaPrezziVoli","Trova voli per Kinmen dai principali aeroporti italiani. Tariffe indicative da EUR 190 e consigli per scegliere il periodo migliore.","voli per Kinmen",cities,"Mese tipicamente conveniente: aprile"
post,publish,"Voli per Kinshasa (FIH): offerte, compagnie e periodo migliore per prenotare",voli-per-kinshasa-fih,"Confronta voli per Kinshasa dai principali aeroporti italiani. Scopri prezzi indicativi, compagnie e consigli utili per organizzare la partenza.","<div class=""cpv-landing-note"">
  <p><strong>Perche cercare voli per Kinshasa qui.</strong> Questa pagina raccoglie un quadro rapido delle partenze italiane piu interessanti per Kinshasa, con tariffe indicative e consigli per scegliere il periodo piu vantaggioso.</p>
</div>
<div class=""cpv-stat-grid"">
  <div class=""cpv-stat""><strong>EUR 106</strong><span>Prezzo indicativo da monitorare dalle principali aree aeroportuali italiane.</span></div>
  <div class=""cpv-stat""><strong>aprile</strong><span>Periodo spesso interessante per tenere sotto controllo la rotta.</span></div>
  <div class=""cpv-stat""><strong>9</strong><span>Aeroporti italiani prioritari da confrontare per questa destinazione.</span></div>
</div>
<h2>Offerte voli per Kinshasa</h2>
<p>Per trovare il miglior equilibrio tra prezzo, durata e comfort, conviene verificare piu aeroporti di partenza italiani e confrontare giorni feriali e weekend.</p>
<table>
  <thead>
    <tr><th>Partenza</th><th>Prezzo da</th><th>Durata indicativa</th><th>Mese da monitorare</th></tr>
  </thead>
  <tbody>
    <tr><td>Leonardo da Vinci-Fiumicino Airport (FCO)</td><td>EUR 94</td><td>7h 30</td><td>aprile</td></tr><tr><td>Ciampino-G. B. Pastine International Airport (CIA)</td><td>EUR 134</td><td>6h 10</td><td>agosto</td></tr><tr><td>Milano Malpensa Airport (MXP)</td><td>EUR 89</td><td>1h 40</td><td>novembre</td></tr><tr><td>Orio al Serio International Airport (BGY)</td><td>EUR 135</td><td>5h 20</td><td>settembre</td></tr><tr><td>Milano Linate Airport (LIN)</td><td>EUR 46</td><td>1h 30</td><td>aprile</td></tr><tr><td>Naples International Airport (NAP)</td><td>EUR 171</td><td>1h 20</td><td>settembre</td></tr><tr><td>Venice Marco Polo Airport (VCE)</td><td>EUR 131</td><td>9h 40</td><td>maggio</td></tr><tr><td>Catania-Fontanarossa Airport (CTA)</td><td>EUR 69</td><td>8h 20</td><td>marzo</td></tr><tr><td>Guglielmo Marconi Airport (BLQ)</td><td>EUR 53</td><td>2h 40</td><td>novembre</td></tr>
  </tbody>
</table>
<h2>Aeroporti italiani da cui conviene partire</h2>
<div class=""cpv-chip-list""><span class=""cpv-chip"">Leonardo da Vinci-Fiumicino Airport</span><span class=""cpv-chip"">Ciampino-G. B. Pastine International Airport</span><span class=""cpv-chip"">Milano Malpensa Airport</span><span class=""cpv-chip"">Orio al Serio International Airport</span><span class=""cpv-chip"">Milano Linate Airport</span><span class=""cpv-chip"">Naples International Airport</span></div>
<div class=""cpv-landing-grid"">
  <div class=""cpv-landing-card""><strong>City break</strong><p>Se Kinshasa e una meta urbana, le partenze del venerdi e del sabato sono spesso le piu monitorate.</p></div>
  <div class=""cpv-landing-card""><strong>Viaggi stagionali</strong><p>In alcuni periodi dell'anno le tariffe possono variare molto, soprattutto vicino ai ponti e alle festivita.</p></div>
  <div class=""cpv-landing-card""><strong>Confronto rapido</strong><p>Valuta aeroporti maggiori e secondari per capire se un piccolo spostamento porta a un risparmio concreto.</p></div>
</div>
<h2>Domande frequenti sui voli per Kinshasa</h2>
<div class=""cpv-faq"">
  <details><summary>Qual e il modo migliore per cercare voli per Kinshasa?</summary><p>Confronta piu aeroporti italiani, prova date flessibili e verifica anche partenze infrasettimanali per migliorare le possibilita di risparmio.</p></details>
  <details><summary>Meglio volo diretto o con scalo?</summary><p>Per tratte medio-brevi il diretto e spesso la scelta piu comoda, mentre su alcune rotte uno scalo puo ridurre il prezzo finale.</p></details>
  <details><summary>Quando controllare i prezzi per Kinshasa?</summary><p>Vale la pena iniziare a monitorare la rotta in anticipo e verificare con regolarita i giorni piu vicini alla partenza ideale.</p></details>
</div>","Voli per citta|Voli intercontinentali",city,FIH,/voli-per/kinshasa/,"Voli per Kinshasa (FIH): offerte e guide | ConfrontaPrezziVoli","Trova voli per Kinshasa dai principali aeroporti italiani. Tariffe indicative da EUR 106 e consigli per scegliere il periodo migliore.","voli per Kinshasa",cities,"Mese tipicamente conveniente: aprile"
post,publish,"Voli per Kirakira (IRA): offerte, compagnie e periodo migliore per prenotare",voli-per-kirakira-ira,"Confronta voli per Kirakira dai principali aeroporti italiani. Scopri prezzi indicativi, compagnie e consigli utili per organizzare la partenza.","<div class=""cpv-landing-note"">
  <p><strong>Perche cercare voli per Kirakira qui.</strong> Questa pagina raccoglie un quadro rapido delle partenze italiane piu interessanti per Kirakira, con tariffe indicative e consigli per scegliere il periodo piu vantaggioso.</p>
</div>
<div class=""cpv-stat-grid"">
  <div class=""cpv-stat""><strong>EUR 83</strong><span>Prezzo indicativo da monitorare dalle principali aree aeroportuali italiane.</span></div>
  <div class=""cpv-stat""><strong>maggio</strong><span>Periodo spesso interessante per tenere sotto controllo la rotta.</span></div>
  <div class=""cpv-stat""><strong>9</strong><span>Aeroporti italiani prioritari da confrontare per questa destinazione.</span></div>
</div>
<h2>Offerte voli per Kirakira</h2>
<p>Per trovare il miglior equilibrio tra prezzo, durata e comfort, conviene verificare piu aeroporti di partenza italiani e confrontare giorni feriali e weekend.</p>
<table>
  <thead>
    <tr><th>Partenza</th><th>Prezzo da</th><th>Durata indicativa</th><th>Mese da monitorare</th></tr>
  </thead>
  <tbody>
    <tr><td>Leonardo da Vinci-Fiumicino Airport (FCO)</td><td>EUR 167</td><td>4h 40</td><td>maggio</td></tr><tr><td>Ciampino-G. B. Pastine International Airport (CIA)</td><td>EUR 183</td><td>5h 20</td><td>settembre</td></tr><tr><td>Milano Malpensa Airport (MXP)</td><td>EUR 92</td><td>4h 10</td><td>febbraio</td></tr><tr><td>Orio al Serio International Airport (BGY)</td><td>EUR 106</td><td>7h 30</td><td>aprile</td></tr><tr><td>Milano Linate Airport (LIN)</td><td>EUR 79</td><td>10h 00</td><td>gennaio</td></tr><tr><td>Naples International Airport (NAP)</td><td>EUR 26</td><td>7h 10</td><td>agosto</td></tr><tr><td>Venice Marco Polo Airport (VCE)</td><td>EUR 74</td><td>10h 10</td><td>agosto</td></tr><tr><td>Catania-Fontanarossa Airport (CTA)</td><td>EUR 64</td><td>4h 30</td><td>ottobre</td></tr><tr><td>Guglielmo Marconi Airport (BLQ)</td><td>EUR 32</td><td>6h 10</td><td>febbraio</td></tr>
  </tbody>
</table>
<h2>Aeroporti italiani da cui conviene partire</h2>
<div class=""cpv-chip-list""><span class=""cpv-chip"">Leonardo da Vinci-Fiumicino Airport</span><span class=""cpv-chip"">Ciampino-G. B. Pastine International Airport</span><span class=""cpv-chip"">Milano Malpensa Airport</span><span class=""cpv-chip"">Orio al Serio International Airport</span><span class=""cpv-chip"">Milano Linate Airport</span><span class=""cpv-chip"">Naples International Airport</span></div>
<div class=""cpv-landing-grid"">
  <div class=""cpv-landing-card""><strong>City break</strong><p>Se Kirakira e una meta urbana, le partenze del venerdi e del sabato sono spesso le piu monitorate.</p></div>
  <div class=""cpv-landing-card""><strong>Viaggi stagionali</strong><p>In alcuni periodi dell'anno le tariffe possono variare molto, soprattutto vicino ai ponti e alle festivita.</p></div>
  <div class=""cpv-landing-card""><strong>Confronto rapido</strong><p>Valuta aeroporti maggiori e secondari per capire se un piccolo spostamento porta a un risparmio concreto.</p></div>
</div>
<h2>Domande frequenti sui voli per Kirakira</h2>
<div class=""cpv-faq"">
  <details><summary>Qual e il modo migliore per cercare voli per Kirakira?</summary><p>Confronta piu aeroporti italiani, prova date flessibili e verifica anche partenze infrasettimanali per migliorare le possibilita di risparmio.</p></details>
  <details><summary>Meglio volo diretto o con scalo?</summary><p>Per tratte medio-brevi il diretto e spesso la scelta piu comoda, mentre su alcune rotte uno scalo puo ridurre il prezzo finale.</p></details>
  <details><summary>Quando controllare i prezzi per Kirakira?</summary><p>Vale la pena iniziare a monitorare la rotta in anticipo e verificare con regolarita i giorni piu vicini alla partenza ideale.</p></details>
</div>","Voli per citta|Voli intercontinentali",city,IRA,/voli-per/kirakira/,"Voli per Kirakira (IRA): offerte e guide | ConfrontaPrezziVoli","Trova voli per Kirakira dai principali aeroporti italiani. Tariffe indicative da EUR 83 e consigli per scegliere il periodo migliore.","voli per Kirakira",cities,"Mese tipicamente conveniente: maggio"
post,publish,"Voli per Kirensk (KCK): offerte, compagnie e periodo migliore per prenotare",voli-per-kirensk-kck,"Confronta voli per Kirensk dai principali aeroporti italiani. Scopri prezzi indicativi, compagnie e consigli utili per organizzare la partenza.","<div class=""cpv-landing-note"">
  <p><strong>Perche cercare voli per Kirensk qui.</strong> Questa pagina raccoglie un quadro rapido delle partenze italiane piu interessanti per Kirensk, con tariffe indicative e consigli per scegliere il periodo piu vantaggioso.</p>
</div>
<div class=""cpv-stat-grid"">
  <div class=""cpv-stat""><strong>EUR 31</strong><span>Prezzo indicativo da monitorare dalle principali aree aeroportuali italiane.</span></div>
  <div class=""cpv-stat""><strong>gennaio</strong><span>Periodo spesso interessante per tenere sotto controllo la rotta.</span></div>
  <div class=""cpv-stat""><strong>9</strong><span>Aeroporti italiani prioritari da confrontare per questa destinazione.</span></div>
</div>
<h2>Offerte voli per Kirensk</h2>
<p>Per trovare il miglior equilibrio tra prezzo, durata e comfort, conviene verificare piu aeroporti di partenza italiani e confrontare giorni feriali e weekend.</p>
<table>
  <thead>
    <tr><th>Partenza</th><th>Prezzo da</th><th>Durata indicativa</th><th>Mese da monitorare</th></tr>
  </thead>
  <tbody>
    <tr><td>Leonardo da Vinci-Fiumicino Airport (FCO)</td><td>EUR 107</td><td>2h 40</td><td>maggio</td></tr><tr><td>Ciampino-G. B. Pastine International Airport (CIA)</td><td>EUR 87</td><td>5h 20</td><td>settembre</td></tr><tr><td>Milano Malpensa Airport (MXP)</td><td>EUR 176</td><td>9h 10</td><td>febbraio</td></tr><tr><td>Orio al Serio International Airport (BGY)</td><td>EUR 150</td><td>10h 50</td><td>dicembre</td></tr><tr><td>Milano Linate Airport (LIN)</td><td>EUR 151</td><td>9h 00</td><td>gennaio</td></tr><tr><td>Naples International Airport (NAP)</td><td>EUR 86</td><td>3h 10</td><td>agosto</td></tr><tr><td>Venice Marco Polo Airport (VCE)</td><td>EUR 54</td><td>6h 50</td><td>dicembre</td></tr><tr><td>Catania-Fontanarossa Airport (CTA)</td><td>EUR 188</td><td>3h 10</td><td>febbraio</td></tr><tr><td>Guglielmo Marconi Airport (BLQ)</td><td>EUR 80</td><td>11h 10</td><td>febbraio</td></tr>
  </tbody>
</table>
<h2>Aeroporti italiani da cui conviene partire</h2>
<div class=""cpv-chip-list""><span class=""cpv-chip"">Leonardo da Vinci-Fiumicino Airport</span><span class=""cpv-chip"">Ciampino-G. B. Pastine International Airport</span><span class=""cpv-chip"">Milano Malpensa Airport</span><span class=""cpv-chip"">Orio al Serio International Airport</span><span class=""cpv-chip"">Milano Linate Airport</span><span class=""cpv-chip"">Naples International Airport</span></div>
<div class=""cpv-landing-grid"">
  <div class=""cpv-landing-card""><strong>City break</strong><p>Se Kirensk e una meta urbana, le partenze del venerdi e del sabato sono spesso le piu monitorate.</p></div>
  <div class=""cpv-landing-card""><strong>Viaggi stagionali</strong><p>In alcuni periodi dell'anno le tariffe possono variare molto, soprattutto vicino ai ponti e alle festivita.</p></div>
  <div class=""cpv-landing-card""><strong>Confronto rapido</strong><p>Valuta aeroporti maggiori e secondari per capire se un piccolo spostamento porta a un risparmio concreto.</p></div>
</div>
<h2>Domande frequenti sui voli per Kirensk</h2>
<div class=""cpv-faq"">
  <details><summary>Qual e il modo migliore per cercare voli per Kirensk?</summary><p>Confronta piu aeroporti italiani, prova date flessibili e verifica anche partenze infrasettimanali per migliorare le possibilita di risparmio.</p></details>
  <details><summary>Meglio volo diretto o con scalo?</summary><p>Per tratte medio-brevi il diretto e spesso la scelta piu comoda, mentre su alcune rotte uno scalo puo ridurre il prezzo finale.</p></details>
  <details><summary>Quando controllare i prezzi per Kirensk?</summary><p>Vale la pena iniziare a monitorare la rotta in anticipo e verificare con regolarita i giorni piu vicini alla partenza ideale.</p></details>
</div>","Voli per citta|Voli intercontinentali",city,KCK,/voli-per/kirensk/,"Voli per Kirensk (KCK): offerte e guide | ConfrontaPrezziVoli","Trova voli per Kirensk dai principali aeroporti italiani. Tariffe indicative da EUR 31 e consigli per scegliere il periodo migliore.","voli per Kirensk",cities,"Mese tipicamente conveniente: gennaio"
post,publish,"Voli per Kirkenes (KKN): offerte, compagnie e periodo migliore per prenotare",voli-per-kirkenes-kkn,"Confronta voli per Kirkenes dai principali aeroporti italiani. Scopri prezzi indicativi, compagnie e consigli utili per organizzare la partenza.","<div class=""cpv-landing-note"">
  <p><strong>Perche cercare voli per Kirkenes qui.</strong> Questa pagina raccoglie un quadro rapido delle partenze italiane piu interessanti per Kirkenes, con tariffe indicative e consigli per scegliere il periodo piu vantaggioso.</p>
</div>
<div class=""cpv-stat-grid"">
  <div class=""cpv-stat""><strong>EUR 94</strong><span>Prezzo indicativo da monitorare dalle principali aree aeroportuali italiane.</span></div>
  <div class=""cpv-stat""><strong>aprile</strong><span>Periodo spesso interessante per tenere sotto controllo la rotta.</span></div>
  <div class=""cpv-stat""><strong>9</strong><span>Aeroporti italiani prioritari da confrontare per questa destinazione.</span></div>
</div>
<h2>Offerte voli per Kirkenes</h2>
<p>Per trovare il miglior equilibrio tra prezzo, durata e comfort, conviene verificare piu aeroporti di partenza italiani e confrontare giorni feriali e weekend.</p>
<table>
  <thead>
    <tr><th>Partenza</th><th>Prezzo da</th><th>Durata indicativa</th><th>Mese da monitorare</th></tr>
  </thead>
  <tbody>
    <tr><td>Leonardo da Vinci-Fiumicino Airport (FCO)</td><td>EUR 134</td><td>6h 10</td><td>agosto</td></tr><tr><td>Ciampino-G. B. Pastine International Airport (CIA)</td><td>EUR 158</td><td>1h 10</td><td>agosto</td></tr><tr><td>Milano Malpensa Airport (MXP)</td><td>EUR 65</td><td>3h 40</td><td>novembre</td></tr><tr><td>Orio al Serio International Airport (BGY)</td><td>EUR 111</td><td>6h 20</td><td>settembre</td></tr><tr><td>Milano Linate Airport (LIN)</td><td>EUR 90</td><td>2h 50</td><td>dicembre</td></tr><tr><td>Naples International Airport (NAP)</td><td>EUR 83</td><td>9h 40</td><td>maggio</td></tr><tr><td>Venice Marco Polo Airport (VCE)</td><td>EUR 39</td><td>11h 20</td><td>settembre</td></tr><tr><td>Catania-Fontanarossa Airport (CTA)</td><td>EUR 69</td><td>1h 20</td><td>marzo</td></tr><tr><td>Guglielmo Marconi Airport (BLQ)</td><td>EUR 141</td><td>7h 20</td><td>marzo</td></tr>
  </tbody>
</table>
<h2>Aeroporti italiani da cui conviene partire</h2>
<div class=""cpv-chip-list""><span class=""cpv-chip"">Leonardo da Vinci-Fiumicino Airport</span><span class=""cpv-chip"">Ciampino-G. B. Pastine International Airport</span><span class=""cpv-chip"">Milano Malpensa Airport</span><span class=""cpv-chip"">Orio al Serio International Airport</span><span class=""cpv-chip"">Milano Linate Airport</span><span class=""cpv-chip"">Naples International Airport</span></div>
<div class=""cpv-landing-grid"">
  <div class=""cpv-landing-card""><strong>City break</strong><p>Se Kirkenes e una meta urbana, le partenze del venerdi e del sabato sono spesso le piu monitorate.</p></div>
  <div class=""cpv-landing-card""><strong>Viaggi stagionali</strong><p>In alcuni periodi dell'anno le tariffe possono variare molto, soprattutto vicino ai ponti e alle festivita.</p></div>
  <div class=""cpv-landing-card""><strong>Confronto rapido</strong><p>Valuta aeroporti maggiori e secondari per capire se un piccolo spostamento porta a un risparmio concreto.</p></div>
</div>
<h2>Domande frequenti sui voli per Kirkenes</h2>
<div class=""cpv-faq"">
  <details><summary>Qual e il modo migliore per cercare voli per Kirkenes?</summary><p>Confronta piu aeroporti italiani, prova date flessibili e verifica anche partenze infrasettimanali per migliorare le possibilita di risparmio.</p></details>
  <details><summary>Meglio volo diretto o con scalo?</summary><p>Per tratte medio-brevi il diretto e spesso la scelta piu comoda, mentre su alcune rotte uno scalo puo ridurre il prezzo finale.</p></details>
  <details><summary>Quando controllare i prezzi per Kirkenes?</summary><p>Vale la pena iniziare a monitorare la rotta in anticipo e verificare con regolarita i giorni piu vicini alla partenza ideale.</p></details>
</div>","Voli per citta|Voli in Europa",city,KKN,/voli-per/kirkenes/,"Voli per Kirkenes (KKN): offerte e guide | ConfrontaPrezziVoli","Trova voli per Kirkenes dai principali aeroporti italiani. Tariffe indicative da EUR 94 e consigli per scegliere il periodo migliore.","voli per Kirkenes",cities,"Mese tipicamente conveniente: aprile"
post,publish,"Voli per Kirksville (IRK): offerte, compagnie e periodo migliore per prenotare",voli-per-kirksville-irk,"Confronta voli per Kirksville dai principali aeroporti italiani. Scopri prezzi indicativi, compagnie e consigli utili per organizzare la partenza.","<div class=""cpv-landing-note"">
  <p><strong>Perche cercare voli per Kirksville qui.</strong> Questa pagina raccoglie un quadro rapido delle partenze italiane piu interessanti per Kirksville, con tariffe indicative e consigli per scegliere il periodo piu vantaggioso.</p>
</div>
<div class=""cpv-stat-grid"">
  <div class=""cpv-stat""><strong>EUR 189</strong><span>Prezzo indicativo da monitorare dalle principali aree aeroportuali italiane.</span></div>
  <div class=""cpv-stat""><strong>marzo</strong><span>Periodo spesso interessante per tenere sotto controllo la rotta.</span></div>
  <div class=""cpv-stat""><strong>9</strong><span>Aeroporti italiani prioritari da confrontare per questa destinazione.</span></div>
</div>
<h2>Offerte voli per Kirksville</h2>
<p>Per trovare il miglior equilibrio tra prezzo, durata e comfort, conviene verificare piu aeroporti di partenza italiani e confrontare giorni feriali e weekend.</p>
<table>
  <thead>
    <tr><th>Partenza</th><th>Prezzo da</th><th>Durata indicativa</th><th>Mese da monitorare</th></tr>
  </thead>
  <tbody>
    <tr><td>Leonardo da Vinci-Fiumicino Airport (FCO)</td><td>EUR 65</td><td>2h 40</td><td>novembre</td></tr><tr><td>Ciampino-G. B. Pastine International Airport (CIA)</td><td>EUR 193</td><td>9h 00</td><td>luglio</td></tr><tr><td>Milano Malpensa Airport (MXP)</td><td>EUR 26</td><td>9h 10</td><td>agosto</td></tr><tr><td>Orio al Serio International Airport (BGY)</td><td>EUR 160</td><td>1h 30</td><td>ottobre</td></tr><tr><td>Milano Linate Airport (LIN)</td><td>EUR 185</td><td>10h 40</td><td>novembre</td></tr><tr><td>Naples International Airport (NAP)</td><td>EUR 124</td><td>2h 30</td><td>ottobre</td></tr><tr><td>Venice Marco Polo Airport (VCE)</td><td>EUR 176</td><td>2h 10</td><td>febbraio</td></tr><tr><td>Catania-Fontanarossa Airport (CTA)</td><td>EUR 122</td><td>7h 10</td><td>agosto</td></tr><tr><td>Guglielmo Marconi Airport (BLQ)</td><td>EUR 190</td><td>10h 30</td><td>aprile</td></tr>
  </tbody>
</table>
<h2>Aeroporti italiani da cui conviene partire</h2>
<div class=""cpv-chip-list""><span class=""cpv-chip"">Leonardo da Vinci-Fiumicino Airport</span><span class=""cpv-chip"">Ciampino-G. B. Pastine International Airport</span><span class=""cpv-chip"">Milano Malpensa Airport</span><span class=""cpv-chip"">Orio al Serio International Airport</span><span class=""cpv-chip"">Milano Linate Airport</span><span class=""cpv-chip"">Naples International Airport</span></div>
<div class=""cpv-landing-grid"">
  <div class=""cpv-landing-card""><strong>City break</strong><p>Se Kirksville e una meta urbana, le partenze del venerdi e del sabato sono spesso le piu monitorate.</p></div>
  <div class=""cpv-landing-card""><strong>Viaggi stagionali</strong><p>In alcuni periodi dell'anno le tariffe possono variare molto, soprattutto vicino ai ponti e alle festivita.</p></div>
  <div class=""cpv-landing-card""><strong>Confronto rapido</strong><p>Valuta aeroporti maggiori e secondari per capire se un piccolo spostamento porta a un risparmio concreto.</p></div>
</div>
<h2>Domande frequenti sui voli per Kirksville</h2>
<div class=""cpv-faq"">
  <details><summary>Qual e il modo migliore per cercare voli per Kirksville?</summary><p>Confronta piu aeroporti italiani, prova date flessibili e verifica anche partenze infrasettimanali per migliorare le possibilita di risparmio.</p></details>
  <details><summary>Meglio volo diretto o con scalo?</summary><p>Per tratte medio-brevi il diretto e spesso la scelta piu comoda, mentre su alcune rotte uno scalo puo ridurre il prezzo finale.</p></details>
  <details><summary>Quando controllare i prezzi per Kirksville?</summary><p>Vale la pena iniziare a monitorare la rotta in anticipo e verificare con regolarita i giorni piu vicini alla partenza ideale.</p></details>
</div>","Voli per citta|Voli intercontinentali",city,IRK,/voli-per/kirksville/,"Voli per Kirksville (IRK): offerte e guide | ConfrontaPrezziVoli","Trova voli per Kirksville dai principali aeroporti italiani. Tariffe indicative da EUR 189 e consigli per scegliere il periodo migliore.","voli per Kirksville",cities,"Mese tipicamente conveniente: marzo"
post,publish,"Voli per Kirkuk (KIK): offerte, compagnie e periodo migliore per prenotare",voli-per-kirkuk-kik,"Confronta voli per Kirkuk dai principali aeroporti italiani. Scopri prezzi indicativi, compagnie e consigli utili per organizzare la partenza.","<div class=""cpv-landing-note"">
  <p><strong>Perche cercare voli per Kirkuk qui.</strong> Questa pagina raccoglie un quadro rapido delle partenze italiane piu interessanti per Kirkuk, con tariffe indicative e consigli per scegliere il periodo piu vantaggioso.</p>
</div>
<div class=""cpv-stat-grid"">
  <div class=""cpv-stat""><strong>EUR 109</strong><span>Prezzo indicativo da monitorare dalle principali aree aeroportuali italiane.</span></div>
  <div class=""cpv-stat""><strong>luglio</strong><span>Periodo spesso interessante per tenere sotto controllo la rotta.</span></div>
  <div class=""cpv-stat""><strong>9</strong><span>Aeroporti italiani prioritari da confrontare per questa destinazione.</span></div>
</div>
<h2>Offerte voli per Kirkuk</h2>
<p>Per trovare il miglior equilibrio tra prezzo, durata e comfort, conviene verificare piu aeroporti di partenza italiani e confrontare giorni feriali e weekend.</p>
<table>
  <thead>
    <tr><th>Partenza</th><th>Prezzo da</th><th>Durata indicativa</th><th>Mese da monitorare</th></tr>
  </thead>
  <tbody>
    <tr><td>Leonardo da Vinci-Fiumicino Airport (FCO)</td><td>EUR 181</td><td>11h 00</td><td>luglio</td></tr><tr><td>Ciampino-G. B. Pastine International Airport (CIA)</td><td>EUR 157</td><td>9h 00</td><td>luglio</td></tr><tr><td>Milano Malpensa Airport (MXP)</td><td>EUR 194</td><td>5h 10</td><td>agosto</td></tr><tr><td>Orio al Serio International Airport (BGY)</td><td>EUR 128</td><td>11h 10</td><td>febbraio</td></tr><tr><td>Milano Linate Airport (LIN)</td><td>EUR 57</td><td>10h 20</td><td>marzo</td></tr><tr><td>Naples International Airport (NAP)</td><td>EUR 84</td><td>11h 50</td><td>giugno</td></tr><tr><td>Venice Marco Polo Airport (VCE)</td><td>EUR 60</td><td>10h 50</td><td>giugno</td></tr><tr><td>Catania-Fontanarossa Airport (CTA)</td><td>EUR 154</td><td>9h 30</td><td>aprile</td></tr><tr><td>Guglielmo Marconi Airport (BLQ)</td><td>EUR 178</td><td>5h 30</td><td>aprile</td></tr>
  </tbody>
</table>
<h2>Aeroporti italiani da cui conviene partire</h2>
<div class=""cpv-chip-list""><span class=""cpv-chip"">Leonardo da Vinci-Fiumicino Airport</span><span class=""cpv-chip"">Ciampino-G. B. Pastine International Airport</span><span class=""cpv-chip"">Milano Malpensa Airport</span><span class=""cpv-chip"">Orio al Serio International Airport</span><span class=""cpv-chip"">Milano Linate Airport</span><span class=""cpv-chip"">Naples International Airport</span></div>
<div class=""cpv-landing-grid"">
  <div class=""cpv-landing-card""><strong>City break</strong><p>Se Kirkuk e una meta urbana, le partenze del venerdi e del sabato sono spesso le piu monitorate.</p></div>
  <div class=""cpv-landing-card""><strong>Viaggi stagionali</strong><p>In alcuni periodi dell'anno le tariffe possono variare molto, soprattutto vicino ai ponti e alle festivita.</p></div>
  <div class=""cpv-landing-card""><strong>Confronto rapido</strong><p>Valuta aeroporti maggiori e secondari per capire se un piccolo spostamento porta a un risparmio concreto.</p></div>
</div>
<h2>Domande frequenti sui voli per Kirkuk</h2>
<div class=""cpv-faq"">
  <details><summary>Qual e il modo migliore per cercare voli per Kirkuk?</summary><p>Confronta piu aeroporti italiani, prova date flessibili e verifica anche partenze infrasettimanali per migliorare le possibilita di risparmio.</p></details>
  <details><summary>Meglio volo diretto o con scalo?</summary><p>Per tratte medio-brevi il diretto e spesso la scelta piu comoda, mentre su alcune rotte uno scalo puo ridurre il prezzo finale.</p></details>
  <details><summary>Quando controllare i prezzi per Kirkuk?</summary><p>Vale la pena iniziare a monitorare la rotta in anticipo e verificare con regolarita i giorni piu vicini alla partenza ideale.</p></details>
</div>","Voli per citta|Voli intercontinentali",city,KIK,/voli-per/kirkuk/,"Voli per Kirkuk (KIK): offerte e guide | ConfrontaPrezziVoli","Trova voli per Kirkuk dai principali aeroporti italiani. Tariffe indicative da EUR 109 e consigli per scegliere il periodo migliore.","voli per Kirkuk",cities,"Mese tipicamente conveniente: luglio"
post,publish,"Voli per Kirkwall (KOI): offerte, compagnie e periodo migliore per prenotare",voli-per-kirkwall-koi,"Confronta voli per Kirkwall dai principali aeroporti italiani. Scopri prezzi indicativi, compagnie e consigli utili per organizzare la partenza.","<div class=""cpv-landing-note"">
  <p><strong>Perche cercare voli per Kirkwall qui.</strong> Questa pagina raccoglie un quadro rapido delle partenze italiane piu interessanti per Kirkwall, con tariffe indicative e consigli per scegliere il periodo piu vantaggioso.</p>
</div>
<div class=""cpv-stat-grid"">
  <div class=""cpv-stat""><strong>EUR 183</strong><span>Prezzo indicativo da monitorare dalle principali aree aeroportuali italiane.</span></div>
  <div class=""cpv-stat""><strong>settembre</strong><span>Periodo spesso interessante per tenere sotto controllo la rotta.</span></div>
  <div class=""cpv-stat""><strong>9</strong><span>Aeroporti italiani prioritari da confrontare per questa destinazione.</span></div>
</div>
<h2>Offerte voli per Kirkwall</h2>
<p>Per trovare il miglior equilibrio tra prezzo, durata e comfort, conviene verificare piu aeroporti di partenza italiani e confrontare giorni feriali e weekend.</p>
<table>
  <thead>
    <tr><th>Partenza</th><th>Prezzo da</th><th>Durata indicativa</th><th>Mese da monitorare</th></tr>
  </thead>
  <tbody>
    <tr><td>Leonardo da Vinci-Fiumicino Airport (FCO)</td><td>EUR 99</td><td>1h 20</td><td>settembre</td></tr><tr><td>Ciampino-G. B. Pastine International Airport (CIA)</td><td>EUR 143</td><td>4h 40</td><td>maggio</td></tr><tr><td>Milano Malpensa Airport (MXP)</td><td>EUR 164</td><td>6h 10</td><td>febbraio</td></tr><tr><td>Orio al Serio International Airport (BGY)</td><td>EUR 26</td><td>9h 10</td><td>agosto</td></tr><tr><td>Milano Linate Airport (LIN)</td><td>EUR 51</td><td>9h 20</td><td>settembre</td></tr><tr><td>Naples International Airport (NAP)</td><td>EUR 66</td><td>9h 50</td><td>dicembre</td></tr><tr><td>Venice Marco Polo Airport (VCE)</td><td>EUR 138</td><td>3h 50</td><td>dicembre</td></tr><tr><td>Catania-Fontanarossa Airport (CTA)</td><td>EUR 164</td><td>3h 10</td><td>febbraio</td></tr><tr><td>Guglielmo Marconi Airport (BLQ)</td><td>EUR 176</td><td>11h 10</td><td>febbraio</td></tr>
  </tbody>
</table>
<h2>Aeroporti italiani da cui conviene partire</h2>
<div class=""cpv-chip-list""><span class=""cpv-chip"">Leonardo da Vinci-Fiumicino Airport</span><span class=""cpv-chip"">Ciampino-G. B. Pastine International Airport</span><span class=""cpv-chip"">Milano Malpensa Airport</span><span class=""cpv-chip"">Orio al Serio International Airport</span><span class=""cpv-chip"">Milano Linate Airport</span><span class=""cpv-chip"">Naples International Airport</span></div>
<div class=""cpv-landing-grid"">
  <div class=""cpv-landing-card""><strong>City break</strong><p>Se Kirkwall e una meta urbana, le partenze del venerdi e del sabato sono spesso le piu monitorate.</p></div>
  <div class=""cpv-landing-card""><strong>Viaggi stagionali</strong><p>In alcuni periodi dell'anno le tariffe possono variare molto, soprattutto vicino ai ponti e alle festivita.</p></div>
  <div class=""cpv-landing-card""><strong>Confronto rapido</strong><p>Valuta aeroporti maggiori e secondari per capire se un piccolo spostamento porta a un risparmio concreto.</p></div>
</div>
<h2>Domande frequenti sui voli per Kirkwall</h2>
<div class=""cpv-faq"">
  <details><summary>Qual e il modo migliore per cercare voli per Kirkwall?</summary><p>Confronta piu aeroporti italiani, prova date flessibili e verifica anche partenze infrasettimanali per migliorare le possibilita di risparmio.</p></details>
  <details><summary>Meglio volo diretto o con scalo?</summary><p>Per tratte medio-brevi il diretto e spesso la scelta piu comoda, mentre su alcune rotte uno scalo puo ridurre il prezzo finale.</p></details>
  <details><summary>Quando controllare i prezzi per Kirkwall?</summary><p>Vale la pena iniziare a monitorare la rotta in anticipo e verificare con regolarita i giorni piu vicini alla partenza ideale.</p></details>
</div>","Voli per citta|Voli in Europa",city,KOI,/voli-per/kirkwall/,"Voli per Kirkwall (KOI): offerte e guide | ConfrontaPrezziVoli","Trova voli per Kirkwall dai principali aeroporti italiani. Tariffe indicative da EUR 183 e consigli per scegliere il periodo migliore.","voli per Kirkwall",cities,"Mese tipicamente conveniente: settembre"
post,publish,"Voli per Kirov (KVX): offerte, compagnie e periodo migliore per prenotare",voli-per-kirov-kvx,"Confronta voli per Kirov dai principali aeroporti italiani. Scopri prezzi indicativi, compagnie e consigli utili per organizzare la partenza.","<div class=""cpv-landing-note"">
  <p><strong>Perche cercare voli per Kirov qui.</strong> Questa pagina raccoglie un quadro rapido delle partenze italiane piu interessanti per Kirov, con tariffe indicative e consigli per scegliere il periodo piu vantaggioso.</p>
</div>
<div class=""cpv-stat-grid"">
  <div class=""cpv-stat""><strong>EUR 29</strong><span>Prezzo indicativo da monitorare dalle principali aree aeroportuali italiane.</span></div>
  <div class=""cpv-stat""><strong>novembre</strong><span>Periodo spesso interessante per tenere sotto controllo la rotta.</span></div>
  <div class=""cpv-stat""><strong>9</strong><span>Aeroporti italiani prioritari da confrontare per questa destinazione.</span></div>
</div>
<h2>Offerte voli per Kirov</h2>
<p>Per trovare il miglior equilibrio tra prezzo, durata e comfort, conviene verificare piu aeroporti di partenza italiani e confrontare giorni feriali e weekend.</p>
<table>
  <thead>
    <tr><th>Partenza</th><th>Prezzo da</th><th>Durata indicativa</th><th>Mese da monitorare</th></tr>
  </thead>
  <tbody>
    <tr><td>Leonardo da Vinci-Fiumicino Airport (FCO)</td><td>EUR 113</td><td>6h 40</td><td>novembre</td></tr><tr><td>Ciampino-G. B. Pastine International Airport (CIA)</td><td>EUR 153</td><td>3h 20</td><td>marzo</td></tr><tr><td>Milano Malpensa Airport (MXP)</td><td>EUR 30</td><td>8h 50</td><td>dicembre</td></tr><tr><td>Orio al Serio International Airport (BGY)</td><td>EUR 176</td><td>6h 10</td><td>febbraio</td></tr><tr><td>Milano Linate Airport (LIN)</td><td>EUR 197</td><td>5h 40</td><td>novembre</td></tr><tr><td>Naples International Airport (NAP)</td><td>EUR 184</td><td>4h 30</td><td>ottobre</td></tr><tr><td>Venice Marco Polo Airport (VCE)</td><td>EUR 88</td><td>11h 30</td><td>ottobre</td></tr><tr><td>Catania-Fontanarossa Airport (CTA)</td><td>EUR 58</td><td>11h 30</td><td>aprile</td></tr><tr><td>Guglielmo Marconi Airport (BLQ)</td><td>EUR 22</td><td>9h 30</td><td>aprile</td></tr>
  </tbody>
</table>
<h2>Aeroporti italiani da cui conviene partire</h2>
<div class=""cpv-chip-list""><span class=""cpv-chip"">Leonardo da Vinci-Fiumicino Airport</span><span class=""cpv-chip"">Ciampino-G. B. Pastine International Airport</span><span class=""cpv-chip"">Milano Malpensa Airport</span><span class=""cpv-chip"">Orio al Serio International Airport</span><span class=""cpv-chip"">Milano Linate Airport</span><span class=""cpv-chip"">Naples International Airport</span></div>
<div class=""cpv-landing-grid"">
  <div class=""cpv-landing-card""><strong>City break</strong><p>Se Kirov e una meta urbana, le partenze del venerdi e del sabato sono spesso le piu monitorate.</p></div>
  <div class=""cpv-landing-card""><strong>Viaggi stagionali</strong><p>In alcuni periodi dell'anno le tariffe possono variare molto, soprattutto vicino ai ponti e alle festivita.</p></div>
  <div class=""cpv-landing-card""><strong>Confronto rapido</strong><p>Valuta aeroporti maggiori e secondari per capire se un piccolo spostamento porta a un risparmio concreto.</p></div>
</div>
<h2>Domande frequenti sui voli per Kirov</h2>
<div class=""cpv-faq"">
  <details><summary>Qual e il modo migliore per cercare voli per Kirov?</summary><p>Confronta piu aeroporti italiani, prova date flessibili e verifica anche partenze infrasettimanali per migliorare le possibilita di risparmio.</p></details>
  <details><summary>Meglio volo diretto o con scalo?</summary><p>Per tratte medio-brevi il diretto e spesso la scelta piu comoda, mentre su alcune rotte uno scalo puo ridurre il prezzo finale.</p></details>
  <details><summary>Quando controllare i prezzi per Kirov?</summary><p>Vale la pena iniziare a monitorare la rotta in anticipo e verificare con regolarita i giorni piu vicini alla partenza ideale.</p></details>
</div>","Voli per citta|Voli intercontinentali",city,KVX,/voli-per/kirov/,"Voli per Kirov (KVX): offerte e guide | ConfrontaPrezziVoli","Trova voli per Kirov dai principali aeroporti italiani. Tariffe indicative da EUR 29 e consigli per scegliere il periodo migliore.","voli per Kirov",cities,"Mese tipicamente conveniente: novembre"
post,publish,"Voli per Kirovsk (KVK): offerte, compagnie e periodo migliore per prenotare",voli-per-kirovsk-kvk,"Confronta voli per Kirovsk dai principali aeroporti italiani. Scopri prezzi indicativi, compagnie e consigli utili per organizzare la partenza.","<div class=""cpv-landing-note"">
  <p><strong>Perche cercare voli per Kirovsk qui.</strong> Questa pagina raccoglie un quadro rapido delle partenze italiane piu interessanti per Kirovsk, con tariffe indicative e consigli per scegliere il periodo piu vantaggioso.</p>
</div>
<div class=""cpv-stat-grid"">
  <div class=""cpv-stat""><strong>EUR 167</strong><span>Prezzo indicativo da monitorare dalle principali aree aeroportuali italiane.</span></div>
  <div class=""cpv-stat""><strong>maggio</strong><span>Periodo spesso interessante per tenere sotto controllo la rotta.</span></div>
  <div class=""cpv-stat""><strong>9</strong><span>Aeroporti italiani prioritari da confrontare per questa destinazione.</span></div>
</div>
<h2>Offerte voli per Kirovsk</h2>
<p>Per trovare il miglior equilibrio tra prezzo, durata e comfort, conviene verificare piu aeroporti di partenza italiani e confrontare giorni feriali e weekend.</p>
<table>
  <thead>
    <tr><th>Partenza</th><th>Prezzo da</th><th>Durata indicativa</th><th>Mese da monitorare</th></tr>
  </thead>
  <tbody>
    <tr><td>Leonardo da Vinci-Fiumicino Airport (FCO)</td><td>EUR 131</td><td>4h 40</td><td>maggio</td></tr><tr><td>Ciampino-G. B. Pastine International Airport (CIA)</td><td>EUR 131</td><td>6h 40</td><td>maggio</td></tr><tr><td>Milano Malpensa Airport (MXP)</td><td>EUR 28</td><td>5h 30</td><td>ottobre</td></tr><tr><td>Orio al Serio International Airport (BGY)</td><td>EUR 178</td><td>5h 30</td><td>aprile</td></tr><tr><td>Milano Linate Airport (LIN)</td><td>EUR 87</td><td>4h 20</td><td>settembre</td></tr><tr><td>Naples International Airport (NAP)</td><td>EUR 162</td><td>5h 50</td><td>dicembre</td></tr><tr><td>Venice Marco Polo Airport (VCE)</td><td>EUR 146</td><td>10h 10</td><td>agosto</td></tr><tr><td>Catania-Fontanarossa Airport (CTA)</td><td>EUR 108</td><td>9h 50</td><td>giugno</td></tr><tr><td>Guglielmo Marconi Airport (BLQ)</td><td>EUR 112</td><td>4h 30</td><td>ottobre</td></tr>
  </tbody>
</table>
<h2>Aeroporti italiani da cui conviene partire</h2>
<div class=""cpv-chip-list""><span class=""cpv-chip"">Leonardo da Vinci-Fiumicino Airport</span><span class=""cpv-chip"">Ciampino-G. B. Pastine International Airport</span><span class=""cpv-chip"">Milano Malpensa Airport</span><span class=""cpv-chip"">Orio al Serio International Airport</span><span class=""cpv-chip"">Milano Linate Airport</span><span class=""cpv-chip"">Naples International Airport</span></div>
<div class=""cpv-landing-grid"">
  <div class=""cpv-landing-card""><strong>City break</strong><p>Se Kirovsk e una meta urbana, le partenze del venerdi e del sabato sono spesso le piu monitorate.</p></div>
  <div class=""cpv-landing-card""><strong>Viaggi stagionali</strong><p>In alcuni periodi dell'anno le tariffe possono variare molto, soprattutto vicino ai ponti e alle festivita.</p></div>
  <div class=""cpv-landing-card""><strong>Confronto rapido</strong><p>Valuta aeroporti maggiori e secondari per capire se un piccolo spostamento porta a un risparmio concreto.</p></div>
</div>
<h2>Domande frequenti sui voli per Kirovsk</h2>
<div class=""cpv-faq"">
  <details><summary>Qual e il modo migliore per cercare voli per Kirovsk?</summary><p>Confronta piu aeroporti italiani, prova date flessibili e verifica anche partenze infrasettimanali per migliorare le possibilita di risparmio.</p></details>
  <details><summary>Meglio volo diretto o con scalo?</summary><p>Per tratte medio-brevi il diretto e spesso la scelta piu comoda, mentre su alcune rotte uno scalo puo ridurre il prezzo finale.</p></details>
  <details><summary>Quando controllare i prezzi per Kirovsk?</summary><p>Vale la pena iniziare a monitorare la rotta in anticipo e verificare con regolarita i giorni piu vicini alla partenza ideale.</p></details>
</div>","Voli per citta|Voli intercontinentali",city,KVK,/voli-per/kirovsk/,"Voli per Kirovsk (KVK): offerte e guide | ConfrontaPrezziVoli","Trova voli per Kirovsk dai principali aeroporti italiani. Tariffe indicative da EUR 167 e consigli per scegliere il periodo migliore.","voli per Kirovsk",cities,"Mese tipicamente conveniente: maggio"
post,publish,"Voli per Kiruna (KRN): offerte, compagnie e periodo migliore per prenotare",voli-per-kiruna-krn,"Confronta voli per Kiruna dai principali aeroporti italiani. Scopri prezzi indicativi, compagnie e consigli utili per organizzare la partenza.","<div class=""cpv-landing-note"">
  <p><strong>Perche cercare voli per Kiruna qui.</strong> Questa pagina raccoglie un quadro rapido delle partenze italiane piu interessanti per Kiruna, con tariffe indicative e consigli per scegliere il periodo piu vantaggioso.</p>
</div>
<div class=""cpv-stat-grid"">
  <div class=""cpv-stat""><strong>EUR 70</strong><span>Prezzo indicativo da monitorare dalle principali aree aeroportuali italiane.</span></div>
  <div class=""cpv-stat""><strong>aprile</strong><span>Periodo spesso interessante per tenere sotto controllo la rotta.</span></div>
  <div class=""cpv-stat""><strong>9</strong><span>Aeroporti italiani prioritari da confrontare per questa destinazione.</span></div>
</div>
<h2>Offerte voli per Kiruna</h2>
<p>Per trovare il miglior equilibrio tra prezzo, durata e comfort, conviene verificare piu aeroporti di partenza italiani e confrontare giorni feriali e weekend.</p>
<table>
  <thead>
    <tr><th>Partenza</th><th>Prezzo da</th><th>Durata indicativa</th><th>Mese da monitorare</th></tr>
  </thead>
  <tbody>
    <tr><td>Leonardo da Vinci-Fiumicino Airport (FCO)</td><td>EUR 34</td><td>8h 30</td><td>aprile</td></tr><tr><td>Ciampino-G. B. Pastine International Airport (CIA)</td><td>EUR 94</td><td>9h 30</td><td>aprile</td></tr><tr><td>Milano Malpensa Airport (MXP)</td><td>EUR 21</td><td>2h 20</td><td>marzo</td></tr><tr><td>Orio al Serio International Airport (BGY)</td><td>EUR 87</td><td>1h 20</td><td>settembre</td></tr><tr><td>Milano Linate Airport (LIN)</td><td>EUR 50</td><td>10h 10</td><td>agosto</td></tr><tr><td>Naples International Airport (NAP)</td><td>EUR 95</td><td>6h 40</td><td>maggio</td></tr><tr><td>Venice Marco Polo Airport (VCE)</td><td>EUR 79</td><td>7h 00</td><td>gennaio</td></tr><tr><td>Catania-Fontanarossa Airport (CTA)</td><td>EUR 149</td><td>10h 40</td><td>novembre</td></tr><tr><td>Guglielmo Marconi Airport (BLQ)</td><td>EUR 101</td><td>2h 40</td><td>novembre</td></tr>
  </tbody>
</table>
<h2>Aeroporti italiani da cui conviene partire</h2>
<div class=""cpv-chip-list""><span class=""cpv-chip"">Leonardo da Vinci-Fiumicino Airport</span><span class=""cpv-chip"">Ciampino-G. B. Pastine International Airport</span><span class=""cpv-chip"">Milano Malpensa Airport</span><span class=""cpv-chip"">Orio al Serio International Airport</span><span class=""cpv-chip"">Milano Linate Airport</span><span class=""cpv-chip"">Naples International Airport</span></div>
<div class=""cpv-landing-grid"">
  <div class=""cpv-landing-card""><strong>City break</strong><p>Se Kiruna e una meta urbana, le partenze del venerdi e del sabato sono spesso le piu monitorate.</p></div>
  <div class=""cpv-landing-card""><strong>Viaggi stagionali</strong><p>In alcuni periodi dell'anno le tariffe possono variare molto, soprattutto vicino ai ponti e alle festivita.</p></div>
  <div class=""cpv-landing-card""><strong>Confronto rapido</strong><p>Valuta aeroporti maggiori e secondari per capire se un piccolo spostamento porta a un risparmio concreto.</p></div>
</div>
<h2>Domande frequenti sui voli per Kiruna</h2>
<div class=""cpv-faq"">
  <details><summary>Qual e il modo migliore per cercare voli per Kiruna?</summary><p>Confronta piu aeroporti italiani, prova date flessibili e verifica anche partenze infrasettimanali per migliorare le possibilita di risparmio.</p></details>
  <details><summary>Meglio volo diretto o con scalo?</summary><p>Per tratte medio-brevi il diretto e spesso la scelta piu comoda, mentre su alcune rotte uno scalo puo ridurre il prezzo finale.</p></details>
  <details><summary>Quando controllare i prezzi per Kiruna?</summary><p>Vale la pena iniziare a monitorare la rotta in anticipo e verificare con regolarita i giorni piu vicini alla partenza ideale.</p></details>
</div>","Voli per citta|Voli in Europa",city,KRN,/voli-per/kiruna/,"Voli per Kiruna (KRN): offerte e guide | ConfrontaPrezziVoli","Trova voli per Kiruna dai principali aeroporti italiani. Tariffe indicative da EUR 70 e consigli per scegliere il periodo migliore.","voli per Kiruna",cities,"Mese tipicamente conveniente: aprile"
post,publish,"Voli per Kisangani (FKI): offerte, compagnie e periodo migliore per prenotare",voli-per-kisangani-fki,"Confronta voli per Kisangani dai principali aeroporti italiani. Scopri prezzi indicativi, compagnie e consigli utili per organizzare la partenza.","<div class=""cpv-landing-note"">
  <p><strong>Perche cercare voli per Kisangani qui.</strong> Questa pagina raccoglie un quadro rapido delle partenze italiane piu interessanti per Kisangani, con tariffe indicative e consigli per scegliere il periodo piu vantaggioso.</p>
</div>
<div class=""cpv-stat-grid"">
  <div class=""cpv-stat""><strong>EUR 150</strong><span>Prezzo indicativo da monitorare dalle principali aree aeroportuali italiane.</span></div>
  <div class=""cpv-stat""><strong>dicembre</strong><span>Periodo spesso interessante per tenere sotto controllo la rotta.</span></div>
  <div class=""cpv-stat""><strong>9</strong><span>Aeroporti italiani prioritari da confrontare per questa destinazione.</span></div>
</div>
<h2>Offerte voli per Kisangani</h2>
<p>Per trovare il miglior equilibrio tra prezzo, durata e comfort, conviene verificare piu aeroporti di partenza italiani e confrontare giorni feriali e weekend.</p>
<table>
  <thead>
    <tr><th>Partenza</th><th>Prezzo da</th><th>Durata indicativa</th><th>Mese da monitorare</th></tr>
  </thead>
  <tbody>
    <tr><td>Leonardo da Vinci-Fiumicino Airport (FCO)</td><td>EUR 54</td><td>1h 50</td><td>dicembre</td></tr><tr><td>Ciampino-G. B. Pastine International Airport (CIA)</td><td>EUR 126</td><td>4h 50</td><td>dicembre</td></tr><tr><td>Milano Malpensa Airport (MXP)</td><td>EUR 57</td><td>11h 20</td><td>marzo</td></tr><tr><td>Orio al Serio International Airport (BGY)</td><td>EUR 59</td><td>4h 40</td><td>maggio</td></tr><tr><td>Milano Linate Airport (LIN)</td><td>EUR 150</td><td>5h 50</td><td>dicembre</td></tr><tr><td>Naples International Airport (NAP)</td><td>EUR 143</td><td>8h 40</td><td>maggio</td></tr><tr><td>Venice Marco Polo Airport (VCE)</td><td>EUR 107</td><td>4h 40</td><td>maggio</td></tr><tr><td>Catania-Fontanarossa Airport (CTA)</td><td>EUR 61</td><td>3h 00</td><td>luglio</td></tr><tr><td>Guglielmo Marconi Airport (BLQ)</td><td>EUR 197</td><td>1h 40</td><td>novembre</td></tr>
  </tbody>
</table>
<h2>Aeroporti italiani da cui conviene partire</h2>
<div class=""cpv-chip-list""><span class=""cpv-chip"">Leonardo da Vinci-Fiumicino Airport</span><span class=""cpv-chip"">Ciampino-G. B. Pastine International Airport</span><span class=""cpv-chip"">Milano Malpensa Airport</span><span class=""cpv-chip"">Orio al Serio International Airport</span><span class=""cpv-chip"">Milano Linate Airport</span><span class=""cpv-chip"">Naples International Airport</span></div>
<div class=""cpv-landing-grid"">
  <div class=""cpv-landing-card""><strong>City break</strong><p>Se Kisangani e una meta urbana, le partenze del venerdi e del sabato sono spesso le piu monitorate.</p></div>
  <div class=""cpv-landing-card""><strong>Viaggi stagionali</strong><p>In alcuni periodi dell'anno le tariffe possono variare molto, soprattutto vicino ai ponti e alle festivita.</p></div>
  <div class=""cpv-landing-card""><strong>Confronto rapido</strong><p>Valuta aeroporti maggiori e secondari per capire se un piccolo spostamento porta a un risparmio concreto.</p></div>
</div>
<h2>Domande frequenti sui voli per Kisangani</h2>
<div class=""cpv-faq"">
  <details><summary>Qual e il modo migliore per cercare voli per Kisangani?</summary><p>Confronta piu aeroporti italiani, prova date flessibili e verifica anche partenze infrasettimanali per migliorare le possibilita di risparmio.</p></details>
  <details><summary>Meglio volo diretto o con scalo?</summary><p>Per tratte medio-brevi il diretto e spesso la scelta piu comoda, mentre su alcune rotte uno scalo puo ridurre il prezzo finale.</p></details>
  <details><summary>Quando controllare i prezzi per Kisangani?</summary><p>Vale la pena iniziare a monitorare la rotta in anticipo e verificare con regolarita i giorni piu vicini alla partenza ideale.</p></details>
</div>","Voli per citta|Voli intercontinentali",city,FKI,/voli-per/kisangani/,"Voli per Kisangani (FKI): offerte e guide | ConfrontaPrezziVoli","Trova voli per Kisangani dai principali aeroporti italiani. Tariffe indicative da EUR 150 e consigli per scegliere il periodo migliore.","voli per Kisangani",cities,"Mese tipicamente conveniente: dicembre"
post,publish,"Voli per Kish Island (KIH): offerte, compagnie e periodo migliore per prenotare",voli-per-kish-island-kih,"Confronta voli per Kish Island dai principali aeroporti italiani. Scopri prezzi indicativi, compagnie e consigli utili per organizzare la partenza.","<div class=""cpv-landing-note"">
  <p><strong>Perche cercare voli per Kish Island qui.</strong> Questa pagina raccoglie un quadro rapido delle partenze italiane piu interessanti per Kish Island, con tariffe indicative e consigli per scegliere il periodo piu vantaggioso.</p>
</div>
<div class=""cpv-stat-grid"">
  <div class=""cpv-stat""><strong>EUR 83</strong><span>Prezzo indicativo da monitorare dalle principali aree aeroportuali italiane.</span></div>
  <div class=""cpv-stat""><strong>maggio</strong><span>Periodo spesso interessante per tenere sotto controllo la rotta.</span></div>
  <div class=""cpv-stat""><strong>9</strong><span>Aeroporti italiani prioritari da confrontare per questa destinazione.</span></div>
</div>
<h2>Offerte voli per Kish Island</h2>
<p>Per trovare il miglior equilibrio tra prezzo, durata e comfort, conviene verificare piu aeroporti di partenza italiani e confrontare giorni feriali e weekend.</p>
<table>
  <thead>
    <tr><th>Partenza</th><th>Prezzo da</th><th>Durata indicativa</th><th>Mese da monitorare</th></tr>
  </thead>
  <tbody>
    <tr><td>Leonardo da Vinci-Fiumicino Airport (FCO)</td><td>EUR 171</td><td>1h 20</td><td>settembre</td></tr><tr><td>Ciampino-G. B. Pastine International Airport (CIA)</td><td>EUR 79</td><td>8h 00</td><td>gennaio</td></tr><tr><td>Milano Malpensa Airport (MXP)</td><td>EUR 80</td><td>10h 10</td><td>febbraio</td></tr><tr><td>Orio al Serio International Airport (BGY)</td><td>EUR 30</td><td>1h 50</td><td>dicembre</td></tr><tr><td>Milano Linate Airport (LIN)</td><td>EUR 139</td><td>11h 00</td><td>gennaio</td></tr><tr><td>Naples International Airport (NAP)</td><td>EUR 94</td><td>10h 30</td><td>aprile</td></tr><tr><td>Venice Marco Polo Airport (VCE)</td><td>EUR 158</td><td>4h 10</td><td>agosto</td></tr><tr><td>Catania-Fontanarossa Airport (CTA)</td><td>EUR 32</td><td>5h 10</td><td>febbraio</td></tr><tr><td>Guglielmo Marconi Airport (BLQ)</td><td>EUR 144</td><td>11h 50</td><td>giugno</td></tr>
  </tbody>
</table>
<h2>Aeroporti italiani da cui conviene partire</h2>
<div class=""cpv-chip-list""><span class=""cpv-chip"">Leonardo da Vinci-Fiumicino Airport</span><span class=""cpv-chip"">Ciampino-G. B. Pastine International Airport</span><span class=""cpv-chip"">Milano Malpensa Airport</span><span class=""cpv-chip"">Orio al Serio International Airport</span><span class=""cpv-chip"">Milano Linate Airport</span><span class=""cpv-chip"">Naples International Airport</span></div>
<div class=""cpv-landing-grid"">
  <div class=""cpv-landing-card""><strong>City break</strong><p>Se Kish Island e una meta urbana, le partenze del venerdi e del sabato sono spesso le piu monitorate.</p></div>
  <div class=""cpv-landing-card""><strong>Viaggi stagionali</strong><p>In alcuni periodi dell'anno le tariffe possono variare molto, soprattutto vicino ai ponti e alle festivita.</p></div>
  <div class=""cpv-landing-card""><strong>Confronto rapido</strong><p>Valuta aeroporti maggiori e secondari per capire se un piccolo spostamento porta a un risparmio concreto.</p></div>
</div>
<h2>Domande frequenti sui voli per Kish Island</h2>
<div class=""cpv-faq"">
  <details><summary>Qual e il modo migliore per cercare voli per Kish Island?</summary><p>Confronta piu aeroporti italiani, prova date flessibili e verifica anche partenze infrasettimanali per migliorare le possibilita di risparmio.</p></details>
  <details><summary>Meglio volo diretto o con scalo?</summary><p>Per tratte medio-brevi il diretto e spesso la scelta piu comoda, mentre su alcune rotte uno scalo puo ridurre il prezzo finale.</p></details>
  <details><summary>Quando controllare i prezzi per Kish Island?</summary><p>Vale la pena iniziare a monitorare la rotta in anticipo e verificare con regolarita i giorni piu vicini alla partenza ideale.</p></details>
</div>","Voli per citta|Voli intercontinentali",city,KIH,/voli-per/kish-island/,"Voli per Kish Island (KIH): offerte e guide | ConfrontaPrezziVoli","Trova voli per Kish Island dai principali aeroporti italiani. Tariffe indicative da EUR 83 e consigli per scegliere il periodo migliore.","voli per Kish Island",cities,"Mese tipicamente conveniente: maggio"
post,publish,"Voli per Kismayu (KMU): offerte, compagnie e periodo migliore per prenotare",voli-per-kismayu-kmu,"Confronta voli per Kismayu dai principali aeroporti italiani. Scopri prezzi indicativi, compagnie e consigli utili per organizzare la partenza.","<div class=""cpv-landing-note"">
  <p><strong>Perche cercare voli per Kismayu qui.</strong> Questa pagina raccoglie un quadro rapido delle partenze italiane piu interessanti per Kismayu, con tariffe indicative e consigli per scegliere il periodo piu vantaggioso.</p>
</div>
<div class=""cpv-stat-grid"">
  <div class=""cpv-stat""><strong>EUR 192</strong><span>Prezzo indicativo da monitorare dalle principali aree aeroportuali italiane.</span></div>
  <div class=""cpv-stat""><strong>giugno</strong><span>Periodo spesso interessante per tenere sotto controllo la rotta.</span></div>
  <div class=""cpv-stat""><strong>9</strong><span>Aeroporti italiani prioritari da confrontare per questa destinazione.</span></div>
</div>
<h2>Offerte voli per Kismayu</h2>
<p>Per trovare il miglior equilibrio tra prezzo, durata e comfort, conviene verificare piu aeroporti di partenza italiani e confrontare giorni feriali e weekend.</p>
<table>
  <thead>
    <tr><th>Partenza</th><th>Prezzo da</th><th>Durata indicativa</th><th>Mese da monitorare</th></tr>
  </thead>
  <tbody>
    <tr><td>Leonardo da Vinci-Fiumicino Airport (FCO)</td><td>EUR 72</td><td>10h 50</td><td>giugno</td></tr><tr><td>Ciampino-G. B. Pastine International Airport (CIA)</td><td>EUR 152</td><td>6h 10</td><td>febbraio</td></tr><tr><td>Milano Malpensa Airport (MXP)</td><td>EUR 31</td><td>1h 00</td><td>gennaio</td></tr><tr><td>Orio al Serio International Airport (BGY)</td><td>EUR 197</td><td>3h 40</td><td>novembre</td></tr><tr><td>Milano Linate Airport (LIN)</td><td>EUR 112</td><td>9h 30</td><td>ottobre</td></tr><tr><td>Naples International Airport (NAP)</td><td>EUR 173</td><td>11h 40</td><td>novembre</td></tr><tr><td>Venice Marco Polo Airport (VCE)</td><td>EUR 97</td><td>11h 00</td><td>luglio</td></tr><tr><td>Catania-Fontanarossa Airport (CTA)</td><td>EUR 75</td><td>11h 20</td><td>settembre</td></tr><tr><td>Guglielmo Marconi Airport (BLQ)</td><td>EUR 171</td><td>5h 20</td><td>settembre</td></tr>
  </tbody>
</table>
<h2>Aeroporti italiani da cui conviene partire</h2>
<div class=""cpv-chip-list""><span class=""cpv-chip"">Leonardo da Vinci-Fiumicino Airport</span><span class=""cpv-chip"">Ciampino-G. B. Pastine International Airport</span><span class=""cpv-chip"">Milano Malpensa Airport</span><span class=""cpv-chip"">Orio al Serio International Airport</span><span class=""cpv-chip"">Milano Linate Airport</span><span class=""cpv-chip"">Naples International Airport</span></div>
<div class=""cpv-landing-grid"">
  <div class=""cpv-landing-card""><strong>City break</strong><p>Se Kismayu e una meta urbana, le partenze del venerdi e del sabato sono spesso le piu monitorate.</p></div>
  <div class=""cpv-landing-card""><strong>Viaggi stagionali</strong><p>In alcuni periodi dell'anno le tariffe possono variare molto, soprattutto vicino ai ponti e alle festivita.</p></div>
  <div class=""cpv-landing-card""><strong>Confronto rapido</strong><p>Valuta aeroporti maggiori e secondari per capire se un piccolo spostamento porta a un risparmio concreto.</p></div>
</div>
<h2>Domande frequenti sui voli per Kismayu</h2>
<div class=""cpv-faq"">
  <details><summary>Qual e il modo migliore per cercare voli per Kismayu?</summary><p>Confronta piu aeroporti italiani, prova date flessibili e verifica anche partenze infrasettimanali per migliorare le possibilita di risparmio.</p></details>
  <details><summary>Meglio volo diretto o con scalo?</summary><p>Per tratte medio-brevi il diretto e spesso la scelta piu comoda, mentre su alcune rotte uno scalo puo ridurre il prezzo finale.</p></details>
  <details><summary>Quando controllare i prezzi per Kismayu?</summary><p>Vale la pena iniziare a monitorare la rotta in anticipo e verificare con regolarita i giorni piu vicini alla partenza ideale.</p></details>
</div>","Voli per citta|Voli intercontinentali",city,KMU,/voli-per/kismayu/,"Voli per Kismayu (KMU): offerte e guide | ConfrontaPrezziVoli","Trova voli per Kismayu dai principali aeroporti italiani. Tariffe indicative da EUR 192 e consigli per scegliere il periodo migliore.","voli per Kismayu",cities,"Mese tipicamente conveniente: giugno"
post,publish,"Voli per Kisumu (KIS): offerte, compagnie e periodo migliore per prenotare",voli-per-kisumu-kis,"Confronta voli per Kisumu dai principali aeroporti italiani. Scopri prezzi indicativi, compagnie e consigli utili per organizzare la partenza.","<div class=""cpv-landing-note"">
  <p><strong>Perche cercare voli per Kisumu qui.</strong> Questa pagina raccoglie un quadro rapido delle partenze italiane piu interessanti per Kisumu, con tariffe indicative e consigli per scegliere il periodo piu vantaggioso.</p>
</div>
<div class=""cpv-stat-grid"">
  <div class=""cpv-stat""><strong>EUR 131</strong><span>Prezzo indicativo da monitorare dalle principali aree aeroportuali italiane.</span></div>
  <div class=""cpv-stat""><strong>maggio</strong><span>Periodo spesso interessante per tenere sotto controllo la rotta.</span></div>
  <div class=""cpv-stat""><strong>9</strong><span>Aeroporti italiani prioritari da confrontare per questa destinazione.</span></div>
</div>
<h2>Offerte voli per Kisumu</h2>
<p>Per trovare il miglior equilibrio tra prezzo, durata e comfort, conviene verificare piu aeroporti di partenza italiani e confrontare giorni feriali e weekend.</p>
<table>
  <thead>
    <tr><th>Partenza</th><th>Prezzo da</th><th>Durata indicativa</th><th>Mese da monitorare</th></tr>
  </thead>
  <tbody>
    <tr><td>Leonardo da Vinci-Fiumicino Airport (FCO)</td><td>EUR 55</td><td>10h 00</td><td>gennaio</td></tr><tr><td>Ciampino-G. B. Pastine International Airport (CIA)</td><td>EUR 103</td><td>2h 00</td><td>gennaio</td></tr><tr><td>Milano Malpensa Airport (MXP)</td><td>EUR 120</td><td>7h 50</td><td>giugno</td></tr><tr><td>Orio al Serio International Airport (BGY)</td><td>EUR 78</td><td>9h 50</td><td>dicembre</td></tr><tr><td>Milano Linate Airport (LIN)</td><td>EUR 95</td><td>6h 40</td><td>maggio</td></tr><tr><td>Naples International Airport (NAP)</td><td>EUR 22</td><td>11h 30</td><td>aprile</td></tr><tr><td>Venice Marco Polo Airport (VCE)</td><td>EUR 138</td><td>2h 50</td><td>dicembre</td></tr><tr><td>Catania-Fontanarossa Airport (CTA)</td><td>EUR 128</td><td>1h 10</td><td>febbraio</td></tr><tr><td>Guglielmo Marconi Airport (BLQ)</td><td>EUR 52</td><td>1h 30</td><td>ottobre</td></tr>
  </tbody>
</table>
<h2>Aeroporti italiani da cui conviene partire</h2>
<div class=""cpv-chip-list""><span class=""cpv-chip"">Leonardo da Vinci-Fiumicino Airport</span><span class=""cpv-chip"">Ciampino-G. B. Pastine International Airport</span><span class=""cpv-chip"">Milano Malpensa Airport</span><span class=""cpv-chip"">Orio al Serio International Airport</span><span class=""cpv-chip"">Milano Linate Airport</span><span class=""cpv-chip"">Naples International Airport</span></div>
<div class=""cpv-landing-grid"">
  <div class=""cpv-landing-card""><strong>City break</strong><p>Se Kisumu e una meta urbana, le partenze del venerdi e del sabato sono spesso le piu monitorate.</p></div>
  <div class=""cpv-landing-card""><strong>Viaggi stagionali</strong><p>In alcuni periodi dell'anno le tariffe possono variare molto, soprattutto vicino ai ponti e alle festivita.</p></div>
  <div class=""cpv-landing-card""><strong>Confronto rapido</strong><p>Valuta aeroporti maggiori e secondari per capire se un piccolo spostamento porta a un risparmio concreto.</p></div>
</div>
<h2>Domande frequenti sui voli per Kisumu</h2>
<div class=""cpv-faq"">
  <details><summary>Qual e il modo migliore per cercare voli per Kisumu?</summary><p>Confronta piu aeroporti italiani, prova date flessibili e verifica anche partenze infrasettimanali per migliorare le possibilita di risparmio.</p></details>
  <details><summary>Meglio volo diretto o con scalo?</summary><p>Per tratte medio-brevi il diretto e spesso la scelta piu comoda, mentre su alcune rotte uno scalo puo ridurre il prezzo finale.</p></details>
  <details><summary>Quando controllare i prezzi per Kisumu?</summary><p>Vale la pena iniziare a monitorare la rotta in anticipo e verificare con regolarita i giorni piu vicini alla partenza ideale.</p></details>
</div>","Voli per citta|Voli intercontinentali",city,KIS,/voli-per/kisumu/,"Voli per Kisumu (KIS): offerte e guide | ConfrontaPrezziVoli","Trova voli per Kisumu dai principali aeroporti italiani. Tariffe indicative da EUR 131 e consigli per scegliere il periodo migliore.","voli per Kisumu",cities,"Mese tipicamente conveniente: maggio"
post,publish,"Voli per Kitadaito (KTD): offerte, compagnie e periodo migliore per prenotare",voli-per-kitadaito-ktd,"Confronta voli per Kitadaito dai principali aeroporti italiani. Scopri prezzi indicativi, compagnie e consigli utili per organizzare la partenza.","<div class=""cpv-landing-note"">
  <p><strong>Perche cercare voli per Kitadaito qui.</strong> Questa pagina raccoglie un quadro rapido delle partenze italiane piu interessanti per Kitadaito, con tariffe indicative e consigli per scegliere il periodo piu vantaggioso.</p>
</div>
<div class=""cpv-stat-grid"">
  <div class=""cpv-stat""><strong>EUR 182</strong><span>Prezzo indicativo da monitorare dalle principali aree aeroportuali italiane.</span></div>
  <div class=""cpv-stat""><strong>agosto</strong><span>Periodo spesso interessante per tenere sotto controllo la rotta.</span></div>
  <div class=""cpv-stat""><strong>9</strong><span>Aeroporti italiani prioritari da confrontare per questa destinazione.</span></div>
</div>
<h2>Offerte voli per Kitadaito</h2>
<p>Per trovare il miglior equilibrio tra prezzo, durata e comfort, conviene verificare piu aeroporti di partenza italiani e confrontare giorni feriali e weekend.</p>
<table>
  <thead>
    <tr><th>Partenza</th><th>Prezzo da</th><th>Durata indicativa</th><th>Mese da monitorare</th></tr>
  </thead>
  <tbody>
    <tr><td>Leonardo da Vinci-Fiumicino Airport (FCO)</td><td>EUR 94</td><td>10h 30</td><td>aprile</td></tr><tr><td>Ciampino-G. B. Pastine International Airport (CIA)</td><td>EUR 142</td><td>9h 30</td><td>aprile</td></tr><tr><td>Milano Malpensa Airport (MXP)</td><td>EUR 121</td><td>9h 00</td><td>luglio</td></tr><tr><td>Orio al Serio International Airport (BGY)</td><td>EUR 51</td><td>2h 20</td><td>settembre</td></tr><tr><td>Milano Linate Airport (LIN)</td><td>EUR 30</td><td>8h 50</td><td>dicembre</td></tr><tr><td>Naples International Airport (NAP)</td><td>EUR 119</td><td>9h 40</td><td>maggio</td></tr><tr><td>Venice Marco Polo Airport (VCE)</td><td>EUR 159</td><td>1h 20</td><td>settembre</td></tr><tr><td>Catania-Fontanarossa Airport (CTA)</td><td>EUR 153</td><td>6h 20</td><td>marzo</td></tr><tr><td>Guglielmo Marconi Airport (BLQ)</td><td>EUR 113</td><td>1h 40</td><td>novembre</td></tr>
  </tbody>
</table>
<h2>Aeroporti italiani da cui conviene partire</h2>
<div class=""cpv-chip-list""><span class=""cpv-chip"">Leonardo da Vinci-Fiumicino Airport</span><span class=""cpv-chip"">Ciampino-G. B. Pastine International Airport</span><span class=""cpv-chip"">Milano Malpensa Airport</span><span class=""cpv-chip"">Orio al Serio International Airport</span><span class=""cpv-chip"">Milano Linate Airport</span><span class=""cpv-chip"">Naples International Airport</span></div>
<div class=""cpv-landing-grid"">
  <div class=""cpv-landing-card""><strong>City break</strong><p>Se Kitadaito e una meta urbana, le partenze del venerdi e del sabato sono spesso le piu monitorate.</p></div>
  <div class=""cpv-landing-card""><strong>Viaggi stagionali</strong><p>In alcuni periodi dell'anno le tariffe possono variare molto, soprattutto vicino ai ponti e alle festivita.</p></div>
  <div class=""cpv-landing-card""><strong>Confronto rapido</strong><p>Valuta aeroporti maggiori e secondari per capire se un piccolo spostamento porta a un risparmio concreto.</p></div>
</div>
<h2>Domande frequenti sui voli per Kitadaito</h2>
<div class=""cpv-faq"">
  <details><summary>Qual e il modo migliore per cercare voli per Kitadaito?</summary><p>Confronta piu aeroporti italiani, prova date flessibili e verifica anche partenze infrasettimanali per migliorare le possibilita di risparmio.</p></details>
  <details><summary>Meglio volo diretto o con scalo?</summary><p>Per tratte medio-brevi il diretto e spesso la scelta piu comoda, mentre su alcune rotte uno scalo puo ridurre il prezzo finale.</p></details>
  <details><summary>Quando controllare i prezzi per Kitadaito?</summary><p>Vale la pena iniziare a monitorare la rotta in anticipo e verificare con regolarita i giorni piu vicini alla partenza ideale.</p></details>
</div>","Voli per citta|Voli intercontinentali",city,KTD,/voli-per/kitadaito/,"Voli per Kitadaito (KTD): offerte e guide | ConfrontaPrezziVoli","Trova voli per Kitadaito dai principali aeroporti italiani. Tariffe indicative da EUR 182 e consigli per scegliere il periodo migliore.","voli per Kitadaito",cities,"Mese tipicamente conveniente: agosto"
post,publish,"Voli per Kitakyushu (KKJ): offerte, compagnie e periodo migliore per prenotare",voli-per-kitakyushu-kkj,"Confronta voli per Kitakyushu dai principali aeroporti italiani. Scopri prezzi indicativi, compagnie e consigli utili per organizzare la partenza.","<div class=""cpv-landing-note"">
  <p><strong>Perche cercare voli per Kitakyushu qui.</strong> Questa pagina raccoglie un quadro rapido delle partenze italiane piu interessanti per Kitakyushu, con tariffe indicative e consigli per scegliere il periodo piu vantaggioso.</p>
</div>
<div class=""cpv-stat-grid"">
  <div class=""cpv-stat""><strong>EUR 181</strong><span>Prezzo indicativo da monitorare dalle principali aree aeroportuali italiane.</span></div>
  <div class=""cpv-stat""><strong>luglio</strong><span>Periodo spesso interessante per tenere sotto controllo la rotta.</span></div>
  <div class=""cpv-stat""><strong>9</strong><span>Aeroporti italiani prioritari da confrontare per questa destinazione.</span></div>
</div>
<h2>Offerte voli per Kitakyushu</h2>
<p>Per trovare il miglior equilibrio tra prezzo, durata e comfort, conviene verificare piu aeroporti di partenza italiani e confrontare giorni feriali e weekend.</p>
<table>
  <thead>
    <tr><th>Partenza</th><th>Prezzo da</th><th>Durata indicativa</th><th>Mese da monitorare</th></tr>
  </thead>
  <tbody>
    <tr><td>Leonardo da Vinci-Fiumicino Airport (FCO)</td><td>EUR 45</td><td>2h 20</td><td>marzo</td></tr><tr><td>Ciampino-G. B. Pastine International Airport (CIA)</td><td>EUR 45</td><td>3h 20</td><td>marzo</td></tr><tr><td>Milano Malpensa Airport (MXP)</td><td>EUR 182</td><td>8h 10</td><td>agosto</td></tr><tr><td>Orio al Serio International Airport (BGY)</td><td>EUR 80</td><td>11h 10</td><td>febbraio</td></tr><tr><td>Milano Linate Airport (LIN)</td><td>EUR 197</td><td>6h 40</td><td>novembre</td></tr><tr><td>Naples International Airport (NAP)</td><td>EUR 148</td><td>1h 30</td><td>ottobre</td></tr><tr><td>Venice Marco Polo Airport (VCE)</td><td>EUR 124</td><td>11h 30</td><td>ottobre</td></tr><tr><td>Catania-Fontanarossa Airport (CTA)</td><td>EUR 46</td><td>9h 30</td><td>aprile</td></tr><tr><td>Guglielmo Marconi Airport (BLQ)</td><td>EUR 94</td><td>7h 30</td><td>aprile</td></tr>
  </tbody>
</table>
<h2>Aeroporti italiani da cui conviene partire</h2>
<div class=""cpv-chip-list""><span class=""cpv-chip"">Leonardo da Vinci-Fiumicino Airport</span><span class=""cpv-chip"">Ciampino-G. B. Pastine International Airport</span><span class=""cpv-chip"">Milano Malpensa Airport</span><span class=""cpv-chip"">Orio al Serio International Airport</span><span class=""cpv-chip"">Milano Linate Airport</span><span class=""cpv-chip"">Naples International Airport</span></div>
<div class=""cpv-landing-grid"">
  <div class=""cpv-landing-card""><strong>City break</strong><p>Se Kitakyushu e una meta urbana, le partenze del venerdi e del sabato sono spesso le piu monitorate.</p></div>
  <div class=""cpv-landing-card""><strong>Viaggi stagionali</strong><p>In alcuni periodi dell'anno le tariffe possono variare molto, soprattutto vicino ai ponti e alle festivita.</p></div>
  <div class=""cpv-landing-card""><strong>Confronto rapido</strong><p>Valuta aeroporti maggiori e secondari per capire se un piccolo spostamento porta a un risparmio concreto.</p></div>
</div>
<h2>Domande frequenti sui voli per Kitakyushu</h2>
<div class=""cpv-faq"">
  <details><summary>Qual e il modo migliore per cercare voli per Kitakyushu?</summary><p>Confronta piu aeroporti italiani, prova date flessibili e verifica anche partenze infrasettimanali per migliorare le possibilita di risparmio.</p></details>
  <details><summary>Meglio volo diretto o con scalo?</summary><p>Per tratte medio-brevi il diretto e spesso la scelta piu comoda, mentre su alcune rotte uno scalo puo ridurre il prezzo finale.</p></details>
  <details><summary>Quando controllare i prezzi per Kitakyushu?</summary><p>Vale la pena iniziare a monitorare la rotta in anticipo e verificare con regolarita i giorni piu vicini alla partenza ideale.</p></details>
</div>","Voli per citta|Voli intercontinentali",city,KKJ,/voli-per/kitakyushu/,"Voli per Kitakyushu (KKJ): offerte e guide | ConfrontaPrezziVoli","Trova voli per Kitakyushu dai principali aeroporti italiani. Tariffe indicative da EUR 181 e consigli per scegliere il periodo migliore.","voli per Kitakyushu",cities,"Mese tipicamente conveniente: luglio"
post,publish,"Voli per Kitale (KTL): offerte, compagnie e periodo migliore per prenotare",voli-per-kitale-ktl,"Confronta voli per Kitale dai principali aeroporti italiani. Scopri prezzi indicativi, compagnie e consigli utili per organizzare la partenza.","<div class=""cpv-landing-note"">
  <p><strong>Perche cercare voli per Kitale qui.</strong> Questa pagina raccoglie un quadro rapido delle partenze italiane piu interessanti per Kitale, con tariffe indicative e consigli per scegliere il periodo piu vantaggioso.</p>
</div>
<div class=""cpv-stat-grid"">
  <div class=""cpv-stat""><strong>EUR 188</strong><span>Prezzo indicativo da monitorare dalle principali aree aeroportuali italiane.</span></div>
  <div class=""cpv-stat""><strong>febbraio</strong><span>Periodo spesso interessante per tenere sotto controllo la rotta.</span></div>
  <div class=""cpv-stat""><strong>9</strong><span>Aeroporti italiani prioritari da confrontare per questa destinazione.</span></div>
</div>
<h2>Offerte voli per Kitale</h2>
<p>Per trovare il miglior equilibrio tra prezzo, durata e comfort, conviene verificare piu aeroporti di partenza italiani e confrontare giorni feriali e weekend.</p>
<table>
  <thead>
    <tr><th>Partenza</th><th>Prezzo da</th><th>Durata indicativa</th><th>Mese da monitorare</th></tr>
  </thead>
  <tbody>
    <tr><td>Leonardo da Vinci-Fiumicino Airport (FCO)</td><td>EUR 32</td><td>7h 10</td><td>febbraio</td></tr><tr><td>Ciampino-G. B. Pastine International Airport (CIA)</td><td>EUR 72</td><td>5h 50</td><td>giugno</td></tr><tr><td>Milano Malpensa Airport (MXP)</td><td>EUR 195</td><td>3h 20</td><td>settembre</td></tr><tr><td>Orio al Serio International Airport (BGY)</td><td>EUR 165</td><td>4h 20</td><td>marzo</td></tr><tr><td>Milano Linate Airport (LIN)</td><td>EUR 112</td><td>6h 30</td><td>ottobre</td></tr><tr><td>Naples International Airport (NAP)</td><td>EUR 41</td><td>1h 40</td><td>novembre</td></tr><tr><td>Venice Marco Polo Airport (VCE)</td><td>EUR 41</td><td>11h 40</td><td>novembre</td></tr><tr><td>Catania-Fontanarossa Airport (CTA)</td><td>EUR 51</td><td>9h 20</td><td>settembre</td></tr><tr><td>Guglielmo Marconi Airport (BLQ)</td><td>EUR 39</td><td>4h 20</td><td>settembre</td></tr>
  </tbody>
</table>
<h2>Aeroporti italiani da cui conviene partire</h2>
<div class=""cpv-chip-list""><span class=""cpv-chip"">Leonardo da Vinci-Fiumicino Airport</span><span class=""cpv-chip"">Ciampino-G. B. Pastine International Airport</span><span class=""cpv-chip"">Milano Malpensa Airport</span><span class=""cpv-chip"">Orio al Serio International Airport</span><span class=""cpv-chip"">Milano Linate Airport</span><span class=""cpv-chip"">Naples International Airport</span></div>
<div class=""cpv-landing-grid"">
  <div class=""cpv-landing-card""><strong>City break</strong><p>Se Kitale e una meta urbana, le partenze del venerdi e del sabato sono spesso le piu monitorate.</p></div>
  <div class=""cpv-landing-card""><strong>Viaggi stagionali</strong><p>In alcuni periodi dell'anno le tariffe possono variare molto, soprattutto vicino ai ponti e alle festivita.</p></div>
  <div class=""cpv-landing-card""><strong>Confronto rapido</strong><p>Valuta aeroporti maggiori e secondari per capire se un piccolo spostamento porta a un risparmio concreto.</p></div>
</div>
<h2>Domande frequenti sui voli per Kitale</h2>
<div class=""cpv-faq"">
  <details><summary>Qual e il modo migliore per cercare voli per Kitale?</summary><p>Confronta piu aeroporti italiani, prova date flessibili e verifica anche partenze infrasettimanali per migliorare le possibilita di risparmio.</p></details>
  <details><summary>Meglio volo diretto o con scalo?</summary><p>Per tratte medio-brevi il diretto e spesso la scelta piu comoda, mentre su alcune rotte uno scalo puo ridurre il prezzo finale.</p></details>
  <details><summary>Quando controllare i prezzi per Kitale?</summary><p>Vale la pena iniziare a monitorare la rotta in anticipo e verificare con regolarita i giorni piu vicini alla partenza ideale.</p></details>
</div>","Voli per citta|Voli intercontinentali",city,KTL,/voli-per/kitale/,"Voli per Kitale (KTL): offerte e guide | ConfrontaPrezziVoli","Trova voli per Kitale dai principali aeroporti italiani. Tariffe indicative da EUR 188 e consigli per scegliere il periodo migliore.","voli per Kitale",cities,"Mese tipicamente conveniente: febbraio"
post,publish,"Voli per Kitchener (YKF): offerte, compagnie e periodo migliore per prenotare",voli-per-kitchener-ykf,"Confronta voli per Kitchener dai principali aeroporti italiani. Scopri prezzi indicativi, compagnie e consigli utili per organizzare la partenza.","<div class=""cpv-landing-note"">
  <p><strong>Perche cercare voli per Kitchener qui.</strong> Questa pagina raccoglie un quadro rapido delle partenze italiane piu interessanti per Kitchener, con tariffe indicative e consigli per scegliere il periodo piu vantaggioso.</p>
</div>
<div class=""cpv-stat-grid"">
  <div class=""cpv-stat""><strong>EUR 122</strong><span>Prezzo indicativo da monitorare dalle principali aree aeroportuali italiane.</span></div>
  <div class=""cpv-stat""><strong>agosto</strong><span>Periodo spesso interessante per tenere sotto controllo la rotta.</span></div>
  <div class=""cpv-stat""><strong>9</strong><span>Aeroporti italiani prioritari da confrontare per questa destinazione.</span></div>
</div>
<h2>Offerte voli per Kitchener</h2>
<p>Per trovare il miglior equilibrio tra prezzo, durata e comfort, conviene verificare piu aeroporti di partenza italiani e confrontare giorni feriali e weekend.</p>
<table>
  <thead>
    <tr><th>Partenza</th><th>Prezzo da</th><th>Durata indicativa</th><th>Mese da monitorare</th></tr>
  </thead>
  <tbody>
    <tr><td>Leonardo da Vinci-Fiumicino Airport (FCO)</td><td>EUR 190</td><td>1h 30</td><td>aprile</td></tr><tr><td>Ciampino-G. B. Pastine International Airport (CIA)</td><td>EUR 22</td><td>1h 30</td><td>aprile</td></tr><tr><td>Milano Malpensa Airport (MXP)</td><td>EUR 125</td><td>9h 40</td><td>novembre</td></tr><tr><td>Orio al Serio International Airport (BGY)</td><td>EUR 143</td><td>11h 40</td><td>maggio</td></tr><tr><td>Milano Linate Airport (LIN)</td><td>EUR 38</td><td>2h 10</td><td>agosto</td></tr><tr><td>Naples International Airport (NAP)</td><td>EUR 87</td><td>7h 20</td><td>settembre</td></tr><tr><td>Venice Marco Polo Airport (VCE)</td><td>EUR 167</td><td>9h 40</td><td>maggio</td></tr><tr><td>Catania-Fontanarossa Airport (CTA)</td><td>EUR 109</td><td>6h 00</td><td>luglio</td></tr><tr><td>Guglielmo Marconi Airport (BLQ)</td><td>EUR 177</td><td>7h 20</td><td>marzo</td></tr>
  </tbody>
</table>
<h2>Aeroporti italiani da cui conviene partire</h2>
<div class=""cpv-chip-list""><span class=""cpv-chip"">Leonardo da Vinci-Fiumicino Airport</span><span class=""cpv-chip"">Ciampino-G. B. Pastine International Airport</span><span class=""cpv-chip"">Milano Malpensa Airport</span><span class=""cpv-chip"">Orio al Serio International Airport</span><span class=""cpv-chip"">Milano Linate Airport</span><span class=""cpv-chip"">Naples International Airport</span></div>
<div class=""cpv-landing-grid"">
  <div class=""cpv-landing-card""><strong>City break</strong><p>Se Kitchener e una meta urbana, le partenze del venerdi e del sabato sono spesso le piu monitorate.</p></div>
  <div class=""cpv-landing-card""><strong>Viaggi stagionali</strong><p>In alcuni periodi dell'anno le tariffe possono variare molto, soprattutto vicino ai ponti e alle festivita.</p></div>
  <div class=""cpv-landing-card""><strong>Confronto rapido</strong><p>Valuta aeroporti maggiori e secondari per capire se un piccolo spostamento porta a un risparmio concreto.</p></div>
</div>
<h2>Domande frequenti sui voli per Kitchener</h2>
<div class=""cpv-faq"">
  <details><summary>Qual e il modo migliore per cercare voli per Kitchener?</summary><p>Confronta piu aeroporti italiani, prova date flessibili e verifica anche partenze infrasettimanali per migliorare le possibilita di risparmio.</p></details>
  <details><summary>Meglio volo diretto o con scalo?</summary><p>Per tratte medio-brevi il diretto e spesso la scelta piu comoda, mentre su alcune rotte uno scalo puo ridurre il prezzo finale.</p></details>
  <details><summary>Quando controllare i prezzi per Kitchener?</summary><p>Vale la pena iniziare a monitorare la rotta in anticipo e verificare con regolarita i giorni piu vicini alla partenza ideale.</p></details>
</div>","Voli per citta|Voli intercontinentali",city,YKF,/voli-per/kitchener/,"Voli per Kitchener (YKF): offerte e guide | ConfrontaPrezziVoli","Trova voli per Kitchener dai principali aeroporti italiani. Tariffe indicative da EUR 122 e consigli per scegliere il periodo migliore.","voli per Kitchener",cities,"Mese tipicamente conveniente: agosto"
post,publish,"Voli per Kithira (KIT): offerte, compagnie e periodo migliore per prenotare",voli-per-kithira-kit,"Confronta voli per Kithira dai principali aeroporti italiani. Scopri prezzi indicativi, compagnie e consigli utili per organizzare la partenza.","<div class=""cpv-landing-note"">
  <p><strong>Perche cercare voli per Kithira qui.</strong> Questa pagina raccoglie un quadro rapido delle partenze italiane piu interessanti per Kithira, con tariffe indicative e consigli per scegliere il periodo piu vantaggioso.</p>
</div>
<div class=""cpv-stat-grid"">
  <div class=""cpv-stat""><strong>EUR 162</strong><span>Prezzo indicativo da monitorare dalle principali aree aeroportuali italiane.</span></div>
  <div class=""cpv-stat""><strong>dicembre</strong><span>Periodo spesso interessante per tenere sotto controllo la rotta.</span></div>
  <div class=""cpv-stat""><strong>9</strong><span>Aeroporti italiani prioritari da confrontare per questa destinazione.</span></div>
</div>
<h2>Offerte voli per Kithira</h2>
<p>Per trovare il miglior equilibrio tra prezzo, durata e comfort, conviene verificare piu aeroporti di partenza italiani e confrontare giorni feriali e weekend.</p>
<table>
  <thead>
    <tr><th>Partenza</th><th>Prezzo da</th><th>Durata indicativa</th><th>Mese da monitorare</th></tr>
  </thead>
  <tbody>
    <tr><td>Leonardo da Vinci-Fiumicino Airport (FCO)</td><td>EUR 130</td><td>6h 30</td><td>aprile</td></tr><tr><td>Ciampino-G. B. Pastine International Airport (CIA)</td><td>EUR 154</td><td>10h 30</td><td>aprile</td></tr><tr><td>Milano Malpensa Airport (MXP)</td><td>EUR 21</td><td>4h 20</td><td>marzo</td></tr><tr><td>Orio al Serio International Airport (BGY)</td><td>EUR 87</td><td>1h 20</td><td>settembre</td></tr><tr><td>Milano Linate Airport (LIN)</td><td>EUR 194</td><td>8h 10</td><td>agosto</td></tr><tr><td>Naples International Airport (NAP)</td><td>EUR 171</td><td>4h 20</td><td>settembre</td></tr><tr><td>Venice Marco Polo Airport (VCE)</td><td>EUR 95</td><td>6h 40</td><td>maggio</td></tr><tr><td>Catania-Fontanarossa Airport (CTA)</td><td>EUR 97</td><td>6h 00</td><td>luglio</td></tr><tr><td>Guglielmo Marconi Airport (BLQ)</td><td>EUR 137</td><td>7h 40</td><td>novembre</td></tr>
  </tbody>
</table>
<h2>Aeroporti italiani da cui conviene partire</h2>
<div class=""cpv-chip-list""><span class=""cpv-chip"">Leonardo da Vinci-Fiumicino Airport</span><span class=""cpv-chip"">Ciampino-G. B. Pastine International Airport</span><span class=""cpv-chip"">Milano Malpensa Airport</span><span class=""cpv-chip"">Orio al Serio International Airport</span><span class=""cpv-chip"">Milano Linate Airport</span><span class=""cpv-chip"">Naples International Airport</span></div>
<div class=""cpv-landing-grid"">
  <div class=""cpv-landing-card""><strong>City break</strong><p>Se Kithira e una meta urbana, le partenze del venerdi e del sabato sono spesso le piu monitorate.</p></div>
  <div class=""cpv-landing-card""><strong>Viaggi stagionali</strong><p>In alcuni periodi dell'anno le tariffe possono variare molto, soprattutto vicino ai ponti e alle festivita.</p></div>
  <div class=""cpv-landing-card""><strong>Confronto rapido</strong><p>Valuta aeroporti maggiori e secondari per capire se un piccolo spostamento porta a un risparmio concreto.</p></div>
</div>
<h2>Domande frequenti sui voli per Kithira</h2>
<div class=""cpv-faq"">
  <details><summary>Qual e il modo migliore per cercare voli per Kithira?</summary><p>Confronta piu aeroporti italiani, prova date flessibili e verifica anche partenze infrasettimanali per migliorare le possibilita di risparmio.</p></details>
  <details><summary>Meglio volo diretto o con scalo?</summary><p>Per tratte medio-brevi il diretto e spesso la scelta piu comoda, mentre su alcune rotte uno scalo puo ridurre il prezzo finale.</p></details>
  <details><summary>Quando controllare i prezzi per Kithira?</summary><p>Vale la pena iniziare a monitorare la rotta in anticipo e verificare con regolarita i giorni piu vicini alla partenza ideale.</p></details>
</div>","Voli per citta|Voli in Europa",city,KIT,/voli-per/kithira/,"Voli per Kithira (KIT): offerte e guide | ConfrontaPrezziVoli","Trova voli per Kithira dai principali aeroporti italiani. Tariffe indicative da EUR 162 e consigli per scegliere il periodo migliore.","voli per Kithira",cities,"Mese tipicamente conveniente: dicembre"
post,publish,"Voli per Kittila (KTT): offerte, compagnie e periodo migliore per prenotare",voli-per-kittila-ktt,"Confronta voli per Kittila dai principali aeroporti italiani. Scopri prezzi indicativi, compagnie e consigli utili per organizzare la partenza.","<div class=""cpv-landing-note"">
  <p><strong>Perche cercare voli per Kittila qui.</strong> Questa pagina raccoglie un quadro rapido delle partenze italiane piu interessanti per Kittila, con tariffe indicative e consigli per scegliere il periodo piu vantaggioso.</p>
</div>
<div class=""cpv-stat-grid"">
  <div class=""cpv-stat""><strong>EUR 26</strong><span>Prezzo indicativo da monitorare dalle principali aree aeroportuali italiane.</span></div>
  <div class=""cpv-stat""><strong>agosto</strong><span>Periodo spesso interessante per tenere sotto controllo la rotta.</span></div>
  <div class=""cpv-stat""><strong>9</strong><span>Aeroporti italiani prioritari da confrontare per questa destinazione.</span></div>
</div>
<h2>Offerte voli per Kittila</h2>
<p>Per trovare il miglior equilibrio tra prezzo, durata e comfort, conviene verificare piu aeroporti di partenza italiani e confrontare giorni feriali e weekend.</p>
<table>
  <thead>
    <tr><th>Partenza</th><th>Prezzo da</th><th>Durata indicativa</th><th>Mese da monitorare</th></tr>
  </thead>
  <tbody>
    <tr><td>Leonardo da Vinci-Fiumicino Airport (FCO)</td><td>EUR 130</td><td>10h 30</td><td>aprile</td></tr><tr><td>Ciampino-G. B. Pastine International Airport (CIA)</td><td>EUR 98</td><td>3h 10</td><td>agosto</td></tr><tr><td>Milano Malpensa Airport (MXP)</td><td>EUR 129</td><td>9h 20</td><td>marzo</td></tr><tr><td>Orio al Serio International Airport (BGY)</td><td>EUR 195</td><td>1h 20</td><td>settembre</td></tr><tr><td>Milano Linate Airport (LIN)</td><td>EUR 162</td><td>11h 50</td><td>dicembre</td></tr><tr><td>Naples International Airport (NAP)</td><td>EUR 87</td><td>3h 20</td><td>settembre</td></tr><tr><td>Venice Marco Polo Airport (VCE)</td><td>EUR 47</td><td>11h 40</td><td>maggio</td></tr><tr><td>Catania-Fontanarossa Airport (CTA)</td><td>EUR 141</td><td>6h 20</td><td>marzo</td></tr><tr><td>Guglielmo Marconi Airport (BLQ)</td><td>EUR 125</td><td>11h 40</td><td>novembre</td></tr>
  </tbody>
</table>
<h2>Aeroporti italiani da cui conviene partire</h2>
<div class=""cpv-chip-list""><span class=""cpv-chip"">Leonardo da Vinci-Fiumicino Airport</span><span class=""cpv-chip"">Ciampino-G. B. Pastine International Airport</span><span class=""cpv-chip"">Milano Malpensa Airport</span><span class=""cpv-chip"">Orio al Serio International Airport</span><span class=""cpv-chip"">Milano Linate Airport</span><span class=""cpv-chip"">Naples International Airport</span></div>
<div class=""cpv-landing-grid"">
  <div class=""cpv-landing-card""><strong>City break</strong><p>Se Kittila e una meta urbana, le partenze del venerdi e del sabato sono spesso le piu monitorate.</p></div>
  <div class=""cpv-landing-card""><strong>Viaggi stagionali</strong><p>In alcuni periodi dell'anno le tariffe possono variare molto, soprattutto vicino ai ponti e alle festivita.</p></div>
  <div class=""cpv-landing-card""><strong>Confronto rapido</strong><p>Valuta aeroporti maggiori e secondari per capire se un piccolo spostamento porta a un risparmio concreto.</p></div>
</div>
<h2>Domande frequenti sui voli per Kittila</h2>
<div class=""cpv-faq"">
  <details><summary>Qual e il modo migliore per cercare voli per Kittila?</summary><p>Confronta piu aeroporti italiani, prova date flessibili e verifica anche partenze infrasettimanali per migliorare le possibilita di risparmio.</p></details>
  <details><summary>Meglio volo diretto o con scalo?</summary><p>Per tratte medio-brevi il diretto e spesso la scelta piu comoda, mentre su alcune rotte uno scalo puo ridurre il prezzo finale.</p></details>
  <details><summary>Quando controllare i prezzi per Kittila?</summary><p>Vale la pena iniziare a monitorare la rotta in anticipo e verificare con regolarita i giorni piu vicini alla partenza ideale.</p></details>
</div>","Voli per citta|Voli in Europa",city,KTT,/voli-per/kittila/,"Voli per Kittila (KTT): offerte e guide | ConfrontaPrezziVoli","Trova voli per Kittila dai principali aeroporti italiani. Tariffe indicative da EUR 26 e consigli per scegliere il periodo migliore.","voli per Kittila",cities,"Mese tipicamente conveniente: agosto"
post,publish,"Voli per Kiunga (UNG): offerte, compagnie e periodo migliore per prenotare",voli-per-kiunga-ung,"Confronta voli per Kiunga dai principali aeroporti italiani. Scopri prezzi indicativi, compagnie e consigli utili per organizzare la partenza.","<div class=""cpv-landing-note"">
  <p><strong>Perche cercare voli per Kiunga qui.</strong> Questa pagina raccoglie un quadro rapido delle partenze italiane piu interessanti per Kiunga, con tariffe indicative e consigli per scegliere il periodo piu vantaggioso.</p>
</div>
<div class=""cpv-stat-grid"">
  <div class=""cpv-stat""><strong>EUR 127</strong><span>Prezzo indicativo da monitorare dalle principali aree aeroportuali italiane.</span></div>
  <div class=""cpv-stat""><strong>gennaio</strong><span>Periodo spesso interessante per tenere sotto controllo la rotta.</span></div>
  <div class=""cpv-stat""><strong>9</strong><span>Aeroporti italiani prioritari da confrontare per questa destinazione.</span></div>
</div>
<h2>Offerte voli per Kiunga</h2>
<p>Per trovare il miglior equilibrio tra prezzo, durata e comfort, conviene verificare piu aeroporti di partenza italiani e confrontare giorni feriali e weekend.</p>
<table>
  <thead>
    <tr><th>Partenza</th><th>Prezzo da</th><th>Durata indicativa</th><th>Mese da monitorare</th></tr>
  </thead>
  <tbody>
    <tr><td>Leonardo da Vinci-Fiumicino Airport (FCO)</td><td>EUR 123</td><td>6h 20</td><td>settembre</td></tr><tr><td>Ciampino-G. B. Pastine International Airport (CIA)</td><td>EUR 143</td><td>7h 40</td><td>maggio</td></tr><tr><td>Milano Malpensa Airport (MXP)</td><td>EUR 88</td><td>8h 30</td><td>ottobre</td></tr><tr><td>Orio al Serio International Airport (BGY)</td><td>EUR 70</td><td>7h 30</td><td>aprile</td></tr><tr><td>Milano Linate Airport (LIN)</td><td>EUR 111</td><td>8h 20</td><td>settembre</td></tr><tr><td>Naples International Airport (NAP)</td><td>EUR 174</td><td>10h 50</td><td>dicembre</td></tr><tr><td>Venice Marco Polo Airport (VCE)</td><td>EUR 182</td><td>6h 10</td><td>agosto</td></tr><tr><td>Catania-Fontanarossa Airport (CTA)</td><td>EUR 20</td><td>5h 10</td><td>febbraio</td></tr><tr><td>Guglielmo Marconi Airport (BLQ)</td><td>EUR 24</td><td>8h 50</td><td>giugno</td></tr>
  </tbody>
</table>
<h2>Aeroporti italiani da cui conviene partire</h2>
<div class=""cpv-chip-list""><span class=""cpv-chip"">Leonardo da Vinci-Fiumicino Airport</span><span class=""cpv-chip"">Ciampino-G. B. Pastine International Airport</span><span class=""cpv-chip"">Milano Malpensa Airport</span><span class=""cpv-chip"">Orio al Serio International Airport</span><span class=""cpv-chip"">Milano Linate Airport</span><span class=""cpv-chip"">Naples International Airport</span></div>
<div class=""cpv-landing-grid"">
  <div class=""cpv-landing-card""><strong>City break</strong><p>Se Kiunga e una meta urbana, le partenze del venerdi e del sabato sono spesso le piu monitorate.</p></div>
  <div class=""cpv-landing-card""><strong>Viaggi stagionali</strong><p>In alcuni periodi dell'anno le tariffe possono variare molto, soprattutto vicino ai ponti e alle festivita.</p></div>
  <div class=""cpv-landing-card""><strong>Confronto rapido</strong><p>Valuta aeroporti maggiori e secondari per capire se un piccolo spostamento porta a un risparmio concreto.</p></div>
</div>
<h2>Domande frequenti sui voli per Kiunga</h2>
<div class=""cpv-faq"">
  <details><summary>Qual e il modo migliore per cercare voli per Kiunga?</summary><p>Confronta piu aeroporti italiani, prova date flessibili e verifica anche partenze infrasettimanali per migliorare le possibilita di risparmio.</p></details>
  <details><summary>Meglio volo diretto o con scalo?</summary><p>Per tratte medio-brevi il diretto e spesso la scelta piu comoda, mentre su alcune rotte uno scalo puo ridurre il prezzo finale.</p></details>
  <details><summary>Quando controllare i prezzi per Kiunga?</summary><p>Vale la pena iniziare a monitorare la rotta in anticipo e verificare con regolarita i giorni piu vicini alla partenza ideale.</p></details>
</div>","Voli per citta|Voli intercontinentali",city,UNG,/voli-per/kiunga/,"Voli per Kiunga (UNG): offerte e guide | ConfrontaPrezziVoli","Trova voli per Kiunga dai principali aeroporti italiani. Tariffe indicative da EUR 127 e consigli per scegliere il periodo migliore.","voli per Kiunga",cities,"Mese tipicamente conveniente: gennaio"
post,publish,"Voli per Kivalina (KVL): offerte, compagnie e periodo migliore per prenotare",voli-per-kivalina-kvl,"Confronta voli per Kivalina dai principali aeroporti italiani. Scopri prezzi indicativi, compagnie e consigli utili per organizzare la partenza.","<div class=""cpv-landing-note"">
  <p><strong>Perche cercare voli per Kivalina qui.</strong> Questa pagina raccoglie un quadro rapido delle partenze italiane piu interessanti per Kivalina, con tariffe indicative e consigli per scegliere il periodo piu vantaggioso.</p>
</div>
<div class=""cpv-stat-grid"">
  <div class=""cpv-stat""><strong>EUR 166</strong><span>Prezzo indicativo da monitorare dalle principali aree aeroportuali italiane.</span></div>
  <div class=""cpv-stat""><strong>aprile</strong><span>Periodo spesso interessante per tenere sotto controllo la rotta.</span></div>
  <div class=""cpv-stat""><strong>9</strong><span>Aeroporti italiani prioritari da confrontare per questa destinazione.</span></div>
</div>
<h2>Offerte voli per Kivalina</h2>
<p>Per trovare il miglior equilibrio tra prezzo, durata e comfort, conviene verificare piu aeroporti di partenza italiani e confrontare giorni feriali e weekend.</p>
<table>
  <thead>
    <tr><th>Partenza</th><th>Prezzo da</th><th>Durata indicativa</th><th>Mese da monitorare</th></tr>
  </thead>
  <tbody>
    <tr><td>Leonardo da Vinci-Fiumicino Airport (FCO)</td><td>EUR 30</td><td>10h 50</td><td>dicembre</td></tr><tr><td>Ciampino-G. B. Pastine International Airport (CIA)</td><td>EUR 106</td><td>4h 30</td><td>aprile</td></tr><tr><td>Milano Malpensa Airport (MXP)</td><td>EUR 149</td><td>10h 40</td><td>novembre</td></tr><tr><td>Orio al Serio International Airport (BGY)</td><td>EUR 139</td><td>1h 00</td><td>gennaio</td></tr><tr><td>Milano Linate Airport (LIN)</td><td>EUR 198</td><td>3h 50</td><td>dicembre</td></tr><tr><td>Naples International Airport (NAP)</td><td>EUR 83</td><td>5h 40</td><td>maggio</td></tr><tr><td>Venice Marco Polo Airport (VCE)</td><td>EUR 159</td><td>5h 20</td><td>settembre</td></tr><tr><td>Catania-Fontanarossa Airport (CTA)</td><td>EUR 173</td><td>10h 40</td><td>novembre</td></tr><tr><td>Guglielmo Marconi Airport (BLQ)</td><td>EUR 61</td><td>4h 00</td><td>luglio</td></tr>
  </tbody>
</table>
<h2>Aeroporti italiani da cui conviene partire</h2>
<div class=""cpv-chip-list""><span class=""cpv-chip"">Leonardo da Vinci-Fiumicino Airport</span><span class=""cpv-chip"">Ciampino-G. B. Pastine International Airport</span><span class=""cpv-chip"">Milano Malpensa Airport</span><span class=""cpv-chip"">Orio al Serio International Airport</span><span class=""cpv-chip"">Milano Linate Airport</span><span class=""cpv-chip"">Naples International Airport</span></div>
<div class=""cpv-landing-grid"">
  <div class=""cpv-landing-card""><strong>City break</strong><p>Se Kivalina e una meta urbana, le partenze del venerdi e del sabato sono spesso le piu monitorate.</p></div>
  <div class=""cpv-landing-card""><strong>Viaggi stagionali</strong><p>In alcuni periodi dell'anno le tariffe possono variare molto, soprattutto vicino ai ponti e alle festivita.</p></div>
  <div class=""cpv-landing-card""><strong>Confronto rapido</strong><p>Valuta aeroporti maggiori e secondari per capire se un piccolo spostamento porta a un risparmio concreto.</p></div>
</div>
<h2>Domande frequenti sui voli per Kivalina</h2>
<div class=""cpv-faq"">
  <details><summary>Qual e il modo migliore per cercare voli per Kivalina?</summary><p>Confronta piu aeroporti italiani, prova date flessibili e verifica anche partenze infrasettimanali per migliorare le possibilita di risparmio.</p></details>
  <details><summary>Meglio volo diretto o con scalo?</summary><p>Per tratte medio-brevi il diretto e spesso la scelta piu comoda, mentre su alcune rotte uno scalo puo ridurre il prezzo finale.</p></details>
  <details><summary>Quando controllare i prezzi per Kivalina?</summary><p>Vale la pena iniziare a monitorare la rotta in anticipo e verificare con regolarita i giorni piu vicini alla partenza ideale.</p></details>
</div>","Voli per citta|Voli intercontinentali",city,KVL,/voli-per/kivalina/,"Voli per Kivalina (KVL): offerte e guide | ConfrontaPrezziVoli","Trova voli per Kivalina dai principali aeroporti italiani. Tariffe indicative da EUR 166 e consigli per scegliere il periodo migliore.","voli per Kivalina",cities,"Mese tipicamente conveniente: aprile"
post,publish,"Voli per Klagenfurt (KLU): offerte, compagnie e periodo migliore per prenotare",voli-per-klagenfurt-klu,"Confronta voli per Klagenfurt dai principali aeroporti italiani. Scopri prezzi indicativi, compagnie e consigli utili per organizzare la partenza.","<div class=""cpv-landing-note"">
  <p><strong>Perche cercare voli per Klagenfurt qui.</strong> Questa pagina raccoglie un quadro rapido delle partenze italiane piu interessanti per Klagenfurt, con tariffe indicative e consigli per scegliere il periodo piu vantaggioso.</p>
</div>
<div class=""cpv-stat-grid"">
  <div class=""cpv-stat""><strong>EUR 147</strong><span>Prezzo indicativo da monitorare dalle principali aree aeroportuali italiane.</span></div>
  <div class=""cpv-stat""><strong>settembre</strong><span>Periodo spesso interessante per tenere sotto controllo la rotta.</span></div>
  <div class=""cpv-stat""><strong>9</strong><span>Aeroporti italiani prioritari da confrontare per questa destinazione.</span></div>
</div>
<h2>Offerte voli per Klagenfurt</h2>
<p>Per trovare il miglior equilibrio tra prezzo, durata e comfort, conviene verificare piu aeroporti di partenza italiani e confrontare giorni feriali e weekend.</p>
<table>
  <thead>
    <tr><th>Partenza</th><th>Prezzo da</th><th>Durata indicativa</th><th>Mese da monitorare</th></tr>
  </thead>
  <tbody>
    <tr><td>Leonardo da Vinci-Fiumicino Airport (FCO)</td><td>EUR 183</td><td>5h 20</td><td>settembre</td></tr><tr><td>Ciampino-G. B. Pastine International Airport (CIA)</td><td>EUR 43</td><td>2h 00</td><td>gennaio</td></tr><tr><td>Milano Malpensa Airport (MXP)</td><td>EUR 48</td><td>10h 50</td><td>giugno</td></tr><tr><td>Orio al Serio International Airport (BGY)</td><td>EUR 62</td><td>6h 10</td><td>agosto</td></tr><tr><td>Milano Linate Airport (LIN)</td><td>EUR 171</td><td>9h 20</td><td>settembre</td></tr><tr><td>Naples International Airport (NAP)</td><td>EUR 34</td><td>1h 30</td><td>aprile</td></tr><tr><td>Venice Marco Polo Airport (VCE)</td><td>EUR 194</td><td>4h 10</td><td>agosto</td></tr><tr><td>Catania-Fontanarossa Airport (CTA)</td><td>EUR 68</td><td>11h 10</td><td>febbraio</td></tr><tr><td>Guglielmo Marconi Airport (BLQ)</td><td>EUR 164</td><td>10h 10</td><td>febbraio</td></tr>
  </tbody>
</table>
<h2>Aeroporti italiani da cui conviene partire</h2>
<div class=""cpv-chip-list""><span class=""cpv-chip"">Leonardo da Vinci-Fiumicino Airport</span><span class=""cpv-chip"">Ciampino-G. B. Pastine International Airport</span><span class=""cpv-chip"">Milano Malpensa Airport</span><span class=""cpv-chip"">Orio al Serio International Airport</span><span class=""cpv-chip"">Milano Linate Airport</span><span class=""cpv-chip"">Naples International Airport</span></div>
<div class=""cpv-landing-grid"">
  <div class=""cpv-landing-card""><strong>City break</strong><p>Se Klagenfurt e una meta urbana, le partenze del venerdi e del sabato sono spesso le piu monitorate.</p></div>
  <div class=""cpv-landing-card""><strong>Viaggi stagionali</strong><p>In alcuni periodi dell'anno le tariffe possono variare molto, soprattutto vicino ai ponti e alle festivita.</p></div>
  <div class=""cpv-landing-card""><strong>Confronto rapido</strong><p>Valuta aeroporti maggiori e secondari per capire se un piccolo spostamento porta a un risparmio concreto.</p></div>
</div>
<h2>Domande frequenti sui voli per Klagenfurt</h2>
<div class=""cpv-faq"">
  <details><summary>Qual e il modo migliore per cercare voli per Klagenfurt?</summary><p>Confronta piu aeroporti italiani, prova date flessibili e verifica anche partenze infrasettimanali per migliorare le possibilita di risparmio.</p></details>
  <details><summary>Meglio volo diretto o con scalo?</summary><p>Per tratte medio-brevi il diretto e spesso la scelta piu comoda, mentre su alcune rotte uno scalo puo ridurre il prezzo finale.</p></details>
  <details><summary>Quando controllare i prezzi per Klagenfurt?</summary><p>Vale la pena iniziare a monitorare la rotta in anticipo e verificare con regolarita i giorni piu vicini alla partenza ideale.</p></details>
</div>","Voli per citta|Voli in Europa",city,KLU,/voli-per/klagenfurt/,"Voli per Klagenfurt (KLU): offerte e guide | ConfrontaPrezziVoli","Trova voli per Klagenfurt dai principali aeroporti italiani. Tariffe indicative da EUR 147 e consigli per scegliere il periodo migliore.","voli per Klagenfurt",cities,"Mese tipicamente conveniente: settembre"
post,publish,"Voli per Klamath Falls (LMT): offerte, compagnie e periodo migliore per prenotare",voli-per-klamath-falls-lmt,"Confronta voli per Klamath Falls dai principali aeroporti italiani. Scopri prezzi indicativi, compagnie e consigli utili per organizzare la partenza.","<div class=""cpv-landing-note"">
  <p><strong>Perche cercare voli per Klamath Falls qui.</strong> Questa pagina raccoglie un quadro rapido delle partenze italiane piu interessanti per Klamath Falls, con tariffe indicative e consigli per scegliere il periodo piu vantaggioso.</p>
</div>
<div class=""cpv-stat-grid"">
  <div class=""cpv-stat""><strong>EUR 113</strong><span>Prezzo indicativo da monitorare dalle principali aree aeroportuali italiane.</span></div>
  <div class=""cpv-stat""><strong>novembre</strong><span>Periodo spesso interessante per tenere sotto controllo la rotta.</span></div>
  <div class=""cpv-stat""><strong>9</strong><span>Aeroporti italiani prioritari da confrontare per questa destinazione.</span></div>
</div>
<h2>Offerte voli per Klamath Falls</h2>
<p>Per trovare il miglior equilibrio tra prezzo, durata e comfort, conviene verificare piu aeroporti di partenza italiani e confrontare giorni feriali e weekend.</p>
<table>
  <thead>
    <tr><th>Partenza</th><th>Prezzo da</th><th>Durata indicativa</th><th>Mese da monitorare</th></tr>
  </thead>
  <tbody>
    <tr><td>Leonardo da Vinci-Fiumicino Airport (FCO)</td><td>EUR 153</td><td>11h 20</td><td>marzo</td></tr><tr><td>Ciampino-G. B. Pastine International Airport (CIA)</td><td>EUR 53</td><td>3h 40</td><td>novembre</td></tr><tr><td>Milano Malpensa Airport (MXP)</td><td>EUR 130</td><td>6h 30</td><td>aprile</td></tr><tr><td>Orio al Serio International Airport (BGY)</td><td>EUR 172</td><td>9h 30</td><td>ottobre</td></tr><tr><td>Milano Linate Airport (LIN)</td><td>EUR 149</td><td>4h 40</td><td>novembre</td></tr><tr><td>Naples International Airport (NAP)</td><td>EUR 120</td><td>7h 50</td><td>giugno</td></tr><tr><td>Venice Marco Polo Airport (VCE)</td><td>EUR 136</td><td>7h 30</td><td>ottobre</td></tr><tr><td>Catania-Fontanarossa Airport (CTA)</td><td>EUR 34</td><td>6h 30</td><td>aprile</td></tr><tr><td>Guglielmo Marconi Airport (BLQ)</td><td>EUR 178</td><td>8h 30</td><td>aprile</td></tr>
  </tbody>
</table>
<h2>Aeroporti italiani da cui conviene partire</h2>
<div class=""cpv-chip-list""><span class=""cpv-chip"">Leonardo da Vinci-Fiumicino Airport</span><span class=""cpv-chip"">Ciampino-G. B. Pastine International Airport</span><span class=""cpv-chip"">Milano Malpensa Airport</span><span class=""cpv-chip"">Orio al Serio International Airport</span><span class=""cpv-chip"">Milano Linate Airport</span><span class=""cpv-chip"">Naples International Airport</span></div>
<div class=""cpv-landing-grid"">
  <div class=""cpv-landing-card""><strong>City break</strong><p>Se Klamath Falls e una meta urbana, le partenze del venerdi e del sabato sono spesso le piu monitorate.</p></div>
  <div class=""cpv-landing-card""><strong>Viaggi stagionali</strong><p>In alcuni periodi dell'anno le tariffe possono variare molto, soprattutto vicino ai ponti e alle festivita.</p></div>
  <div class=""cpv-landing-card""><strong>Confronto rapido</strong><p>Valuta aeroporti maggiori e secondari per capire se un piccolo spostamento porta a un risparmio concreto.</p></div>
</div>
<h2>Domande frequenti sui voli per Klamath Falls</h2>
<div class=""cpv-faq"">
  <details><summary>Qual e il modo migliore per cercare voli per Klamath Falls?</summary><p>Confronta piu aeroporti italiani, prova date flessibili e verifica anche partenze infrasettimanali per migliorare le possibilita di risparmio.</p></details>
  <details><summary>Meglio volo diretto o con scalo?</summary><p>Per tratte medio-brevi il diretto e spesso la scelta piu comoda, mentre su alcune rotte uno scalo puo ridurre il prezzo finale.</p></details>
  <details><summary>Quando controllare i prezzi per Klamath Falls?</summary><p>Vale la pena iniziare a monitorare la rotta in anticipo e verificare con regolarita i giorni piu vicini alla partenza ideale.</p></details>
</div>","Voli per citta|Voli intercontinentali",city,LMT,/voli-per/klamath-falls/,"Voli per Klamath Falls (LMT): offerte e guide | ConfrontaPrezziVoli","Trova voli per Klamath Falls dai principali aeroporti italiani. Tariffe indicative da EUR 113 e consigli per scegliere il periodo migliore.","voli per Klamath Falls",cities,"Mese tipicamente conveniente: novembre"
post,publish,"Voli per Klawock (KLW): offerte, compagnie e periodo migliore per prenotare",voli-per-klawock-klw,"Confronta voli per Klawock dai principali aeroporti italiani. Scopri prezzi indicativi, compagnie e consigli utili per organizzare la partenza.","<div class=""cpv-landing-note"">
  <p><strong>Perche cercare voli per Klawock qui.</strong> Questa pagina raccoglie un quadro rapido delle partenze italiane piu interessanti per Klawock, con tariffe indicative e consigli per scegliere il periodo piu vantaggioso.</p>
</div>
<div class=""cpv-stat-grid"">
  <div class=""cpv-stat""><strong>EUR 123</strong><span>Prezzo indicativo da monitorare dalle principali aree aeroportuali italiane.</span></div>
  <div class=""cpv-stat""><strong>settembre</strong><span>Periodo spesso interessante per tenere sotto controllo la rotta.</span></div>
  <div class=""cpv-stat""><strong>9</strong><span>Aeroporti italiani prioritari da confrontare per questa destinazione.</span></div>
</div>
<h2>Offerte voli per Klawock</h2>
<p>Per trovare il miglior equilibrio tra prezzo, durata e comfort, conviene verificare piu aeroporti di partenza italiani e confrontare giorni feriali e weekend.</p>
<table>
  <thead>
    <tr><th>Partenza</th><th>Prezzo da</th><th>Durata indicativa</th><th>Mese da monitorare</th></tr>
  </thead>
  <tbody>
    <tr><td>Leonardo da Vinci-Fiumicino Airport (FCO)</td><td>EUR 19</td><td>3h 00</td><td>gennaio</td></tr><tr><td>Ciampino-G. B. Pastine International Airport (CIA)</td><td>EUR 35</td><td>1h 40</td><td>maggio</td></tr><tr><td>Milano Malpensa Airport (MXP)</td><td>EUR 136</td><td>2h 30</td><td>ottobre</td></tr><tr><td>Orio al Serio International Airport (BGY)</td><td>EUR 62</td><td>8h 10</td><td>agosto</td></tr><tr><td>Milano Linate Airport (LIN)</td><td>EUR 75</td><td>9h 20</td><td>settembre</td></tr><tr><td>Naples International Airport (NAP)</td><td>EUR 86</td><td>10h 10</td><td>agosto</td></tr><tr><td>Venice Marco Polo Airport (VCE)</td><td>EUR 162</td><td>5h 50</td><td>dicembre</td></tr><tr><td>Catania-Fontanarossa Airport (CTA)</td><td>EUR 104</td><td>1h 10</td><td>febbraio</td></tr><tr><td>Guglielmo Marconi Airport (BLQ)</td><td>EUR 36</td><td>5h 50</td><td>giugno</td></tr>
  </tbody>
</table>
<h2>Aeroporti italiani da cui conviene partire</h2>
<div class=""cpv-chip-list""><span class=""cpv-chip"">Leonardo da Vinci-Fiumicino Airport</span><span class=""cpv-chip"">Ciampino-G. B. Pastine International Airport</span><span class=""cpv-chip"">Milano Malpensa Airport</span><span class=""cpv-chip"">Orio al Serio International Airport</span><span class=""cpv-chip"">Milano Linate Airport</span><span class=""cpv-chip"">Naples International Airport</span></div>
<div class=""cpv-landing-grid"">
  <div class=""cpv-landing-card""><strong>City break</strong><p>Se Klawock e una meta urbana, le partenze del venerdi e del sabato sono spesso le piu monitorate.</p></div>
  <div class=""cpv-landing-card""><strong>Viaggi stagionali</strong><p>In alcuni periodi dell'anno le tariffe possono variare molto, soprattutto vicino ai ponti e alle festivita.</p></div>
  <div class=""cpv-landing-card""><strong>Confronto rapido</strong><p>Valuta aeroporti maggiori e secondari per capire se un piccolo spostamento porta a un risparmio concreto.</p></div>
</div>
<h2>Domande frequenti sui voli per Klawock</h2>
<div class=""cpv-faq"">
  <details><summary>Qual e il modo migliore per cercare voli per Klawock?</summary><p>Confronta piu aeroporti italiani, prova date flessibili e verifica anche partenze infrasettimanali per migliorare le possibilita di risparmio.</p></details>
  <details><summary>Meglio volo diretto o con scalo?</summary><p>Per tratte medio-brevi il diretto e spesso la scelta piu comoda, mentre su alcune rotte uno scalo puo ridurre il prezzo finale.</p></details>
  <details><summary>Quando controllare i prezzi per Klawock?</summary><p>Vale la pena iniziare a monitorare la rotta in anticipo e verificare con regolarita i giorni piu vicini alla partenza ideale.</p></details>
</div>","Voli per citta|Voli intercontinentali",city,KLW,/voli-per/klawock/,"Voli per Klawock (KLW): offerte e guide | ConfrontaPrezziVoli","Trova voli per Klawock dai principali aeroporti italiani. Tariffe indicative da EUR 123 e consigli per scegliere il periodo migliore.","voli per Klawock",cities,"Mese tipicamente conveniente: settembre"
post,publish,"Voli per Knock (NOC): offerte, compagnie e periodo migliore per prenotare",voli-per-knock-noc,"Confronta voli per Knock dai principali aeroporti italiani. Scopri prezzi indicativi, compagnie e consigli utili per organizzare la partenza.","<div class=""cpv-landing-note"">
  <p><strong>Perche cercare voli per Knock qui.</strong> Questa pagina raccoglie un quadro rapido delle partenze italiane piu interessanti per Knock, con tariffe indicative e consigli per scegliere il periodo piu vantaggioso.</p>
</div>
<div class=""cpv-stat-grid"">
  <div class=""cpv-stat""><strong>EUR 56</strong><span>Prezzo indicativo da monitorare dalle principali aree aeroportuali italiane.</span></div>
  <div class=""cpv-stat""><strong>febbraio</strong><span>Periodo spesso interessante per tenere sotto controllo la rotta.</span></div>
  <div class=""cpv-stat""><strong>9</strong><span>Aeroporti italiani prioritari da confrontare per questa destinazione.</span></div>
</div>
<h2>Offerte voli per Knock</h2>
<p>Per trovare il miglior equilibrio tra prezzo, durata e comfort, conviene verificare piu aeroporti di partenza italiani e confrontare giorni feriali e weekend.</p>
<table>
  <thead>
    <tr><th>Partenza</th><th>Prezzo da</th><th>Durata indicativa</th><th>Mese da monitorare</th></tr>
  </thead>
  <tbody>
    <tr><td>Leonardo da Vinci-Fiumicino Airport (FCO)</td><td>EUR 168</td><td>2h 50</td><td>giugno</td></tr><tr><td>Ciampino-G. B. Pastine International Airport (CIA)</td><td>EUR 24</td><td>2h 50</td><td>giugno</td></tr><tr><td>Milano Malpensa Airport (MXP)</td><td>EUR 135</td><td>2h 20</td><td>settembre</td></tr><tr><td>Orio al Serio International Airport (BGY)</td><td>EUR 165</td><td>6h 20</td><td>marzo</td></tr><tr><td>Milano Linate Airport (LIN)</td><td>EUR 24</td><td>3h 50</td><td>giugno</td></tr><tr><td>Naples International Airport (NAP)</td><td>EUR 85</td><td>1h 00</td><td>luglio</td></tr><tr><td>Venice Marco Polo Airport (VCE)</td><td>EUR 125</td><td>2h 40</td><td>novembre</td></tr><tr><td>Catania-Fontanarossa Airport (CTA)</td><td>EUR 63</td><td>1h 20</td><td>settembre</td></tr><tr><td>Guglielmo Marconi Airport (BLQ)</td><td>EUR 183</td><td>1h 20</td><td>settembre</td></tr>
  </tbody>
</table>
<h2>Aeroporti italiani da cui conviene partire</h2>
<div class=""cpv-chip-list""><span class=""cpv-chip"">Leonardo da Vinci-Fiumicino Airport</span><span class=""cpv-chip"">Ciampino-G. B. Pastine International Airport</span><span class=""cpv-chip"">Milano Malpensa Airport</span><span class=""cpv-chip"">Orio al Serio International Airport</span><span class=""cpv-chip"">Milano Linate Airport</span><span class=""cpv-chip"">Naples International Airport</span></div>
<div class=""cpv-landing-grid"">
  <div class=""cpv-landing-card""><strong>City break</strong><p>Se Knock e una meta urbana, le partenze del venerdi e del sabato sono spesso le piu monitorate.</p></div>
  <div class=""cpv-landing-card""><strong>Viaggi stagionali</strong><p>In alcuni periodi dell'anno le tariffe possono variare molto, soprattutto vicino ai ponti e alle festivita.</p></div>
  <div class=""cpv-landing-card""><strong>Confronto rapido</strong><p>Valuta aeroporti maggiori e secondari per capire se un piccolo spostamento porta a un risparmio concreto.</p></div>
</div>
<h2>Domande frequenti sui voli per Knock</h2>
<div class=""cpv-faq"">
  <details><summary>Qual e il modo migliore per cercare voli per Knock?</summary><p>Confronta piu aeroporti italiani, prova date flessibili e verifica anche partenze infrasettimanali per migliorare le possibilita di risparmio.</p></details>
  <details><summary>Meglio volo diretto o con scalo?</summary><p>Per tratte medio-brevi il diretto e spesso la scelta piu comoda, mentre su alcune rotte uno scalo puo ridurre il prezzo finale.</p></details>
  <details><summary>Quando controllare i prezzi per Knock?</summary><p>Vale la pena iniziare a monitorare la rotta in anticipo e verificare con regolarita i giorni piu vicini alla partenza ideale.</p></details>
</div>","Voli per citta|Voli in Europa",city,NOC,/voli-per/knock/,"Voli per Knock (NOC): offerte e guide | ConfrontaPrezziVoli","Trova voli per Knock dai principali aeroporti italiani. Tariffe indicative da EUR 56 e consigli per scegliere il periodo migliore.","voli per Knock",cities,"Mese tipicamente conveniente: febbraio"
post,publish,"Voli per Knoxville (TYS): offerte, compagnie e periodo migliore per prenotare",voli-per-knoxville-tys,"Confronta voli per Knoxville dai principali aeroporti italiani. Scopri prezzi indicativi, compagnie e consigli utili per organizzare la partenza.","<div class=""cpv-landing-note"">
  <p><strong>Perche cercare voli per Knoxville qui.</strong> Questa pagina raccoglie un quadro rapido delle partenze italiane piu interessanti per Knoxville, con tariffe indicative e consigli per scegliere il periodo piu vantaggioso.</p>
</div>
<div class=""cpv-stat-grid"">
  <div class=""cpv-stat""><strong>EUR 147</strong><span>Prezzo indicativo da monitorare dalle principali aree aeroportuali italiane.</span></div>
  <div class=""cpv-stat""><strong>settembre</strong><span>Periodo spesso interessante per tenere sotto controllo la rotta.</span></div>
  <div class=""cpv-stat""><strong>9</strong><span>Aeroporti italiani prioritari da confrontare per questa destinazione.</span></div>
</div>
<h2>Offerte voli per Knoxville</h2>
<p>Per trovare il miglior equilibrio tra prezzo, durata e comfort, conviene verificare piu aeroporti di partenza italiani e confrontare giorni feriali e weekend.</p>
<table>
  <thead>
    <tr><th>Partenza</th><th>Prezzo da</th><th>Durata indicativa</th><th>Mese da monitorare</th></tr>
  </thead>
  <tbody>
    <tr><td>Leonardo da Vinci-Fiumicino Airport (FCO)</td><td>EUR 75</td><td>6h 20</td><td>settembre</td></tr><tr><td>Ciampino-G. B. Pastine International Airport (CIA)</td><td>EUR 83</td><td>3h 40</td><td>maggio</td></tr><tr><td>Milano Malpensa Airport (MXP)</td><td>EUR 140</td><td>10h 10</td><td>febbraio</td></tr><tr><td>Orio al Serio International Airport (BGY)</td><td>EUR 170</td><td>8h 10</td><td>agosto</td></tr><tr><td>Milano Linate Airport (LIN)</td><td>EUR 115</td><td>6h 00</td><td>gennaio</td></tr><tr><td>Naples International Airport (NAP)</td><td>EUR 74</td><td>9h 10</td><td>agosto</td></tr><tr><td>Venice Marco Polo Airport (VCE)</td><td>EUR 174</td><td>11h 50</td><td>dicembre</td></tr><tr><td>Catania-Fontanarossa Airport (CTA)</td><td>EUR 60</td><td>1h 50</td><td>giugno</td></tr><tr><td>Guglielmo Marconi Airport (BLQ)</td><td>EUR 144</td><td>7h 50</td><td>giugno</td></tr>
  </tbody>
</table>
<h2>Aeroporti italiani da cui conviene partire</h2>
<div class=""cpv-chip-list""><span class=""cpv-chip"">Leonardo da Vinci-Fiumicino Airport</span><span class=""cpv-chip"">Ciampino-G. B. Pastine International Airport</span><span class=""cpv-chip"">Milano Malpensa Airport</span><span class=""cpv-chip"">Orio al Serio International Airport</span><span class=""cpv-chip"">Milano Linate Airport</span><span class=""cpv-chip"">Naples International Airport</span></div>
<div class=""cpv-landing-grid"">
  <div class=""cpv-landing-card""><strong>City break</strong><p>Se Knoxville e una meta urbana, le partenze del venerdi e del sabato sono spesso le piu monitorate.</p></div>
  <div class=""cpv-landing-card""><strong>Viaggi stagionali</strong><p>In alcuni periodi dell'anno le tariffe possono variare molto, soprattutto vicino ai ponti e alle festivita.</p></div>
  <div class=""cpv-landing-card""><strong>Confronto rapido</strong><p>Valuta aeroporti maggiori e secondari per capire se un piccolo spostamento porta a un risparmio concreto.</p></div>
</div>
<h2>Domande frequenti sui voli per Knoxville</h2>
<div class=""cpv-faq"">
  <details><summary>Qual e il modo migliore per cercare voli per Knoxville?</summary><p>Confronta piu aeroporti italiani, prova date flessibili e verifica anche partenze infrasettimanali per migliorare le possibilita di risparmio.</p></details>
  <details><summary>Meglio volo diretto o con scalo?</summary><p>Per tratte medio-brevi il diretto e spesso la scelta piu comoda, mentre su alcune rotte uno scalo puo ridurre il prezzo finale.</p></details>
  <details><summary>Quando controllare i prezzi per Knoxville?</summary><p>Vale la pena iniziare a monitorare la rotta in anticipo e verificare con regolarita i giorni piu vicini alla partenza ideale.</p></details>
</div>","Voli per citta|Voli intercontinentali",city,TYS,/voli-per/knoxville/,"Voli per Knoxville (TYS): offerte e guide | ConfrontaPrezziVoli","Trova voli per Knoxville dai principali aeroporti italiani. Tariffe indicative da EUR 147 e consigli per scegliere il periodo migliore.","voli per Knoxville",cities,"Mese tipicamente conveniente: settembre"
post,publish,"Voli per Kobuk (OBU): offerte, compagnie e periodo migliore per prenotare",voli-per-kobuk-obu,"Confronta voli per Kobuk dai principali aeroporti italiani. Scopri prezzi indicativi, compagnie e consigli utili per organizzare la partenza.","<div class=""cpv-landing-note"">
  <p><strong>Perche cercare voli per Kobuk qui.</strong> Questa pagina raccoglie un quadro rapido delle partenze italiane piu interessanti per Kobuk, con tariffe indicative e consigli per scegliere il periodo piu vantaggioso.</p>
</div>
<div class=""cpv-stat-grid"">
  <div class=""cpv-stat""><strong>EUR 181</strong><span>Prezzo indicativo da monitorare dalle principali aree aeroportuali italiane.</span></div>
  <div class=""cpv-stat""><strong>luglio</strong><span>Periodo spesso interessante per tenere sotto controllo la rotta.</span></div>
  <div class=""cpv-stat""><strong>9</strong><span>Aeroporti italiani prioritari da confrontare per questa destinazione.</span></div>
</div>
<h2>Offerte voli per Kobuk</h2>
<p>Per trovare il miglior equilibrio tra prezzo, durata e comfort, conviene verificare piu aeroporti di partenza italiani e confrontare giorni feriali e weekend.</p>
<table>
  <thead>
    <tr><th>Partenza</th><th>Prezzo da</th><th>Durata indicativa</th><th>Mese da monitorare</th></tr>
  </thead>
  <tbody>
    <tr><td>Leonardo da Vinci-Fiumicino Airport (FCO)</td><td>EUR 53</td><td>1h 40</td><td>novembre</td></tr><tr><td>Ciampino-G. B. Pastine International Airport (CIA)</td><td>EUR 105</td><td>2h 20</td><td>marzo</td></tr><tr><td>Milano Malpensa Airport (MXP)</td><td>EUR 138</td><td>8h 50</td><td>dicembre</td></tr><tr><td>Orio al Serio International Airport (BGY)</td><td>EUR 184</td><td>10h 30</td><td>ottobre</td></tr><tr><td>Milano Linate Airport (LIN)</td><td>EUR 45</td><td>7h 20</td><td>marzo</td></tr><tr><td>Naples International Airport (NAP)</td><td>EUR 100</td><td>1h 30</td><td>ottobre</td></tr><tr><td>Venice Marco Polo Airport (VCE)</td><td>EUR 24</td><td>7h 50</td><td>giugno</td></tr><tr><td>Catania-Fontanarossa Airport (CTA)</td><td>EUR 42</td><td>8h 50</td><td>dicembre</td></tr><tr><td>Guglielmo Marconi Airport (BLQ)</td><td>EUR 190</td><td>6h 30</td><td>aprile</td></tr>
  </tbody>
</table>
<h2>Aeroporti italiani da cui conviene partire</h2>
<div class=""cpv-chip-list""><span class=""cpv-chip"">Leonardo da Vinci-Fiumicino Airport</span><span class=""cpv-chip"">Ciampino-G. B. Pastine International Airport</span><span class=""cpv-chip"">Milano Malpensa Airport</span><span class=""cpv-chip"">Orio al Serio International Airport</span><span class=""cpv-chip"">Milano Linate Airport</span><span class=""cpv-chip"">Naples International Airport</span></div>
<div class=""cpv-landing-grid"">
  <div class=""cpv-landing-card""><strong>City break</strong><p>Se Kobuk e una meta urbana, le partenze del venerdi e del sabato sono spesso le piu monitorate.</p></div>
  <div class=""cpv-landing-card""><strong>Viaggi stagionali</strong><p>In alcuni periodi dell'anno le tariffe possono variare molto, soprattutto vicino ai ponti e alle festivita.</p></div>
  <div class=""cpv-landing-card""><strong>Confronto rapido</strong><p>Valuta aeroporti maggiori e secondari per capire se un piccolo spostamento porta a un risparmio concreto.</p></div>
</div>
<h2>Domande frequenti sui voli per Kobuk</h2>
<div class=""cpv-faq"">
  <details><summary>Qual e il modo migliore per cercare voli per Kobuk?</summary><p>Confronta piu aeroporti italiani, prova date flessibili e verifica anche partenze infrasettimanali per migliorare le possibilita di risparmio.</p></details>
  <details><summary>Meglio volo diretto o con scalo?</summary><p>Per tratte medio-brevi il diretto e spesso la scelta piu comoda, mentre su alcune rotte uno scalo puo ridurre il prezzo finale.</p></details>
  <details><summary>Quando controllare i prezzi per Kobuk?</summary><p>Vale la pena iniziare a monitorare la rotta in anticipo e verificare con regolarita i giorni piu vicini alla partenza ideale.</p></details>
</div>","Voli per citta|Voli intercontinentali",city,OBU,/voli-per/kobuk/,"Voli per Kobuk (OBU): offerte e guide | ConfrontaPrezziVoli","Trova voli per Kobuk dai principali aeroporti italiani. Tariffe indicative da EUR 181 e consigli per scegliere il periodo migliore.","voli per Kobuk",cities,"Mese tipicamente conveniente: luglio"
post,publish,"Voli per Kochi (COK): offerte, compagnie e periodo migliore per prenotare",voli-per-kochi-cok,"Confronta voli per Kochi dai principali aeroporti italiani. Scopri prezzi indicativi, compagnie e consigli utili per organizzare la partenza.","<div class=""cpv-landing-note"">
  <p><strong>Perche cercare voli per Kochi qui.</strong> Questa pagina raccoglie un quadro rapido delle partenze italiane piu interessanti per Kochi, con tariffe indicative e consigli per scegliere il periodo piu vantaggioso.</p>
</div>
<div class=""cpv-stat-grid"">
  <div class=""cpv-stat""><strong>EUR 167</strong><span>Prezzo indicativo da monitorare dalle principali aree aeroportuali italiane.</span></div>
  <div class=""cpv-stat""><strong>maggio</strong><span>Periodo spesso interessante per tenere sotto controllo la rotta.</span></div>
  <div class=""cpv-stat""><strong>9</strong><span>Aeroporti italiani prioritari da confrontare per questa destinazione.</span></div>
</div>
<h2>Offerte voli per Kochi</h2>
<p>Per trovare il miglior equilibrio tra prezzo, durata e comfort, conviene verificare piu aeroporti di partenza italiani e confrontare giorni feriali e weekend.</p>
<table>
  <thead>
    <tr><th>Partenza</th><th>Prezzo da</th><th>Durata indicativa</th><th>Mese da monitorare</th></tr>
  </thead>
  <tbody>
    <tr><td>Leonardo da Vinci-Fiumicino Airport (FCO)</td><td>EUR 127</td><td>3h 00</td><td>gennaio</td></tr><tr><td>Ciampino-G. B. Pastine International Airport (CIA)</td><td>EUR 103</td><td>10h 00</td><td>gennaio</td></tr><tr><td>Milano Malpensa Airport (MXP)</td><td>EUR 100</td><td>5h 30</td><td>ottobre</td></tr><tr><td>Orio al Serio International Airport (BGY)</td><td>EUR 126</td><td>3h 50</td><td>dicembre</td></tr><tr><td>Milano Linate Airport (LIN)</td><td>EUR 75</td><td>9h 20</td><td>settembre</td></tr><tr><td>Naples International Airport (NAP)</td><td>EUR 94</td><td>10h 30</td><td>aprile</td></tr><tr><td>Venice Marco Polo Airport (VCE)</td><td>EUR 42</td><td>2h 50</td><td>dicembre</td></tr><tr><td>Catania-Fontanarossa Airport (CTA)</td><td>EUR 144</td><td>5h 50</td><td>giugno</td></tr><tr><td>Guglielmo Marconi Airport (BLQ)</td><td>EUR 24</td><td>5h 50</td><td>giugno</td></tr>
  </tbody>
</table>
<h2>Aeroporti italiani da cui conviene partire</h2>
<div class=""cpv-chip-list""><span class=""cpv-chip"">Leonardo da Vinci-Fiumicino Airport</span><span class=""cpv-chip"">Ciampino-G. B. Pastine International Airport</span><span class=""cpv-chip"">Milano Malpensa Airport</span><span class=""cpv-chip"">Orio al Serio International Airport</span><span class=""cpv-chip"">Milano Linate Airport</span><span class=""cpv-chip"">Naples International Airport</span></div>
<div class=""cpv-landing-grid"">
  <div class=""cpv-landing-card""><strong>City break</strong><p>Se Kochi e una meta urbana, le partenze del venerdi e del sabato sono spesso le piu monitorate.</p></div>
  <div class=""cpv-landing-card""><strong>Viaggi stagionali</strong><p>In alcuni periodi dell'anno le tariffe possono variare molto, soprattutto vicino ai ponti e alle festivita.</p></div>
  <div class=""cpv-landing-card""><strong>Confronto rapido</strong><p>Valuta aeroporti maggiori e secondari per capire se un piccolo spostamento porta a un risparmio concreto.</p></div>
</div>
<h2>Domande frequenti sui voli per Kochi</h2>
<div class=""cpv-faq"">
  <details><summary>Qual e il modo migliore per cercare voli per Kochi?</summary><p>Confronta piu aeroporti italiani, prova date flessibili e verifica anche partenze infrasettimanali per migliorare le possibilita di risparmio.</p></details>
  <details><summary>Meglio volo diretto o con scalo?</summary><p>Per tratte medio-brevi il diretto e spesso la scelta piu comoda, mentre su alcune rotte uno scalo puo ridurre il prezzo finale.</p></details>
  <details><summary>Quando controllare i prezzi per Kochi?</summary><p>Vale la pena iniziare a monitorare la rotta in anticipo e verificare con regolarita i giorni piu vicini alla partenza ideale.</p></details>
</div>","Voli per citta|Voli intercontinentali",city,COK,/voli-per/kochi/,"Voli per Kochi (COK): offerte e guide | ConfrontaPrezziVoli","Trova voli per Kochi dai principali aeroporti italiani. Tariffe indicative da EUR 167 e consigli per scegliere il periodo migliore.","voli per Kochi",cities,"Mese tipicamente conveniente: maggio"
post,publish,"Voli per Kochi (KCZ): offerte, compagnie e periodo migliore per prenotare",voli-per-kochi-kcz,"Confronta voli per Kochi dai principali aeroporti italiani. Scopri prezzi indicativi, compagnie e consigli utili per organizzare la partenza.","<div class=""cpv-landing-note"">
  <p><strong>Perche cercare voli per Kochi qui.</strong> Questa pagina raccoglie un quadro rapido delle partenze italiane piu interessanti per Kochi, con tariffe indicative e consigli per scegliere il periodo piu vantaggioso.</p>
</div>
<div class=""cpv-stat-grid"">
  <div class=""cpv-stat""><strong>EUR 169</strong><span>Prezzo indicativo da monitorare dalle principali aree aeroportuali italiane.</span></div>
  <div class=""cpv-stat""><strong>luglio</strong><span>Periodo spesso interessante per tenere sotto controllo la rotta.</span></div>
  <div class=""cpv-stat""><strong>9</strong><span>Aeroporti italiani prioritari da confrontare per questa destinazione.</span></div>
</div>
<h2>Offerte voli per Kochi</h2>
<p>Per trovare il miglior equilibrio tra prezzo, durata e comfort, conviene verificare piu aeroporti di partenza italiani e confrontare giorni feriali e weekend.</p>
<table>
  <thead>
    <tr><th>Partenza</th><th>Prezzo da</th><th>Durata indicativa</th><th>Mese da monitorare</th></tr>
  </thead>
  <tbody>
    <tr><td>Leonardo da Vinci-Fiumicino Airport (FCO)</td><td>EUR 177</td><td>3h 20</td><td>marzo</td></tr><tr><td>Ciampino-G. B. Pastine International Airport (CIA)</td><td>EUR 129</td><td>8h 20</td><td>marzo</td></tr><tr><td>Milano Malpensa Airport (MXP)</td><td>EUR 154</td><td>11h 30</td><td>aprile</td></tr><tr><td>Orio al Serio International Airport (BGY)</td><td>EUR 180</td><td>7h 50</td><td>giugno</td></tr><tr><td>Milano Linate Airport (LIN)</td><td>EUR 25</td><td>2h 00</td><td>luglio</td></tr><tr><td>Naples International Airport (NAP)</td><td>EUR 28</td><td>11h 30</td><td>ottobre</td></tr><tr><td>Venice Marco Polo Airport (VCE)</td><td>EUR 84</td><td>1h 50</td><td>giugno</td></tr><tr><td>Catania-Fontanarossa Airport (CTA)</td><td>EUR 50</td><td>3h 10</td><td>agosto</td></tr><tr><td>Guglielmo Marconi Airport (BLQ)</td><td>EUR 70</td><td>11h 30</td><td>aprile</td></tr>
  </tbody>
</table>
<h2>Aeroporti italiani da cui conviene partire</h2>
<div class=""cpv-chip-list""><span class=""cpv-chip"">Leonardo da Vinci-Fiumicino Airport</span><span class=""cpv-chip"">Ciampino-G. B. Pastine International Airport</span><span class=""cpv-chip"">Milano Malpensa Airport</span><span class=""cpv-chip"">Orio al Serio International Airport</span><span class=""cpv-chip"">Milano Linate Airport</span><span class=""cpv-chip"">Naples International Airport</span></div>
<div class=""cpv-landing-grid"">
  <div class=""cpv-landing-card""><strong>City break</strong><p>Se Kochi e una meta urbana, le partenze del venerdi e del sabato sono spesso le piu monitorate.</p></div>
  <div class=""cpv-landing-card""><strong>Viaggi stagionali</strong><p>In alcuni periodi dell'anno le tariffe possono variare molto, soprattutto vicino ai ponti e alle festivita.</p></div>
  <div class=""cpv-landing-card""><strong>Confronto rapido</strong><p>Valuta aeroporti maggiori e secondari per capire se un piccolo spostamento porta a un risparmio concreto.</p></div>
</div>
<h2>Domande frequenti sui voli per Kochi</h2>
<div class=""cpv-faq"">
  <details><summary>Qual e il modo migliore per cercare voli per Kochi?</summary><p>Confronta piu aeroporti italiani, prova date flessibili e verifica anche partenze infrasettimanali per migliorare le possibilita di risparmio.</p></details>
  <details><summary>Meglio volo diretto o con scalo?</summary><p>Per tratte medio-brevi il diretto e spesso la scelta piu comoda, mentre su alcune rotte uno scalo puo ridurre il prezzo finale.</p></details>
  <details><summary>Quando controllare i prezzi per Kochi?</summary><p>Vale la pena iniziare a monitorare la rotta in anticipo e verificare con regolarita i giorni piu vicini alla partenza ideale.</p></details>
</div>","Voli per citta|Voli intercontinentali",city,KCZ,/voli-per/kochi/,"Voli per Kochi (KCZ): offerte e guide | ConfrontaPrezziVoli","Trova voli per Kochi dai principali aeroporti italiani. Tariffe indicative da EUR 169 e consigli per scegliere il periodo migliore.","voli per Kochi",cities,"Mese tipicamente conveniente: luglio"
post,publish,"Voli per Kodiak (ADQ): offerte, compagnie e periodo migliore per prenotare",voli-per-kodiak-adq,"Confronta voli per Kodiak dai principali aeroporti italiani. Scopri prezzi indicativi, compagnie e consigli utili per organizzare la partenza.","<div class=""cpv-landing-note"">
  <p><strong>Perche cercare voli per Kodiak qui.</strong> Questa pagina raccoglie un quadro rapido delle partenze italiane piu interessanti per Kodiak, con tariffe indicative e consigli per scegliere il periodo piu vantaggioso.</p>
</div>
<div class=""cpv-stat-grid"">
  <div class=""cpv-stat""><strong>EUR 118</strong><span>Prezzo indicativo da monitorare dalle principali aree aeroportuali italiane.</span></div>
  <div class=""cpv-stat""><strong>aprile</strong><span>Periodo spesso interessante per tenere sotto controllo la rotta.</span></div>
  <div class=""cpv-stat""><strong>9</strong><span>Aeroporti italiani prioritari da confrontare per questa destinazione.</span></div>
</div>
<h2>Offerte voli per Kodiak</h2>
<p>Per trovare il miglior equilibrio tra prezzo, durata e comfort, conviene verificare piu aeroporti di partenza italiani e confrontare giorni feriali e weekend.</p>
<table>
  <thead>
    <tr><th>Partenza</th><th>Prezzo da</th><th>Durata indicativa</th><th>Mese da monitorare</th></tr>
  </thead>
  <tbody>
    <tr><td>Leonardo da Vinci-Fiumicino Airport (FCO)</td><td>EUR 150</td><td>5h 50</td><td>dicembre</td></tr><tr><td>Ciampino-G. B. Pastine International Airport (CIA)</td><td>EUR 38</td><td>10h 10</td><td>agosto</td></tr><tr><td>Milano Malpensa Airport (MXP)</td><td>EUR 157</td><td>6h 00</td><td>luglio</td></tr><tr><td>Orio al Serio International Airport (BGY)</td><td>EUR 127</td><td>8h 00</td><td>gennaio</td></tr><tr><td>Milano Linate Airport (LIN)</td><td>EUR 110</td><td>3h 10</td><td>agosto</td></tr><tr><td>Naples International Airport (NAP)</td><td>EUR 91</td><td>11h 00</td><td>gennaio</td></tr><tr><td>Venice Marco Polo Airport (VCE)</td><td>EUR 43</td><td>1h 00</td><td>gennaio</td></tr><tr><td>Catania-Fontanarossa Airport (CTA)</td><td>EUR 193</td><td>11h 00</td><td>luglio</td></tr><tr><td>Guglielmo Marconi Airport (BLQ)</td><td>EUR 61</td><td>8h 00</td><td>luglio</td></tr>
  </tbody>
</table>
<h2>Aeroporti italiani da cui conviene partire</h2>
<div class=""cpv-chip-list""><span class=""cpv-chip"">Leonardo da Vinci-Fiumicino Airport</span><span class=""cpv-chip"">Ciampino-G. B. Pastine International Airport</span><span class=""cpv-chip"">Milano Malpensa Airport</span><span class=""cpv-chip"">Orio al Serio International Airport</span><span class=""cpv-chip"">Milano Linate Airport</span><span class=""cpv-chip"">Naples International Airport</span></div>
<div class=""cpv-landing-grid"">
  <div class=""cpv-landing-card""><strong>City break</strong><p>Se Kodiak e una meta urbana, le partenze del venerdi e del sabato sono spesso le piu monitorate.</p></div>
  <div class=""cpv-landing-card""><strong>Viaggi stagionali</strong><p>In alcuni periodi dell'anno le tariffe possono variare molto, soprattutto vicino ai ponti e alle festivita.</p></div>
  <div class=""cpv-landing-card""><strong>Confronto rapido</strong><p>Valuta aeroporti maggiori e secondari per capire se un piccolo spostamento porta a un risparmio concreto.</p></div>
</div>
<h2>Domande frequenti sui voli per Kodiak</h2>
<div class=""cpv-faq"">
  <details><summary>Qual e il modo migliore per cercare voli per Kodiak?</summary><p>Confronta piu aeroporti italiani, prova date flessibili e verifica anche partenze infrasettimanali per migliorare le possibilita di risparmio.</p></details>
  <details><summary>Meglio volo diretto o con scalo?</summary><p>Per tratte medio-brevi il diretto e spesso la scelta piu comoda, mentre su alcune rotte uno scalo puo ridurre il prezzo finale.</p></details>
  <details><summary>Quando controllare i prezzi per Kodiak?</summary><p>Vale la pena iniziare a monitorare la rotta in anticipo e verificare con regolarita i giorni piu vicini alla partenza ideale.</p></details>
</div>","Voli per citta|Voli intercontinentali",city,ADQ,/voli-per/kodiak/,"Voli per Kodiak (ADQ): offerte e guide | ConfrontaPrezziVoli","Trova voli per Kodiak dai principali aeroporti italiani. Tariffe indicative da EUR 118 e consigli per scegliere il periodo migliore.","voli per Kodiak",cities,"Mese tipicamente conveniente: aprile"
post,publish,"Voli per Kodinsk (KNY): offerte, compagnie e periodo migliore per prenotare",voli-per-kodinsk-kny,"Confronta voli per Kodinsk dai principali aeroporti italiani. Scopri prezzi indicativi, compagnie e consigli utili per organizzare la partenza.","<div class=""cpv-landing-note"">
  <p><strong>Perche cercare voli per Kodinsk qui.</strong> Questa pagina raccoglie un quadro rapido delle partenze italiane piu interessanti per Kodinsk, con tariffe indicative e consigli per scegliere il periodo piu vantaggioso.</p>
</div>
<div class=""cpv-stat-grid"">
  <div class=""cpv-stat""><strong>EUR 80</strong><span>Prezzo indicativo da monitorare dalle principali aree aeroportuali italiane.</span></div>
  <div class=""cpv-stat""><strong>febbraio</strong><span>Periodo spesso interessante per tenere sotto controllo la rotta.</span></div>
  <div class=""cpv-stat""><strong>9</strong><span>Aeroporti italiani prioritari da confrontare per questa destinazione.</span></div>
</div>
<h2>Offerte voli per Kodinsk</h2>
<p>Per trovare il miglior equilibrio tra prezzo, durata e comfort, conviene verificare piu aeroporti di partenza italiani e confrontare giorni feriali e weekend.</p>
<table>
  <thead>
    <tr><th>Partenza</th><th>Prezzo da</th><th>Durata indicativa</th><th>Mese da monitorare</th></tr>
  </thead>
  <tbody>
    <tr><td>Leonardo da Vinci-Fiumicino Airport (FCO)</td><td>EUR 92</td><td>3h 10</td><td>febbraio</td></tr><tr><td>Ciampino-G. B. Pastine International Airport (CIA)</td><td>EUR 60</td><td>8h 50</td><td>giugno</td></tr><tr><td>Milano Malpensa Airport (MXP)</td><td>EUR 83</td><td>2h 40</td><td>maggio</td></tr><tr><td>Orio al Serio International Airport (BGY)</td><td>EUR 145</td><td>9h 00</td><td>luglio</td></tr><tr><td>Milano Linate Airport (LIN)</td><td>EUR 192</td><td>1h 50</td><td>giugno</td></tr><tr><td>Naples International Airport (NAP)</td><td>EUR 53</td><td>2h 40</td><td>novembre</td></tr><tr><td>Venice Marco Polo Airport (VCE)</td><td>EUR 69</td><td>7h 20</td><td>marzo</td></tr><tr><td>Catania-Fontanarossa Airport (CTA)</td><td>EUR 183</td><td>10h 20</td><td>settembre</td></tr><tr><td>Guglielmo Marconi Airport (BLQ)</td><td>EUR 195</td><td>7h 20</td><td>settembre</td></tr>
  </tbody>
</table>
<h2>Aeroporti italiani da cui conviene partire</h2>
<div class=""cpv-chip-list""><span class=""cpv-chip"">Leonardo da Vinci-Fiumicino Airport</span><span class=""cpv-chip"">Ciampino-G. B. Pastine International Airport</span><span class=""cpv-chip"">Milano Malpensa Airport</span><span class=""cpv-chip"">Orio al Serio International Airport</span><span class=""cpv-chip"">Milano Linate Airport</span><span class=""cpv-chip"">Naples International Airport</span></div>
<div class=""cpv-landing-grid"">
  <div class=""cpv-landing-card""><strong>City break</strong><p>Se Kodinsk e una meta urbana, le partenze del venerdi e del sabato sono spesso le piu monitorate.</p></div>
  <div class=""cpv-landing-card""><strong>Viaggi stagionali</strong><p>In alcuni periodi dell'anno le tariffe possono variare molto, soprattutto vicino ai ponti e alle festivita.</p></div>
  <div class=""cpv-landing-card""><strong>Confronto rapido</strong><p>Valuta aeroporti maggiori e secondari per capire se un piccolo spostamento porta a un risparmio concreto.</p></div>
</div>
<h2>Domande frequenti sui voli per Kodinsk</h2>
<div class=""cpv-faq"">
  <details><summary>Qual e il modo migliore per cercare voli per Kodinsk?</summary><p>Confronta piu aeroporti italiani, prova date flessibili e verifica anche partenze infrasettimanali per migliorare le possibilita di risparmio.</p></details>
  <details><summary>Meglio volo diretto o con scalo?</summary><p>Per tratte medio-brevi il diretto e spesso la scelta piu comoda, mentre su alcune rotte uno scalo puo ridurre il prezzo finale.</p></details>
  <details><summary>Quando controllare i prezzi per Kodinsk?</summary><p>Vale la pena iniziare a monitorare la rotta in anticipo e verificare con regolarita i giorni piu vicini alla partenza ideale.</p></details>
</div>","Voli per citta|Voli intercontinentali",city,KNY,/voli-per/kodinsk/,"Voli per Kodinsk (KNY): offerte e guide | ConfrontaPrezziVoli","Trova voli per Kodinsk dai principali aeroporti italiani. Tariffe indicative da EUR 80 e consigli per scegliere il periodo migliore.","voli per Kodinsk",cities,"Mese tipicamente conveniente: febbraio"
post,publish,"Voli per Kogalym (KGP): offerte, compagnie e periodo migliore per prenotare",voli-per-kogalym-kgp,"Confronta voli per Kogalym dai principali aeroporti italiani. Scopri prezzi indicativi, compagnie e consigli utili per organizzare la partenza.","<div class=""cpv-landing-note"">
  <p><strong>Perche cercare voli per Kogalym qui.</strong> Questa pagina raccoglie un quadro rapido delle partenze italiane piu interessanti per Kogalym, con tariffe indicative e consigli per scegliere il periodo piu vantaggioso.</p>
</div>
<div class=""cpv-stat-grid"">
  <div class=""cpv-stat""><strong>EUR 135</strong><span>Prezzo indicativo da monitorare dalle principali aree aeroportuali italiane.</span></div>
  <div class=""cpv-stat""><strong>settembre</strong><span>Periodo spesso interessante per tenere sotto controllo la rotta.</span></div>
  <div class=""cpv-stat""><strong>9</strong><span>Aeroporti italiani prioritari da confrontare per questa destinazione.</span></div>
</div>
<h2>Offerte voli per Kogalym</h2>
<p>Per trovare il miglior equilibrio tra prezzo, durata e comfort, conviene verificare piu aeroporti di partenza italiani e confrontare giorni feriali e weekend.</p>
<table>
  <thead>
    <tr><th>Partenza</th><th>Prezzo da</th><th>Durata indicativa</th><th>Mese da monitorare</th></tr>
  </thead>
  <tbody>
    <tr><td>Leonardo da Vinci-Fiumicino Airport (FCO)</td><td>EUR 159</td><td>8h 20</td><td>settembre</td></tr><tr><td>Ciampino-G. B. Pastine International Airport (CIA)</td><td>EUR 31</td><td>11h 00</td><td>gennaio</td></tr><tr><td>Milano Malpensa Airport (MXP)</td><td>EUR 132</td><td>4h 50</td><td>giugno</td></tr><tr><td>Orio al Serio International Airport (BGY)</td><td>EUR 98</td><td>11h 10</td><td>agosto</td></tr><tr><td>Milano Linate Airport (LIN)</td><td>EUR 103</td><td>1h 00</td><td>gennaio</td></tr><tr><td>Naples International Airport (NAP)</td><td>EUR 178</td><td>3h 30</td><td>aprile</td></tr><tr><td>Venice Marco Polo Airport (VCE)</td><td>EUR 58</td><td>9h 30</td><td>aprile</td></tr><tr><td>Catania-Fontanarossa Airport (CTA)</td><td>EUR 168</td><td>8h 50</td><td>giugno</td></tr><tr><td>Guglielmo Marconi Airport (BLQ)</td><td>EUR 136</td><td>1h 30</td><td>ottobre</td></tr>
  </tbody>
</table>
<h2>Aeroporti italiani da cui conviene partire</h2>
<div class=""cpv-chip-list""><span class=""cpv-chip"">Leonardo da Vinci-Fiumicino Airport</span><span class=""cpv-chip"">Ciampino-G. B. Pastine International Airport</span><span class=""cpv-chip"">Milano Malpensa Airport</span><span class=""cpv-chip"">Orio al Serio International Airport</span><span class=""cpv-chip"">Milano Linate Airport</span><span class=""cpv-chip"">Naples International Airport</span></div>
<div class=""cpv-landing-grid"">
  <div class=""cpv-landing-card""><strong>City break</strong><p>Se Kogalym e una meta urbana, le partenze del venerdi e del sabato sono spesso le piu monitorate.</p></div>
  <div class=""cpv-landing-card""><strong>Viaggi stagionali</strong><p>In alcuni periodi dell'anno le tariffe possono variare molto, soprattutto vicino ai ponti e alle festivita.</p></div>
  <div class=""cpv-landing-card""><strong>Confronto rapido</strong><p>Valuta aeroporti maggiori e secondari per capire se un piccolo spostamento porta a un risparmio concreto.</p></div>
</div>
<h2>Domande frequenti sui voli per Kogalym</h2>
<div class=""cpv-faq"">
  <details><summary>Qual e il modo migliore per cercare voli per Kogalym?</summary><p>Confronta piu aeroporti italiani, prova date flessibili e verifica anche partenze infrasettimanali per migliorare le possibilita di risparmio.</p></details>
  <details><summary>Meglio volo diretto o con scalo?</summary><p>Per tratte medio-brevi il diretto e spesso la scelta piu comoda, mentre su alcune rotte uno scalo puo ridurre il prezzo finale.</p></details>
  <details><summary>Quando controllare i prezzi per Kogalym?</summary><p>Vale la pena iniziare a monitorare la rotta in anticipo e verificare con regolarita i giorni piu vicini alla partenza ideale.</p></details>
</div>","Voli per citta|Voli intercontinentali",city,KGP,/voli-per/kogalym/,"Voli per Kogalym (KGP): offerte e guide | ConfrontaPrezziVoli","Trova voli per Kogalym dai principali aeroporti italiani. Tariffe indicative da EUR 135 e consigli per scegliere il periodo migliore.","voli per Kogalym",cities,"Mese tipicamente conveniente: settembre"
post,publish,"Voli per Koggala (KCT): offerte, compagnie e periodo migliore per prenotare",voli-per-koggala-kct,"Confronta voli per Koggala dai principali aeroporti italiani. Scopri prezzi indicativi, compagnie e consigli utili per organizzare la partenza.","<div class=""cpv-landing-note"">
  <p><strong>Perche cercare voli per Koggala qui.</strong> Questa pagina raccoglie un quadro rapido delle partenze italiane piu interessanti per Koggala, con tariffe indicative e consigli per scegliere il periodo piu vantaggioso.</p>
</div>
<div class=""cpv-stat-grid"">
  <div class=""cpv-stat""><strong>EUR 96</strong><span>Prezzo indicativo da monitorare dalle principali aree aeroportuali italiane.</span></div>
  <div class=""cpv-stat""><strong>giugno</strong><span>Periodo spesso interessante per tenere sotto controllo la rotta.</span></div>
  <div class=""cpv-stat""><strong>9</strong><span>Aeroporti italiani prioritari da confrontare per questa destinazione.</span></div>
</div>
<h2>Offerte voli per Koggala</h2>
<p>Per trovare il miglior equilibrio tra prezzo, durata e comfort, conviene verificare piu aeroporti di partenza italiani e confrontare giorni feriali e weekend.</p>
<table>
  <thead>
    <tr><th>Partenza</th><th>Prezzo da</th><th>Durata indicativa</th><th>Mese da monitorare</th></tr>
  </thead>
  <tbody>
    <tr><td>Leonardo da Vinci-Fiumicino Airport (FCO)</td><td>EUR 104</td><td>6h 10</td><td>febbraio</td></tr><tr><td>Ciampino-G. B. Pastine International Airport (CIA)</td><td>EUR 72</td><td>4h 50</td><td>giugno</td></tr><tr><td>Milano Malpensa Airport (MXP)</td><td>EUR 19</td><td>9h 00</td><td>gennaio</td></tr><tr><td>Orio al Serio International Airport (BGY)</td><td>EUR 33</td><td>10h 20</td><td>marzo</td></tr><tr><td>Milano Linate Airport (LIN)</td><td>EUR 124</td><td>3h 30</td><td>ottobre</td></tr><tr><td>Naples International Airport (NAP)</td><td>EUR 125</td><td>5h 40</td><td>novembre</td></tr><tr><td>Venice Marco Polo Airport (VCE)</td><td>EUR 133</td><td>3h 00</td><td>luglio</td></tr><tr><td>Catania-Fontanarossa Airport (CTA)</td><td>EUR 27</td><td>5h 20</td><td>settembre</td></tr><tr><td>Guglielmo Marconi Airport (BLQ)</td><td>EUR 19</td><td>9h 00</td><td>gennaio</td></tr>
  </tbody>
</table>
<h2>Aeroporti italiani da cui conviene partire</h2>
<div class=""cpv-chip-list""><span class=""cpv-chip"">Leonardo da Vinci-Fiumicino Airport</span><span class=""cpv-chip"">Ciampino-G. B. Pastine International Airport</span><span class=""cpv-chip"">Milano Malpensa Airport</span><span class=""cpv-chip"">Orio al Serio International Airport</span><span class=""cpv-chip"">Milano Linate Airport</span><span class=""cpv-chip"">Naples International Airport</span></div>
<div class=""cpv-landing-grid"">
  <div class=""cpv-landing-card""><strong>City break</strong><p>Se Koggala e una meta urbana, le partenze del venerdi e del sabato sono spesso le piu monitorate.</p></div>
  <div class=""cpv-landing-card""><strong>Viaggi stagionali</strong><p>In alcuni periodi dell'anno le tariffe possono variare molto, soprattutto vicino ai ponti e alle festivita.</p></div>
  <div class=""cpv-landing-card""><strong>Confronto rapido</strong><p>Valuta aeroporti maggiori e secondari per capire se un piccolo spostamento porta a un risparmio concreto.</p></div>
</div>
<h2>Domande frequenti sui voli per Koggala</h2>
<div class=""cpv-faq"">
  <details><summary>Qual e il modo migliore per cercare voli per Koggala?</summary><p>Confronta piu aeroporti italiani, prova date flessibili e verifica anche partenze infrasettimanali per migliorare le possibilita di risparmio.</p></details>
  <details><summary>Meglio volo diretto o con scalo?</summary><p>Per tratte medio-brevi il diretto e spesso la scelta piu comoda, mentre su alcune rotte uno scalo puo ridurre il prezzo finale.</p></details>
  <details><summary>Quando controllare i prezzi per Koggala?</summary><p>Vale la pena iniziare a monitorare la rotta in anticipo e verificare con regolarita i giorni piu vicini alla partenza ideale.</p></details>
</div>","Voli per citta|Voli intercontinentali",city,KCT,/voli-per/koggala/,"Voli per Koggala (KCT): offerte e guide | ConfrontaPrezziVoli","Trova voli per Koggala dai principali aeroporti italiani. Tariffe indicative da EUR 96 e consigli per scegliere il periodo migliore.","voli per Koggala",cities,"Mese tipicamente conveniente: giugno"
post,publish,"Voli per Koh Samui (USM): offerte, compagnie e periodo migliore per prenotare",voli-per-koh-samui-usm,"Confronta voli per Koh Samui dai principali aeroporti italiani. Scopri prezzi indicativi, compagnie e consigli utili per organizzare la partenza.","<div class=""cpv-landing-note"">
  <p><strong>Perche cercare voli per Koh Samui qui.</strong> Questa pagina raccoglie un quadro rapido delle partenze italiane piu interessanti per Koh Samui, con tariffe indicative e consigli per scegliere il periodo piu vantaggioso.</p>
</div>
<div class=""cpv-stat-grid"">
  <div class=""cpv-stat""><strong>EUR 81</strong><span>Prezzo indicativo da monitorare dalle principali aree aeroportuali italiane.</span></div>
  <div class=""cpv-stat""><strong>marzo</strong><span>Periodo spesso interessante per tenere sotto controllo la rotta.</span></div>
  <div class=""cpv-stat""><strong>9</strong><span>Aeroporti italiani prioritari da confrontare per questa destinazione.</span></div>
</div>
<h2>Offerte voli per Koh Samui</h2>
<p>Per trovare il miglior equilibrio tra prezzo, durata e comfort, conviene verificare piu aeroporti di partenza italiani e confrontare giorni feriali e weekend.</p>
<table>
  <thead>
    <tr><th>Partenza</th><th>Prezzo da</th><th>Durata indicativa</th><th>Mese da monitorare</th></tr>
  </thead>
  <tbody>
    <tr><td>Leonardo da Vinci-Fiumicino Airport (FCO)</td><td>EUR 149</td><td>6h 40</td><td>novembre</td></tr><tr><td>Ciampino-G. B. Pastine International Airport (CIA)</td><td>EUR 29</td><td>9h 40</td><td>novembre</td></tr><tr><td>Milano Malpensa Airport (MXP)</td><td>EUR 82</td><td>2h 30</td><td>aprile</td></tr><tr><td>Orio al Serio International Airport (BGY)</td><td>EUR 180</td><td>10h 50</td><td>giugno</td></tr><tr><td>Milano Linate Airport (LIN)</td><td>EUR 101</td><td>3h 40</td><td>novembre</td></tr><tr><td>Naples International Airport (NAP)</td><td>EUR 184</td><td>10h 30</td><td>ottobre</td></tr><tr><td>Venice Marco Polo Airport (VCE)</td><td>EUR 44</td><td>4h 10</td><td>febbraio</td></tr><tr><td>Catania-Fontanarossa Airport (CTA)</td><td>EUR 158</td><td>7h 10</td><td>agosto</td></tr><tr><td>Guglielmo Marconi Airport (BLQ)</td><td>EUR 182</td><td>3h 10</td><td>agosto</td></tr>
  </tbody>
</table>
<h2>Aeroporti italiani da cui conviene partire</h2>
<div class=""cpv-chip-list""><span class=""cpv-chip"">Leonardo da Vinci-Fiumicino Airport</span><span class=""cpv-chip"">Ciampino-G. B. Pastine International Airport</span><span class=""cpv-chip"">Milano Malpensa Airport</span><span class=""cpv-chip"">Orio al Serio International Airport</span><span class=""cpv-chip"">Milano Linate Airport</span><span class=""cpv-chip"">Naples International Airport</span></div>
<div class=""cpv-landing-grid"">
  <div class=""cpv-landing-card""><strong>City break</strong><p>Se Koh Samui e una meta urbana, le partenze del venerdi e del sabato sono spesso le piu monitorate.</p></div>
  <div class=""cpv-landing-card""><strong>Viaggi stagionali</strong><p>In alcuni periodi dell'anno le tariffe possono variare molto, soprattutto vicino ai ponti e alle festivita.</p></div>
  <div class=""cpv-landing-card""><strong>Confronto rapido</strong><p>Valuta aeroporti maggiori e secondari per capire se un piccolo spostamento porta a un risparmio concreto.</p></div>
</div>
<h2>Domande frequenti sui voli per Koh Samui</h2>
<div class=""cpv-faq"">
  <details><summary>Qual e il modo migliore per cercare voli per Koh Samui?</summary><p>Confronta piu aeroporti italiani, prova date flessibili e verifica anche partenze infrasettimanali per migliorare le possibilita di risparmio.</p></details>
  <details><summary>Meglio volo diretto o con scalo?</summary><p>Per tratte medio-brevi il diretto e spesso la scelta piu comoda, mentre su alcune rotte uno scalo puo ridurre il prezzo finale.</p></details>
  <details><summary>Quando controllare i prezzi per Koh Samui?</summary><p>Vale la pena iniziare a monitorare la rotta in anticipo e verificare con regolarita i giorni piu vicini alla partenza ideale.</p></details>
</div>","Voli per citta|Voli intercontinentali",city,USM,/voli-per/koh-samui/,"Voli per Koh Samui (USM): offerte e guide | ConfrontaPrezziVoli","Trova voli per Koh Samui dai principali aeroporti italiani. Tariffe indicative da EUR 81 e consigli per scegliere il periodo migliore.","voli per Koh Samui",cities,"Mese tipicamente conveniente: marzo"
post,publish,"Voli per Kokand (OQN): offerte, compagnie e periodo migliore per prenotare",voli-per-kokand-oqn,"Confronta voli per Kokand dai principali aeroporti italiani. Scopri prezzi indicativi, compagnie e consigli utili per organizzare la partenza.","<div class=""cpv-landing-note"">
  <p><strong>Perche cercare voli per Kokand qui.</strong> Questa pagina raccoglie un quadro rapido delle partenze italiane piu interessanti per Kokand, con tariffe indicative e consigli per scegliere il periodo piu vantaggioso.</p>
</div>
<div class=""cpv-stat-grid"">
  <div class=""cpv-stat""><strong>EUR 19</strong><span>Prezzo indicativo da monitorare dalle principali aree aeroportuali italiane.</span></div>
  <div class=""cpv-stat""><strong>gennaio</strong><span>Periodo spesso interessante per tenere sotto controllo la rotta.</span></div>
  <div class=""cpv-stat""><strong>9</strong><span>Aeroporti italiani prioritari da confrontare per questa destinazione.</span></div>
</div>
<h2>Offerte voli per Kokand</h2>
<p>Per trovare il miglior equilibrio tra prezzo, durata e comfort, conviene verificare piu aeroporti di partenza italiani e confrontare giorni feriali e weekend.</p>
<table>
  <thead>
    <tr><th>Partenza</th><th>Prezzo da</th><th>Durata indicativa</th><th>Mese da monitorare</th></tr>
  </thead>
  <tbody>
    <tr><td>Leonardo da Vinci-Fiumicino Airport (FCO)</td><td>EUR 103</td><td>5h 00</td><td>gennaio</td></tr><tr><td>Ciampino-G. B. Pastine International Airport (CIA)</td><td>EUR 155</td><td>2h 40</td><td>maggio</td></tr><tr><td>Milano Malpensa Airport (MXP)</td><td>EUR 144</td><td>6h 50</td><td>giugno</td></tr><tr><td>Orio al Serio International Airport (BGY)</td><td>EUR 166</td><td>10h 30</td><td>aprile</td></tr><tr><td>Milano Linate Airport (LIN)</td><td>EUR 191</td><td>3h 40</td><td>maggio</td></tr><tr><td>Naples International Airport (NAP)</td><td>EUR 106</td><td>7h 30</td><td>aprile</td></tr><tr><td>Venice Marco Polo Airport (VCE)</td><td>EUR 166</td><td>4h 30</td><td>aprile</td></tr><tr><td>Catania-Fontanarossa Airport (CTA)</td><td>EUR 188</td><td>11h 10</td><td>febbraio</td></tr><tr><td>Guglielmo Marconi Airport (BLQ)</td><td>EUR 196</td><td>3h 30</td><td>ottobre</td></tr>
  </tbody>
</table>
<h2>Aeroporti italiani da cui conviene partire</h2>
<div class=""cpv-chip-list""><span class=""cpv-chip"">Leonardo da Vinci-Fiumicino Airport</span><span class=""cpv-chip"">Ciampino-G. B. Pastine International Airport</span><span class=""cpv-chip"">Milano Malpensa Airport</span><span class=""cpv-chip"">Orio al Serio International Airport</span><span class=""cpv-chip"">Milano Linate Airport</span><span class=""cpv-chip"">Naples International Airport</span></div>
<div class=""cpv-landing-grid"">
  <div class=""cpv-landing-card""><strong>City break</strong><p>Se Kokand e una meta urbana, le partenze del venerdi e del sabato sono spesso le piu monitorate.</p></div>
  <div class=""cpv-landing-card""><strong>Viaggi stagionali</strong><p>In alcuni periodi dell'anno le tariffe possono variare molto, soprattutto vicino ai ponti e alle festivita.</p></div>
  <div class=""cpv-landing-card""><strong>Confronto rapido</strong><p>Valuta aeroporti maggiori e secondari per capire se un piccolo spostamento porta a un risparmio concreto.</p></div>
</div>
<h2>Domande frequenti sui voli per Kokand</h2>
<div class=""cpv-faq"">
  <details><summary>Qual e il modo migliore per cercare voli per Kokand?</summary><p>Confronta piu aeroporti italiani, prova date flessibili e verifica anche partenze infrasettimanali per migliorare le possibilita di risparmio.</p></details>
  <details><summary>Meglio volo diretto o con scalo?</summary><p>Per tratte medio-brevi il diretto e spesso la scelta piu comoda, mentre su alcune rotte uno scalo puo ridurre il prezzo finale.</p></details>
  <details><summary>Quando controllare i prezzi per Kokand?</summary><p>Vale la pena iniziare a monitorare la rotta in anticipo e verificare con regolarita i giorni piu vicini alla partenza ideale.</p></details>
</div>","Voli per citta|Voli intercontinentali",city,OQN,/voli-per/kokand/,"Voli per Kokand (OQN): offerte e guide | ConfrontaPrezziVoli","Trova voli per Kokand dai principali aeroporti italiani. Tariffe indicative da EUR 19 e consigli per scegliere il periodo migliore.","voli per Kokand",cities,"Mese tipicamente conveniente: gennaio"
post,publish,"Voli per Kokhanok (KNK): offerte, compagnie e periodo migliore per prenotare",voli-per-kokhanok-knk,"Confronta voli per Kokhanok dai principali aeroporti italiani. Scopri prezzi indicativi, compagnie e consigli utili per organizzare la partenza.","<div class=""cpv-landing-note"">
  <p><strong>Perche cercare voli per Kokhanok qui.</strong> Questa pagina raccoglie un quadro rapido delle partenze italiane piu interessanti per Kokhanok, con tariffe indicative e consigli per scegliere il periodo piu vantaggioso.</p>
</div>
<div class=""cpv-stat-grid"">
  <div class=""cpv-stat""><strong>EUR 124</strong><span>Prezzo indicativo da monitorare dalle principali aree aeroportuali italiane.</span></div>
  <div class=""cpv-stat""><strong>ottobre</strong><span>Periodo spesso interessante per tenere sotto controllo la rotta.</span></div>
  <div class=""cpv-stat""><strong>9</strong><span>Aeroporti italiani prioritari da confrontare per questa destinazione.</span></div>
</div>
<h2>Offerte voli per Kokhanok</h2>
<p>Per trovare il miglior equilibrio tra prezzo, durata e comfort, conviene verificare piu aeroporti di partenza italiani e confrontare giorni feriali e weekend.</p>
<table>
  <thead>
    <tr><th>Partenza</th><th>Prezzo da</th><th>Durata indicativa</th><th>Mese da monitorare</th></tr>
  </thead>
  <tbody>
    <tr><td>Leonardo da Vinci-Fiumicino Airport (FCO)</td><td>EUR 100</td><td>6h 30</td><td>ottobre</td></tr><tr><td>Ciampino-G. B. Pastine International Airport (CIA)</td><td>EUR 52</td><td>7h 30</td><td>ottobre</td></tr><tr><td>Milano Malpensa Airport (MXP)</td><td>EUR 167</td><td>11h 40</td><td>maggio</td></tr><tr><td>Orio al Serio International Airport (BGY)</td><td>EUR 85</td><td>1h 00</td><td>luglio</td></tr><tr><td>Milano Linate Airport (LIN)</td><td>EUR 84</td><td>10h 50</td><td>giugno</td></tr><tr><td>Naples International Airport (NAP)</td><td>EUR 125</td><td>10h 40</td><td>novembre</td></tr><tr><td>Venice Marco Polo Airport (VCE)</td><td>EUR 153</td><td>1h 20</td><td>marzo</td></tr><tr><td>Catania-Fontanarossa Airport (CTA)</td><td>EUR 23</td><td>2h 40</td><td>maggio</td></tr><tr><td>Guglielmo Marconi Airport (BLQ)</td><td>EUR 195</td><td>2h 20</td><td>settembre</td></tr>
  </tbody>
</table>
<h2>Aeroporti italiani da cui conviene partire</h2>
<div class=""cpv-chip-list""><span class=""cpv-chip"">Leonardo da Vinci-Fiumicino Airport</span><span class=""cpv-chip"">Ciampino-G. B. Pastine International Airport</span><span class=""cpv-chip"">Milano Malpensa Airport</span><span class=""cpv-chip"">Orio al Serio International Airport</span><span class=""cpv-chip"">Milano Linate Airport</span><span class=""cpv-chip"">Naples International Airport</span></div>
<div class=""cpv-landing-grid"">
  <div class=""cpv-landing-card""><strong>City break</strong><p>Se Kokhanok e una meta urbana, le partenze del venerdi e del sabato sono spesso le piu monitorate.</p></div>
  <div class=""cpv-landing-card""><strong>Viaggi stagionali</strong><p>In alcuni periodi dell'anno le tariffe possono variare molto, soprattutto vicino ai ponti e alle festivita.</p></div>
  <div class=""cpv-landing-card""><strong>Confronto rapido</strong><p>Valuta aeroporti maggiori e secondari per capire se un piccolo spostamento porta a un risparmio concreto.</p></div>
</div>
<h2>Domande frequenti sui voli per Kokhanok</h2>
<div class=""cpv-faq"">
  <details><summary>Qual e il modo migliore per cercare voli per Kokhanok?</summary><p>Confronta piu aeroporti italiani, prova date flessibili e verifica anche partenze infrasettimanali per migliorare le possibilita di risparmio.</p></details>
  <details><summary>Meglio volo diretto o con scalo?</summary><p>Per tratte medio-brevi il diretto e spesso la scelta piu comoda, mentre su alcune rotte uno scalo puo ridurre il prezzo finale.</p></details>
  <details><summary>Quando controllare i prezzi per Kokhanok?</summary><p>Vale la pena iniziare a monitorare la rotta in anticipo e verificare con regolarita i giorni piu vicini alla partenza ideale.</p></details>
</div>","Voli per citta|Voli intercontinentali",city,KNK,/voli-per/kokhanok/,"Voli per Kokhanok (KNK): offerte e guide | ConfrontaPrezziVoli","Trova voli per Kokhanok dai principali aeroporti italiani. Tariffe indicative da EUR 124 e consigli per scegliere il periodo migliore.","voli per Kokhanok",cities,"Mese tipicamente conveniente: ottobre"
post,publish,"Voli per Kokkola/Pietarsaari (KOK): offerte, compagnie e periodo migliore per prenotare",voli-per-kokkola-pietarsaari-kok,"Confronta voli per Kokkola/Pietarsaari dai principali aeroporti italiani. Scopri prezzi indicativi, compagnie e consigli utili per organizzare la partenza.","<div class=""cpv-landing-note"">
  <p><strong>Perche cercare voli per Kokkola/Pietarsaari qui.</strong> Questa pagina raccoglie un quadro rapido delle partenze italiane piu interessanti per Kokkola/Pietarsaari, con tariffe indicative e consigli per scegliere il periodo piu vantaggioso.</p>
</div>
<div class=""cpv-stat-grid"">
  <div class=""cpv-stat""><strong>EUR 83</strong><span>Prezzo indicativo da monitorare dalle principali aree aeroportuali italiane.</span></div>
  <div class=""cpv-stat""><strong>maggio</strong><span>Periodo spesso interessante per tenere sotto controllo la rotta.</span></div>
  <div class=""cpv-stat""><strong>9</strong><span>Aeroporti italiani prioritari da confrontare per questa destinazione.</span></div>
</div>
<h2>Offerte voli per Kokkola/Pietarsaari</h2>
<p>Per trovare il miglior equilibrio tra prezzo, durata e comfort, conviene verificare piu aeroporti di partenza italiani e confrontare giorni feriali e weekend.</p>
<table>
  <thead>
    <tr><th>Partenza</th><th>Prezzo da</th><th>Durata indicativa</th><th>Mese da monitorare</th></tr>
  </thead>
  <tbody>
    <tr><td>Leonardo da Vinci-Fiumicino Airport (FCO)</td><td>EUR 35</td><td>4h 40</td><td>maggio</td></tr><tr><td>Ciampino-G. B. Pastine International Airport (CIA)</td><td>EUR 187</td><td>10h 00</td><td>gennaio</td></tr><tr><td>Milano Malpensa Airport (MXP)</td><td>EUR 64</td><td>7h 30</td><td>ottobre</td></tr><tr><td>Orio al Serio International Airport (BGY)</td><td>EUR 186</td><td>1h 50</td><td>dicembre</td></tr><tr><td>Milano Linate Airport (LIN)</td><td>EUR 135</td><td>6h 20</td><td>settembre</td></tr><tr><td>Naples International Airport (NAP)</td><td>EUR 166</td><td>6h 30</td><td>aprile</td></tr><tr><td>Venice Marco Polo Airport (VCE)</td><td>EUR 122</td><td>4h 10</td><td>agosto</td></tr><tr><td>Catania-Fontanarossa Airport (CTA)</td><td>EUR 192</td><td>10h 50</td><td>giugno</td></tr><tr><td>Guglielmo Marconi Airport (BLQ)</td><td>EUR 136</td><td>8h 30</td><td>ottobre</td></tr>
  </tbody>
</table>
<h2>Aeroporti italiani da cui conviene partire</h2>
<div class=""cpv-chip-list""><span class=""cpv-chip"">Leonardo da Vinci-Fiumicino Airport</span><span class=""cpv-chip"">Ciampino-G. B. Pastine International Airport</span><span class=""cpv-chip"">Milano Malpensa Airport</span><span class=""cpv-chip"">Orio al Serio International Airport</span><span class=""cpv-chip"">Milano Linate Airport</span><span class=""cpv-chip"">Naples International Airport</span></div>
<div class=""cpv-landing-grid"">
  <div class=""cpv-landing-card""><strong>City break</strong><p>Se Kokkola/Pietarsaari e una meta urbana, le partenze del venerdi e del sabato sono spesso le piu monitorate.</p></div>
  <div class=""cpv-landing-card""><strong>Viaggi stagionali</strong><p>In alcuni periodi dell'anno le tariffe possono variare molto, soprattutto vicino ai ponti e alle festivita.</p></div>
  <div class=""cpv-landing-card""><strong>Confronto rapido</strong><p>Valuta aeroporti maggiori e secondari per capire se un piccolo spostamento porta a un risparmio concreto.</p></div>
</div>
<h2>Domande frequenti sui voli per Kokkola/Pietarsaari</h2>
<div class=""cpv-faq"">
  <details><summary>Qual e il modo migliore per cercare voli per Kokkola/Pietarsaari?</summary><p>Confronta piu aeroporti italiani, prova date flessibili e verifica anche partenze infrasettimanali per migliorare le possibilita di risparmio.</p></details>
  <details><summary>Meglio volo diretto o con scalo?</summary><p>Per tratte medio-brevi il diretto e spesso la scelta piu comoda, mentre su alcune rotte uno scalo puo ridurre il prezzo finale.</p></details>
  <details><summary>Quando controllare i prezzi per Kokkola/Pietarsaari?</summary><p>Vale la pena iniziare a monitorare la rotta in anticipo e verificare con regolarita i giorni piu vicini alla partenza ideale.</p></details>
</div>","Voli per citta|Voli in Europa",city,KOK,/voli-per/kokkola-pietarsaari/,"Voli per Kokkola/Pietarsaari (KOK): offerte e guide | ConfrontaPrezziVoli","Trova voli per Kokkola/Pietarsaari dai principali aeroporti italiani. Tariffe indicative da EUR 83 e consigli per scegliere il periodo migliore.","voli per Kokkola/Pietarsaari",cities,"Mese tipicamente conveniente: maggio"
post,publish,"Voli per Kokshetau (KOV): offerte, compagnie e periodo migliore per prenotare",voli-per-kokshetau-kov,"Confronta voli per Kokshetau dai principali aeroporti italiani. Scopri prezzi indicativi, compagnie e consigli utili per organizzare la partenza.","<div class=""cpv-landing-note"">
  <p><strong>Perche cercare voli per Kokshetau qui.</strong> Questa pagina raccoglie un quadro rapido delle partenze italiane piu interessanti per Kokshetau, con tariffe indicative e consigli per scegliere il periodo piu vantaggioso.</p>
</div>
<div class=""cpv-stat-grid"">
  <div class=""cpv-stat""><strong>EUR 104</strong><span>Prezzo indicativo da monitorare dalle principali aree aeroportuali italiane.</span></div>
  <div class=""cpv-stat""><strong>febbraio</strong><span>Periodo spesso interessante per tenere sotto controllo la rotta.</span></div>
  <div class=""cpv-stat""><strong>9</strong><span>Aeroporti italiani prioritari da confrontare per questa destinazione.</span></div>
</div>
<h2>Offerte voli per Kokshetau</h2>
<p>Per trovare il miglior equilibrio tra prezzo, durata e comfort, conviene verificare piu aeroporti di partenza italiani e confrontare giorni feriali e weekend.</p>
<table>
  <thead>
    <tr><th>Partenza</th><th>Prezzo da</th><th>Durata indicativa</th><th>Mese da monitorare</th></tr>
  </thead>
  <tbody>
    <tr><td>Leonardo da Vinci-Fiumicino Airport (FCO)</td><td>EUR 112</td><td>11h 30</td><td>ottobre</td></tr><tr><td>Ciampino-G. B. Pastine International Airport (CIA)</td><td>EUR 92</td><td>5h 10</td><td>febbraio</td></tr><tr><td>Milano Malpensa Airport (MXP)</td><td>EUR 107</td><td>1h 40</td><td>maggio</td></tr><tr><td>Orio al Serio International Airport (BGY)</td><td>EUR 161</td><td>6h 40</td><td>novembre</td></tr><tr><td>Milano Linate Airport (LIN)</td><td>EUR 148</td><td>4h 30</td><td>ottobre</td></tr><tr><td>Naples International Airport (NAP)</td><td>EUR 117</td><td>3h 20</td><td>marzo</td></tr><tr><td>Venice Marco Polo Airport (VCE)</td><td>EUR 109</td><td>8h 00</td><td>luglio</td></tr><tr><td>Catania-Fontanarossa Airport (CTA)</td><td>EUR 119</td><td>9h 40</td><td>maggio</td></tr><tr><td>Guglielmo Marconi Airport (BLQ)</td><td>EUR 99</td><td>3h 20</td><td>settembre</td></tr>
  </tbody>
</table>
<h2>Aeroporti italiani da cui conviene partire</h2>
<div class=""cpv-chip-list""><span class=""cpv-chip"">Leonardo da Vinci-Fiumicino Airport</span><span class=""cpv-chip"">Ciampino-G. B. Pastine International Airport</span><span class=""cpv-chip"">Milano Malpensa Airport</span><span class=""cpv-chip"">Orio al Serio International Airport</span><span class=""cpv-chip"">Milano Linate Airport</span><span class=""cpv-chip"">Naples International Airport</span></div>
<div class=""cpv-landing-grid"">
  <div class=""cpv-landing-card""><strong>City break</strong><p>Se Kokshetau e una meta urbana, le partenze del venerdi e del sabato sono spesso le piu monitorate.</p></div>
  <div class=""cpv-landing-card""><strong>Viaggi stagionali</strong><p>In alcuni periodi dell'anno le tariffe possono variare molto, soprattutto vicino ai ponti e alle festivita.</p></div>
  <div class=""cpv-landing-card""><strong>Confronto rapido</strong><p>Valuta aeroporti maggiori e secondari per capire se un piccolo spostamento porta a un risparmio concreto.</p></div>
</div>
<h2>Domande frequenti sui voli per Kokshetau</h2>
<div class=""cpv-faq"">
  <details><summary>Qual e il modo migliore per cercare voli per Kokshetau?</summary><p>Confronta piu aeroporti italiani, prova date flessibili e verifica anche partenze infrasettimanali per migliorare le possibilita di risparmio.</p></details>
  <details><summary>Meglio volo diretto o con scalo?</summary><p>Per tratte medio-brevi il diretto e spesso la scelta piu comoda, mentre su alcune rotte uno scalo puo ridurre il prezzo finale.</p></details>
  <details><summary>Quando controllare i prezzi per Kokshetau?</summary><p>Vale la pena iniziare a monitorare la rotta in anticipo e verificare con regolarita i giorni piu vicini alla partenza ideale.</p></details>
</div>","Voli per citta|Voli intercontinentali",city,KOV,/voli-per/kokshetau/,"Voli per Kokshetau (KOV): offerte e guide | ConfrontaPrezziVoli","Trova voli per Kokshetau dai principali aeroporti italiani. Tariffe indicative da EUR 104 e consigli per scegliere il periodo migliore.","voli per Kokshetau",cities,"Mese tipicamente conveniente: febbraio"
post,publish,"Voli per Koktokay (FYN): offerte, compagnie e periodo migliore per prenotare",voli-per-koktokay-fyn,"Confronta voli per Koktokay dai principali aeroporti italiani. Scopri prezzi indicativi, compagnie e consigli utili per organizzare la partenza.","<div class=""cpv-landing-note"">
  <p><strong>Perche cercare voli per Koktokay qui.</strong> Questa pagina raccoglie un quadro rapido delle partenze italiane piu interessanti per Koktokay, con tariffe indicative e consigli per scegliere il periodo piu vantaggioso.</p>
</div>
<div class=""cpv-stat-grid"">
  <div class=""cpv-stat""><strong>EUR 194</strong><span>Prezzo indicativo da monitorare dalle principali aree aeroportuali italiane.</span></div>
  <div class=""cpv-stat""><strong>agosto</strong><span>Periodo spesso interessante per tenere sotto controllo la rotta.</span></div>
  <div class=""cpv-stat""><strong>9</strong><span>Aeroporti italiani prioritari da confrontare per questa destinazione.</span></div>
</div>
<h2>Offerte voli per Koktokay</h2>
<p>Per trovare il miglior equilibrio tra prezzo, durata e comfort, conviene verificare piu aeroporti di partenza italiani e confrontare giorni feriali e weekend.</p>
<table>
  <thead>
    <tr><th>Partenza</th><th>Prezzo da</th><th>Durata indicativa</th><th>Mese da monitorare</th></tr>
  </thead>
  <tbody>
    <tr><td>Leonardo da Vinci-Fiumicino Airport (FCO)</td><td>EUR 170</td><td>3h 10</td><td>agosto</td></tr><tr><td>Ciampino-G. B. Pastine International Airport (CIA)</td><td>EUR 134</td><td>8h 10</td><td>agosto</td></tr><tr><td>Milano Malpensa Airport (MXP)</td><td>EUR 165</td><td>10h 20</td><td>marzo</td></tr><tr><td>Orio al Serio International Airport (BGY)</td><td>EUR 67</td><td>11h 00</td><td>gennaio</td></tr><tr><td>Milano Linate Airport (LIN)</td><td>EUR 42</td><td>5h 50</td><td>dicembre</td></tr><tr><td>Naples International Airport (NAP)</td><td>EUR 139</td><td>2h 00</td><td>gennaio</td></tr><tr><td>Venice Marco Polo Airport (VCE)</td><td>EUR 75</td><td>4h 20</td><td>settembre</td></tr><tr><td>Catania-Fontanarossa Airport (CTA)</td><td>EUR 29</td><td>7h 40</td><td>novembre</td></tr><tr><td>Guglielmo Marconi Airport (BLQ)</td><td>EUR 113</td><td>4h 40</td><td>novembre</td></tr>
  </tbody>
</table>
<h2>Aeroporti italiani da cui conviene partire</h2>
<div class=""cpv-chip-list""><span class=""cpv-chip"">Leonardo da Vinci-Fiumicino Airport</span><span class=""cpv-chip"">Ciampino-G. B. Pastine International Airport</span><span class=""cpv-chip"">Milano Malpensa Airport</span><span class=""cpv-chip"">Orio al Serio International Airport</span><span class=""cpv-chip"">Milano Linate Airport</span><span class=""cpv-chip"">Naples International Airport</span></div>
<div class=""cpv-landing-grid"">
  <div class=""cpv-landing-card""><strong>City break</strong><p>Se Koktokay e una meta urbana, le partenze del venerdi e del sabato sono spesso le piu monitorate.</p></div>
  <div class=""cpv-landing-card""><strong>Viaggi stagionali</strong><p>In alcuni periodi dell'anno le tariffe possono variare molto, soprattutto vicino ai ponti e alle festivita.</p></div>
  <div class=""cpv-landing-card""><strong>Confronto rapido</strong><p>Valuta aeroporti maggiori e secondari per capire se un piccolo spostamento porta a un risparmio concreto.</p></div>
</div>
<h2>Domande frequenti sui voli per Koktokay</h2>
<div class=""cpv-faq"">
  <details><summary>Qual e il modo migliore per cercare voli per Koktokay?</summary><p>Confronta piu aeroporti italiani, prova date flessibili e verifica anche partenze infrasettimanali per migliorare le possibilita di risparmio.</p></details>
  <details><summary>Meglio volo diretto o con scalo?</summary><p>Per tratte medio-brevi il diretto e spesso la scelta piu comoda, mentre su alcune rotte uno scalo puo ridurre il prezzo finale.</p></details>
  <details><summary>Quando controllare i prezzi per Koktokay?</summary><p>Vale la pena iniziare a monitorare la rotta in anticipo e verificare con regolarita i giorni piu vicini alla partenza ideale.</p></details>
</div>","Voli per citta|Voli intercontinentali",city,FYN,/voli-per/koktokay/,"Voli per Koktokay (FYN): offerte e guide | ConfrontaPrezziVoli","Trova voli per Koktokay dai principali aeroporti italiani. Tariffe indicative da EUR 194 e consigli per scegliere il periodo migliore.","voli per Koktokay",cities,"Mese tipicamente conveniente: agosto"
post,publish,"Voli per Kolhapur (KLH): offerte, compagnie e periodo migliore per prenotare",voli-per-kolhapur-klh,"Confronta voli per Kolhapur dai principali aeroporti italiani. Scopri prezzi indicativi, compagnie e consigli utili per organizzare la partenza.","<div class=""cpv-landing-note"">
  <p><strong>Perche cercare voli per Kolhapur qui.</strong> Questa pagina raccoglie un quadro rapido delle partenze italiane piu interessanti per Kolhapur, con tariffe indicative e consigli per scegliere il periodo piu vantaggioso.</p>
</div>
<div class=""cpv-stat-grid"">
  <div class=""cpv-stat""><strong>EUR 148</strong><span>Prezzo indicativo da monitorare dalle principali aree aeroportuali italiane.</span></div>
  <div class=""cpv-stat""><strong>ottobre</strong><span>Periodo spesso interessante per tenere sotto controllo la rotta.</span></div>
  <div class=""cpv-stat""><strong>9</strong><span>Aeroporti italiani prioritari da confrontare per questa destinazione.</span></div>
</div>
<h2>Offerte voli per Kolhapur</h2>
<p>Per trovare il miglior equilibrio tra prezzo, durata e comfort, conviene verificare piu aeroporti di partenza italiani e confrontare giorni feriali e weekend.</p>
<table>
  <thead>
    <tr><th>Partenza</th><th>Prezzo da</th><th>Durata indicativa</th><th>Mese da monitorare</th></tr>
  </thead>
  <tbody>
    <tr><td>Leonardo da Vinci-Fiumicino Airport (FCO)</td><td>EUR 32</td><td>4h 10</td><td>febbraio</td></tr><tr><td>Ciampino-G. B. Pastine International Airport (CIA)</td><td>EUR 64</td><td>2h 30</td><td>ottobre</td></tr><tr><td>Milano Malpensa Airport (MXP)</td><td>EUR 171</td><td>3h 20</td><td>settembre</td></tr><tr><td>Orio al Serio International Airport (BGY)</td><td>EUR 85</td><td>4h 00</td><td>luglio</td></tr><tr><td>Milano Linate Airport (LIN)</td><td>EUR 64</td><td>7h 30</td><td>ottobre</td></tr><tr><td>Naples International Airport (NAP)</td><td>EUR 113</td><td>6h 40</td><td>novembre</td></tr><tr><td>Venice Marco Polo Airport (VCE)</td><td>EUR 45</td><td>3h 20</td><td>marzo</td></tr><tr><td>Catania-Fontanarossa Airport (CTA)</td><td>EUR 107</td><td>6h 40</td><td>maggio</td></tr><tr><td>Guglielmo Marconi Airport (BLQ)</td><td>EUR 115</td><td>10h 00</td><td>gennaio</td></tr>
  </tbody>
</table>
<h2>Aeroporti italiani da cui conviene partire</h2>
<div class=""cpv-chip-list""><span class=""cpv-chip"">Leonardo da Vinci-Fiumicino Airport</span><span class=""cpv-chip"">Ciampino-G. B. Pastine International Airport</span><span class=""cpv-chip"">Milano Malpensa Airport</span><span class=""cpv-chip"">Orio al Serio International Airport</span><span class=""cpv-chip"">Milano Linate Airport</span><span class=""cpv-chip"">Naples International Airport</span></div>
<div class=""cpv-landing-grid"">
  <div class=""cpv-landing-card""><strong>City break</strong><p>Se Kolhapur e una meta urbana, le partenze del venerdi e del sabato sono spesso le piu monitorate.</p></div>
  <div class=""cpv-landing-card""><strong>Viaggi stagionali</strong><p>In alcuni periodi dell'anno le tariffe possono variare molto, soprattutto vicino ai ponti e alle festivita.</p></div>
  <div class=""cpv-landing-card""><strong>Confronto rapido</strong><p>Valuta aeroporti maggiori e secondari per capire se un piccolo spostamento porta a un risparmio concreto.</p></div>
</div>
<h2>Domande frequenti sui voli per Kolhapur</h2>
<div class=""cpv-faq"">
  <details><summary>Qual e il modo migliore per cercare voli per Kolhapur?</summary><p>Confronta piu aeroporti italiani, prova date flessibili e verifica anche partenze infrasettimanali per migliorare le possibilita di risparmio.</p></details>
  <details><summary>Meglio volo diretto o con scalo?</summary><p>Per tratte medio-brevi il diretto e spesso la scelta piu comoda, mentre su alcune rotte uno scalo puo ridurre il prezzo finale.</p></details>
  <details><summary>Quando controllare i prezzi per Kolhapur?</summary><p>Vale la pena iniziare a monitorare la rotta in anticipo e verificare con regolarita i giorni piu vicini alla partenza ideale.</p></details>
</div>","Voli per citta|Voli intercontinentali",city,KLH,/voli-per/kolhapur/,"Voli per Kolhapur (KLH): offerte e guide | ConfrontaPrezziVoli","Trova voli per Kolhapur dai principali aeroporti italiani. Tariffe indicative da EUR 148 e consigli per scegliere il periodo migliore.","voli per Kolhapur",cities,"Mese tipicamente conveniente: ottobre"
post,publish,"Voli per Kolkata (CCU): offerte, compagnie e periodo migliore per prenotare",voli-per-kolkata-ccu,"Confronta voli per Kolkata dai principali aeroporti italiani. Scopri prezzi indicativi, compagnie e consigli utili per organizzare la partenza.","<div class=""cpv-landing-note"">
  <p><strong>Perche cercare voli per Kolkata qui.</strong> Questa pagina raccoglie un quadro rapido delle partenze italiane piu interessanti per Kolkata, con tariffe indicative e consigli per scegliere il periodo piu vantaggioso.</p>
</div>
<div class=""cpv-stat-grid"">
  <div class=""cpv-stat""><strong>EUR 98</strong><span>Prezzo indicativo da monitorare dalle principali aree aeroportuali italiane.</span></div>
  <div class=""cpv-stat""><strong>agosto</strong><span>Periodo spesso interessante per tenere sotto controllo la rotta.</span></div>
  <div class=""cpv-stat""><strong>9</strong><span>Aeroporti italiani prioritari da confrontare per questa destinazione.</span></div>
</div>
<h2>Offerte voli per Kolkata</h2>
<p>Per trovare il miglior equilibrio tra prezzo, durata e comfort, conviene verificare piu aeroporti di partenza italiani e confrontare giorni feriali e weekend.</p>
<table>
  <thead>
    <tr><th>Partenza</th><th>Prezzo da</th><th>Durata indicativa</th><th>Mese da monitorare</th></tr>
  </thead>
  <tbody>
    <tr><td>Leonardo da Vinci-Fiumicino Airport (FCO)</td><td>EUR 98</td><td>11h 10</td><td>agosto</td></tr><tr><td>Ciampino-G. B. Pastine International Airport (CIA)</td><td>EUR 166</td><td>5h 30</td><td>aprile</td></tr><tr><td>Milano Malpensa Airport (MXP)</td><td>EUR 49</td><td>5h 00</td><td>luglio</td></tr><tr><td>Orio al Serio International Airport (BGY)</td><td>EUR 119</td><td>2h 40</td><td>maggio</td></tr><tr><td>Milano Linate Airport (LIN)</td><td>EUR 82</td><td>6h 30</td><td>aprile</td></tr><tr><td>Naples International Airport (NAP)</td><td>EUR 55</td><td>2h 00</td><td>gennaio</td></tr><tr><td>Venice Marco Polo Airport (VCE)</td><td>EUR 123</td><td>1h 20</td><td>settembre</td></tr><tr><td>Catania-Fontanarossa Airport (CTA)</td><td>EUR 141</td><td>1h 20</td><td>marzo</td></tr><tr><td>Guglielmo Marconi Airport (BLQ)</td><td>EUR 153</td><td>6h 20</td><td>marzo</td></tr>
  </tbody>
</table>
<h2>Aeroporti italiani da cui conviene partire</h2>
<div class=""cpv-chip-list""><span class=""cpv-chip"">Leonardo da Vinci-Fiumicino Airport</span><span class=""cpv-chip"">Ciampino-G. B. Pastine International Airport</span><span class=""cpv-chip"">Milano Malpensa Airport</span><span class=""cpv-chip"">Orio al Serio International Airport</span><span class=""cpv-chip"">Milano Linate Airport</span><span class=""cpv-chip"">Naples International Airport</span></div>
<div class=""cpv-landing-grid"">
  <div class=""cpv-landing-card""><strong>City break</strong><p>Se Kolkata e una meta urbana, le partenze del venerdi e del sabato sono spesso le piu monitorate.</p></div>
  <div class=""cpv-landing-card""><strong>Viaggi stagionali</strong><p>In alcuni periodi dell'anno le tariffe possono variare molto, soprattutto vicino ai ponti e alle festivita.</p></div>
  <div class=""cpv-landing-card""><strong>Confronto rapido</strong><p>Valuta aeroporti maggiori e secondari per capire se un piccolo spostamento porta a un risparmio concreto.</p></div>
</div>
<h2>Domande frequenti sui voli per Kolkata</h2>
<div class=""cpv-faq"">
  <details><summary>Qual e il modo migliore per cercare voli per Kolkata?</summary><p>Confronta piu aeroporti italiani, prova date flessibili e verifica anche partenze infrasettimanali per migliorare le possibilita di risparmio.</p></details>
  <details><summary>Meglio volo diretto o con scalo?</summary><p>Per tratte medio-brevi il diretto e spesso la scelta piu comoda, mentre su alcune rotte uno scalo puo ridurre il prezzo finale.</p></details>
  <details><summary>Quando controllare i prezzi per Kolkata?</summary><p>Vale la pena iniziare a monitorare la rotta in anticipo e verificare con regolarita i giorni piu vicini alla partenza ideale.</p></details>
</div>","Voli per citta|Voli intercontinentali",city,CCU,/voli-per/kolkata/,"Voli per Kolkata (CCU): offerte e guide | ConfrontaPrezziVoli","Trova voli per Kolkata dai principali aeroporti italiani. Tariffe indicative da EUR 98 e consigli per scegliere il periodo migliore.","voli per Kolkata",cities,"Mese tipicamente conveniente: agosto"
post,publish,"Voli per Komatsu (KMQ): offerte, compagnie e periodo migliore per prenotare",voli-per-komatsu-kmq,"Confronta voli per Komatsu dai principali aeroporti italiani. Scopri prezzi indicativi, compagnie e consigli utili per organizzare la partenza.","<div class=""cpv-landing-note"">
  <p><strong>Perche cercare voli per Komatsu qui.</strong> Questa pagina raccoglie un quadro rapido delle partenze italiane piu interessanti per Komatsu, con tariffe indicative e consigli per scegliere il periodo piu vantaggioso.</p>
</div>
<div class=""cpv-stat-grid"">
  <div class=""cpv-stat""><strong>EUR 79</strong><span>Prezzo indicativo da monitorare dalle principali aree aeroportuali italiane.</span></div>
  <div class=""cpv-stat""><strong>gennaio</strong><span>Periodo spesso interessante per tenere sotto controllo la rotta.</span></div>
  <div class=""cpv-stat""><strong>9</strong><span>Aeroporti italiani prioritari da confrontare per questa destinazione.</span></div>
</div>
<h2>Offerte voli per Komatsu</h2>
<p>Per trovare il miglior equilibrio tra prezzo, durata e comfort, conviene verificare piu aeroporti di partenza italiani e confrontare giorni feriali e weekend.</p>
<table>
  <thead>
    <tr><th>Partenza</th><th>Prezzo da</th><th>Durata indicativa</th><th>Mese da monitorare</th></tr>
  </thead>
  <tbody>
    <tr><td>Leonardo da Vinci-Fiumicino Airport (FCO)</td><td>EUR 135</td><td>6h 20</td><td>settembre</td></tr><tr><td>Ciampino-G. B. Pastine International Airport (CIA)</td><td>EUR 91</td><td>3h 00</td><td>gennaio</td></tr><tr><td>Milano Malpensa Airport (MXP)</td><td>EUR 172</td><td>6h 30</td><td>ottobre</td></tr><tr><td>Orio al Serio International Airport (BGY)</td><td>EUR 162</td><td>10h 50</td><td>dicembre</td></tr><tr><td>Milano Linate Airport (LIN)</td><td>EUR 43</td><td>6h 00</td><td>gennaio</td></tr><tr><td>Naples International Airport (NAP)</td><td>EUR 182</td><td>9h 10</td><td>agosto</td></tr><tr><td>Venice Marco Polo Airport (VCE)</td><td>EUR 162</td><td>6h 50</td><td>dicembre</td></tr><tr><td>Catania-Fontanarossa Airport (CTA)</td><td>EUR 60</td><td>2h 50</td><td>giugno</td></tr><tr><td>Guglielmo Marconi Airport (BLQ)</td><td>EUR 176</td><td>6h 10</td><td>febbraio</td></tr>
  </tbody>
</table>
<h2>Aeroporti italiani da cui conviene partire</h2>
<div class=""cpv-chip-list""><span class=""cpv-chip"">Leonardo da Vinci-Fiumicino Airport</span><span class=""cpv-chip"">Ciampino-G. B. Pastine International Airport</span><span class=""cpv-chip"">Milano Malpensa Airport</span><span class=""cpv-chip"">Orio al Serio International Airport</span><span class=""cpv-chip"">Milano Linate Airport</span><span class=""cpv-chip"">Naples International Airport</span></div>
<div class=""cpv-landing-grid"">
  <div class=""cpv-landing-card""><strong>City break</strong><p>Se Komatsu e una meta urbana, le partenze del venerdi e del sabato sono spesso le piu monitorate.</p></div>
  <div class=""cpv-landing-card""><strong>Viaggi stagionali</strong><p>In alcuni periodi dell'anno le tariffe possono variare molto, soprattutto vicino ai ponti e alle festivita.</p></div>
  <div class=""cpv-landing-card""><strong>Confronto rapido</strong><p>Valuta aeroporti maggiori e secondari per capire se un piccolo spostamento porta a un risparmio concreto.</p></div>
</div>
<h2>Domande frequenti sui voli per Komatsu</h2>
<div class=""cpv-faq"">
  <details><summary>Qual e il modo migliore per cercare voli per Komatsu?</summary><p>Confronta piu aeroporti italiani, prova date flessibili e verifica anche partenze infrasettimanali per migliorare le possibilita di risparmio.</p></details>
  <details><summary>Meglio volo diretto o con scalo?</summary><p>Per tratte medio-brevi il diretto e spesso la scelta piu comoda, mentre su alcune rotte uno scalo puo ridurre il prezzo finale.</p></details>
  <details><summary>Quando controllare i prezzi per Komatsu?</summary><p>Vale la pena iniziare a monitorare la rotta in anticipo e verificare con regolarita i giorni piu vicini alla partenza ideale.</p></details>
</div>","Voli per citta|Voli intercontinentali",city,KMQ,/voli-per/komatsu/,"Voli per Komatsu (KMQ): offerte e guide | ConfrontaPrezziVoli","Trova voli per Komatsu dai principali aeroporti italiani. Tariffe indicative da EUR 79 e consigli per scegliere il periodo migliore.","voli per Komatsu",cities,"Mese tipicamente conveniente: gennaio"
post,publish,"Voli per Komsomolsk Na Amure (KXK): offerte, compagnie e periodo migliore per prenotare",voli-per-komsomolsk-na-amure-kxk,"Confronta voli per Komsomolsk Na Amure dai principali aeroporti italiani. Scopri prezzi indicativi, compagnie e consigli utili per organizzare la partenza.","<div class=""cpv-landing-note"">
  <p><strong>Perche cercare voli per Komsomolsk Na Amure qui.</strong> Questa pagina raccoglie un quadro rapido delle partenze italiane piu interessanti per Komsomolsk Na Amure, con tariffe indicative e consigli per scegliere il periodo piu vantaggioso.</p>
</div>
<div class=""cpv-stat-grid"">
  <div class=""cpv-stat""><strong>EUR 161</strong><span>Prezzo indicativo da monitorare dalle principali aree aeroportuali italiane.</span></div>
  <div class=""cpv-stat""><strong>novembre</strong><span>Periodo spesso interessante per tenere sotto controllo la rotta.</span></div>
  <div class=""cpv-stat""><strong>9</strong><span>Aeroporti italiani prioritari da confrontare per questa destinazione.</span></div>
</div>
<h2>Offerte voli per Komsomolsk Na Amure</h2>
<p>Per trovare il miglior equilibrio tra prezzo, durata e comfort, conviene verificare piu aeroporti di partenza italiani e confrontare giorni feriali e weekend.</p>
<table>
  <thead>
    <tr><th>Partenza</th><th>Prezzo da</th><th>Durata indicativa</th><th>Mese da monitorare</th></tr>
  </thead>
  <tbody>
    <tr><td>Leonardo da Vinci-Fiumicino Airport (FCO)</td><td>EUR 29</td><td>8h 40</td><td>novembre</td></tr><tr><td>Ciampino-G. B. Pastine International Airport (CIA)</td><td>EUR 177</td><td>2h 20</td><td>marzo</td></tr><tr><td>Milano Malpensa Airport (MXP)</td><td>EUR 90</td><td>10h 50</td><td>dicembre</td></tr><tr><td>Orio al Serio International Airport (BGY)</td><td>EUR 136</td><td>3h 30</td><td>ottobre</td></tr><tr><td>Milano Linate Airport (LIN)</td><td>EUR 21</td><td>5h 20</td><td>marzo</td></tr><tr><td>Naples International Airport (NAP)</td><td>EUR 184</td><td>11h 30</td><td>ottobre</td></tr><tr><td>Venice Marco Polo Airport (VCE)</td><td>EUR 188</td><td>10h 10</td><td>febbraio</td></tr><tr><td>Catania-Fontanarossa Airport (CTA)</td><td>EUR 94</td><td>2h 30</td><td>aprile</td></tr><tr><td>Guglielmo Marconi Airport (BLQ)</td><td>EUR 54</td><td>8h 50</td><td>dicembre</td></tr>
  </tbody>
</table>
<h2>Aeroporti italiani da cui conviene partire</h2>
<div class=""cpv-chip-list""><span class=""cpv-chip"">Leonardo da Vinci-Fiumicino Airport</span><span class=""cpv-chip"">Ciampino-G. B. Pastine International Airport</span><span class=""cpv-chip"">Milano Malpensa Airport</span><span class=""cpv-chip"">Orio al Serio International Airport</span><span class=""cpv-chip"">Milano Linate Airport</span><span class=""cpv-chip"">Naples International Airport</span></div>
<div class=""cpv-landing-grid"">
  <div class=""cpv-landing-card""><strong>City break</strong><p>Se Komsomolsk Na Amure e una meta urbana, le partenze del venerdi e del sabato sono spesso le piu monitorate.</p></div>
  <div class=""cpv-landing-card""><strong>Viaggi stagionali</strong><p>In alcuni periodi dell'anno le tariffe possono variare molto, soprattutto vicino ai ponti e alle festivita.</p></div>
  <div class=""cpv-landing-card""><strong>Confronto rapido</strong><p>Valuta aeroporti maggiori e secondari per capire se un piccolo spostamento porta a un risparmio concreto.</p></div>
</div>
<h2>Domande frequenti sui voli per Komsomolsk Na Amure</h2>
<div class=""cpv-faq"">
  <details><summary>Qual e il modo migliore per cercare voli per Komsomolsk Na Amure?</summary><p>Confronta piu aeroporti italiani, prova date flessibili e verifica anche partenze infrasettimanali per migliorare le possibilita di risparmio.</p></details>
  <details><summary>Meglio volo diretto o con scalo?</summary><p>Per tratte medio-brevi il diretto e spesso la scelta piu comoda, mentre su alcune rotte uno scalo puo ridurre il prezzo finale.</p></details>
  <details><summary>Quando controllare i prezzi per Komsomolsk Na Amure?</summary><p>Vale la pena iniziare a monitorare la rotta in anticipo e verificare con regolarita i giorni piu vicini alla partenza ideale.</p></details>
</div>","Voli per citta|Voli intercontinentali",city,KXK,/voli-per/komsomolsk-na-amure/,"Voli per Komsomolsk Na Amure (KXK): offerte e guide | ConfrontaPrezziVoli","Trova voli per Komsomolsk Na Amure dai principali aeroporti italiani. Tariffe indicative da EUR 161 e consigli per scegliere il periodo migliore.","voli per Komsomolsk Na Amure",cities,"Mese tipicamente conveniente: novembre"
post,publish,"Voli per Kongiganak (KKH): offerte, compagnie e periodo migliore per prenotare",voli-per-kongiganak-kkh,"Confronta voli per Kongiganak dai principali aeroporti italiani. Scopri prezzi indicativi, compagnie e consigli utili per organizzare la partenza.","<div class=""cpv-landing-note"">
  <p><strong>Perche cercare voli per Kongiganak qui.</strong> Questa pagina raccoglie un quadro rapido delle partenze italiane piu interessanti per Kongiganak, con tariffe indicative e consigli per scegliere il periodo piu vantaggioso.</p>
</div>
<div class=""cpv-stat-grid"">
  <div class=""cpv-stat""><strong>EUR 89</strong><span>Prezzo indicativo da monitorare dalle principali aree aeroportuali italiane.</span></div>
  <div class=""cpv-stat""><strong>novembre</strong><span>Periodo spesso interessante per tenere sotto controllo la rotta.</span></div>
  <div class=""cpv-stat""><strong>9</strong><span>Aeroporti italiani prioritari da confrontare per questa destinazione.</span></div>
</div>
<h2>Offerte voli per Kongiganak</h2>
<p>Per trovare il miglior equilibrio tra prezzo, durata e comfort, conviene verificare piu aeroporti di partenza italiani e confrontare giorni feriali e weekend.</p>
<table>
  <thead>
    <tr><th>Partenza</th><th>Prezzo da</th><th>Durata indicativa</th><th>Mese da monitorare</th></tr>
  </thead>
  <tbody>
    <tr><td>Leonardo da Vinci-Fiumicino Airport (FCO)</td><td>EUR 69</td><td>3h 20</td><td>marzo</td></tr><tr><td>Ciampino-G. B. Pastine International Airport (CIA)</td><td>EUR 21</td><td>5h 20</td><td>marzo</td></tr><tr><td>Milano Malpensa Airport (MXP)</td><td>EUR 122</td><td>4h 10</td><td>agosto</td></tr><tr><td>Orio al Serio International Airport (BGY)</td><td>EUR 84</td><td>8h 50</td><td>giugno</td></tr><tr><td>Milano Linate Airport (LIN)</td><td>EUR 137</td><td>10h 40</td><td>novembre</td></tr><tr><td>Naples International Airport (NAP)</td><td>EUR 108</td><td>2h 50</td><td>giugno</td></tr><tr><td>Venice Marco Polo Airport (VCE)</td><td>EUR 124</td><td>10h 30</td><td>ottobre</td></tr><tr><td>Catania-Fontanarossa Airport (CTA)</td><td>EUR 74</td><td>7h 10</td><td>agosto</td></tr><tr><td>Guglielmo Marconi Airport (BLQ)</td><td>EUR 138</td><td>10h 50</td><td>dicembre</td></tr>
  </tbody>
</table>
<h2>Aeroporti italiani da cui conviene partire</h2>
<div class=""cpv-chip-list""><span class=""cpv-chip"">Leonardo da Vinci-Fiumicino Airport</span><span class=""cpv-chip"">Ciampino-G. B. Pastine International Airport</span><span class=""cpv-chip"">Milano Malpensa Airport</span><span class=""cpv-chip"">Orio al Serio International Airport</span><span class=""cpv-chip"">Milano Linate Airport</span><span class=""cpv-chip"">Naples International Airport</span></div>
<div class=""cpv-landing-grid"">
  <div class=""cpv-landing-card""><strong>City break</strong><p>Se Kongiganak e una meta urbana, le partenze del venerdi e del sabato sono spesso le piu monitorate.</p></div>
  <div class=""cpv-landing-card""><strong>Viaggi stagionali</strong><p>In alcuni periodi dell'anno le tariffe possono variare molto, soprattutto vicino ai ponti e alle festivita.</p></div>
  <div class=""cpv-landing-card""><strong>Confronto rapido</strong><p>Valuta aeroporti maggiori e secondari per capire se un piccolo spostamento porta a un risparmio concreto.</p></div>
</div>
<h2>Domande frequenti sui voli per Kongiganak</h2>
<div class=""cpv-faq"">
  <details><summary>Qual e il modo migliore per cercare voli per Kongiganak?</summary><p>Confronta piu aeroporti italiani, prova date flessibili e verifica anche partenze infrasettimanali per migliorare le possibilita di risparmio.</p></details>
  <details><summary>Meglio volo diretto o con scalo?</summary><p>Per tratte medio-brevi il diretto e spesso la scelta piu comoda, mentre su alcune rotte uno scalo puo ridurre il prezzo finale.</p></details>
  <details><summary>Quando controllare i prezzi per Kongiganak?</summary><p>Vale la pena iniziare a monitorare la rotta in anticipo e verificare con regolarita i giorni piu vicini alla partenza ideale.</p></details>
</div>","Voli per citta|Voli intercontinentali",city,KKH,/voli-per/kongiganak/,"Voli per Kongiganak (KKH): offerte e guide | ConfrontaPrezziVoli","Trova voli per Kongiganak dai principali aeroporti italiani. Tariffe indicative da EUR 89 e consigli per scegliere il periodo migliore.","voli per Kongiganak",cities,"Mese tipicamente conveniente: novembre"
post,publish,"Voli per Konya (KYA): offerte, compagnie e periodo migliore per prenotare",voli-per-konya-kya,"Confronta voli per Konya dai principali aeroporti italiani. Scopri prezzi indicativi, compagnie e consigli utili per organizzare la partenza.","<div class=""cpv-landing-note"">
  <p><strong>Perche cercare voli per Konya qui.</strong> Questa pagina raccoglie un quadro rapido delle partenze italiane piu interessanti per Konya, con tariffe indicative e consigli per scegliere il periodo piu vantaggioso.</p>
</div>
<div class=""cpv-stat-grid"">
  <div class=""cpv-stat""><strong>EUR 112</strong><span>Prezzo indicativo da monitorare dalle principali aree aeroportuali italiane.</span></div>
  <div class=""cpv-stat""><strong>ottobre</strong><span>Periodo spesso interessante per tenere sotto controllo la rotta.</span></div>
  <div class=""cpv-stat""><strong>9</strong><span>Aeroporti italiani prioritari da confrontare per questa destinazione.</span></div>
</div>
<h2>Offerte voli per Konya</h2>
<p>Per trovare il miglior equilibrio tra prezzo, durata e comfort, conviene verificare piu aeroporti di partenza italiani e confrontare giorni feriali e weekend.</p>
<table>
  <thead>
    <tr><th>Partenza</th><th>Prezzo da</th><th>Durata indicativa</th><th>Mese da monitorare</th></tr>
  </thead>
  <tbody>
    <tr><td>Leonardo da Vinci-Fiumicino Airport (FCO)</td><td>EUR 112</td><td>4h 30</td><td>ottobre</td></tr><tr><td>Ciampino-G. B. Pastine International Airport (CIA)</td><td>EUR 112</td><td>6h 30</td><td>ottobre</td></tr><tr><td>Milano Malpensa Airport (MXP)</td><td>EUR 195</td><td>5h 20</td><td>settembre</td></tr><tr><td>Orio al Serio International Airport (BGY)</td><td>EUR 165</td><td>7h 20</td><td>marzo</td></tr><tr><td>Milano Linate Airport (LIN)</td><td>EUR 80</td><td>10h 10</td><td>febbraio</td></tr><tr><td>Naples International Airport (NAP)</td><td>EUR 125</td><td>1h 40</td><td>novembre</td></tr><tr><td>Venice Marco Polo Airport (VCE)</td><td>EUR 149</td><td>5h 40</td><td>novembre</td></tr><tr><td>Catania-Fontanarossa Airport (CTA)</td><td>EUR 39</td><td>2h 20</td><td>settembre</td></tr><tr><td>Guglielmo Marconi Airport (BLQ)</td><td>EUR 99</td><td>4h 20</td><td>settembre</td></tr>
  </tbody>
</table>
<h2>Aeroporti italiani da cui conviene partire</h2>
<div class=""cpv-chip-list""><span class=""cpv-chip"">Leonardo da Vinci-Fiumicino Airport</span><span class=""cpv-chip"">Ciampino-G. B. Pastine International Airport</span><span class=""cpv-chip"">Milano Malpensa Airport</span><span class=""cpv-chip"">Orio al Serio International Airport</span><span class=""cpv-chip"">Milano Linate Airport</span><span class=""cpv-chip"">Naples International Airport</span></div>
<div class=""cpv-landing-grid"">
  <div class=""cpv-landing-card""><strong>City break</strong><p>Se Konya e una meta urbana, le partenze del venerdi e del sabato sono spesso le piu monitorate.</p></div>
  <div class=""cpv-landing-card""><strong>Viaggi stagionali</strong><p>In alcuni periodi dell'anno le tariffe possono variare molto, soprattutto vicino ai ponti e alle festivita.</p></div>
  <div class=""cpv-landing-card""><strong>Confronto rapido</strong><p>Valuta aeroporti maggiori e secondari per capire se un piccolo spostamento porta a un risparmio concreto.</p></div>
</div>
<h2>Domande frequenti sui voli per Konya</h2>
<div class=""cpv-faq"">
  <details><summary>Qual e il modo migliore per cercare voli per Konya?</summary><p>Confronta piu aeroporti italiani, prova date flessibili e verifica anche partenze infrasettimanali per migliorare le possibilita di risparmio.</p></details>
  <details><summary>Meglio volo diretto o con scalo?</summary><p>Per tratte medio-brevi il diretto e spesso la scelta piu comoda, mentre su alcune rotte uno scalo puo ridurre il prezzo finale.</p></details>
  <details><summary>Quando controllare i prezzi per Konya?</summary><p>Vale la pena iniziare a monitorare la rotta in anticipo e verificare con regolarita i giorni piu vicini alla partenza ideale.</p></details>
</div>","Voli per citta|Voli in Europa",city,KYA,/voli-per/konya/,"Voli per Konya (KYA): offerte e guide | ConfrontaPrezziVoli","Trova voli per Konya dai principali aeroporti italiani. Tariffe indicative da EUR 112 e consigli per scegliere il periodo migliore.","voli per Konya",cities,"Mese tipicamente conveniente: ottobre"
post,publish,"Voli per Korhogo (HGO): offerte, compagnie e periodo migliore per prenotare",voli-per-korhogo-hgo,"Confronta voli per Korhogo dai principali aeroporti italiani. Scopri prezzi indicativi, compagnie e consigli utili per organizzare la partenza.","<div class=""cpv-landing-note"">
  <p><strong>Perche cercare voli per Korhogo qui.</strong> Questa pagina raccoglie un quadro rapido delle partenze italiane piu interessanti per Korhogo, con tariffe indicative e consigli per scegliere il periodo piu vantaggioso.</p>
</div>
<div class=""cpv-stat-grid"">
  <div class=""cpv-stat""><strong>EUR 139</strong><span>Prezzo indicativo da monitorare dalle principali aree aeroportuali italiane.</span></div>
  <div class=""cpv-stat""><strong>gennaio</strong><span>Periodo spesso interessante per tenere sotto controllo la rotta.</span></div>
  <div class=""cpv-stat""><strong>9</strong><span>Aeroporti italiani prioritari da confrontare per questa destinazione.</span></div>
</div>
<h2>Offerte voli per Korhogo</h2>
<p>Per trovare il miglior equilibrio tra prezzo, durata e comfort, conviene verificare piu aeroporti di partenza italiani e confrontare giorni feriali e weekend.</p>
<table>
  <thead>
    <tr><th>Partenza</th><th>Prezzo da</th><th>Durata indicativa</th><th>Mese da monitorare</th></tr>
  </thead>
  <tbody>
    <tr><td>Leonardo da Vinci-Fiumicino Airport (FCO)</td><td>EUR 127</td><td>3h 00</td><td>gennaio</td></tr><tr><td>Ciampino-G. B. Pastine International Airport (CIA)</td><td>EUR 51</td><td>9h 20</td><td>settembre</td></tr><tr><td>Milano Malpensa Airport (MXP)</td><td>EUR 96</td><td>11h 50</td><td>giugno</td></tr><tr><td>Orio al Serio International Airport (BGY)</td><td>EUR 98</td><td>6h 10</td><td>agosto</td></tr><tr><td>Milano Linate Airport (LIN)</td><td>EUR 71</td><td>3h 40</td><td>maggio</td></tr><tr><td>Naples International Airport (NAP)</td><td>EUR 138</td><td>2h 50</td><td>dicembre</td></tr><tr><td>Venice Marco Polo Airport (VCE)</td><td>EUR 98</td><td>2h 10</td><td>agosto</td></tr><tr><td>Catania-Fontanarossa Airport (CTA)</td><td>EUR 52</td><td>11h 30</td><td>ottobre</td></tr><tr><td>Guglielmo Marconi Airport (BLQ)</td><td>EUR 44</td><td>11h 10</td><td>febbraio</td></tr>
  </tbody>
</table>
<h2>Aeroporti italiani da cui conviene partire</h2>
<div class=""cpv-chip-list""><span class=""cpv-chip"">Leonardo da Vinci-Fiumicino Airport</span><span class=""cpv-chip"">Ciampino-G. B. Pastine International Airport</span><span class=""cpv-chip"">Milano Malpensa Airport</span><span class=""cpv-chip"">Orio al Serio International Airport</span><span class=""cpv-chip"">Milano Linate Airport</span><span class=""cpv-chip"">Naples International Airport</span></div>
<div class=""cpv-landing-grid"">
  <div class=""cpv-landing-card""><strong>City break</strong><p>Se Korhogo e una meta urbana, le partenze del venerdi e del sabato sono spesso le piu monitorate.</p></div>
  <div class=""cpv-landing-card""><strong>Viaggi stagionali</strong><p>In alcuni periodi dell'anno le tariffe possono variare molto, soprattutto vicino ai ponti e alle festivita.</p></div>
  <div class=""cpv-landing-card""><strong>Confronto rapido</strong><p>Valuta aeroporti maggiori e secondari per capire se un piccolo spostamento porta a un risparmio concreto.</p></div>
</div>
<h2>Domande frequenti sui voli per Korhogo</h2>
<div class=""cpv-faq"">
  <details><summary>Qual e il modo migliore per cercare voli per Korhogo?</summary><p>Confronta piu aeroporti italiani, prova date flessibili e verifica anche partenze infrasettimanali per migliorare le possibilita di risparmio.</p></details>
  <details><summary>Meglio volo diretto o con scalo?</summary><p>Per tratte medio-brevi il diretto e spesso la scelta piu comoda, mentre su alcune rotte uno scalo puo ridurre il prezzo finale.</p></details>
  <details><summary>Quando controllare i prezzi per Korhogo?</summary><p>Vale la pena iniziare a monitorare la rotta in anticipo e verificare con regolarita i giorni piu vicini alla partenza ideale.</p></details>
</div>","Voli per citta|Voli intercontinentali",city,HGO,/voli-per/korhogo/,"Voli per Korhogo (HGO): offerte e guide | ConfrontaPrezziVoli","Trova voli per Korhogo dai principali aeroporti italiani. Tariffe indicative da EUR 139 e consigli per scegliere il periodo migliore.","voli per Korhogo",cities,"Mese tipicamente conveniente: gennaio"
post,publish,"Voli per Korla (KRL): offerte, compagnie e periodo migliore per prenotare",voli-per-korla-krl,"Confronta voli per Korla dai principali aeroporti italiani. Scopri prezzi indicativi, compagnie e consigli utili per organizzare la partenza.","<div class=""cpv-landing-note"">
  <p><strong>Perche cercare voli per Korla qui.</strong> Questa pagina raccoglie un quadro rapido delle partenze italiane piu interessanti per Korla, con tariffe indicative e consigli per scegliere il periodo piu vantaggioso.</p>
</div>
<div class=""cpv-stat-grid"">
  <div class=""cpv-stat""><strong>EUR 34</strong><span>Prezzo indicativo da monitorare dalle principali aree aeroportuali italiane.</span></div>
  <div class=""cpv-stat""><strong>aprile</strong><span>Periodo spesso interessante per tenere sotto controllo la rotta.</span></div>
  <div class=""cpv-stat""><strong>9</strong><span>Aeroporti italiani prioritari da confrontare per questa destinazione.</span></div>
</div>
<h2>Offerte voli per Korla</h2>
<p>Per trovare il miglior equilibrio tra prezzo, durata e comfort, conviene verificare piu aeroporti di partenza italiani e confrontare giorni feriali e weekend.</p>
<table>
  <thead>
    <tr><th>Partenza</th><th>Prezzo da</th><th>Durata indicativa</th><th>Mese da monitorare</th></tr>
  </thead>
  <tbody>
    <tr><td>Leonardo da Vinci-Fiumicino Airport (FCO)</td><td>EUR 26</td><td>8h 10</td><td>agosto</td></tr><tr><td>Ciampino-G. B. Pastine International Airport (CIA)</td><td>EUR 162</td><td>2h 50</td><td>dicembre</td></tr><tr><td>Milano Malpensa Airport (MXP)</td><td>EUR 21</td><td>5h 20</td><td>marzo</td></tr><tr><td>Orio al Serio International Airport (BGY)</td><td>EUR 39</td><td>8h 20</td><td>settembre</td></tr><tr><td>Milano Linate Airport (LIN)</td><td>EUR 94</td><td>4h 30</td><td>aprile</td></tr><tr><td>Naples International Airport (NAP)</td><td>EUR 59</td><td>10h 40</td><td>maggio</td></tr><tr><td>Venice Marco Polo Airport (VCE)</td><td>EUR 131</td><td>4h 40</td><td>maggio</td></tr><tr><td>Catania-Fontanarossa Airport (CTA)</td><td>EUR 137</td><td>10h 40</td><td>novembre</td></tr><tr><td>Guglielmo Marconi Airport (BLQ)</td><td>EUR 73</td><td>1h 00</td><td>luglio</td></tr>
  </tbody>
</table>
<h2>Aeroporti italiani da cui conviene partire</h2>
<div class=""cpv-chip-list""><span class=""cpv-chip"">Leonardo da Vinci-Fiumicino Airport</span><span class=""cpv-chip"">Ciampino-G. B. Pastine International Airport</span><span class=""cpv-chip"">Milano Malpensa Airport</span><span class=""cpv-chip"">Orio al Serio International Airport</span><span class=""cpv-chip"">Milano Linate Airport</span><span class=""cpv-chip"">Naples International Airport</span></div>
<div class=""cpv-landing-grid"">
  <div class=""cpv-landing-card""><strong>City break</strong><p>Se Korla e una meta urbana, le partenze del venerdi e del sabato sono spesso le piu monitorate.</p></div>
  <div class=""cpv-landing-card""><strong>Viaggi stagionali</strong><p>In alcuni periodi dell'anno le tariffe possono variare molto, soprattutto vicino ai ponti e alle festivita.</p></div>
  <div class=""cpv-landing-card""><strong>Confronto rapido</strong><p>Valuta aeroporti maggiori e secondari per capire se un piccolo spostamento porta a un risparmio concreto.</p></div>
</div>
<h2>Domande frequenti sui voli per Korla</h2>
<div class=""cpv-faq"">
  <details><summary>Qual e il modo migliore per cercare voli per Korla?</summary><p>Confronta piu aeroporti italiani, prova date flessibili e verifica anche partenze infrasettimanali per migliorare le possibilita di risparmio.</p></details>
  <details><summary>Meglio volo diretto o con scalo?</summary><p>Per tratte medio-brevi il diretto e spesso la scelta piu comoda, mentre su alcune rotte uno scalo puo ridurre il prezzo finale.</p></details>
  <details><summary>Quando controllare i prezzi per Korla?</summary><p>Vale la pena iniziare a monitorare la rotta in anticipo e verificare con regolarita i giorni piu vicini alla partenza ideale.</p></details>
</div>","Voli per citta|Voli intercontinentali",city,KRL,/voli-per/korla/,"Voli per Korla (KRL): offerte e guide | ConfrontaPrezziVoli","Trova voli per Korla dai principali aeroporti italiani. Tariffe indicative da EUR 34 e consigli per scegliere il periodo migliore.","voli per Korla",cities,"Mese tipicamente conveniente: aprile"
post,publish,"Voli per Koror (ROR): offerte, compagnie e periodo migliore per prenotare",voli-per-koror-ror,"Confronta voli per Koror dai principali aeroporti italiani. Scopri prezzi indicativi, compagnie e consigli utili per organizzare la partenza.","<div class=""cpv-landing-note"">
  <p><strong>Perche cercare voli per Koror qui.</strong> Questa pagina raccoglie un quadro rapido delle partenze italiane piu interessanti per Koror, con tariffe indicative e consigli per scegliere il periodo piu vantaggioso.</p>
</div>
<div class=""cpv-stat-grid"">
  <div class=""cpv-stat""><strong>EUR 166</strong><span>Prezzo indicativo da monitorare dalle principali aree aeroportuali italiane.</span></div>
  <div class=""cpv-stat""><strong>aprile</strong><span>Periodo spesso interessante per tenere sotto controllo la rotta.</span></div>
  <div class=""cpv-stat""><strong>9</strong><span>Aeroporti italiani prioritari da confrontare per questa destinazione.</span></div>
</div>
<h2>Offerte voli per Koror</h2>
<p>Per trovare il miglior equilibrio tra prezzo, durata e comfort, conviene verificare piu aeroporti di partenza italiani e confrontare giorni feriali e weekend.</p>
<table>
  <thead>
    <tr><th>Partenza</th><th>Prezzo da</th><th>Durata indicativa</th><th>Mese da monitorare</th></tr>
  </thead>
  <tbody>
    <tr><td>Leonardo da Vinci-Fiumicino Airport (FCO)</td><td>EUR 102</td><td>6h 50</td><td>dicembre</td></tr><tr><td>Ciampino-G. B. Pastine International Airport (CIA)</td><td>EUR 46</td><td>10h 30</td><td>aprile</td></tr><tr><td>Milano Malpensa Airport (MXP)</td><td>EUR 177</td><td>3h 20</td><td>marzo</td></tr><tr><td>Orio al Serio International Airport (BGY)</td><td>EUR 91</td><td>10h 00</td><td>gennaio</td></tr><tr><td>Milano Linate Airport (LIN)</td><td>EUR 190</td><td>6h 30</td><td>aprile</td></tr><tr><td>Naples International Airport (NAP)</td><td>EUR 63</td><td>2h 20</td><td>settembre</td></tr><tr><td>Venice Marco Polo Airport (VCE)</td><td>EUR 147</td><td>6h 20</td><td>settembre</td></tr><tr><td>Catania-Fontanarossa Airport (CTA)</td><td>EUR 69</td><td>2h 20</td><td>marzo</td></tr><tr><td>Guglielmo Marconi Airport (BLQ)</td><td>EUR 97</td><td>5h 00</td><td>luglio</td></tr>
  </tbody>
</table>
<h2>Aeroporti italiani da cui conviene partire</h2>
<div class=""cpv-chip-list""><span class=""cpv-chip"">Leonardo da Vinci-Fiumicino Airport</span><span class=""cpv-chip"">Ciampino-G. B. Pastine International Airport</span><span class=""cpv-chip"">Milano Malpensa Airport</span><span class=""cpv-chip"">Orio al Serio International Airport</span><span class=""cpv-chip"">Milano Linate Airport</span><span class=""cpv-chip"">Naples International Airport</span></div>
<div class=""cpv-landing-grid"">
  <div class=""cpv-landing-card""><strong>City break</strong><p>Se Koror e una meta urbana, le partenze del venerdi e del sabato sono spesso le piu monitorate.</p></div>
  <div class=""cpv-landing-card""><strong>Viaggi stagionali</strong><p>In alcuni periodi dell'anno le tariffe possono variare molto, soprattutto vicino ai ponti e alle festivita.</p></div>
  <div class=""cpv-landing-card""><strong>Confronto rapido</strong><p>Valuta aeroporti maggiori e secondari per capire se un piccolo spostamento porta a un risparmio concreto.</p></div>
</div>
<h2>Domande frequenti sui voli per Koror</h2>
<div class=""cpv-faq"">
  <details><summary>Qual e il modo migliore per cercare voli per Koror?</summary><p>Confronta piu aeroporti italiani, prova date flessibili e verifica anche partenze infrasettimanali per migliorare le possibilita di risparmio.</p></details>
  <details><summary>Meglio volo diretto o con scalo?</summary><p>Per tratte medio-brevi il diretto e spesso la scelta piu comoda, mentre su alcune rotte uno scalo puo ridurre il prezzo finale.</p></details>
  <details><summary>Quando controllare i prezzi per Koror?</summary><p>Vale la pena iniziare a monitorare la rotta in anticipo e verificare con regolarita i giorni piu vicini alla partenza ideale.</p></details>
</div>","Voli per citta|Voli intercontinentali",city,ROR,/voli-per/koror/,"Voli per Koror (ROR): offerte e guide | ConfrontaPrezziVoli","Trova voli per Koror dai principali aeroporti italiani. Tariffe indicative da EUR 166 e consigli per scegliere il periodo migliore.","voli per Koror",cities,"Mese tipicamente conveniente: aprile"
post,publish,"Voli per Kos (KGS): offerte, compagnie e periodo migliore per prenotare",voli-per-kos-kgs,"Confronta voli per Kos dai principali aeroporti italiani. Scopri prezzi indicativi, compagnie e consigli utili per organizzare la partenza.","<div class=""cpv-landing-note"">
  <p><strong>Perche cercare voli per Kos qui.</strong> Questa pagina raccoglie un quadro rapido delle partenze italiane piu interessanti per Kos, con tariffe indicative e consigli per scegliere il periodo piu vantaggioso.</p>
</div>
<div class=""cpv-stat-grid"">
  <div class=""cpv-stat""><strong>EUR 25</strong><span>Prezzo indicativo da monitorare dalle principali aree aeroportuali italiane.</span></div>
  <div class=""cpv-stat""><strong>luglio</strong><span>Periodo spesso interessante per tenere sotto controllo la rotta.</span></div>
  <div class=""cpv-stat""><strong>9</strong><span>Aeroporti italiani prioritari da confrontare per questa destinazione.</span></div>
</div>
<h2>Offerte voli per Kos</h2>
<p>Per trovare il miglior equilibrio tra prezzo, durata e comfort, conviene verificare piu aeroporti di partenza italiani e confrontare giorni feriali e weekend.</p>
<table>
  <thead>
    <tr><th>Partenza</th><th>Prezzo da</th><th>Durata indicativa</th><th>Mese da monitorare</th></tr>
  </thead>
  <tbody>
    <tr><td>Leonardo da Vinci-Fiumicino Airport (FCO)</td><td>EUR 65</td><td>8h 40</td><td>novembre</td></tr><tr><td>Ciampino-G. B. Pastine International Airport (CIA)</td><td>EUR 177</td><td>5h 20</td><td>marzo</td></tr><tr><td>Milano Malpensa Airport (MXP)</td><td>EUR 62</td><td>4h 10</td><td>agosto</td></tr><tr><td>Orio al Serio International Airport (BGY)</td><td>EUR 36</td><td>10h 50</td><td>giugno</td></tr><tr><td>Milano Linate Airport (LIN)</td><td>EUR 149</td><td>4h 40</td><td>novembre</td></tr><tr><td>Naples International Airport (NAP)</td><td>EUR 92</td><td>3h 10</td><td>febbraio</td></tr><tr><td>Venice Marco Polo Airport (VCE)</td><td>EUR 192</td><td>1h 50</td><td>giugno</td></tr><tr><td>Catania-Fontanarossa Airport (CTA)</td><td>EUR 154</td><td>11h 30</td><td>aprile</td></tr><tr><td>Guglielmo Marconi Airport (BLQ)</td><td>EUR 30</td><td>3h 50</td><td>dicembre</td></tr>
  </tbody>
</table>
<h2>Aeroporti italiani da cui conviene partire</h2>
<div class=""cpv-chip-list""><span class=""cpv-chip"">Leonardo da Vinci-Fiumicino Airport</span><span class=""cpv-chip"">Ciampino-G. B. Pastine International Airport</span><span class=""cpv-chip"">Milano Malpensa Airport</span><span class=""cpv-chip"">Orio al Serio International Airport</span><span class=""cpv-chip"">Milano Linate Airport</span><span class=""cpv-chip"">Naples International Airport</span></div>
<div class=""cpv-landing-grid"">
  <div class=""cpv-landing-card""><strong>City break</strong><p>Se Kos e una meta urbana, le partenze del venerdi e del sabato sono spesso le piu monitorate.</p></div>
  <div class=""cpv-landing-card""><strong>Viaggi stagionali</strong><p>In alcuni periodi dell'anno le tariffe possono variare molto, soprattutto vicino ai ponti e alle festivita.</p></div>
  <div class=""cpv-landing-card""><strong>Confronto rapido</strong><p>Valuta aeroporti maggiori e secondari per capire se un piccolo spostamento porta a un risparmio concreto.</p></div>
</div>
<h2>Domande frequenti sui voli per Kos</h2>
<div class=""cpv-faq"">
  <details><summary>Qual e il modo migliore per cercare voli per Kos?</summary><p>Confronta piu aeroporti italiani, prova date flessibili e verifica anche partenze infrasettimanali per migliorare le possibilita di risparmio.</p></details>
  <details><summary>Meglio volo diretto o con scalo?</summary><p>Per tratte medio-brevi il diretto e spesso la scelta piu comoda, mentre su alcune rotte uno scalo puo ridurre il prezzo finale.</p></details>
  <details><summary>Quando controllare i prezzi per Kos?</summary><p>Vale la pena iniziare a monitorare la rotta in anticipo e verificare con regolarita i giorni piu vicini alla partenza ideale.</p></details>
</div>","Voli per citta|Voli in Europa",city,KGS,/voli-per/kos/,"Voli per Kos (KGS): offerte e guide | ConfrontaPrezziVoli","Trova voli per Kos dai principali aeroporti italiani. Tariffe indicative da EUR 25 e consigli per scegliere il periodo migliore.","voli per Kos",cities,"Mese tipicamente conveniente: luglio"
post,publish,"Voli per Kosice (KSC): offerte, compagnie e periodo migliore per prenotare",voli-per-kosice-ksc,"Confronta voli per Kosice dai principali aeroporti italiani. Scopri prezzi indicativi, compagnie e consigli utili per organizzare la partenza.","<div class=""cpv-landing-note"">
  <p><strong>Perche cercare voli per Kosice qui.</strong> Questa pagina raccoglie un quadro rapido delle partenze italiane piu interessanti per Kosice, con tariffe indicative e consigli per scegliere il periodo piu vantaggioso.</p>
</div>
<div class=""cpv-stat-grid"">
  <div class=""cpv-stat""><strong>EUR 78</strong><span>Prezzo indicativo da monitorare dalle principali aree aeroportuali italiane.</span></div>
  <div class=""cpv-stat""><strong>dicembre</strong><span>Periodo spesso interessante per tenere sotto controllo la rotta.</span></div>
  <div class=""cpv-stat""><strong>9</strong><span>Aeroporti italiani prioritari da confrontare per questa destinazione.</span></div>
</div>
<h2>Offerte voli per Kosice</h2>
<p>Per trovare il miglior equilibrio tra prezzo, durata e comfort, conviene verificare piu aeroporti di partenza italiani e confrontare giorni feriali e weekend.</p>
<table>
  <thead>
    <tr><th>Partenza</th><th>Prezzo da</th><th>Durata indicativa</th><th>Mese da monitorare</th></tr>
  </thead>
  <tbody>
    <tr><td>Leonardo da Vinci-Fiumicino Airport (FCO)</td><td>EUR 118</td><td>10h 30</td><td>aprile</td></tr><tr><td>Ciampino-G. B. Pastine International Airport (CIA)</td><td>EUR 62</td><td>4h 10</td><td>agosto</td></tr><tr><td>Milano Malpensa Airport (MXP)</td><td>EUR 65</td><td>7h 40</td><td>novembre</td></tr><tr><td>Orio al Serio International Airport (BGY)</td><td>EUR 167</td><td>4h 40</td><td>maggio</td></tr><tr><td>Milano Linate Airport (LIN)</td><td>EUR 26</td><td>4h 10</td><td>agosto</td></tr><tr><td>Naples International Airport (NAP)</td><td>EUR 139</td><td>2h 00</td><td>gennaio</td></tr><tr><td>Venice Marco Polo Airport (VCE)</td><td>EUR 159</td><td>4h 20</td><td>settembre</td></tr><tr><td>Catania-Fontanarossa Airport (CTA)</td><td>EUR 57</td><td>7h 20</td><td>marzo</td></tr><tr><td>Guglielmo Marconi Airport (BLQ)</td><td>EUR 57</td><td>8h 20</td><td>marzo</td></tr>
  </tbody>
</table>
<h2>Aeroporti italiani da cui conviene partire</h2>
<div class=""cpv-chip-list""><span class=""cpv-chip"">Leonardo da Vinci-Fiumicino Airport</span><span class=""cpv-chip"">Ciampino-G. B. Pastine International Airport</span><span class=""cpv-chip"">Milano Malpensa Airport</span><span class=""cpv-chip"">Orio al Serio International Airport</span><span class=""cpv-chip"">Milano Linate Airport</span><span class=""cpv-chip"">Naples International Airport</span></div>
<div class=""cpv-landing-grid"">
  <div class=""cpv-landing-card""><strong>City break</strong><p>Se Kosice e una meta urbana, le partenze del venerdi e del sabato sono spesso le piu monitorate.</p></div>
  <div class=""cpv-landing-card""><strong>Viaggi stagionali</strong><p>In alcuni periodi dell'anno le tariffe possono variare molto, soprattutto vicino ai ponti e alle festivita.</p></div>
  <div class=""cpv-landing-card""><strong>Confronto rapido</strong><p>Valuta aeroporti maggiori e secondari per capire se un piccolo spostamento porta a un risparmio concreto.</p></div>
</div>
<h2>Domande frequenti sui voli per Kosice</h2>
<div class=""cpv-faq"">
  <details><summary>Qual e il modo migliore per cercare voli per Kosice?</summary><p>Confronta piu aeroporti italiani, prova date flessibili e verifica anche partenze infrasettimanali per migliorare le possibilita di risparmio.</p></details>
  <details><summary>Meglio volo diretto o con scalo?</summary><p>Per tratte medio-brevi il diretto e spesso la scelta piu comoda, mentre su alcune rotte uno scalo puo ridurre il prezzo finale.</p></details>
  <details><summary>Quando controllare i prezzi per Kosice?</summary><p>Vale la pena iniziare a monitorare la rotta in anticipo e verificare con regolarita i giorni piu vicini alla partenza ideale.</p></details>
</div>","Voli per citta|Voli in Europa",city,KSC,/voli-per/kosice/,"Voli per Kosice (KSC): offerte e guide | ConfrontaPrezziVoli","Trova voli per Kosice dai principali aeroporti italiani. Tariffe indicative da EUR 78 e consigli per scegliere il periodo migliore.","voli per Kosice",cities,"Mese tipicamente conveniente: dicembre"
post,publish,"Voli per Kosrae, Caroline Islands (KSA): offerte, compagnie e periodo migliore per prenotare",voli-per-kosrae-caroline-islands-ksa,"Confronta voli per Kosrae, Caroline Islands dai principali aeroporti italiani. Scopri prezzi indicativi, compagnie e consigli utili per organizzare la partenza.","<div class=""cpv-landing-note"">
  <p><strong>Perche cercare voli per Kosrae, Caroline Islands qui.</strong> Questa pagina raccoglie un quadro rapido delle partenze italiane piu interessanti per Kosrae, Caroline Islands, con tariffe indicative e consigli per scegliere il periodo piu vantaggioso.</p>
</div>
<div class=""cpv-stat-grid"">
  <div class=""cpv-stat""><strong>EUR 110</strong><span>Prezzo indicativo da monitorare dalle principali aree aeroportuali italiane.</span></div>
  <div class=""cpv-stat""><strong>agosto</strong><span>Periodo spesso interessante per tenere sotto controllo la rotta.</span></div>
  <div class=""cpv-stat""><strong>9</strong><span>Aeroporti italiani prioritari da confrontare per questa destinazione.</span></div>
</div>
<h2>Offerte voli per Kosrae, Caroline Islands</h2>
<p>Per trovare il miglior equilibrio tra prezzo, durata e comfort, conviene verificare piu aeroporti di partenza italiani e confrontare giorni feriali e weekend.</p>
<table>
  <thead>
    <tr><th>Partenza</th><th>Prezzo da</th><th>Durata indicativa</th><th>Mese da monitorare</th></tr>
  </thead>
  <tbody>
    <tr><td>Leonardo da Vinci-Fiumicino Airport (FCO)</td><td>EUR 170</td><td>6h 10</td><td>agosto</td></tr><tr><td>Ciampino-G. B. Pastine International Airport (CIA)</td><td>EUR 178</td><td>2h 30</td><td>aprile</td></tr><tr><td>Milano Malpensa Airport (MXP)</td><td>EUR 21</td><td>8h 20</td><td>marzo</td></tr><tr><td>Orio al Serio International Airport (BGY)</td><td>EUR 31</td><td>6h 00</td><td>gennaio</td></tr><tr><td>Milano Linate Airport (LIN)</td><td>EUR 174</td><td>11h 50</td><td>dicembre</td></tr><tr><td>Naples International Airport (NAP)</td><td>EUR 131</td><td>2h 40</td><td>maggio</td></tr><tr><td>Venice Marco Polo Airport (VCE)</td><td>EUR 43</td><td>7h 00</td><td>gennaio</td></tr><tr><td>Catania-Fontanarossa Airport (CTA)</td><td>EUR 133</td><td>7h 00</td><td>luglio</td></tr><tr><td>Guglielmo Marconi Airport (BLQ)</td><td>EUR 117</td><td>3h 20</td><td>marzo</td></tr>
  </tbody>
</table>
<h2>Aeroporti italiani da cui conviene partire</h2>
<div class=""cpv-chip-list""><span class=""cpv-chip"">Leonardo da Vinci-Fiumicino Airport</span><span class=""cpv-chip"">Ciampino-G. B. Pastine International Airport</span><span class=""cpv-chip"">Milano Malpensa Airport</span><span class=""cpv-chip"">Orio al Serio International Airport</span><span class=""cpv-chip"">Milano Linate Airport</span><span class=""cpv-chip"">Naples International Airport</span></div>
<div class=""cpv-landing-grid"">
  <div class=""cpv-landing-card""><strong>City break</strong><p>Se Kosrae, Caroline Islands e una meta urbana, le partenze del venerdi e del sabato sono spesso le piu monitorate.</p></div>
  <div class=""cpv-landing-card""><strong>Viaggi stagionali</strong><p>In alcuni periodi dell'anno le tariffe possono variare molto, soprattutto vicino ai ponti e alle festivita.</p></div>
  <div class=""cpv-landing-card""><strong>Confronto rapido</strong><p>Valuta aeroporti maggiori e secondari per capire se un piccolo spostamento porta a un risparmio concreto.</p></div>
</div>
<h2>Domande frequenti sui voli per Kosrae, Caroline Islands</h2>
<div class=""cpv-faq"">
  <details><summary>Qual e il modo migliore per cercare voli per Kosrae, Caroline Islands?</summary><p>Confronta piu aeroporti italiani, prova date flessibili e verifica anche partenze infrasettimanali per migliorare le possibilita di risparmio.</p></details>
  <details><summary>Meglio volo diretto o con scalo?</summary><p>Per tratte medio-brevi il diretto e spesso la scelta piu comoda, mentre su alcune rotte uno scalo puo ridurre il prezzo finale.</p></details>
  <details><summary>Quando controllare i prezzi per Kosrae, Caroline Islands?</summary><p>Vale la pena iniziare a monitorare la rotta in anticipo e verificare con regolarita i giorni piu vicini alla partenza ideale.</p></details>
</div>","Voli per citta|Voli intercontinentali",city,KSA,/voli-per/kosrae-caroline-islands/,"Voli per Kosrae, Caroline Islands (KSA): offerte e guide | ConfrontaPrezziVoli","Trova voli per Kosrae, Caroline Islands dai principali aeroporti italiani. Tariffe indicative da EUR 110 e consigli per scegliere il periodo migliore.","voli per Kosrae, Caroline Islands",cities,"Mese tipicamente conveniente: agosto"
post,publish,"Voli per Kostanay (KSN): offerte, compagnie e periodo migliore per prenotare",voli-per-kostanay-ksn,"Confronta voli per Kostanay dai principali aeroporti italiani. Scopri prezzi indicativi, compagnie e consigli utili per organizzare la partenza.","<div class=""cpv-landing-note"">
  <p><strong>Perche cercare voli per Kostanay qui.</strong> Questa pagina raccoglie un quadro rapido delle partenze italiane piu interessanti per Kostanay, con tariffe indicative e consigli per scegliere il periodo piu vantaggioso.</p>
</div>
<div class=""cpv-stat-grid"">
  <div class=""cpv-stat""><strong>EUR 189</strong><span>Prezzo indicativo da monitorare dalle principali aree aeroportuali italiane.</span></div>
  <div class=""cpv-stat""><strong>marzo</strong><span>Periodo spesso interessante per tenere sotto controllo la rotta.</span></div>
  <div class=""cpv-stat""><strong>9</strong><span>Aeroporti italiani prioritari da confrontare per questa destinazione.</span></div>
</div>
<h2>Offerte voli per Kostanay</h2>
<p>Per trovare il miglior equilibrio tra prezzo, durata e comfort, conviene verificare piu aeroporti di partenza italiani e confrontare giorni feriali e weekend.</p>
<table>
  <thead>
    <tr><th>Partenza</th><th>Prezzo da</th><th>Durata indicativa</th><th>Mese da monitorare</th></tr>
  </thead>
  <tbody>
    <tr><td>Leonardo da Vinci-Fiumicino Airport (FCO)</td><td>EUR 177</td><td>5h 20</td><td>marzo</td></tr><tr><td>Ciampino-G. B. Pastine International Airport (CIA)</td><td>EUR 61</td><td>5h 00</td><td>luglio</td></tr><tr><td>Milano Malpensa Airport (MXP)</td><td>EUR 42</td><td>6h 50</td><td>dicembre</td></tr><tr><td>Orio al Serio International Airport (BGY)</td><td>EUR 120</td><td>5h 50</td><td>giugno</td></tr><tr><td>Milano Linate Airport (LIN)</td><td>EUR 101</td><td>2h 40</td><td>novembre</td></tr><tr><td>Naples International Airport (NAP)</td><td>EUR 156</td><td>8h 50</td><td>giugno</td></tr><tr><td>Venice Marco Polo Airport (VCE)</td><td>EUR 28</td><td>4h 30</td><td>ottobre</td></tr><tr><td>Catania-Fontanarossa Airport (CTA)</td><td>EUR 110</td><td>8h 10</td><td>agosto</td></tr><tr><td>Guglielmo Marconi Airport (BLQ)</td><td>EUR 34</td><td>5h 30</td><td>aprile</td></tr>
  </tbody>
</table>
<h2>Aeroporti italiani da cui conviene partire</h2>
<div class=""cpv-chip-list""><span class=""cpv-chip"">Leonardo da Vinci-Fiumicino Airport</span><span class=""cpv-chip"">Ciampino-G. B. Pastine International Airport</span><span class=""cpv-chip"">Milano Malpensa Airport</span><span class=""cpv-chip"">Orio al Serio International Airport</span><span class=""cpv-chip"">Milano Linate Airport</span><span class=""cpv-chip"">Naples International Airport</span></div>
<div class=""cpv-landing-grid"">
  <div class=""cpv-landing-card""><strong>City break</strong><p>Se Kostanay e una meta urbana, le partenze del venerdi e del sabato sono spesso le piu monitorate.</p></div>
  <div class=""cpv-landing-card""><strong>Viaggi stagionali</strong><p>In alcuni periodi dell'anno le tariffe possono variare molto, soprattutto vicino ai ponti e alle festivita.</p></div>
  <div class=""cpv-landing-card""><strong>Confronto rapido</strong><p>Valuta aeroporti maggiori e secondari per capire se un piccolo spostamento porta a un risparmio concreto.</p></div>
</div>
<h2>Domande frequenti sui voli per Kostanay</h2>
<div class=""cpv-faq"">
  <details><summary>Qual e il modo migliore per cercare voli per Kostanay?</summary><p>Confronta piu aeroporti italiani, prova date flessibili e verifica anche partenze infrasettimanali per migliorare le possibilita di risparmio.</p></details>
  <details><summary>Meglio volo diretto o con scalo?</summary><p>Per tratte medio-brevi il diretto e spesso la scelta piu comoda, mentre su alcune rotte uno scalo puo ridurre il prezzo finale.</p></details>
  <details><summary>Quando controllare i prezzi per Kostanay?</summary><p>Vale la pena iniziare a monitorare la rotta in anticipo e verificare con regolarita i giorni piu vicini alla partenza ideale.</p></details>
</div>","Voli per citta|Voli intercontinentali",city,KSN,/voli-per/kostanay/,"Voli per Kostanay (KSN): offerte e guide | ConfrontaPrezziVoli","Trova voli per Kostanay dai principali aeroporti italiani. Tariffe indicative da EUR 189 e consigli per scegliere il periodo migliore.","voli per Kostanay",cities,"Mese tipicamente conveniente: marzo"
post,publish,"Voli per Kostroma (KMW): offerte, compagnie e periodo migliore per prenotare",voli-per-kostroma-kmw,"Confronta voli per Kostroma dai principali aeroporti italiani. Scopri prezzi indicativi, compagnie e consigli utili per organizzare la partenza.","<div class=""cpv-landing-note"">
  <p><strong>Perche cercare voli per Kostroma qui.</strong> Questa pagina raccoglie un quadro rapido delle partenze italiane piu interessanti per Kostroma, con tariffe indicative e consigli per scegliere il periodo piu vantaggioso.</p>
</div>
<div class=""cpv-stat-grid"">
  <div class=""cpv-stat""><strong>EUR 48</strong><span>Prezzo indicativo da monitorare dalle principali aree aeroportuali italiane.</span></div>
  <div class=""cpv-stat""><strong>giugno</strong><span>Periodo spesso interessante per tenere sotto controllo la rotta.</span></div>
  <div class=""cpv-stat""><strong>9</strong><span>Aeroporti italiani prioritari da confrontare per questa destinazione.</span></div>
</div>
<h2>Offerte voli per Kostroma</h2>
<p>Per trovare il miglior equilibrio tra prezzo, durata e comfort, conviene verificare piu aeroporti di partenza italiani e confrontare giorni feriali e weekend.</p>
<table>
  <thead>
    <tr><th>Partenza</th><th>Prezzo da</th><th>Durata indicativa</th><th>Mese da monitorare</th></tr>
  </thead>
  <tbody>
    <tr><td>Leonardo da Vinci-Fiumicino Airport (FCO)</td><td>EUR 120</td><td>7h 50</td><td>giugno</td></tr><tr><td>Ciampino-G. B. Pastine International Airport (CIA)</td><td>EUR 84</td><td>5h 50</td><td>giugno</td></tr><tr><td>Milano Malpensa Airport (MXP)</td><td>EUR 59</td><td>4h 40</td><td>maggio</td></tr><tr><td>Orio al Serio International Airport (BGY)</td><td>EUR 149</td><td>1h 40</td><td>novembre</td></tr><tr><td>Milano Linate Airport (LIN)</td><td>EUR 172</td><td>9h 30</td><td>ottobre</td></tr><tr><td>Naples International Airport (NAP)</td><td>EUR 41</td><td>8h 40</td><td>novembre</td></tr><tr><td>Venice Marco Polo Airport (VCE)</td><td>EUR 165</td><td>2h 20</td><td>marzo</td></tr><tr><td>Catania-Fontanarossa Airport (CTA)</td><td>EUR 111</td><td>8h 20</td><td>settembre</td></tr><tr><td>Guglielmo Marconi Airport (BLQ)</td><td>EUR 63</td><td>6h 20</td><td>settembre</td></tr>
  </tbody>
</table>
<h2>Aeroporti italiani da cui conviene partire</h2>
<div class=""cpv-chip-list""><span class=""cpv-chip"">Leonardo da Vinci-Fiumicino Airport</span><span class=""cpv-chip"">Ciampino-G. B. Pastine International Airport</span><span class=""cpv-chip"">Milano Malpensa Airport</span><span class=""cpv-chip"">Orio al Serio International Airport</span><span class=""cpv-chip"">Milano Linate Airport</span><span class=""cpv-chip"">Naples International Airport</span></div>
<div class=""cpv-landing-grid"">
  <div class=""cpv-landing-card""><strong>City break</strong><p>Se Kostroma e una meta urbana, le partenze del venerdi e del sabato sono spesso le piu monitorate.</p></div>
  <div class=""cpv-landing-card""><strong>Viaggi stagionali</strong><p>In alcuni periodi dell'anno le tariffe possono variare molto, soprattutto vicino ai ponti e alle festivita.</p></div>
  <div class=""cpv-landing-card""><strong>Confronto rapido</strong><p>Valuta aeroporti maggiori e secondari per capire se un piccolo spostamento porta a un risparmio concreto.</p></div>
</div>
<h2>Domande frequenti sui voli per Kostroma</h2>
<div class=""cpv-faq"">
  <details><summary>Qual e il modo migliore per cercare voli per Kostroma?</summary><p>Confronta piu aeroporti italiani, prova date flessibili e verifica anche partenze infrasettimanali per migliorare le possibilita di risparmio.</p></details>
  <details><summary>Meglio volo diretto o con scalo?</summary><p>Per tratte medio-brevi il diretto e spesso la scelta piu comoda, mentre su alcune rotte uno scalo puo ridurre il prezzo finale.</p></details>
  <details><summary>Quando controllare i prezzi per Kostroma?</summary><p>Vale la pena iniziare a monitorare la rotta in anticipo e verificare con regolarita i giorni piu vicini alla partenza ideale.</p></details>
</div>","Voli per citta|Voli intercontinentali",city,KMW,/voli-per/kostroma/,"Voli per Kostroma (KMW): offerte e guide | ConfrontaPrezziVoli","Trova voli per Kostroma dai principali aeroporti italiani. Tariffe indicative da EUR 48 e consigli per scegliere il periodo migliore.","voli per Kostroma",cities,"Mese tipicamente conveniente: giugno"
post,publish,"Voli per Kota Bharu (KBR): offerte, compagnie e periodo migliore per prenotare",voli-per-kota-bharu-kbr,"Confronta voli per Kota Bharu dai principali aeroporti italiani. Scopri prezzi indicativi, compagnie e consigli utili per organizzare la partenza.","<div class=""cpv-landing-note"">
  <p><strong>Perche cercare voli per Kota Bharu qui.</strong> Questa pagina raccoglie un quadro rapido delle partenze italiane piu interessanti per Kota Bharu, con tariffe indicative e consigli per scegliere il periodo piu vantaggioso.</p>
</div>
<div class=""cpv-stat-grid"">
  <div class=""cpv-stat""><strong>EUR 164</strong><span>Prezzo indicativo da monitorare dalle principali aree aeroportuali italiane.</span></div>
  <div class=""cpv-stat""><strong>febbraio</strong><span>Periodo spesso interessante per tenere sotto controllo la rotta.</span></div>
  <div class=""cpv-stat""><strong>9</strong><span>Aeroporti italiani prioritari da confrontare per questa destinazione.</span></div>
</div>
<h2>Offerte voli per Kota Bharu</h2>
<p>Per trovare il miglior equilibrio tra prezzo, durata e comfort, conviene verificare piu aeroporti di partenza italiani e confrontare giorni feriali e weekend.</p>
<table>
  <thead>
    <tr><th>Partenza</th><th>Prezzo da</th><th>Durata indicativa</th><th>Mese da monitorare</th></tr>
  </thead>
  <tbody>
    <tr><td>Leonardo da Vinci-Fiumicino Airport (FCO)</td><td>EUR 160</td><td>7h 30</td><td>ottobre</td></tr><tr><td>Ciampino-G. B. Pastine International Airport (CIA)</td><td>EUR 140</td><td>4h 10</td><td>febbraio</td></tr><tr><td>Milano Malpensa Airport (MXP)</td><td>EUR 91</td><td>5h 00</td><td>gennaio</td></tr><tr><td>Orio al Serio International Airport (BGY)</td><td>EUR 117</td><td>8h 20</td><td>marzo</td></tr><tr><td>Milano Linate Airport (LIN)</td><td>EUR 168</td><td>5h 50</td><td>giugno</td></tr><tr><td>Naples International Airport (NAP)</td><td>EUR 25</td><td>3h 00</td><td>luglio</td></tr><tr><td>Venice Marco Polo Airport (VCE)</td><td>EUR 69</td><td>10h 20</td><td>marzo</td></tr><tr><td>Catania-Fontanarossa Airport (CTA)</td><td>EUR 151</td><td>2h 00</td><td>gennaio</td></tr><tr><td>Guglielmo Marconi Airport (BLQ)</td><td>EUR 83</td><td>3h 40</td><td>maggio</td></tr>
  </tbody>
</table>
<h2>Aeroporti italiani da cui conviene partire</h2>
<div class=""cpv-chip-list""><span class=""cpv-chip"">Leonardo da Vinci-Fiumicino Airport</span><span class=""cpv-chip"">Ciampino-G. B. Pastine International Airport</span><span class=""cpv-chip"">Milano Malpensa Airport</span><span class=""cpv-chip"">Orio al Serio International Airport</span><span class=""cpv-chip"">Milano Linate Airport</span><span class=""cpv-chip"">Naples International Airport</span></div>
<div class=""cpv-landing-grid"">
  <div class=""cpv-landing-card""><strong>City break</strong><p>Se Kota Bharu e una meta urbana, le partenze del venerdi e del sabato sono spesso le piu monitorate.</p></div>
  <div class=""cpv-landing-card""><strong>Viaggi stagionali</strong><p>In alcuni periodi dell'anno le tariffe possono variare molto, soprattutto vicino ai ponti e alle festivita.</p></div>
  <div class=""cpv-landing-card""><strong>Confronto rapido</strong><p>Valuta aeroporti maggiori e secondari per capire se un piccolo spostamento porta a un risparmio concreto.</p></div>
</div>
<h2>Domande frequenti sui voli per Kota Bharu</h2>
<div class=""cpv-faq"">
  <details><summary>Qual e il modo migliore per cercare voli per Kota Bharu?</summary><p>Confronta piu aeroporti italiani, prova date flessibili e verifica anche partenze infrasettimanali per migliorare le possibilita di risparmio.</p></details>
  <details><summary>Meglio volo diretto o con scalo?</summary><p>Per tratte medio-brevi il diretto e spesso la scelta piu comoda, mentre su alcune rotte uno scalo puo ridurre il prezzo finale.</p></details>
  <details><summary>Quando controllare i prezzi per Kota Bharu?</summary><p>Vale la pena iniziare a monitorare la rotta in anticipo e verificare con regolarita i giorni piu vicini alla partenza ideale.</p></details>
</div>","Voli per citta|Voli intercontinentali",city,KBR,/voli-per/kota-bharu/,"Voli per Kota Bharu (KBR): offerte e guide | ConfrontaPrezziVoli","Trova voli per Kota Bharu dai principali aeroporti italiani. Tariffe indicative da EUR 164 e consigli per scegliere il periodo migliore.","voli per Kota Bharu",cities,"Mese tipicamente conveniente: febbraio"
post,publish,"Voli per Kota Kinabalu (BKI): offerte, compagnie e periodo migliore per prenotare",voli-per-kota-kinabalu-bki,"Confronta voli per Kota Kinabalu dai principali aeroporti italiani. Scopri prezzi indicativi, compagnie e consigli utili per organizzare la partenza.","<div class=""cpv-landing-note"">
  <p><strong>Perche cercare voli per Kota Kinabalu qui.</strong> Questa pagina raccoglie un quadro rapido delle partenze italiane piu interessanti per Kota Kinabalu, con tariffe indicative e consigli per scegliere il periodo piu vantaggioso.</p>
</div>
<div class=""cpv-stat-grid"">
  <div class=""cpv-stat""><strong>EUR 182</strong><span>Prezzo indicativo da monitorare dalle principali aree aeroportuali italiane.</span></div>
  <div class=""cpv-stat""><strong>agosto</strong><span>Periodo spesso interessante per tenere sotto controllo la rotta.</span></div>
  <div class=""cpv-stat""><strong>9</strong><span>Aeroporti italiani prioritari da confrontare per questa destinazione.</span></div>
</div>
<h2>Offerte voli per Kota Kinabalu</h2>
<p>Per trovare il miglior equilibrio tra prezzo, durata e comfort, conviene verificare piu aeroporti di partenza italiani e confrontare giorni feriali e weekend.</p>
<table>
  <thead>
    <tr><th>Partenza</th><th>Prezzo da</th><th>Durata indicativa</th><th>Mese da monitorare</th></tr>
  </thead>
  <tbody>
    <tr><td>Leonardo da Vinci-Fiumicino Airport (FCO)</td><td>EUR 74</td><td>3h 10</td><td>agosto</td></tr><tr><td>Ciampino-G. B. Pastine International Airport (CIA)</td><td>EUR 38</td><td>1h 10</td><td>agosto</td></tr><tr><td>Milano Malpensa Airport (MXP)</td><td>EUR 181</td><td>4h 00</td><td>luglio</td></tr><tr><td>Orio al Serio International Airport (BGY)</td><td>EUR 163</td><td>4h 00</td><td>gennaio</td></tr><tr><td>Milano Linate Airport (LIN)</td><td>EUR 94</td><td>10h 30</td><td>aprile</td></tr><tr><td>Naples International Airport (NAP)</td><td>EUR 107</td><td>9h 40</td><td>maggio</td></tr><tr><td>Venice Marco Polo Airport (VCE)</td><td>EUR 111</td><td>9h 20</td><td>settembre</td></tr><tr><td>Catania-Fontanarossa Airport (CTA)</td><td>EUR 93</td><td>6h 20</td><td>marzo</td></tr><tr><td>Guglielmo Marconi Airport (BLQ)</td><td>EUR 69</td><td>10h 20</td><td>marzo</td></tr>
  </tbody>
</table>
<h2>Aeroporti italiani da cui conviene partire</h2>
<div class=""cpv-chip-list""><span class=""cpv-chip"">Leonardo da Vinci-Fiumicino Airport</span><span class=""cpv-chip"">Ciampino-G. B. Pastine International Airport</span><span class=""cpv-chip"">Milano Malpensa Airport</span><span class=""cpv-chip"">Orio al Serio International Airport</span><span class=""cpv-chip"">Milano Linate Airport</span><span class=""cpv-chip"">Naples International Airport</span></div>
<div class=""cpv-landing-grid"">
  <div class=""cpv-landing-card""><strong>City break</strong><p>Se Kota Kinabalu e una meta urbana, le partenze del venerdi e del sabato sono spesso le piu monitorate.</p></div>
  <div class=""cpv-landing-card""><strong>Viaggi stagionali</strong><p>In alcuni periodi dell'anno le tariffe possono variare molto, soprattutto vicino ai ponti e alle festivita.</p></div>
  <div class=""cpv-landing-card""><strong>Confronto rapido</strong><p>Valuta aeroporti maggiori e secondari per capire se un piccolo spostamento porta a un risparmio concreto.</p></div>
</div>
<h2>Domande frequenti sui voli per Kota Kinabalu</h2>
<div class=""cpv-faq"">
  <details><summary>Qual e il modo migliore per cercare voli per Kota Kinabalu?</summary><p>Confronta piu aeroporti italiani, prova date flessibili e verifica anche partenze infrasettimanali per migliorare le possibilita di risparmio.</p></details>
  <details><summary>Meglio volo diretto o con scalo?</summary><p>Per tratte medio-brevi il diretto e spesso la scelta piu comoda, mentre su alcune rotte uno scalo puo ridurre il prezzo finale.</p></details>
  <details><summary>Quando controllare i prezzi per Kota Kinabalu?</summary><p>Vale la pena iniziare a monitorare la rotta in anticipo e verificare con regolarita i giorni piu vicini alla partenza ideale.</p></details>
</div>","Voli per citta|Voli intercontinentali",city,BKI,/voli-per/kota-kinabalu/,"Voli per Kota Kinabalu (BKI): offerte e guide | ConfrontaPrezziVoli","Trova voli per Kota Kinabalu dai principali aeroporti italiani. Tariffe indicative da EUR 182 e consigli per scegliere il periodo migliore.","voli per Kota Kinabalu",cities,"Mese tipicamente conveniente: agosto"
post,publish,"Voli per Kotabaru (KBU): offerte, compagnie e periodo migliore per prenotare",voli-per-kotabaru-kbu,"Confronta voli per Kotabaru dai principali aeroporti italiani. Scopri prezzi indicativi, compagnie e consigli utili per organizzare la partenza.","<div class=""cpv-landing-note"">
  <p><strong>Perche cercare voli per Kotabaru qui.</strong> Questa pagina raccoglie un quadro rapido delle partenze italiane piu interessanti per Kotabaru, con tariffe indicative e consigli per scegliere il periodo piu vantaggioso.</p>
</div>
<div class=""cpv-stat-grid"">
  <div class=""cpv-stat""><strong>EUR 157</strong><span>Prezzo indicativo da monitorare dalle principali aree aeroportuali italiane.</span></div>
  <div class=""cpv-stat""><strong>luglio</strong><span>Periodo spesso interessante per tenere sotto controllo la rotta.</span></div>
  <div class=""cpv-stat""><strong>9</strong><span>Aeroporti italiani prioritari da confrontare per questa destinazione.</span></div>
</div>
<h2>Offerte voli per Kotabaru</h2>
<p>Per trovare il miglior equilibrio tra prezzo, durata e comfort, conviene verificare piu aeroporti di partenza italiani e confrontare giorni feriali e weekend.</p>
<table>
  <thead>
    <tr><th>Partenza</th><th>Prezzo da</th><th>Durata indicativa</th><th>Mese da monitorare</th></tr>
  </thead>
  <tbody>
    <tr><td>Leonardo da Vinci-Fiumicino Airport (FCO)</td><td>EUR 141</td><td>11h 20</td><td>marzo</td></tr><tr><td>Ciampino-G. B. Pastine International Airport (CIA)</td><td>EUR 81</td><td>5h 20</td><td>marzo</td></tr><tr><td>Milano Malpensa Airport (MXP)</td><td>EUR 146</td><td>7h 10</td><td>agosto</td></tr><tr><td>Orio al Serio International Airport (BGY)</td><td>EUR 176</td><td>7h 10</td><td>febbraio</td></tr><tr><td>Milano Linate Airport (LIN)</td><td>EUR 53</td><td>4h 40</td><td>novembre</td></tr><tr><td>Naples International Airport (NAP)</td><td>EUR 156</td><td>7h 50</td><td>giugno</td></tr><tr><td>Venice Marco Polo Airport (VCE)</td><td>EUR 32</td><td>3h 10</td><td>febbraio</td></tr><tr><td>Catania-Fontanarossa Airport (CTA)</td><td>EUR 130</td><td>10h 30</td><td>aprile</td></tr><tr><td>Guglielmo Marconi Airport (BLQ)</td><td>EUR 178</td><td>1h 30</td><td>aprile</td></tr>
  </tbody>
</table>
<h2>Aeroporti italiani da cui conviene partire</h2>
<div class=""cpv-chip-list""><span class=""cpv-chip"">Leonardo da Vinci-Fiumicino Airport</span><span class=""cpv-chip"">Ciampino-G. B. Pastine International Airport</span><span class=""cpv-chip"">Milano Malpensa Airport</span><span class=""cpv-chip"">Orio al Serio International Airport</span><span class=""cpv-chip"">Milano Linate Airport</span><span class=""cpv-chip"">Naples International Airport</span></div>
<div class=""cpv-landing-grid"">
  <div class=""cpv-landing-card""><strong>City break</strong><p>Se Kotabaru e una meta urbana, le partenze del venerdi e del sabato sono spesso le piu monitorate.</p></div>
  <div class=""cpv-landing-card""><strong>Viaggi stagionali</strong><p>In alcuni periodi dell'anno le tariffe possono variare molto, soprattutto vicino ai ponti e alle festivita.</p></div>
  <div class=""cpv-landing-card""><strong>Confronto rapido</strong><p>Valuta aeroporti maggiori e secondari per capire se un piccolo spostamento porta a un risparmio concreto.</p></div>
</div>
<h2>Domande frequenti sui voli per Kotabaru</h2>
<div class=""cpv-faq"">
  <details><summary>Qual e il modo migliore per cercare voli per Kotabaru?</summary><p>Confronta piu aeroporti italiani, prova date flessibili e verifica anche partenze infrasettimanali per migliorare le possibilita di risparmio.</p></details>
  <details><summary>Meglio volo diretto o con scalo?</summary><p>Per tratte medio-brevi il diretto e spesso la scelta piu comoda, mentre su alcune rotte uno scalo puo ridurre il prezzo finale.</p></details>
  <details><summary>Quando controllare i prezzi per Kotabaru?</summary><p>Vale la pena iniziare a monitorare la rotta in anticipo e verificare con regolarita i giorni piu vicini alla partenza ideale.</p></details>
</div>","Voli per citta|Voli intercontinentali",city,KBU,/voli-per/kotabaru/,"Voli per Kotabaru (KBU): offerte e guide | ConfrontaPrezziVoli","Trova voli per Kotabaru dai principali aeroporti italiani. Tariffe indicative da EUR 157 e consigli per scegliere il periodo migliore.","voli per Kotabaru",cities,"Mese tipicamente conveniente: luglio"
post,publish,"Voli per Kotlas (KSZ): offerte, compagnie e periodo migliore per prenotare",voli-per-kotlas-ksz,"Confronta voli per Kotlas dai principali aeroporti italiani. Scopri prezzi indicativi, compagnie e consigli utili per organizzare la partenza.","<div class=""cpv-landing-note"">
  <p><strong>Perche cercare voli per Kotlas qui.</strong> Questa pagina raccoglie un quadro rapido delle partenze italiane piu interessanti per Kotlas, con tariffe indicative e consigli per scegliere il periodo piu vantaggioso.</p>
</div>
<div class=""cpv-stat-grid"">
  <div class=""cpv-stat""><strong>EUR 54</strong><span>Prezzo indicativo da monitorare dalle principali aree aeroportuali italiane.</span></div>
  <div class=""cpv-stat""><strong>dicembre</strong><span>Periodo spesso interessante per tenere sotto controllo la rotta.</span></div>
  <div class=""cpv-stat""><strong>9</strong><span>Aeroporti italiani prioritari da confrontare per questa destinazione.</span></div>
</div>
<h2>Offerte voli per Kotlas</h2>
<p>Per trovare il miglior equilibrio tra prezzo, durata e comfort, conviene verificare piu aeroporti di partenza italiani e confrontare giorni feriali e weekend.</p>
<table>
  <thead>
    <tr><th>Partenza</th><th>Prezzo da</th><th>Durata indicativa</th><th>Mese da monitorare</th></tr>
  </thead>
  <tbody>
    <tr><td>Leonardo da Vinci-Fiumicino Airport (FCO)</td><td>EUR 166</td><td>11h 30</td><td>aprile</td></tr><tr><td>Ciampino-G. B. Pastine International Airport (CIA)</td><td>EUR 154</td><td>10h 30</td><td>aprile</td></tr><tr><td>Milano Malpensa Airport (MXP)</td><td>EUR 57</td><td>3h 20</td><td>marzo</td></tr><tr><td>Orio al Serio International Airport (BGY)</td><td>EUR 119</td><td>2h 40</td><td>maggio</td></tr><tr><td>Milano Linate Airport (LIN)</td><td>EUR 194</td><td>4h 10</td><td>agosto</td></tr><tr><td>Naples International Airport (NAP)</td><td>EUR 163</td><td>7h 00</td><td>gennaio</td></tr><tr><td>Venice Marco Polo Airport (VCE)</td><td>EUR 167</td><td>6h 40</td><td>maggio</td></tr><tr><td>Catania-Fontanarossa Airport (CTA)</td><td>EUR 169</td><td>10h 00</td><td>luglio</td></tr><tr><td>Guglielmo Marconi Airport (BLQ)</td><td>EUR 101</td><td>3h 40</td><td>novembre</td></tr>
  </tbody>
</table>
<h2>Aeroporti italiani da cui conviene partire</h2>
<div class=""cpv-chip-list""><span class=""cpv-chip"">Leonardo da Vinci-Fiumicino Airport</span><span class=""cpv-chip"">Ciampino-G. B. Pastine International Airport</span><span class=""cpv-chip"">Milano Malpensa Airport</span><span class=""cpv-chip"">Orio al Serio International Airport</span><span class=""cpv-chip"">Milano Linate Airport</span><span class=""cpv-chip"">Naples International Airport</span></div>
<div class=""cpv-landing-grid"">
  <div class=""cpv-landing-card""><strong>City break</strong><p>Se Kotlas e una meta urbana, le partenze del venerdi e del sabato sono spesso le piu monitorate.</p></div>
  <div class=""cpv-landing-card""><strong>Viaggi stagionali</strong><p>In alcuni periodi dell'anno le tariffe possono variare molto, soprattutto vicino ai ponti e alle festivita.</p></div>
  <div class=""cpv-landing-card""><strong>Confronto rapido</strong><p>Valuta aeroporti maggiori e secondari per capire se un piccolo spostamento porta a un risparmio concreto.</p></div>
</div>
<h2>Domande frequenti sui voli per Kotlas</h2>
<div class=""cpv-faq"">
  <details><summary>Qual e il modo migliore per cercare voli per Kotlas?</summary><p>Confronta piu aeroporti italiani, prova date flessibili e verifica anche partenze infrasettimanali per migliorare le possibilita di risparmio.</p></details>
  <details><summary>Meglio volo diretto o con scalo?</summary><p>Per tratte medio-brevi il diretto e spesso la scelta piu comoda, mentre su alcune rotte uno scalo puo ridurre il prezzo finale.</p></details>
  <details><summary>Quando controllare i prezzi per Kotlas?</summary><p>Vale la pena iniziare a monitorare la rotta in anticipo e verificare con regolarita i giorni piu vicini alla partenza ideale.</p></details>
</div>","Voli per citta|Voli intercontinentali",city,KSZ,/voli-per/kotlas/,"Voli per Kotlas (KSZ): offerte e guide | ConfrontaPrezziVoli","Trova voli per Kotlas dai principali aeroporti italiani. Tariffe indicative da EUR 54 e consigli per scegliere il periodo migliore.","voli per Kotlas",cities,"Mese tipicamente conveniente: dicembre"
post,publish,"Voli per Kotlik (KOT): offerte, compagnie e periodo migliore per prenotare",voli-per-kotlik-kot,"Confronta voli per Kotlik dai principali aeroporti italiani. Scopri prezzi indicativi, compagnie e consigli utili per organizzare la partenza.","<div class=""cpv-landing-note"">
  <p><strong>Perche cercare voli per Kotlik qui.</strong> Questa pagina raccoglie un quadro rapido delle partenze italiane piu interessanti per Kotlik, con tariffe indicative e consigli per scegliere il periodo piu vantaggioso.</p>
</div>
<div class=""cpv-stat-grid"">
  <div class=""cpv-stat""><strong>EUR 40</strong><span>Prezzo indicativo da monitorare dalle principali aree aeroportuali italiane.</span></div>
  <div class=""cpv-stat""><strong>ottobre</strong><span>Periodo spesso interessante per tenere sotto controllo la rotta.</span></div>
  <div class=""cpv-stat""><strong>9</strong><span>Aeroporti italiani prioritari da confrontare per questa destinazione.</span></div>
</div>
<h2>Offerte voli per Kotlik</h2>
<p>Per trovare il miglior equilibrio tra prezzo, durata e comfort, conviene verificare piu aeroporti di partenza italiani e confrontare giorni feriali e weekend.</p>
<table>
  <thead>
    <tr><th>Partenza</th><th>Prezzo da</th><th>Durata indicativa</th><th>Mese da monitorare</th></tr>
  </thead>
  <tbody>
    <tr><td>Leonardo da Vinci-Fiumicino Airport (FCO)</td><td>EUR 108</td><td>7h 50</td><td>giugno</td></tr><tr><td>Ciampino-G. B. Pastine International Airport (CIA)</td><td>EUR 116</td><td>6h 10</td><td>febbraio</td></tr><tr><td>Milano Malpensa Airport (MXP)</td><td>EUR 123</td><td>2h 20</td><td>settembre</td></tr><tr><td>Orio al Serio International Airport (BGY)</td><td>EUR 89</td><td>6h 40</td><td>novembre</td></tr><tr><td>Milano Linate Airport (LIN)</td><td>EUR 116</td><td>10h 10</td><td>febbraio</td></tr><tr><td>Naples International Airport (NAP)</td><td>EUR 129</td><td>9h 20</td><td>marzo</td></tr><tr><td>Venice Marco Polo Airport (VCE)</td><td>EUR 117</td><td>7h 20</td><td>marzo</td></tr><tr><td>Catania-Fontanarossa Airport (CTA)</td><td>EUR 39</td><td>3h 20</td><td>settembre</td></tr><tr><td>Guglielmo Marconi Airport (BLQ)</td><td>EUR 163</td><td>4h 00</td><td>gennaio</td></tr>
  </tbody>
</table>
<h2>Aeroporti italiani da cui conviene partire</h2>
<div class=""cpv-chip-list""><span class=""cpv-chip"">Leonardo da Vinci-Fiumicino Airport</span><span class=""cpv-chip"">Ciampino-G. B. Pastine International Airport</span><span class=""cpv-chip"">Milano Malpensa Airport</span><span class=""cpv-chip"">Orio al Serio International Airport</span><span class=""cpv-chip"">Milano Linate Airport</span><span class=""cpv-chip"">Naples International Airport</span></div>
<div class=""cpv-landing-grid"">
  <div class=""cpv-landing-card""><strong>City break</strong><p>Se Kotlik e una meta urbana, le partenze del venerdi e del sabato sono spesso le piu monitorate.</p></div>
  <div class=""cpv-landing-card""><strong>Viaggi stagionali</strong><p>In alcuni periodi dell'anno le tariffe possono variare molto, soprattutto vicino ai ponti e alle festivita.</p></div>
  <div class=""cpv-landing-card""><strong>Confronto rapido</strong><p>Valuta aeroporti maggiori e secondari per capire se un piccolo spostamento porta a un risparmio concreto.</p></div>
</div>
<h2>Domande frequenti sui voli per Kotlik</h2>
<div class=""cpv-faq"">
  <details><summary>Qual e il modo migliore per cercare voli per Kotlik?</summary><p>Confronta piu aeroporti italiani, prova date flessibili e verifica anche partenze infrasettimanali per migliorare le possibilita di risparmio.</p></details>
  <details><summary>Meglio volo diretto o con scalo?</summary><p>Per tratte medio-brevi il diretto e spesso la scelta piu comoda, mentre su alcune rotte uno scalo puo ridurre il prezzo finale.</p></details>
  <details><summary>Quando controllare i prezzi per Kotlik?</summary><p>Vale la pena iniziare a monitorare la rotta in anticipo e verificare con regolarita i giorni piu vicini alla partenza ideale.</p></details>
</div>","Voli per citta|Voli intercontinentali",city,KOT,/voli-per/kotlik/,"Voli per Kotlik (KOT): offerte e guide | ConfrontaPrezziVoli","Trova voli per Kotlik dai principali aeroporti italiani. Tariffe indicative da EUR 40 e consigli per scegliere il periodo migliore.","voli per Kotlik",cities,"Mese tipicamente conveniente: ottobre"
post,publish,"Voli per Kotzebue (OTZ): offerte, compagnie e periodo migliore per prenotare",voli-per-kotzebue-otz,"Confronta voli per Kotzebue dai principali aeroporti italiani. Scopri prezzi indicativi, compagnie e consigli utili per organizzare la partenza.","<div class=""cpv-landing-note"">
  <p><strong>Perche cercare voli per Kotzebue qui.</strong> Questa pagina raccoglie un quadro rapido delle partenze italiane piu interessanti per Kotzebue, con tariffe indicative e consigli per scegliere il periodo piu vantaggioso.</p>
</div>
<div class=""cpv-stat-grid"">
  <div class=""cpv-stat""><strong>EUR 131</strong><span>Prezzo indicativo da monitorare dalle principali aree aeroportuali italiane.</span></div>
  <div class=""cpv-stat""><strong>maggio</strong><span>Periodo spesso interessante per tenere sotto controllo la rotta.</span></div>
  <div class=""cpv-stat""><strong>9</strong><span>Aeroporti italiani prioritari da confrontare per questa destinazione.</span></div>
</div>
<h2>Offerte voli per Kotzebue</h2>
<p>Per trovare il miglior equilibrio tra prezzo, durata e comfort, conviene verificare piu aeroporti di partenza italiani e confrontare giorni feriali e weekend.</p>
<table>
  <thead>
    <tr><th>Partenza</th><th>Prezzo da</th><th>Durata indicativa</th><th>Mese da monitorare</th></tr>
  </thead>
  <tbody>
    <tr><td>Leonardo da Vinci-Fiumicino Airport (FCO)</td><td>EUR 95</td><td>9h 40</td><td>maggio</td></tr><tr><td>Ciampino-G. B. Pastine International Airport (CIA)</td><td>EUR 159</td><td>6h 20</td><td>settembre</td></tr><tr><td>Milano Malpensa Airport (MXP)</td><td>EUR 64</td><td>3h 30</td><td>ottobre</td></tr><tr><td>Orio al Serio International Airport (BGY)</td><td>EUR 22</td><td>6h 30</td><td>aprile</td></tr><tr><td>Milano Linate Airport (LIN)</td><td>EUR 103</td><td>8h 00</td><td>gennaio</td></tr><tr><td>Naples International Airport (NAP)</td><td>EUR 54</td><td>1h 50</td><td>dicembre</td></tr><tr><td>Venice Marco Polo Airport (VCE)</td><td>EUR 70</td><td>1h 30</td><td>aprile</td></tr><tr><td>Catania-Fontanarossa Airport (CTA)</td><td>EUR 136</td><td>5h 30</td><td>ottobre</td></tr><tr><td>Guglielmo Marconi Airport (BLQ)</td><td>EUR 120</td><td>8h 50</td><td>giugno</td></tr>
  </tbody>
</table>
<h2>Aeroporti italiani da cui conviene partire</h2>
<div class=""cpv-chip-list""><span class=""cpv-chip"">Leonardo da Vinci-Fiumicino Airport</span><span class=""cpv-chip"">Ciampino-G. B. Pastine International Airport</span><span class=""cpv-chip"">Milano Malpensa Airport</span><span class=""cpv-chip"">Orio al Serio International Airport</span><span class=""cpv-chip"">Milano Linate Airport</span><span class=""cpv-chip"">Naples International Airport</span></div>
<div class=""cpv-landing-grid"">
  <div class=""cpv-landing-card""><strong>City break</strong><p>Se Kotzebue e una meta urbana, le partenze del venerdi e del sabato sono spesso le piu monitorate.</p></div>
  <div class=""cpv-landing-card""><strong>Viaggi stagionali</strong><p>In alcuni periodi dell'anno le tariffe possono variare molto, soprattutto vicino ai ponti e alle festivita.</p></div>
  <div class=""cpv-landing-card""><strong>Confronto rapido</strong><p>Valuta aeroporti maggiori e secondari per capire se un piccolo spostamento porta a un risparmio concreto.</p></div>
</div>
<h2>Domande frequenti sui voli per Kotzebue</h2>
<div class=""cpv-faq"">
  <details><summary>Qual e il modo migliore per cercare voli per Kotzebue?</summary><p>Confronta piu aeroporti italiani, prova date flessibili e verifica anche partenze infrasettimanali per migliorare le possibilita di risparmio.</p></details>
  <details><summary>Meglio volo diretto o con scalo?</summary><p>Per tratte medio-brevi il diretto e spesso la scelta piu comoda, mentre su alcune rotte uno scalo puo ridurre il prezzo finale.</p></details>
  <details><summary>Quando controllare i prezzi per Kotzebue?</summary><p>Vale la pena iniziare a monitorare la rotta in anticipo e verificare con regolarita i giorni piu vicini alla partenza ideale.</p></details>
</div>","Voli per citta|Voli intercontinentali",city,OTZ,/voli-per/kotzebue/,"Voli per Kotzebue (OTZ): offerte e guide | ConfrontaPrezziVoli","Trova voli per Kotzebue dai principali aeroporti italiani. Tariffe indicative da EUR 131 e consigli per scegliere il periodo migliore.","voli per Kotzebue",cities,"Mese tipicamente conveniente: maggio"
post,publish,"Voli per Kowanyama (KWM): offerte, compagnie e periodo migliore per prenotare",voli-per-kowanyama-kwm,"Confronta voli per Kowanyama dai principali aeroporti italiani. Scopri prezzi indicativi, compagnie e consigli utili per organizzare la partenza.","<div class=""cpv-landing-note"">
  <p><strong>Perche cercare voli per Kowanyama qui.</strong> Questa pagina raccoglie un quadro rapido delle partenze italiane piu interessanti per Kowanyama, con tariffe indicative e consigli per scegliere il periodo piu vantaggioso.</p>
</div>
<div class=""cpv-stat-grid"">
  <div class=""cpv-stat""><strong>EUR 103</strong><span>Prezzo indicativo da monitorare dalle principali aree aeroportuali italiane.</span></div>
  <div class=""cpv-stat""><strong>gennaio</strong><span>Periodo spesso interessante per tenere sotto controllo la rotta.</span></div>
  <div class=""cpv-stat""><strong>9</strong><span>Aeroporti italiani prioritari da confrontare per questa destinazione.</span></div>
</div>
<h2>Offerte voli per Kowanyama</h2>
<p>Per trovare il miglior equilibrio tra prezzo, durata e comfort, conviene verificare piu aeroporti di partenza italiani e confrontare giorni feriali e weekend.</p>
<table>
  <thead>
    <tr><th>Partenza</th><th>Prezzo da</th><th>Durata indicativa</th><th>Mese da monitorare</th></tr>
  </thead>
  <tbody>
    <tr><td>Leonardo da Vinci-Fiumicino Airport (FCO)</td><td>EUR 183</td><td>5h 20</td><td>settembre</td></tr><tr><td>Ciampino-G. B. Pastine International Airport (CIA)</td><td>EUR 91</td><td>10h 00</td><td>gennaio</td></tr><tr><td>Milano Malpensa Airport (MXP)</td><td>EUR 136</td><td>6h 30</td><td>ottobre</td></tr><tr><td>Orio al Serio International Airport (BGY)</td><td>EUR 130</td><td>1h 30</td><td>aprile</td></tr><tr><td>Milano Linate Airport (LIN)</td><td>EUR 39</td><td>5h 20</td><td>settembre</td></tr><tr><td>Naples International Airport (NAP)</td><td>EUR 98</td><td>9h 10</td><td>agosto</td></tr><tr><td>Venice Marco Polo Airport (VCE)</td><td>EUR 66</td><td>8h 50</td><td>dicembre</td></tr><tr><td>Catania-Fontanarossa Airport (CTA)</td><td>EUR 168</td><td>9h 50</td><td>giugno</td></tr><tr><td>Guglielmo Marconi Airport (BLQ)</td><td>EUR 184</td><td>6h 30</td><td>ottobre</td></tr>
  </tbody>
</table>
<h2>Aeroporti italiani da cui conviene partire</h2>
<div class=""cpv-chip-list""><span class=""cpv-chip"">Leonardo da Vinci-Fiumicino Airport</span><span class=""cpv-chip"">Ciampino-G. B. Pastine International Airport</span><span class=""cpv-chip"">Milano Malpensa Airport</span><span class=""cpv-chip"">Orio al Serio International Airport</span><span class=""cpv-chip"">Milano Linate Airport</span><span class=""cpv-chip"">Naples International Airport</span></div>
<div class=""cpv-landing-grid"">
  <div class=""cpv-landing-card""><strong>City break</strong><p>Se Kowanyama e una meta urbana, le partenze del venerdi e del sabato sono spesso le piu monitorate.</p></div>
  <div class=""cpv-landing-card""><strong>Viaggi stagionali</strong><p>In alcuni periodi dell'anno le tariffe possono variare molto, soprattutto vicino ai ponti e alle festivita.</p></div>
  <div class=""cpv-landing-card""><strong>Confronto rapido</strong><p>Valuta aeroporti maggiori e secondari per capire se un piccolo spostamento porta a un risparmio concreto.</p></div>
</div>
<h2>Domande frequenti sui voli per Kowanyama</h2>
<div class=""cpv-faq"">
  <details><summary>Qual e il modo migliore per cercare voli per Kowanyama?</summary><p>Confronta piu aeroporti italiani, prova date flessibili e verifica anche partenze infrasettimanali per migliorare le possibilita di risparmio.</p></details>
  <details><summary>Meglio volo diretto o con scalo?</summary><p>Per tratte medio-brevi il diretto e spesso la scelta piu comoda, mentre su alcune rotte uno scalo puo ridurre il prezzo finale.</p></details>
  <details><summary>Quando controllare i prezzi per Kowanyama?</summary><p>Vale la pena iniziare a monitorare la rotta in anticipo e verificare con regolarita i giorni piu vicini alla partenza ideale.</p></details>
</div>","Voli per citta|Voli intercontinentali",city,KWM,/voli-per/kowanyama/,"Voli per Kowanyama (KWM): offerte e guide | ConfrontaPrezziVoli","Trova voli per Kowanyama dai principali aeroporti italiani. Tariffe indicative da EUR 103 e consigli per scegliere il periodo migliore.","voli per Kowanyama",cities,"Mese tipicamente conveniente: gennaio"
post,publish,"Voli per Koyuk (KKA): offerte, compagnie e periodo migliore per prenotare",voli-per-koyuk-kka,"Confronta voli per Koyuk dai principali aeroporti italiani. Scopri prezzi indicativi, compagnie e consigli utili per organizzare la partenza.","<div class=""cpv-landing-note"">
  <p><strong>Perche cercare voli per Koyuk qui.</strong> Questa pagina raccoglie un quadro rapido delle partenze italiane piu interessanti per Koyuk, con tariffe indicative e consigli per scegliere il periodo piu vantaggioso.</p>
</div>
<div class=""cpv-stat-grid"">
  <div class=""cpv-stat""><strong>EUR 149</strong><span>Prezzo indicativo da monitorare dalle principali aree aeroportuali italiane.</span></div>
  <div class=""cpv-stat""><strong>novembre</strong><span>Periodo spesso interessante per tenere sotto controllo la rotta.</span></div>
  <div class=""cpv-stat""><strong>9</strong><span>Aeroporti italiani prioritari da confrontare per questa destinazione.</span></div>
</div>
<h2>Offerte voli per Koyuk</h2>
<p>Per trovare il miglior equilibrio tra prezzo, durata e comfort, conviene verificare piu aeroporti di partenza italiani e confrontare giorni feriali e weekend.</p>
<table>
  <thead>
    <tr><th>Partenza</th><th>Prezzo da</th><th>Durata indicativa</th><th>Mese da monitorare</th></tr>
  </thead>
  <tbody>
    <tr><td>Leonardo da Vinci-Fiumicino Airport (FCO)</td><td>EUR 113</td><td>3h 40</td><td>novembre</td></tr><tr><td>Ciampino-G. B. Pastine International Airport (CIA)</td><td>EUR 129</td><td>8h 20</td><td>marzo</td></tr><tr><td>Milano Malpensa Airport (MXP)</td><td>EUR 122</td><td>5h 10</td><td>agosto</td></tr><tr><td>Orio al Serio International Airport (BGY)</td><td>EUR 120</td><td>3h 50</td><td>giugno</td></tr><tr><td>Milano Linate Airport (LIN)</td><td>EUR 53</td><td>10h 40</td><td>novembre</td></tr><tr><td>Naples International Airport (NAP)</td><td>EUR 40</td><td>4h 30</td><td>ottobre</td></tr><tr><td>Venice Marco Polo Airport (VCE)</td><td>EUR 124</td><td>6h 30</td><td>ottobre</td></tr><tr><td>Catania-Fontanarossa Airport (CTA)</td><td>EUR 126</td><td>4h 50</td><td>dicembre</td></tr><tr><td>Guglielmo Marconi Airport (BLQ)</td><td>EUR 66</td><td>10h 50</td><td>dicembre</td></tr>
  </tbody>
</table>
<h2>Aeroporti italiani da cui conviene partire</h2>
<div class=""cpv-chip-list""><span class=""cpv-chip"">Leonardo da Vinci-Fiumicino Airport</span><span class=""cpv-chip"">Ciampino-G. B. Pastine International Airport</span><span class=""cpv-chip"">Milano Malpensa Airport</span><span class=""cpv-chip"">Orio al Serio International Airport</span><span class=""cpv-chip"">Milano Linate Airport</span><span class=""cpv-chip"">Naples International Airport</span></div>
<div class=""cpv-landing-grid"">
  <div class=""cpv-landing-card""><strong>City break</strong><p>Se Koyuk e una meta urbana, le partenze del venerdi e del sabato sono spesso le piu monitorate.</p></div>
  <div class=""cpv-landing-card""><strong>Viaggi stagionali</strong><p>In alcuni periodi dell'anno le tariffe possono variare molto, soprattutto vicino ai ponti e alle festivita.</p></div>
  <div class=""cpv-landing-card""><strong>Confronto rapido</strong><p>Valuta aeroporti maggiori e secondari per capire se un piccolo spostamento porta a un risparmio concreto.</p></div>
</div>
<h2>Domande frequenti sui voli per Koyuk</h2>
<div class=""cpv-faq"">
  <details><summary>Qual e il modo migliore per cercare voli per Koyuk?</summary><p>Confronta piu aeroporti italiani, prova date flessibili e verifica anche partenze infrasettimanali per migliorare le possibilita di risparmio.</p></details>
  <details><summary>Meglio volo diretto o con scalo?</summary><p>Per tratte medio-brevi il diretto e spesso la scelta piu comoda, mentre su alcune rotte uno scalo puo ridurre il prezzo finale.</p></details>
  <details><summary>Quando controllare i prezzi per Koyuk?</summary><p>Vale la pena iniziare a monitorare la rotta in anticipo e verificare con regolarita i giorni piu vicini alla partenza ideale.</p></details>
</div>","Voli per citta|Voli intercontinentali",city,KKA,/voli-per/koyuk/,"Voli per Koyuk (KKA): offerte e guide | ConfrontaPrezziVoli","Trova voli per Koyuk dai principali aeroporti italiani. Tariffe indicative da EUR 149 e consigli per scegliere il periodo migliore.","voli per Koyuk",cities,"Mese tipicamente conveniente: novembre"
post,publish,"Voli per Koyukuk (KYU): offerte, compagnie e periodo migliore per prenotare",voli-per-koyukuk-kyu,"Confronta voli per Koyukuk dai principali aeroporti italiani. Scopri prezzi indicativi, compagnie e consigli utili per organizzare la partenza.","<div class=""cpv-landing-note"">
  <p><strong>Perche cercare voli per Koyukuk qui.</strong> Questa pagina raccoglie un quadro rapido delle partenze italiane piu interessanti per Koyukuk, con tariffe indicative e consigli per scegliere il periodo piu vantaggioso.</p>
</div>
<div class=""cpv-stat-grid"">
  <div class=""cpv-stat""><strong>EUR 87</strong><span>Prezzo indicativo da monitorare dalle principali aree aeroportuali italiane.</span></div>
  <div class=""cpv-stat""><strong>settembre</strong><span>Periodo spesso interessante per tenere sotto controllo la rotta.</span></div>
  <div class=""cpv-stat""><strong>9</strong><span>Aeroporti italiani prioritari da confrontare per questa destinazione.</span></div>
</div>
<h2>Offerte voli per Koyukuk</h2>
<p>Per trovare il miglior equilibrio tra prezzo, durata e comfort, conviene verificare piu aeroporti di partenza italiani e confrontare giorni feriali e weekend.</p>
<table>
  <thead>
    <tr><th>Partenza</th><th>Prezzo da</th><th>Durata indicativa</th><th>Mese da monitorare</th></tr>
  </thead>
  <tbody>
    <tr><td>Leonardo da Vinci-Fiumicino Airport (FCO)</td><td>EUR 79</td><td>10h 00</td><td>gennaio</td></tr><tr><td>Ciampino-G. B. Pastine International Airport (CIA)</td><td>EUR 63</td><td>2h 20</td><td>settembre</td></tr><tr><td>Milano Malpensa Airport (MXP)</td><td>EUR 120</td><td>1h 50</td><td>giugno</td></tr><tr><td>Orio al Serio International Airport (BGY)</td><td>EUR 110</td><td>6h 10</td><td>agosto</td></tr><tr><td>Milano Linate Airport (LIN)</td><td>EUR 67</td><td>6h 00</td><td>gennaio</td></tr><tr><td>Naples International Airport (NAP)</td><td>EUR 114</td><td>7h 50</td><td>dicembre</td></tr><tr><td>Venice Marco Polo Airport (VCE)</td><td>EUR 30</td><td>2h 50</td><td>dicembre</td></tr><tr><td>Catania-Fontanarossa Airport (CTA)</td><td>EUR 24</td><td>10h 50</td><td>giugno</td></tr><tr><td>Guglielmo Marconi Airport (BLQ)</td><td>EUR 52</td><td>7h 30</td><td>ottobre</td></tr>
  </tbody>
</table>
<h2>Aeroporti italiani da cui conviene partire</h2>
<div class=""cpv-chip-list""><span class=""cpv-chip"">Leonardo da Vinci-Fiumicino Airport</span><span class=""cpv-chip"">Ciampino-G. B. Pastine International Airport</span><span class=""cpv-chip"">Milano Malpensa Airport</span><span class=""cpv-chip"">Orio al Serio International Airport</span><span class=""cpv-chip"">Milano Linate Airport</span><span class=""cpv-chip"">Naples International Airport</span></div>
<div class=""cpv-landing-grid"">
  <div class=""cpv-landing-card""><strong>City break</strong><p>Se Koyukuk e una meta urbana, le partenze del venerdi e del sabato sono spesso le piu monitorate.</p></div>
  <div class=""cpv-landing-card""><strong>Viaggi stagionali</strong><p>In alcuni periodi dell'anno le tariffe possono variare molto, soprattutto vicino ai ponti e alle festivita.</p></div>
  <div class=""cpv-landing-card""><strong>Confronto rapido</strong><p>Valuta aeroporti maggiori e secondari per capire se un piccolo spostamento porta a un risparmio concreto.</p></div>
</div>
<h2>Domande frequenti sui voli per Koyukuk</h2>
<div class=""cpv-faq"">
  <details><summary>Qual e il modo migliore per cercare voli per Koyukuk?</summary><p>Confronta piu aeroporti italiani, prova date flessibili e verifica anche partenze infrasettimanali per migliorare le possibilita di risparmio.</p></details>
  <details><summary>Meglio volo diretto o con scalo?</summary><p>Per tratte medio-brevi il diretto e spesso la scelta piu comoda, mentre su alcune rotte uno scalo puo ridurre il prezzo finale.</p></details>
  <details><summary>Quando controllare i prezzi per Koyukuk?</summary><p>Vale la pena iniziare a monitorare la rotta in anticipo e verificare con regolarita i giorni piu vicini alla partenza ideale.</p></details>
</div>","Voli per citta|Voli intercontinentali",city,KYU,/voli-per/koyukuk/,"Voli per Koyukuk (KYU): offerte e guide | ConfrontaPrezziVoli","Trova voli per Koyukuk dai principali aeroporti italiani. Tariffe indicative da EUR 87 e consigli per scegliere il periodo migliore.","voli per Koyukuk",cities,"Mese tipicamente conveniente: settembre"
post,publish,"Voli per Kozani (KZI): offerte, compagnie e periodo migliore per prenotare",voli-per-kozani-kzi,"Confronta voli per Kozani dai principali aeroporti italiani. Scopri prezzi indicativi, compagnie e consigli utili per organizzare la partenza.","<div class=""cpv-landing-note"">
  <p><strong>Perche cercare voli per Kozani qui.</strong> Questa pagina raccoglie un quadro rapido delle partenze italiane piu interessanti per Kozani, con tariffe indicative e consigli per scegliere il periodo piu vantaggioso.</p>
</div>
<div class=""cpv-stat-grid"">
  <div class=""cpv-stat""><strong>EUR 35</strong><span>Prezzo indicativo da monitorare dalle principali aree aeroportuali italiane.</span></div>
  <div class=""cpv-stat""><strong>maggio</strong><span>Periodo spesso interessante per tenere sotto controllo la rotta.</span></div>
  <div class=""cpv-stat""><strong>9</strong><span>Aeroporti italiani prioritari da confrontare per questa destinazione.</span></div>
</div>
<h2>Offerte voli per Kozani</h2>
<p>Per trovare il miglior equilibrio tra prezzo, durata e comfort, conviene verificare piu aeroporti di partenza italiani e confrontare giorni feriali e weekend.</p>
<table>
  <thead>
    <tr><th>Partenza</th><th>Prezzo da</th><th>Durata indicativa</th><th>Mese da monitorare</th></tr>
  </thead>
  <tbody>
    <tr><td>Leonardo da Vinci-Fiumicino Airport (FCO)</td><td>EUR 119</td><td>7h 40</td><td>maggio</td></tr><tr><td>Ciampino-G. B. Pastine International Airport (CIA)</td><td>EUR 159</td><td>4h 20</td><td>settembre</td></tr><tr><td>Milano Malpensa Airport (MXP)</td><td>EUR 20</td><td>9h 10</td><td>febbraio</td></tr><tr><td>Orio al Serio International Airport (BGY)</td><td>EUR 130</td><td>5h 30</td><td>aprile</td></tr><tr><td>Milano Linate Airport (LIN)</td><td>EUR 143</td><td>10h 40</td><td>maggio</td></tr><tr><td>Naples International Airport (NAP)</td><td>EUR 70</td><td>3h 30</td><td>aprile</td></tr><tr><td>Venice Marco Polo Airport (VCE)</td><td>EUR 70</td><td>1h 30</td><td>aprile</td></tr><tr><td>Catania-Fontanarossa Airport (CTA)</td><td>EUR 64</td><td>4h 30</td><td>ottobre</td></tr><tr><td>Guglielmo Marconi Airport (BLQ)</td><td>EUR 88</td><td>7h 30</td><td>ottobre</td></tr>
  </tbody>
</table>
<h2>Aeroporti italiani da cui conviene partire</h2>
<div class=""cpv-chip-list""><span class=""cpv-chip"">Leonardo da Vinci-Fiumicino Airport</span><span class=""cpv-chip"">Ciampino-G. B. Pastine International Airport</span><span class=""cpv-chip"">Milano Malpensa Airport</span><span class=""cpv-chip"">Orio al Serio International Airport</span><span class=""cpv-chip"">Milano Linate Airport</span><span class=""cpv-chip"">Naples International Airport</span></div>
<div class=""cpv-landing-grid"">
  <div class=""cpv-landing-card""><strong>City break</strong><p>Se Kozani e una meta urbana, le partenze del venerdi e del sabato sono spesso le piu monitorate.</p></div>
  <div class=""cpv-landing-card""><strong>Viaggi stagionali</strong><p>In alcuni periodi dell'anno le tariffe possono variare molto, soprattutto vicino ai ponti e alle festivita.</p></div>
  <div class=""cpv-landing-card""><strong>Confronto rapido</strong><p>Valuta aeroporti maggiori e secondari per capire se un piccolo spostamento porta a un risparmio concreto.</p></div>
</div>
<h2>Domande frequenti sui voli per Kozani</h2>
<div class=""cpv-faq"">
  <details><summary>Qual e il modo migliore per cercare voli per Kozani?</summary><p>Confronta piu aeroporti italiani, prova date flessibili e verifica anche partenze infrasettimanali per migliorare le possibilita di risparmio.</p></details>
  <details><summary>Meglio volo diretto o con scalo?</summary><p>Per tratte medio-brevi il diretto e spesso la scelta piu comoda, mentre su alcune rotte uno scalo puo ridurre il prezzo finale.</p></details>
  <details><summary>Quando controllare i prezzi per Kozani?</summary><p>Vale la pena iniziare a monitorare la rotta in anticipo e verificare con regolarita i giorni piu vicini alla partenza ideale.</p></details>
</div>","Voli per citta|Voli in Europa",city,KZI,/voli-per/kozani/,"Voli per Kozani (KZI): offerte e guide | ConfrontaPrezziVoli","Trova voli per Kozani dai principali aeroporti italiani. Tariffe indicative da EUR 35 e consigli per scegliere il periodo migliore.","voli per Kozani",cities,"Mese tipicamente conveniente: maggio"
post,publish,"Voli per Kozhikode (CCJ): offerte, compagnie e periodo migliore per prenotare",voli-per-kozhikode-ccj,"Confronta voli per Kozhikode dai principali aeroporti italiani. Scopri prezzi indicativi, compagnie e consigli utili per organizzare la partenza.","<div class=""cpv-landing-note"">
  <p><strong>Perche cercare voli per Kozhikode qui.</strong> Questa pagina raccoglie un quadro rapido delle partenze italiane piu interessanti per Kozhikode, con tariffe indicative e consigli per scegliere il periodo piu vantaggioso.</p>
</div>
<div class=""cpv-stat-grid"">
  <div class=""cpv-stat""><strong>EUR 41</strong><span>Prezzo indicativo da monitorare dalle principali aree aeroportuali italiane.</span></div>
  <div class=""cpv-stat""><strong>novembre</strong><span>Periodo spesso interessante per tenere sotto controllo la rotta.</span></div>
  <div class=""cpv-stat""><strong>9</strong><span>Aeroporti italiani prioritari da confrontare per questa destinazione.</span></div>
</div>
<h2>Offerte voli per Kozhikode</h2>
<p>Per trovare il miglior equilibrio tra prezzo, durata e comfort, conviene verificare piu aeroporti di partenza italiani e confrontare giorni feriali e weekend.</p>
<table>
  <thead>
    <tr><th>Partenza</th><th>Prezzo da</th><th>Durata indicativa</th><th>Mese da monitorare</th></tr>
  </thead>
  <tbody>
    <tr><td>Leonardo da Vinci-Fiumicino Airport (FCO)</td><td>EUR 69</td><td>1h 20</td><td>marzo</td></tr><tr><td>Ciampino-G. B. Pastine International Airport (CIA)</td><td>EUR 169</td><td>9h 00</td><td>luglio</td></tr><tr><td>Milano Malpensa Airport (MXP)</td><td>EUR 198</td><td>6h 50</td><td>dicembre</td></tr><tr><td>Orio al Serio International Airport (BGY)</td><td>EUR 60</td><td>6h 50</td><td>giugno</td></tr><tr><td>Milano Linate Airport (LIN)</td><td>EUR 101</td><td>10h 40</td><td>novembre</td></tr><tr><td>Naples International Airport (NAP)</td><td>EUR 44</td><td>8h 10</td><td>febbraio</td></tr><tr><td>Venice Marco Polo Airport (VCE)</td><td>EUR 20</td><td>11h 10</td><td>febbraio</td></tr><tr><td>Catania-Fontanarossa Airport (CTA)</td><td>EUR 186</td><td>11h 50</td><td>dicembre</td></tr><tr><td>Guglielmo Marconi Airport (BLQ)</td><td>EUR 62</td><td>5h 10</td><td>agosto</td></tr>
  </tbody>
</table>
<h2>Aeroporti italiani da cui conviene partire</h2>
<div class=""cpv-chip-list""><span class=""cpv-chip"">Leonardo da Vinci-Fiumicino Airport</span><span class=""cpv-chip"">Ciampino-G. B. Pastine International Airport</span><span class=""cpv-chip"">Milano Malpensa Airport</span><span class=""cpv-chip"">Orio al Serio International Airport</span><span class=""cpv-chip"">Milano Linate Airport</span><span class=""cpv-chip"">Naples International Airport</span></div>
<div class=""cpv-landing-grid"">
  <div class=""cpv-landing-card""><strong>City break</strong><p>Se Kozhikode e una meta urbana, le partenze del venerdi e del sabato sono spesso le piu monitorate.</p></div>
  <div class=""cpv-landing-card""><strong>Viaggi stagionali</strong><p>In alcuni periodi dell'anno le tariffe possono variare molto, soprattutto vicino ai ponti e alle festivita.</p></div>
  <div class=""cpv-landing-card""><strong>Confronto rapido</strong><p>Valuta aeroporti maggiori e secondari per capire se un piccolo spostamento porta a un risparmio concreto.</p></div>
</div>
<h2>Domande frequenti sui voli per Kozhikode</h2>
<div class=""cpv-faq"">
  <details><summary>Qual e il modo migliore per cercare voli per Kozhikode?</summary><p>Confronta piu aeroporti italiani, prova date flessibili e verifica anche partenze infrasettimanali per migliorare le possibilita di risparmio.</p></details>
  <details><summary>Meglio volo diretto o con scalo?</summary><p>Per tratte medio-brevi il diretto e spesso la scelta piu comoda, mentre su alcune rotte uno scalo puo ridurre il prezzo finale.</p></details>
  <details><summary>Quando controllare i prezzi per Kozhikode?</summary><p>Vale la pena iniziare a monitorare la rotta in anticipo e verificare con regolarita i giorni piu vicini alla partenza ideale.</p></details>
</div>","Voli per citta|Voli intercontinentali",city,CCJ,/voli-per/kozhikode/,"Voli per Kozhikode (CCJ): offerte e guide | ConfrontaPrezziVoli","Trova voli per Kozhikode dai principali aeroporti italiani. Tariffe indicative da EUR 41 e consigli per scegliere il periodo migliore.","voli per Kozhikode",cities,"Mese tipicamente conveniente: novembre"
post,publish,"Voli per Krabi (KBV): offerte, compagnie e periodo migliore per prenotare",voli-per-krabi-kbv,"Confronta voli per Krabi dai principali aeroporti italiani. Scopri prezzi indicativi, compagnie e consigli utili per organizzare la partenza.","<div class=""cpv-landing-note"">
  <p><strong>Perche cercare voli per Krabi qui.</strong> Questa pagina raccoglie un quadro rapido delle partenze italiane piu interessanti per Krabi, con tariffe indicative e consigli per scegliere il periodo piu vantaggioso.</p>
</div>
<div class=""cpv-stat-grid"">
  <div class=""cpv-stat""><strong>EUR 163</strong><span>Prezzo indicativo da monitorare dalle principali aree aeroportuali italiane.</span></div>
  <div class=""cpv-stat""><strong>gennaio</strong><span>Periodo spesso interessante per tenere sotto controllo la rotta.</span></div>
  <div class=""cpv-stat""><strong>9</strong><span>Aeroporti italiani prioritari da confrontare per questa destinazione.</span></div>
</div>
<h2>Offerte voli per Krabi</h2>
<p>Per trovare il miglior equilibrio tra prezzo, durata e comfort, conviene verificare piu aeroporti di partenza italiani e confrontare giorni feriali e weekend.</p>
<table>
  <thead>
    <tr><th>Partenza</th><th>Prezzo da</th><th>Durata indicativa</th><th>Mese da monitorare</th></tr>
  </thead>
  <tbody>
    <tr><td>Leonardo da Vinci-Fiumicino Airport (FCO)</td><td>EUR 103</td><td>6h 00</td><td>gennaio</td></tr><tr><td>Ciampino-G. B. Pastine International Airport (CIA)</td><td>EUR 107</td><td>8h 40</td><td>maggio</td></tr><tr><td>Milano Malpensa Airport (MXP)</td><td>EUR 68</td><td>4h 10</td><td>febbraio</td></tr><tr><td>Orio al Serio International Airport (BGY)</td><td>EUR 26</td><td>7h 10</td><td>agosto</td></tr><tr><td>Milano Linate Airport (LIN)</td><td>EUR 39</td><td>2h 20</td><td>settembre</td></tr><tr><td>Naples International Airport (NAP)</td><td>EUR 198</td><td>6h 50</td><td>dicembre</td></tr><tr><td>Venice Marco Polo Airport (VCE)</td><td>EUR 74</td><td>2h 10</td><td>agosto</td></tr><tr><td>Catania-Fontanarossa Airport (CTA)</td><td>EUR 52</td><td>6h 30</td><td>ottobre</td></tr><tr><td>Guglielmo Marconi Airport (BLQ)</td><td>EUR 188</td><td>4h 10</td><td>febbraio</td></tr>
  </tbody>
</table>
<h2>Aeroporti italiani da cui conviene partire</h2>
<div class=""cpv-chip-list""><span class=""cpv-chip"">Leonardo da Vinci-Fiumicino Airport</span><span class=""cpv-chip"">Ciampino-G. B. Pastine International Airport</span><span class=""cpv-chip"">Milano Malpensa Airport</span><span class=""cpv-chip"">Orio al Serio International Airport</span><span class=""cpv-chip"">Milano Linate Airport</span><span class=""cpv-chip"">Naples International Airport</span></div>
<div class=""cpv-landing-grid"">
  <div class=""cpv-landing-card""><strong>City break</strong><p>Se Krabi e una meta urbana, le partenze del venerdi e del sabato sono spesso le piu monitorate.</p></div>
  <div class=""cpv-landing-card""><strong>Viaggi stagionali</strong><p>In alcuni periodi dell'anno le tariffe possono variare molto, soprattutto vicino ai ponti e alle festivita.</p></div>
  <div class=""cpv-landing-card""><strong>Confronto rapido</strong><p>Valuta aeroporti maggiori e secondari per capire se un piccolo spostamento porta a un risparmio concreto.</p></div>
</div>
<h2>Domande frequenti sui voli per Krabi</h2>
<div class=""cpv-faq"">
  <details><summary>Qual e il modo migliore per cercare voli per Krabi?</summary><p>Confronta piu aeroporti italiani, prova date flessibili e verifica anche partenze infrasettimanali per migliorare le possibilita di risparmio.</p></details>
  <details><summary>Meglio volo diretto o con scalo?</summary><p>Per tratte medio-brevi il diretto e spesso la scelta piu comoda, mentre su alcune rotte uno scalo puo ridurre il prezzo finale.</p></details>
  <details><summary>Quando controllare i prezzi per Krabi?</summary><p>Vale la pena iniziare a monitorare la rotta in anticipo e verificare con regolarita i giorni piu vicini alla partenza ideale.</p></details>
</div>","Voli per citta|Voli intercontinentali",city,KBV,/voli-per/krabi/,"Voli per Krabi (KBV): offerte e guide | ConfrontaPrezziVoli","Trova voli per Krabi dai principali aeroporti italiani. Tariffe indicative da EUR 163 e consigli per scegliere il periodo migliore.","voli per Krabi",cities,"Mese tipicamente conveniente: gennaio"
post,publish,"Voli per Krabozavodskoye (КБЗ): offerte, compagnie e periodo migliore per prenotare",voli-per-krabozavodskoye-КБЗ,"Confronta voli per Krabozavodskoye dai principali aeroporti italiani. Scopri prezzi indicativi, compagnie e consigli utili per organizzare la partenza.","<div class=""cpv-landing-note"">
  <p><strong>Perche cercare voli per Krabozavodskoye qui.</strong> Questa pagina raccoglie un quadro rapido delle partenze italiane piu interessanti per Krabozavodskoye, con tariffe indicative e consigli per scegliere il periodo piu vantaggioso.</p>
</div>
<div class=""cpv-stat-grid"">
  <div class=""cpv-stat""><strong>EUR 129</strong><span>Prezzo indicativo da monitorare dalle principali aree aeroportuali italiane.</span></div>
  <div class=""cpv-stat""><strong>marzo</strong><span>Periodo spesso interessante per tenere sotto controllo la rotta.</span></div>
  <div class=""cpv-stat""><strong>9</strong><span>Aeroporti italiani prioritari da confrontare per questa destinazione.</span></div>
</div>
<h2>Offerte voli per Krabozavodskoye</h2>
<p>Per trovare il miglior equilibrio tra prezzo, durata e comfort, conviene verificare piu aeroporti di partenza italiani e confrontare giorni feriali e weekend.</p>
<table>
  <thead>
    <tr><th>Partenza</th><th>Prezzo da</th><th>Durata indicativa</th><th>Mese da monitorare</th></tr>
  </thead>
  <tbody>
    <tr><td>Leonardo da Vinci-Fiumicino Airport (FCO)</td><td>EUR 191</td><td>9h 40</td><td>maggio</td></tr><tr><td>Ciampino-G. B. Pastine International Airport (CIA)</td><td>EUR 195</td><td>3h 20</td><td>settembre</td></tr><tr><td>Milano Malpensa Airport (MXP)</td><td>EUR 51</td><td>11h 20</td><td>settembre</td></tr><tr><td>Orio al Serio International Airport (BGY)</td><td>EUR 93</td><td>4h 20</td><td>marzo</td></tr><tr><td>Milano Linate Airport (LIN)</td><td>EUR 168</td><td>5h 50</td><td>giugno</td></tr><tr><td>Naples International Airport (NAP)</td><td>EUR 128</td><td>4h 10</td><td>febbraio</td></tr><tr><td>Venice Marco Polo Airport (VCE)</td><td>EUR 175</td><td>6h 00</td><td>gennaio</td></tr><tr><td>Catania-Fontanarossa Airport (CTA)</td><td>EUR 73</td><td>10h 00</td><td>luglio</td></tr><tr><td>Guglielmo Marconi Airport (BLQ)</td><td>EUR 41</td><td>10h 40</td><td>novembre</td></tr>
  </tbody>
</table>
<h2>Aeroporti italiani da cui conviene partire</h2>
<div class=""cpv-chip-list""><span class=""cpv-chip"">Leonardo da Vinci-Fiumicino Airport</span><span class=""cpv-chip"">Ciampino-G. B. Pastine International Airport</span><span class=""cpv-chip"">Milano Malpensa Airport</span><span class=""cpv-chip"">Orio al Serio International Airport</span><span class=""cpv-chip"">Milano Linate Airport</span><span class=""cpv-chip"">Naples International Airport</span></div>
<div class=""cpv-landing-grid"">
  <div class=""cpv-landing-card""><strong>City break</strong><p>Se Krabozavodskoye e una meta urbana, le partenze del venerdi e del sabato sono spesso le piu monitorate.</p></div>
  <div class=""cpv-landing-card""><strong>Viaggi stagionali</strong><p>In alcuni periodi dell'anno le tariffe possono variare molto, soprattutto vicino ai ponti e alle festivita.</p></div>
  <div class=""cpv-landing-card""><strong>Confronto rapido</strong><p>Valuta aeroporti maggiori e secondari per capire se un piccolo spostamento porta a un risparmio concreto.</p></div>
</div>
<h2>Domande frequenti sui voli per Krabozavodskoye</h2>
<div class=""cpv-faq"">
  <details><summary>Qual e il modo migliore per cercare voli per Krabozavodskoye?</summary><p>Confronta piu aeroporti italiani, prova date flessibili e verifica anche partenze infrasettimanali per migliorare le possibilita di risparmio.</p></details>
  <details><summary>Meglio volo diretto o con scalo?</summary><p>Per tratte medio-brevi il diretto e spesso la scelta piu comoda, mentre su alcune rotte uno scalo puo ridurre il prezzo finale.</p></details>
  <details><summary>Quando controllare i prezzi per Krabozavodskoye?</summary><p>Vale la pena iniziare a monitorare la rotta in anticipo e verificare con regolarita i giorni piu vicini alla partenza ideale.</p></details>
</div>","Voli per citta|Voli intercontinentali",city,КБЗ,/voli-per/krabozavodskoye/,"Voli per Krabozavodskoye (КБЗ): offerte e guide | ConfrontaPrezziVoli","Trova voli per Krabozavodskoye dai principali aeroporti italiani. Tariffe indicative da EUR 129 e consigli per scegliere il periodo migliore.","voli per Krabozavodskoye",cities,"Mese tipicamente conveniente: marzo"
post,publish,"Voli per Krakow (KRK): offerte, compagnie e periodo migliore per prenotare",voli-per-krakow-krk,"Confronta voli per Krakow dai principali aeroporti italiani. Scopri prezzi indicativi, compagnie e consigli utili per organizzare la partenza.","<div class=""cpv-landing-note"">
  <p><strong>Perche cercare voli per Krakow qui.</strong> Questa pagina raccoglie un quadro rapido delle partenze italiane piu interessanti per Krakow, con tariffe indicative e consigli per scegliere il periodo piu vantaggioso.</p>
</div>
<div class=""cpv-stat-grid"">
  <div class=""cpv-stat""><strong>EUR 159</strong><span>Prezzo indicativo da monitorare dalle principali aree aeroportuali italiane.</span></div>
  <div class=""cpv-stat""><strong>settembre</strong><span>Periodo spesso interessante per tenere sotto controllo la rotta.</span></div>
  <div class=""cpv-stat""><strong>9</strong><span>Aeroporti italiani prioritari da confrontare per questa destinazione.</span></div>
</div>
<h2>Offerte voli per Krakow</h2>
<p>Per trovare il miglior equilibrio tra prezzo, durata e comfort, conviene verificare piu aeroporti di partenza italiani e confrontare giorni feriali e weekend.</p>
<table>
  <thead>
    <tr><th>Partenza</th><th>Prezzo da</th><th>Durata indicativa</th><th>Mese da monitorare</th></tr>
  </thead>
  <tbody>
    <tr><td>Leonardo da Vinci-Fiumicino Airport (FCO)</td><td>EUR 79</td><td>1h 00</td><td>gennaio</td></tr><tr><td>Ciampino-G. B. Pastine International Airport (CIA)</td><td>EUR 123</td><td>10h 20</td><td>settembre</td></tr><tr><td>Milano Malpensa Airport (MXP)</td><td>EUR 100</td><td>5h 30</td><td>ottobre</td></tr><tr><td>Orio al Serio International Airport (BGY)</td><td>EUR 86</td><td>7h 10</td><td>agosto</td></tr><tr><td>Milano Linate Airport (LIN)</td><td>EUR 127</td><td>7h 00</td><td>gennaio</td></tr><tr><td>Naples International Airport (NAP)</td><td>EUR 162</td><td>9h 50</td><td>dicembre</td></tr><tr><td>Venice Marco Polo Airport (VCE)</td><td>EUR 110</td><td>11h 10</td><td>agosto</td></tr><tr><td>Catania-Fontanarossa Airport (CTA)</td><td>EUR 184</td><td>5h 30</td><td>ottobre</td></tr><tr><td>Guglielmo Marconi Airport (BLQ)</td><td>EUR 192</td><td>1h 50</td><td>giugno</td></tr>
  </tbody>
</table>
<h2>Aeroporti italiani da cui conviene partire</h2>
<div class=""cpv-chip-list""><span class=""cpv-chip"">Leonardo da Vinci-Fiumicino Airport</span><span class=""cpv-chip"">Ciampino-G. B. Pastine International Airport</span><span class=""cpv-chip"">Milano Malpensa Airport</span><span class=""cpv-chip"">Orio al Serio International Airport</span><span class=""cpv-chip"">Milano Linate Airport</span><span class=""cpv-chip"">Naples International Airport</span></div>
<div class=""cpv-landing-grid"">
  <div class=""cpv-landing-card""><strong>City break</strong><p>Se Krakow e una meta urbana, le partenze del venerdi e del sabato sono spesso le piu monitorate.</p></div>
  <div class=""cpv-landing-card""><strong>Viaggi stagionali</strong><p>In alcuni periodi dell'anno le tariffe possono variare molto, soprattutto vicino ai ponti e alle festivita.</p></div>
  <div class=""cpv-landing-card""><strong>Confronto rapido</strong><p>Valuta aeroporti maggiori e secondari per capire se un piccolo spostamento porta a un risparmio concreto.</p></div>
</div>
<h2>Domande frequenti sui voli per Krakow</h2>
<div class=""cpv-faq"">
  <details><summary>Qual e il modo migliore per cercare voli per Krakow?</summary><p>Confronta piu aeroporti italiani, prova date flessibili e verifica anche partenze infrasettimanali per migliorare le possibilita di risparmio.</p></details>
  <details><summary>Meglio volo diretto o con scalo?</summary><p>Per tratte medio-brevi il diretto e spesso la scelta piu comoda, mentre su alcune rotte uno scalo puo ridurre il prezzo finale.</p></details>
  <details><summary>Quando controllare i prezzi per Krakow?</summary><p>Vale la pena iniziare a monitorare la rotta in anticipo e verificare con regolarita i giorni piu vicini alla partenza ideale.</p></details>
</div>","Voli per citta|Voli in Europa",city,KRK,/voli-per/krakow/,"Voli per Krakow (KRK): offerte e guide | ConfrontaPrezziVoli","Trova voli per Krakow dai principali aeroporti italiani. Tariffe indicative da EUR 159 e consigli per scegliere il periodo migliore.","voli per Krakow",cities,"Mese tipicamente conveniente: settembre"
post,publish,"Voli per Kraljevo (KVO): offerte, compagnie e periodo migliore per prenotare",voli-per-kraljevo-kvo,"Confronta voli per Kraljevo dai principali aeroporti italiani. Scopri prezzi indicativi, compagnie e consigli utili per organizzare la partenza.","<div class=""cpv-landing-note"">
  <p><strong>Perche cercare voli per Kraljevo qui.</strong> Questa pagina raccoglie un quadro rapido delle partenze italiane piu interessanti per Kraljevo, con tariffe indicative e consigli per scegliere il periodo piu vantaggioso.</p>
</div>
<div class=""cpv-stat-grid"">
  <div class=""cpv-stat""><strong>EUR 168</strong><span>Prezzo indicativo da monitorare dalle principali aree aeroportuali italiane.</span></div>
  <div class=""cpv-stat""><strong>giugno</strong><span>Periodo spesso interessante per tenere sotto controllo la rotta.</span></div>
  <div class=""cpv-stat""><strong>9</strong><span>Aeroporti italiani prioritari da confrontare per questa destinazione.</span></div>
</div>
<h2>Offerte voli per Kraljevo</h2>
<p>Per trovare il miglior equilibrio tra prezzo, durata e comfort, conviene verificare piu aeroporti di partenza italiani e confrontare giorni feriali e weekend.</p>
<table>
  <thead>
    <tr><th>Partenza</th><th>Prezzo da</th><th>Durata indicativa</th><th>Mese da monitorare</th></tr>
  </thead>
  <tbody>
    <tr><td>Leonardo da Vinci-Fiumicino Airport (FCO)</td><td>EUR 44</td><td>9h 10</td><td>febbraio</td></tr><tr><td>Ciampino-G. B. Pastine International Airport (CIA)</td><td>EUR 184</td><td>2h 30</td><td>ottobre</td></tr><tr><td>Milano Malpensa Airport (MXP)</td><td>EUR 119</td><td>2h 40</td><td>maggio</td></tr><tr><td>Orio al Serio International Airport (BGY)</td><td>EUR 41</td><td>5h 40</td><td>novembre</td></tr><tr><td>Milano Linate Airport (LIN)</td><td>EUR 132</td><td>8h 50</td><td>giugno</td></tr><tr><td>Naples International Airport (NAP)</td><td>EUR 41</td><td>1h 40</td><td>novembre</td></tr><tr><td>Venice Marco Polo Airport (VCE)</td><td>EUR 105</td><td>3h 20</td><td>marzo</td></tr><tr><td>Catania-Fontanarossa Airport (CTA)</td><td>EUR 55</td><td>2h 00</td><td>gennaio</td></tr><tr><td>Guglielmo Marconi Airport (BLQ)</td><td>EUR 39</td><td>9h 20</td><td>settembre</td></tr>
  </tbody>
</table>
<h2>Aeroporti italiani da cui conviene partire</h2>
<div class=""cpv-chip-list""><span class=""cpv-chip"">Leonardo da Vinci-Fiumicino Airport</span><span class=""cpv-chip"">Ciampino-G. B. Pastine International Airport</span><span class=""cpv-chip"">Milano Malpensa Airport</span><span class=""cpv-chip"">Orio al Serio International Airport</span><span class=""cpv-chip"">Milano Linate Airport</span><span class=""cpv-chip"">Naples International Airport</span></div>
<div class=""cpv-landing-grid"">
  <div class=""cpv-landing-card""><strong>City break</strong><p>Se Kraljevo e una meta urbana, le partenze del venerdi e del sabato sono spesso le piu monitorate.</p></div>
  <div class=""cpv-landing-card""><strong>Viaggi stagionali</strong><p>In alcuni periodi dell'anno le tariffe possono variare molto, soprattutto vicino ai ponti e alle festivita.</p></div>
  <div class=""cpv-landing-card""><strong>Confronto rapido</strong><p>Valuta aeroporti maggiori e secondari per capire se un piccolo spostamento porta a un risparmio concreto.</p></div>
</div>
<h2>Domande frequenti sui voli per Kraljevo</h2>
<div class=""cpv-faq"">
  <details><summary>Qual e il modo migliore per cercare voli per Kraljevo?</summary><p>Confronta piu aeroporti italiani, prova date flessibili e verifica anche partenze infrasettimanali per migliorare le possibilita di risparmio.</p></details>
  <details><summary>Meglio volo diretto o con scalo?</summary><p>Per tratte medio-brevi il diretto e spesso la scelta piu comoda, mentre su alcune rotte uno scalo puo ridurre il prezzo finale.</p></details>
  <details><summary>Quando controllare i prezzi per Kraljevo?</summary><p>Vale la pena iniziare a monitorare la rotta in anticipo e verificare con regolarita i giorni piu vicini alla partenza ideale.</p></details>
</div>","Voli per citta|Voli in Europa",city,KVO,/voli-per/kraljevo/,"Voli per Kraljevo (KVO): offerte e guide | ConfrontaPrezziVoli","Trova voli per Kraljevo dai principali aeroporti italiani. Tariffe indicative da EUR 168 e consigli per scegliere il periodo migliore.","voli per Kraljevo",cities,"Mese tipicamente conveniente: giugno"
post,publish,"Voli per Kramfors (KRF): offerte, compagnie e periodo migliore per prenotare",voli-per-kramfors-krf,"Confronta voli per Kramfors dai principali aeroporti italiani. Scopri prezzi indicativi, compagnie e consigli utili per organizzare la partenza.","<div class=""cpv-landing-note"">
  <p><strong>Perche cercare voli per Kramfors qui.</strong> Questa pagina raccoglie un quadro rapido delle partenze italiane piu interessanti per Kramfors, con tariffe indicative e consigli per scegliere il periodo piu vantaggioso.</p>
</div>
<div class=""cpv-stat-grid"">
  <div class=""cpv-stat""><strong>EUR 116</strong><span>Prezzo indicativo da monitorare dalle principali aree aeroportuali italiane.</span></div>
  <div class=""cpv-stat""><strong>febbraio</strong><span>Periodo spesso interessante per tenere sotto controllo la rotta.</span></div>
  <div class=""cpv-stat""><strong>9</strong><span>Aeroporti italiani prioritari da confrontare per questa destinazione.</span></div>
</div>
<h2>Offerte voli per Kramfors</h2>
<p>Per trovare il miglior equilibrio tra prezzo, durata e comfort, conviene verificare piu aeroporti di partenza italiani e confrontare giorni feriali e weekend.</p>
<table>
  <thead>
    <tr><th>Partenza</th><th>Prezzo da</th><th>Durata indicativa</th><th>Mese da monitorare</th></tr>
  </thead>
  <tbody>
    <tr><td>Leonardo da Vinci-Fiumicino Airport (FCO)</td><td>EUR 92</td><td>11h 10</td><td>febbraio</td></tr><tr><td>Ciampino-G. B. Pastine International Airport (CIA)</td><td>EUR 24</td><td>11h 50</td><td>giugno</td></tr><tr><td>Milano Malpensa Airport (MXP)</td><td>EUR 111</td><td>10h 20</td><td>settembre</td></tr><tr><td>Orio al Serio International Airport (BGY)</td><td>EUR 41</td><td>1h 40</td><td>novembre</td></tr><tr><td>Milano Linate Airport (LIN)</td><td>EUR 112</td><td>6h 30</td><td>ottobre</td></tr><tr><td>Naples International Airport (NAP)</td><td>EUR 41</td><td>9h 40</td><td>novembre</td></tr><tr><td>Venice Marco Polo Airport (VCE)</td><td>EUR 145</td><td>1h 00</td><td>luglio</td></tr><tr><td>Catania-Fontanarossa Airport (CTA)</td><td>EUR 99</td><td>5h 20</td><td>settembre</td></tr><tr><td>Guglielmo Marconi Airport (BLQ)</td><td>EUR 115</td><td>6h 00</td><td>gennaio</td></tr>
  </tbody>
</table>
<h2>Aeroporti italiani da cui conviene partire</h2>
<div class=""cpv-chip-list""><span class=""cpv-chip"">Leonardo da Vinci-Fiumicino Airport</span><span class=""cpv-chip"">Ciampino-G. B. Pastine International Airport</span><span class=""cpv-chip"">Milano Malpensa Airport</span><span class=""cpv-chip"">Orio al Serio International Airport</span><span class=""cpv-chip"">Milano Linate Airport</span><span class=""cpv-chip"">Naples International Airport</span></div>
<div class=""cpv-landing-grid"">
  <div class=""cpv-landing-card""><strong>City break</strong><p>Se Kramfors e una meta urbana, le partenze del venerdi e del sabato sono spesso le piu monitorate.</p></div>
  <div class=""cpv-landing-card""><strong>Viaggi stagionali</strong><p>In alcuni periodi dell'anno le tariffe possono variare molto, soprattutto vicino ai ponti e alle festivita.</p></div>
  <div class=""cpv-landing-card""><strong>Confronto rapido</strong><p>Valuta aeroporti maggiori e secondari per capire se un piccolo spostamento porta a un risparmio concreto.</p></div>
</div>
<h2>Domande frequenti sui voli per Kramfors</h2>
<div class=""cpv-faq"">
  <details><summary>Qual e il modo migliore per cercare voli per Kramfors?</summary><p>Confronta piu aeroporti italiani, prova date flessibili e verifica anche partenze infrasettimanali per migliorare le possibilita di risparmio.</p></details>
  <details><summary>Meglio volo diretto o con scalo?</summary><p>Per tratte medio-brevi il diretto e spesso la scelta piu comoda, mentre su alcune rotte uno scalo puo ridurre il prezzo finale.</p></details>
  <details><summary>Quando controllare i prezzi per Kramfors?</summary><p>Vale la pena iniziare a monitorare la rotta in anticipo e verificare con regolarita i giorni piu vicini alla partenza ideale.</p></details>
</div>","Voli per citta|Voli in Europa",city,KRF,/voli-per/kramfors/,"Voli per Kramfors (KRF): offerte e guide | ConfrontaPrezziVoli","Trova voli per Kramfors dai principali aeroporti italiani. Tariffe indicative da EUR 116 e consigli per scegliere il periodo migliore.","voli per Kramfors",cities,"Mese tipicamente conveniente: febbraio"
post,publish,"Voli per Krasnodar (KRR): offerte, compagnie e periodo migliore per prenotare",voli-per-krasnodar-krr,"Confronta voli per Krasnodar dai principali aeroporti italiani. Scopri prezzi indicativi, compagnie e consigli utili per organizzare la partenza.","<div class=""cpv-landing-note"">
  <p><strong>Perche cercare voli per Krasnodar qui.</strong> Questa pagina raccoglie un quadro rapido delle partenze italiane piu interessanti per Krasnodar, con tariffe indicative e consigli per scegliere il periodo piu vantaggioso.</p>
</div>
<div class=""cpv-stat-grid"">
  <div class=""cpv-stat""><strong>EUR 91</strong><span>Prezzo indicativo da monitorare dalle principali aree aeroportuali italiane.</span></div>
  <div class=""cpv-stat""><strong>gennaio</strong><span>Periodo spesso interessante per tenere sotto controllo la rotta.</span></div>
  <div class=""cpv-stat""><strong>9</strong><span>Aeroporti italiani prioritari da confrontare per questa destinazione.</span></div>
</div>
<h2>Offerte voli per Krasnodar</h2>
<p>Per trovare il miglior equilibrio tra prezzo, durata e comfort, conviene verificare piu aeroporti di partenza italiani e confrontare giorni feriali e weekend.</p>
<table>
  <thead>
    <tr><th>Partenza</th><th>Prezzo da</th><th>Durata indicativa</th><th>Mese da monitorare</th></tr>
  </thead>
  <tbody>
    <tr><td>Leonardo da Vinci-Fiumicino Airport (FCO)</td><td>EUR 87</td><td>3h 20</td><td>settembre</td></tr><tr><td>Ciampino-G. B. Pastine International Airport (CIA)</td><td>EUR 19</td><td>9h 00</td><td>gennaio</td></tr><tr><td>Milano Malpensa Airport (MXP)</td><td>EUR 196</td><td>5h 30</td><td>ottobre</td></tr><tr><td>Orio al Serio International Airport (BGY)</td><td>EUR 42</td><td>1h 50</td><td>dicembre</td></tr><tr><td>Milano Linate Airport (LIN)</td><td>EUR 75</td><td>8h 20</td><td>settembre</td></tr><tr><td>Naples International Airport (NAP)</td><td>EUR 78</td><td>10h 50</td><td>dicembre</td></tr><tr><td>Venice Marco Polo Airport (VCE)</td><td>EUR 62</td><td>10h 10</td><td>agosto</td></tr><tr><td>Catania-Fontanarossa Airport (CTA)</td><td>EUR 84</td><td>7h 50</td><td>giugno</td></tr><tr><td>Guglielmo Marconi Airport (BLQ)</td><td>EUR 188</td><td>1h 10</td><td>febbraio</td></tr>
  </tbody>
</table>
<h2>Aeroporti italiani da cui conviene partire</h2>
<div class=""cpv-chip-list""><span class=""cpv-chip"">Leonardo da Vinci-Fiumicino Airport</span><span class=""cpv-chip"">Ciampino-G. B. Pastine International Airport</span><span class=""cpv-chip"">Milano Malpensa Airport</span><span class=""cpv-chip"">Orio al Serio International Airport</span><span class=""cpv-chip"">Milano Linate Airport</span><span class=""cpv-chip"">Naples International Airport</span></div>
<div class=""cpv-landing-grid"">
  <div class=""cpv-landing-card""><strong>City break</strong><p>Se Krasnodar e una meta urbana, le partenze del venerdi e del sabato sono spesso le piu monitorate.</p></div>
  <div class=""cpv-landing-card""><strong>Viaggi stagionali</strong><p>In alcuni periodi dell'anno le tariffe possono variare molto, soprattutto vicino ai ponti e alle festivita.</p></div>
  <div class=""cpv-landing-card""><strong>Confronto rapido</strong><p>Valuta aeroporti maggiori e secondari per capire se un piccolo spostamento porta a un risparmio concreto.</p></div>
</div>
<h2>Domande frequenti sui voli per Krasnodar</h2>
<div class=""cpv-faq"">
  <details><summary>Qual e il modo migliore per cercare voli per Krasnodar?</summary><p>Confronta piu aeroporti italiani, prova date flessibili e verifica anche partenze infrasettimanali per migliorare le possibilita di risparmio.</p></details>
  <details><summary>Meglio volo diretto o con scalo?</summary><p>Per tratte medio-brevi il diretto e spesso la scelta piu comoda, mentre su alcune rotte uno scalo puo ridurre il prezzo finale.</p></details>
  <details><summary>Quando controllare i prezzi per Krasnodar?</summary><p>Vale la pena iniziare a monitorare la rotta in anticipo e verificare con regolarita i giorni piu vicini alla partenza ideale.</p></details>
</div>","Voli per citta|Voli intercontinentali",city,KRR,/voli-per/krasnodar/,"Voli per Krasnodar (KRR): offerte e guide | ConfrontaPrezziVoli","Trova voli per Krasnodar dai principali aeroporti italiani. Tariffe indicative da EUR 91 e consigli per scegliere il periodo migliore.","voli per Krasnodar",cities,"Mese tipicamente conveniente: gennaio"
post,publish,"Voli per Krasnojarsk (KJA): offerte, compagnie e periodo migliore per prenotare",voli-per-krasnojarsk-kja,"Confronta voli per Krasnojarsk dai principali aeroporti italiani. Scopri prezzi indicativi, compagnie e consigli utili per organizzare la partenza.","<div class=""cpv-landing-note"">
  <p><strong>Perche cercare voli per Krasnojarsk qui.</strong> Questa pagina raccoglie un quadro rapido delle partenze italiane piu interessanti per Krasnojarsk, con tariffe indicative e consigli per scegliere il periodo piu vantaggioso.</p>
</div>
<div class=""cpv-stat-grid"">
  <div class=""cpv-stat""><strong>EUR 22</strong><span>Prezzo indicativo da monitorare dalle principali aree aeroportuali italiane.</span></div>
  <div class=""cpv-stat""><strong>aprile</strong><span>Periodo spesso interessante per tenere sotto controllo la rotta.</span></div>
  <div class=""cpv-stat""><strong>9</strong><span>Aeroporti italiani prioritari da confrontare per questa destinazione.</span></div>
</div>
<h2>Offerte voli per Krasnojarsk</h2>
<p>Per trovare il miglior equilibrio tra prezzo, durata e comfort, conviene verificare piu aeroporti di partenza italiani e confrontare giorni feriali e weekend.</p>
<table>
  <thead>
    <tr><th>Partenza</th><th>Prezzo da</th><th>Durata indicativa</th><th>Mese da monitorare</th></tr>
  </thead>
  <tbody>
    <tr><td>Leonardo da Vinci-Fiumicino Airport (FCO)</td><td>EUR 94</td><td>1h 30</td><td>aprile</td></tr><tr><td>Ciampino-G. B. Pastine International Airport (CIA)</td><td>EUR 106</td><td>7h 30</td><td>aprile</td></tr><tr><td>Milano Malpensa Airport (MXP)</td><td>EUR 149</td><td>4h 40</td><td>novembre</td></tr><tr><td>Orio al Serio International Airport (BGY)</td><td>EUR 31</td><td>5h 00</td><td>gennaio</td></tr><tr><td>Milano Linate Airport (LIN)</td><td>EUR 134</td><td>4h 10</td><td>agosto</td></tr><tr><td>Naples International Airport (NAP)</td><td>EUR 111</td><td>10h 20</td><td>settembre</td></tr><tr><td>Venice Marco Polo Airport (VCE)</td><td>EUR 43</td><td>1h 00</td><td>gennaio</td></tr><tr><td>Catania-Fontanarossa Airport (CTA)</td><td>EUR 41</td><td>11h 40</td><td>novembre</td></tr><tr><td>Guglielmo Marconi Airport (BLQ)</td><td>EUR 85</td><td>4h 00</td><td>luglio</td></tr>
  </tbody>
</table>
<h2>Aeroporti italiani da cui conviene partire</h2>
<div class=""cpv-chip-list""><span class=""cpv-chip"">Leonardo da Vinci-Fiumicino Airport</span><span class=""cpv-chip"">Ciampino-G. B. Pastine International Airport</span><span class=""cpv-chip"">Milano Malpensa Airport</span><span class=""cpv-chip"">Orio al Serio International Airport</span><span class=""cpv-chip"">Milano Linate Airport</span><span class=""cpv-chip"">Naples International Airport</span></div>
<div class=""cpv-landing-grid"">
  <div class=""cpv-landing-card""><strong>City break</strong><p>Se Krasnojarsk e una meta urbana, le partenze del venerdi e del sabato sono spesso le piu monitorate.</p></div>
  <div class=""cpv-landing-card""><strong>Viaggi stagionali</strong><p>In alcuni periodi dell'anno le tariffe possono variare molto, soprattutto vicino ai ponti e alle festivita.</p></div>
  <div class=""cpv-landing-card""><strong>Confronto rapido</strong><p>Valuta aeroporti maggiori e secondari per capire se un piccolo spostamento porta a un risparmio concreto.</p></div>
</div>
<h2>Domande frequenti sui voli per Krasnojarsk</h2>
<div class=""cpv-faq"">
  <details><summary>Qual e il modo migliore per cercare voli per Krasnojarsk?</summary><p>Confronta piu aeroporti italiani, prova date flessibili e verifica anche partenze infrasettimanali per migliorare le possibilita di risparmio.</p></details>
  <details><summary>Meglio volo diretto o con scalo?</summary><p>Per tratte medio-brevi il diretto e spesso la scelta piu comoda, mentre su alcune rotte uno scalo puo ridurre il prezzo finale.</p></details>
  <details><summary>Quando controllare i prezzi per Krasnojarsk?</summary><p>Vale la pena iniziare a monitorare la rotta in anticipo e verificare con regolarita i giorni piu vicini alla partenza ideale.</p></details>
</div>","Voli per citta|Voli intercontinentali",city,KJA,/voli-per/krasnojarsk/,"Voli per Krasnojarsk (KJA): offerte e guide | ConfrontaPrezziVoli","Trova voli per Krasnojarsk dai principali aeroporti italiani. Tariffe indicative da EUR 22 e consigli per scegliere il periodo migliore.","voli per Krasnojarsk",cities,"Mese tipicamente conveniente: aprile"
post,publish,"Voli per Krasnokamensk (КНК): offerte, compagnie e periodo migliore per prenotare",voli-per-krasnokamensk-КНК,"Confronta voli per Krasnokamensk dai principali aeroporti italiani. Scopri prezzi indicativi, compagnie e consigli utili per organizzare la partenza.","<div class=""cpv-landing-note"">
  <p><strong>Perche cercare voli per Krasnokamensk qui.</strong> Questa pagina raccoglie un quadro rapido delle partenze italiane piu interessanti per Krasnokamensk, con tariffe indicative e consigli per scegliere il periodo piu vantaggioso.</p>
</div>
<div class=""cpv-stat-grid"">
  <div class=""cpv-stat""><strong>EUR 98</strong><span>Prezzo indicativo da monitorare dalle principali aree aeroportuali italiane.</span></div>
  <div class=""cpv-stat""><strong>agosto</strong><span>Periodo spesso interessante per tenere sotto controllo la rotta.</span></div>
  <div class=""cpv-stat""><strong>9</strong><span>Aeroporti italiani prioritari da confrontare per questa destinazione.</span></div>
</div>
<h2>Offerte voli per Krasnokamensk</h2>
<p>Per trovare il miglior equilibrio tra prezzo, durata e comfort, conviene verificare piu aeroporti di partenza italiani e confrontare giorni feriali e weekend.</p>
<table>
  <thead>
    <tr><th>Partenza</th><th>Prezzo da</th><th>Durata indicativa</th><th>Mese da monitorare</th></tr>
  </thead>
  <tbody>
    <tr><td>Leonardo da Vinci-Fiumicino Airport (FCO)</td><td>EUR 24</td><td>11h 50</td><td>giugno</td></tr><tr><td>Ciampino-G. B. Pastine International Airport (CIA)</td><td>EUR 188</td><td>5h 10</td><td>febbraio</td></tr><tr><td>Milano Malpensa Airport (MXP)</td><td>EUR 52</td><td>4h 30</td><td>ottobre</td></tr><tr><td>Orio al Serio International Airport (BGY)</td><td>EUR 114</td><td>5h 50</td><td>dicembre</td></tr><tr><td>Milano Linate Airport (LIN)</td><td>EUR 115</td><td>2h 00</td><td>gennaio</td></tr><tr><td>Naples International Airport (NAP)</td><td>EUR 91</td><td>3h 00</td><td>gennaio</td></tr><tr><td>Venice Marco Polo Airport (VCE)</td><td>EUR 136</td><td>7h 30</td><td>ottobre</td></tr><tr><td>Catania-Fontanarossa Airport (CTA)</td><td>EUR 142</td><td>4h 30</td><td>aprile</td></tr><tr><td>Guglielmo Marconi Airport (BLQ)</td><td>EUR 78</td><td>6h 50</td><td>dicembre</td></tr>
  </tbody>
</table>
<h2>Aeroporti italiani da cui conviene partire</h2>
<div class=""cpv-chip-list""><span class=""cpv-chip"">Leonardo da Vinci-Fiumicino Airport</span><span class=""cpv-chip"">Ciampino-G. B. Pastine International Airport</span><span class=""cpv-chip"">Milano Malpensa Airport</span><span class=""cpv-chip"">Orio al Serio International Airport</span><span class=""cpv-chip"">Milano Linate Airport</span><span class=""cpv-chip"">Naples International Airport</span></div>
<div class=""cpv-landing-grid"">
  <div class=""cpv-landing-card""><strong>City break</strong><p>Se Krasnokamensk e una meta urbana, le partenze del venerdi e del sabato sono spesso le piu monitorate.</p></div>
  <div class=""cpv-landing-card""><strong>Viaggi stagionali</strong><p>In alcuni periodi dell'anno le tariffe possono variare molto, soprattutto vicino ai ponti e alle festivita.</p></div>
  <div class=""cpv-landing-card""><strong>Confronto rapido</strong><p>Valuta aeroporti maggiori e secondari per capire se un piccolo spostamento porta a un risparmio concreto.</p></div>
</div>
<h2>Domande frequenti sui voli per Krasnokamensk</h2>
<div class=""cpv-faq"">
  <details><summary>Qual e il modo migliore per cercare voli per Krasnokamensk?</summary><p>Confronta piu aeroporti italiani, prova date flessibili e verifica anche partenze infrasettimanali per migliorare le possibilita di risparmio.</p></details>
  <details><summary>Meglio volo diretto o con scalo?</summary><p>Per tratte medio-brevi il diretto e spesso la scelta piu comoda, mentre su alcune rotte uno scalo puo ridurre il prezzo finale.</p></details>
  <details><summary>Quando controllare i prezzi per Krasnokamensk?</summary><p>Vale la pena iniziare a monitorare la rotta in anticipo e verificare con regolarita i giorni piu vicini alla partenza ideale.</p></details>
</div>","Voli per citta|Voli intercontinentali",city,КНК,/voli-per/krasnokamensk/,"Voli per Krasnokamensk (КНК): offerte e guide | ConfrontaPrezziVoli","Trova voli per Krasnokamensk dai principali aeroporti italiani. Tariffe indicative da EUR 98 e consigli per scegliere il periodo migliore.","voli per Krasnokamensk",cities,"Mese tipicamente conveniente: agosto"
post,publish,"Voli per Krasnoselkup (KKQ): offerte, compagnie e periodo migliore per prenotare",voli-per-krasnoselkup-kkq,"Confronta voli per Krasnoselkup dai principali aeroporti italiani. Scopri prezzi indicativi, compagnie e consigli utili per organizzare la partenza.","<div class=""cpv-landing-note"">
  <p><strong>Perche cercare voli per Krasnoselkup qui.</strong> Questa pagina raccoglie un quadro rapido delle partenze italiane piu interessanti per Krasnoselkup, con tariffe indicative e consigli per scegliere il periodo piu vantaggioso.</p>
</div>
<div class=""cpv-stat-grid"">
  <div class=""cpv-stat""><strong>EUR 145</strong><span>Prezzo indicativo da monitorare dalle principali aree aeroportuali italiane.</span></div>
  <div class=""cpv-stat""><strong>luglio</strong><span>Periodo spesso interessante per tenere sotto controllo la rotta.</span></div>
  <div class=""cpv-stat""><strong>9</strong><span>Aeroporti italiani prioritari da confrontare per questa destinazione.</span></div>
</div>
<h2>Offerte voli per Krasnoselkup</h2>
<p>Per trovare il miglior equilibrio tra prezzo, durata e comfort, conviene verificare piu aeroporti di partenza italiani e confrontare giorni feriali e weekend.</p>
<table>
  <thead>
    <tr><th>Partenza</th><th>Prezzo da</th><th>Durata indicativa</th><th>Mese da monitorare</th></tr>
  </thead>
  <tbody>
    <tr><td>Leonardo da Vinci-Fiumicino Airport (FCO)</td><td>EUR 81</td><td>1h 20</td><td>marzo</td></tr><tr><td>Ciampino-G. B. Pastine International Airport (CIA)</td><td>EUR 153</td><td>2h 20</td><td>marzo</td></tr><tr><td>Milano Malpensa Airport (MXP)</td><td>EUR 30</td><td>10h 50</td><td>dicembre</td></tr><tr><td>Orio al Serio International Airport (BGY)</td><td>EUR 72</td><td>7h 50</td><td>giugno</td></tr><tr><td>Milano Linate Airport (LIN)</td><td>EUR 29</td><td>2h 40</td><td>novembre</td></tr><tr><td>Naples International Airport (NAP)</td><td>EUR 144</td><td>4h 50</td><td>giugno</td></tr><tr><td>Venice Marco Polo Airport (VCE)</td><td>EUR 76</td><td>7h 30</td><td>ottobre</td></tr><tr><td>Catania-Fontanarossa Airport (CTA)</td><td>EUR 58</td><td>5h 30</td><td>aprile</td></tr><tr><td>Guglielmo Marconi Airport (BLQ)</td><td>EUR 102</td><td>9h 50</td><td>dicembre</td></tr>
  </tbody>
</table>
<h2>Aeroporti italiani da cui conviene partire</h2>
<div class=""cpv-chip-list""><span class=""cpv-chip"">Leonardo da Vinci-Fiumicino Airport</span><span class=""cpv-chip"">Ciampino-G. B. Pastine International Airport</span><span class=""cpv-chip"">Milano Malpensa Airport</span><span class=""cpv-chip"">Orio al Serio International Airport</span><span class=""cpv-chip"">Milano Linate Airport</span><span class=""cpv-chip"">Naples International Airport</span></div>
<div class=""cpv-landing-grid"">
  <div class=""cpv-landing-card""><strong>City break</strong><p>Se Krasnoselkup e una meta urbana, le partenze del venerdi e del sabato sono spesso le piu monitorate.</p></div>
  <div class=""cpv-landing-card""><strong>Viaggi stagionali</strong><p>In alcuni periodi dell'anno le tariffe possono variare molto, soprattutto vicino ai ponti e alle festivita.</p></div>
  <div class=""cpv-landing-card""><strong>Confronto rapido</strong><p>Valuta aeroporti maggiori e secondari per capire se un piccolo spostamento porta a un risparmio concreto.</p></div>
</div>
<h2>Domande frequenti sui voli per Krasnoselkup</h2>
<div class=""cpv-faq"">
  <details><summary>Qual e il modo migliore per cercare voli per Krasnoselkup?</summary><p>Confronta piu aeroporti italiani, prova date flessibili e verifica anche partenze infrasettimanali per migliorare le possibilita di risparmio.</p></details>
  <details><summary>Meglio volo diretto o con scalo?</summary><p>Per tratte medio-brevi il diretto e spesso la scelta piu comoda, mentre su alcune rotte uno scalo puo ridurre il prezzo finale.</p></details>
  <details><summary>Quando controllare i prezzi per Krasnoselkup?</summary><p>Vale la pena iniziare a monitorare la rotta in anticipo e verificare con regolarita i giorni piu vicini alla partenza ideale.</p></details>
</div>","Voli per citta|Voli intercontinentali",city,KKQ,/voli-per/krasnoselkup/,"Voli per Krasnoselkup (KKQ): offerte e guide | ConfrontaPrezziVoli","Trova voli per Krasnoselkup dai principali aeroporti italiani. Tariffe indicative da EUR 145 e consigli per scegliere il periodo migliore.","voli per Krasnoselkup",cities,"Mese tipicamente conveniente: luglio"
post,publish,"Voli per Krasnyiy Chikoy (КСЧ): offerte, compagnie e periodo migliore per prenotare",voli-per-krasnyiy-chikoy-КСЧ,"Confronta voli per Krasnyiy Chikoy dai principali aeroporti italiani. Scopri prezzi indicativi, compagnie e consigli utili per organizzare la partenza.","<div class=""cpv-landing-note"">
  <p><strong>Perche cercare voli per Krasnyiy Chikoy qui.</strong> Questa pagina raccoglie un quadro rapido delle partenze italiane piu interessanti per Krasnyiy Chikoy, con tariffe indicative e consigli per scegliere il periodo piu vantaggioso.</p>
</div>
<div class=""cpv-stat-grid"">
  <div class=""cpv-stat""><strong>EUR 61</strong><span>Prezzo indicativo da monitorare dalle principali aree aeroportuali italiane.</span></div>
  <div class=""cpv-stat""><strong>luglio</strong><span>Periodo spesso interessante per tenere sotto controllo la rotta.</span></div>
  <div class=""cpv-stat""><strong>9</strong><span>Aeroporti italiani prioritari da confrontare per questa destinazione.</span></div>
</div>
<h2>Offerte voli per Krasnyiy Chikoy</h2>
<p>Per trovare il miglior equilibrio tra prezzo, durata e comfort, conviene verificare piu aeroporti di partenza italiani e confrontare giorni feriali e weekend.</p>
<table>
  <thead>
    <tr><th>Partenza</th><th>Prezzo da</th><th>Durata indicativa</th><th>Mese da monitorare</th></tr>
  </thead>
  <tbody>
    <tr><td>Leonardo da Vinci-Fiumicino Airport (FCO)</td><td>EUR 131</td><td>6h 40</td><td>maggio</td></tr><tr><td>Ciampino-G. B. Pastine International Airport (CIA)</td><td>EUR 115</td><td>2h 00</td><td>gennaio</td></tr><tr><td>Milano Malpensa Airport (MXP)</td><td>EUR 55</td><td>3h 00</td><td>gennaio</td></tr><tr><td>Orio al Serio International Airport (BGY)</td><td>EUR 149</td><td>5h 40</td><td>novembre</td></tr><tr><td>Milano Linate Airport (LIN)</td><td>EUR 124</td><td>11h 30</td><td>ottobre</td></tr><tr><td>Naples International Airport (NAP)</td><td>EUR 24</td><td>7h 50</td><td>giugno</td></tr><tr><td>Venice Marco Polo Airport (VCE)</td><td>EUR 71</td><td>8h 40</td><td>maggio</td></tr><tr><td>Catania-Fontanarossa Airport (CTA)</td><td>EUR 97</td><td>8h 00</td><td>luglio</td></tr><tr><td>Guglielmo Marconi Airport (BLQ)</td><td>EUR 41</td><td>2h 40</td><td>novembre</td></tr>
  </tbody>
</table>
<h2>Aeroporti italiani da cui conviene partire</h2>
<div class=""cpv-chip-list""><span class=""cpv-chip"">Leonardo da Vinci-Fiumicino Airport</span><span class=""cpv-chip"">Ciampino-G. B. Pastine International Airport</span><span class=""cpv-chip"">Milano Malpensa Airport</span><span class=""cpv-chip"">Orio al Serio International Airport</span><span class=""cpv-chip"">Milano Linate Airport</span><span class=""cpv-chip"">Naples International Airport</span></div>
<div class=""cpv-landing-grid"">
  <div class=""cpv-landing-card""><strong>City break</strong><p>Se Krasnyiy Chikoy e una meta urbana, le partenze del venerdi e del sabato sono spesso le piu monitorate.</p></div>
  <div class=""cpv-landing-card""><strong>Viaggi stagionali</strong><p>In alcuni periodi dell'anno le tariffe possono variare molto, soprattutto vicino ai ponti e alle festivita.</p></div>
  <div class=""cpv-landing-card""><strong>Confronto rapido</strong><p>Valuta aeroporti maggiori e secondari per capire se un piccolo spostamento porta a un risparmio concreto.</p></div>
</div>
<h2>Domande frequenti sui voli per Krasnyiy Chikoy</h2>
<div class=""cpv-faq"">
  <details><summary>Qual e il modo migliore per cercare voli per Krasnyiy Chikoy?</summary><p>Confronta piu aeroporti italiani, prova date flessibili e verifica anche partenze infrasettimanali per migliorare le possibilita di risparmio.</p></details>
  <details><summary>Meglio volo diretto o con scalo?</summary><p>Per tratte medio-brevi il diretto e spesso la scelta piu comoda, mentre su alcune rotte uno scalo puo ridurre il prezzo finale.</p></details>
  <details><summary>Quando controllare i prezzi per Krasnyiy Chikoy?</summary><p>Vale la pena iniziare a monitorare la rotta in anticipo e verificare con regolarita i giorni piu vicini alla partenza ideale.</p></details>
</div>","Voli per citta|Voli intercontinentali",city,КСЧ,/voli-per/krasnyiy-chikoy/,"Voli per Krasnyiy Chikoy (КСЧ): offerte e guide | ConfrontaPrezziVoli","Trova voli per Krasnyiy Chikoy dai principali aeroporti italiani. Tariffe indicative da EUR 61 e consigli per scegliere il periodo migliore.","voli per Krasnyiy Chikoy",cities,"Mese tipicamente conveniente: luglio"
post,publish,"Voli per Kristiansand (KRS): offerte, compagnie e periodo migliore per prenotare",voli-per-kristiansand-krs,"Confronta voli per Kristiansand dai principali aeroporti italiani. Scopri prezzi indicativi, compagnie e consigli utili per organizzare la partenza.","<div class=""cpv-landing-note"">
  <p><strong>Perche cercare voli per Kristiansand qui.</strong> Questa pagina raccoglie un quadro rapido delle partenze italiane piu interessanti per Kristiansand, con tariffe indicative e consigli per scegliere il periodo piu vantaggioso.</p>
</div>
<div class=""cpv-stat-grid"">
  <div class=""cpv-stat""><strong>EUR 85</strong><span>Prezzo indicativo da monitorare dalle principali aree aeroportuali italiane.</span></div>
  <div class=""cpv-stat""><strong>luglio</strong><span>Periodo spesso interessante per tenere sotto controllo la rotta.</span></div>
  <div class=""cpv-stat""><strong>9</strong><span>Aeroporti italiani prioritari da confrontare per questa destinazione.</span></div>
</div>
<h2>Offerte voli per Kristiansand</h2>
<p>Per trovare il miglior equilibrio tra prezzo, durata e comfort, conviene verificare piu aeroporti di partenza italiani e confrontare giorni feriali e weekend.</p>
<table>
  <thead>
    <tr><th>Partenza</th><th>Prezzo da</th><th>Durata indicativa</th><th>Mese da monitorare</th></tr>
  </thead>
  <tbody>
    <tr><td>Leonardo da Vinci-Fiumicino Airport (FCO)</td><td>EUR 93</td><td>7h 20</td><td>marzo</td></tr><tr><td>Ciampino-G. B. Pastine International Airport (CIA)</td><td>EUR 61</td><td>6h 00</td><td>luglio</td></tr><tr><td>Milano Malpensa Airport (MXP)</td><td>EUR 166</td><td>5h 30</td><td>aprile</td></tr><tr><td>Orio al Serio International Airport (BGY)</td><td>EUR 24</td><td>6h 50</td><td>giugno</td></tr><tr><td>Milano Linate Airport (LIN)</td><td>EUR 61</td><td>1h 00</td><td>luglio</td></tr><tr><td>Naples International Airport (NAP)</td><td>EUR 32</td><td>8h 10</td><td>febbraio</td></tr><tr><td>Venice Marco Polo Airport (VCE)</td><td>EUR 24</td><td>2h 50</td><td>giugno</td></tr><tr><td>Catania-Fontanarossa Airport (CTA)</td><td>EUR 146</td><td>2h 10</td><td>agosto</td></tr><tr><td>Guglielmo Marconi Airport (BLQ)</td><td>EUR 146</td><td>3h 10</td><td>agosto</td></tr>
  </tbody>
</table>
<h2>Aeroporti italiani da cui conviene partire</h2>
<div class=""cpv-chip-list""><span class=""cpv-chip"">Leonardo da Vinci-Fiumicino Airport</span><span class=""cpv-chip"">Ciampino-G. B. Pastine International Airport</span><span class=""cpv-chip"">Milano Malpensa Airport</span><span class=""cpv-chip"">Orio al Serio International Airport</span><span class=""cpv-chip"">Milano Linate Airport</span><span class=""cpv-chip"">Naples International Airport</span></div>
<div class=""cpv-landing-grid"">
  <div class=""cpv-landing-card""><strong>City break</strong><p>Se Kristiansand e una meta urbana, le partenze del venerdi e del sabato sono spesso le piu monitorate.</p></div>
  <div class=""cpv-landing-card""><strong>Viaggi stagionali</strong><p>In alcuni periodi dell'anno le tariffe possono variare molto, soprattutto vicino ai ponti e alle festivita.</p></div>
  <div class=""cpv-landing-card""><strong>Confronto rapido</strong><p>Valuta aeroporti maggiori e secondari per capire se un piccolo spostamento porta a un risparmio concreto.</p></div>
</div>
<h2>Domande frequenti sui voli per Kristiansand</h2>
<div class=""cpv-faq"">
  <details><summary>Qual e il modo migliore per cercare voli per Kristiansand?</summary><p>Confronta piu aeroporti italiani, prova date flessibili e verifica anche partenze infrasettimanali per migliorare le possibilita di risparmio.</p></details>
  <details><summary>Meglio volo diretto o con scalo?</summary><p>Per tratte medio-brevi il diretto e spesso la scelta piu comoda, mentre su alcune rotte uno scalo puo ridurre il prezzo finale.</p></details>
  <details><summary>Quando controllare i prezzi per Kristiansand?</summary><p>Vale la pena iniziare a monitorare la rotta in anticipo e verificare con regolarita i giorni piu vicini alla partenza ideale.</p></details>
</div>","Voli per citta|Voli in Europa",city,KRS,/voli-per/kristiansand/,"Voli per Kristiansand (KRS): offerte e guide | ConfrontaPrezziVoli","Trova voli per Kristiansand dai principali aeroporti italiani. Tariffe indicative da EUR 85 e consigli per scegliere il periodo migliore.","voli per Kristiansand",cities,"Mese tipicamente conveniente: luglio"
post,publish,"Voli per Kristianstad (KID): offerte, compagnie e periodo migliore per prenotare",voli-per-kristianstad-kid,"Confronta voli per Kristianstad dai principali aeroporti italiani. Scopri prezzi indicativi, compagnie e consigli utili per organizzare la partenza.","<div class=""cpv-landing-note"">
  <p><strong>Perche cercare voli per Kristianstad qui.</strong> Questa pagina raccoglie un quadro rapido delle partenze italiane piu interessanti per Kristianstad, con tariffe indicative e consigli per scegliere il periodo piu vantaggioso.</p>
</div>
<div class=""cpv-stat-grid"">
  <div class=""cpv-stat""><strong>EUR 186</strong><span>Prezzo indicativo da monitorare dalle principali aree aeroportuali italiane.</span></div>
  <div class=""cpv-stat""><strong>dicembre</strong><span>Periodo spesso interessante per tenere sotto controllo la rotta.</span></div>
  <div class=""cpv-stat""><strong>9</strong><span>Aeroporti italiani prioritari da confrontare per questa destinazione.</span></div>
</div>
<h2>Offerte voli per Kristianstad</h2>
<p>Per trovare il miglior equilibrio tra prezzo, durata e comfort, conviene verificare piu aeroporti di partenza italiani e confrontare giorni feriali e weekend.</p>
<table>
  <thead>
    <tr><th>Partenza</th><th>Prezzo da</th><th>Durata indicativa</th><th>Mese da monitorare</th></tr>
  </thead>
  <tbody>
    <tr><td>Leonardo da Vinci-Fiumicino Airport (FCO)</td><td>EUR 146</td><td>11h 10</td><td>agosto</td></tr><tr><td>Ciampino-G. B. Pastine International Airport (CIA)</td><td>EUR 54</td><td>7h 50</td><td>dicembre</td></tr><tr><td>Milano Malpensa Airport (MXP)</td><td>EUR 173</td><td>3h 40</td><td>novembre</td></tr><tr><td>Orio al Serio International Airport (BGY)</td><td>EUR 155</td><td>10h 40</td><td>maggio</td></tr><tr><td>Milano Linate Airport (LIN)</td><td>EUR 198</td><td>3h 50</td><td>dicembre</td></tr><tr><td>Naples International Airport (NAP)</td><td>EUR 87</td><td>6h 20</td><td>settembre</td></tr><tr><td>Venice Marco Polo Airport (VCE)</td><td>EUR 39</td><td>3h 20</td><td>settembre</td></tr><tr><td>Catania-Fontanarossa Airport (CTA)</td><td>EUR 109</td><td>6h 00</td><td>luglio</td></tr><tr><td>Guglielmo Marconi Airport (BLQ)</td><td>EUR 97</td><td>11h 00</td><td>luglio</td></tr>
  </tbody>
</table>
<h2>Aeroporti italiani da cui conviene partire</h2>
<div class=""cpv-chip-list""><span class=""cpv-chip"">Leonardo da Vinci-Fiumicino Airport</span><span class=""cpv-chip"">Ciampino-G. B. Pastine International Airport</span><span class=""cpv-chip"">Milano Malpensa Airport</span><span class=""cpv-chip"">Orio al Serio International Airport</span><span class=""cpv-chip"">Milano Linate Airport</span><span class=""cpv-chip"">Naples International Airport</span></div>
<div class=""cpv-landing-grid"">
  <div class=""cpv-landing-card""><strong>City break</strong><p>Se Kristianstad e una meta urbana, le partenze del venerdi e del sabato sono spesso le piu monitorate.</p></div>
  <div class=""cpv-landing-card""><strong>Viaggi stagionali</strong><p>In alcuni periodi dell'anno le tariffe possono variare molto, soprattutto vicino ai ponti e alle festivita.</p></div>
  <div class=""cpv-landing-card""><strong>Confronto rapido</strong><p>Valuta aeroporti maggiori e secondari per capire se un piccolo spostamento porta a un risparmio concreto.</p></div>
</div>
<h2>Domande frequenti sui voli per Kristianstad</h2>
<div class=""cpv-faq"">
  <details><summary>Qual e il modo migliore per cercare voli per Kristianstad?</summary><p>Confronta piu aeroporti italiani, prova date flessibili e verifica anche partenze infrasettimanali per migliorare le possibilita di risparmio.</p></details>
  <details><summary>Meglio volo diretto o con scalo?</summary><p>Per tratte medio-brevi il diretto e spesso la scelta piu comoda, mentre su alcune rotte uno scalo puo ridurre il prezzo finale.</p></details>
  <details><summary>Quando controllare i prezzi per Kristianstad?</summary><p>Vale la pena iniziare a monitorare la rotta in anticipo e verificare con regolarita i giorni piu vicini alla partenza ideale.</p></details>
</div>","Voli per citta|Voli in Europa",city,KID,/voli-per/kristianstad/,"Voli per Kristianstad (KID): offerte e guide | ConfrontaPrezziVoli","Trova voli per Kristianstad dai principali aeroporti italiani. Tariffe indicative da EUR 186 e consigli per scegliere il periodo migliore.","voli per Kristianstad",cities,"Mese tipicamente conveniente: dicembre"
post,publish,"Voli per Kristiansund (KSU): offerte, compagnie e periodo migliore per prenotare",voli-per-kristiansund-ksu,"Confronta voli per Kristiansund dai principali aeroporti italiani. Scopri prezzi indicativi, compagnie e consigli utili per organizzare la partenza.","<div class=""cpv-landing-note"">
  <p><strong>Perche cercare voli per Kristiansund qui.</strong> Questa pagina raccoglie un quadro rapido delle partenze italiane piu interessanti per Kristiansund, con tariffe indicative e consigli per scegliere il periodo piu vantaggioso.</p>
</div>
<div class=""cpv-stat-grid"">
  <div class=""cpv-stat""><strong>EUR 169</strong><span>Prezzo indicativo da monitorare dalle principali aree aeroportuali italiane.</span></div>
  <div class=""cpv-stat""><strong>luglio</strong><span>Periodo spesso interessante per tenere sotto controllo la rotta.</span></div>
  <div class=""cpv-stat""><strong>9</strong><span>Aeroporti italiani prioritari da confrontare per questa destinazione.</span></div>
</div>
<h2>Offerte voli per Kristiansund</h2>
<p>Per trovare il miglior equilibrio tra prezzo, durata e comfort, conviene verificare piu aeroporti di partenza italiani e confrontare giorni feriali e weekend.</p>
<table>
  <thead>
    <tr><th>Partenza</th><th>Prezzo da</th><th>Durata indicativa</th><th>Mese da monitorare</th></tr>
  </thead>
  <tbody>
    <tr><td>Leonardo da Vinci-Fiumicino Airport (FCO)</td><td>EUR 45</td><td>11h 20</td><td>marzo</td></tr><tr><td>Ciampino-G. B. Pastine International Airport (CIA)</td><td>EUR 181</td><td>11h 00</td><td>luglio</td></tr><tr><td>Milano Malpensa Airport (MXP)</td><td>EUR 178</td><td>6h 30</td><td>aprile</td></tr><tr><td>Orio al Serio International Airport (BGY)</td><td>EUR 100</td><td>1h 30</td><td>ottobre</td></tr><tr><td>Milano Linate Airport (LIN)</td><td>EUR 141</td><td>3h 20</td><td>marzo</td></tr><tr><td>Naples International Airport (NAP)</td><td>EUR 40</td><td>10h 30</td><td>ottobre</td></tr><tr><td>Venice Marco Polo Airport (VCE)</td><td>EUR 196</td><td>11h 30</td><td>ottobre</td></tr><tr><td>Catania-Fontanarossa Airport (CTA)</td><td>EUR 194</td><td>11h 10</td><td>agosto</td></tr><tr><td>Guglielmo Marconi Airport (BLQ)</td><td>EUR 126</td><td>3h 50</td><td>dicembre</td></tr>
  </tbody>
</table>
<h2>Aeroporti italiani da cui conviene partire</h2>
<div class=""cpv-chip-list""><span class=""cpv-chip"">Leonardo da Vinci-Fiumicino Airport</span><span class=""cpv-chip"">Ciampino-G. B. Pastine International Airport</span><span class=""cpv-chip"">Milano Malpensa Airport</span><span class=""cpv-chip"">Orio al Serio International Airport</span><span class=""cpv-chip"">Milano Linate Airport</span><span class=""cpv-chip"">Naples International Airport</span></div>
<div class=""cpv-landing-grid"">
  <div class=""cpv-landing-card""><strong>City break</strong><p>Se Kristiansund e una meta urbana, le partenze del venerdi e del sabato sono spesso le piu monitorate.</p></div>
  <div class=""cpv-landing-card""><strong>Viaggi stagionali</strong><p>In alcuni periodi dell'anno le tariffe possono variare molto, soprattutto vicino ai ponti e alle festivita.</p></div>
  <div class=""cpv-landing-card""><strong>Confronto rapido</strong><p>Valuta aeroporti maggiori e secondari per capire se un piccolo spostamento porta a un risparmio concreto.</p></div>
</div>
<h2>Domande frequenti sui voli per Kristiansund</h2>
<div class=""cpv-faq"">
  <details><summary>Qual e il modo migliore per cercare voli per Kristiansund?</summary><p>Confronta piu aeroporti italiani, prova date flessibili e verifica anche partenze infrasettimanali per migliorare le possibilita di risparmio.</p></details>
  <details><summary>Meglio volo diretto o con scalo?</summary><p>Per tratte medio-brevi il diretto e spesso la scelta piu comoda, mentre su alcune rotte uno scalo puo ridurre il prezzo finale.</p></details>
  <details><summary>Quando controllare i prezzi per Kristiansund?</summary><p>Vale la pena iniziare a monitorare la rotta in anticipo e verificare con regolarita i giorni piu vicini alla partenza ideale.</p></details>
</div>","Voli per citta|Voli in Europa",city,KSU,/voli-per/kristiansund/,"Voli per Kristiansund (KSU): offerte e guide | ConfrontaPrezziVoli","Trova voli per Kristiansund dai principali aeroporti italiani. Tariffe indicative da EUR 169 e consigli per scegliere il periodo migliore.","voli per Kristiansund",cities,"Mese tipicamente conveniente: luglio"
post,publish,"Voli per Krivoy Rog (KWG): offerte, compagnie e periodo migliore per prenotare",voli-per-krivoy-rog-kwg,"Confronta voli per Krivoy Rog dai principali aeroporti italiani. Scopri prezzi indicativi, compagnie e consigli utili per organizzare la partenza.","<div class=""cpv-landing-note"">
  <p><strong>Perche cercare voli per Krivoy Rog qui.</strong> Questa pagina raccoglie un quadro rapido delle partenze italiane piu interessanti per Krivoy Rog, con tariffe indicative e consigli per scegliere il periodo piu vantaggioso.</p>
</div>
<div class=""cpv-stat-grid"">
  <div class=""cpv-stat""><strong>EUR 173</strong><span>Prezzo indicativo da monitorare dalle principali aree aeroportuali italiane.</span></div>
  <div class=""cpv-stat""><strong>novembre</strong><span>Periodo spesso interessante per tenere sotto controllo la rotta.</span></div>
  <div class=""cpv-stat""><strong>9</strong><span>Aeroporti italiani prioritari da confrontare per questa destinazione.</span></div>
</div>
<h2>Offerte voli per Krivoy Rog</h2>
<p>Per trovare il miglior equilibrio tra prezzo, durata e comfort, conviene verificare piu aeroporti di partenza italiani e confrontare giorni feriali e weekend.</p>
<table>
  <thead>
    <tr><th>Partenza</th><th>Prezzo da</th><th>Durata indicativa</th><th>Mese da monitorare</th></tr>
  </thead>
  <tbody>
    <tr><td>Leonardo da Vinci-Fiumicino Airport (FCO)</td><td>EUR 113</td><td>11h 40</td><td>novembre</td></tr><tr><td>Ciampino-G. B. Pastine International Airport (CIA)</td><td>EUR 153</td><td>11h 20</td><td>marzo</td></tr><tr><td>Milano Malpensa Airport (MXP)</td><td>EUR 186</td><td>8h 50</td><td>dicembre</td></tr><tr><td>Orio al Serio International Airport (BGY)</td><td>EUR 156</td><td>10h 50</td><td>giugno</td></tr><tr><td>Milano Linate Airport (LIN)</td><td>EUR 181</td><td>6h 00</td><td>luglio</td></tr><tr><td>Naples International Airport (NAP)</td><td>EUR 172</td><td>10h 30</td><td>ottobre</td></tr><tr><td>Venice Marco Polo Airport (VCE)</td><td>EUR 192</td><td>2h 50</td><td>giugno</td></tr><tr><td>Catania-Fontanarossa Airport (CTA)</td><td>EUR 194</td><td>2h 10</td><td>agosto</td></tr><tr><td>Guglielmo Marconi Airport (BLQ)</td><td>EUR 166</td><td>5h 30</td><td>aprile</td></tr>
  </tbody>
</table>
<h2>Aeroporti italiani da cui conviene partire</h2>
<div class=""cpv-chip-list""><span class=""cpv-chip"">Leonardo da Vinci-Fiumicino Airport</span><span class=""cpv-chip"">Ciampino-G. B. Pastine International Airport</span><span class=""cpv-chip"">Milano Malpensa Airport</span><span class=""cpv-chip"">Orio al Serio International Airport</span><span class=""cpv-chip"">Milano Linate Airport</span><span class=""cpv-chip"">Naples International Airport</span></div>
<div class=""cpv-landing-grid"">
  <div class=""cpv-landing-card""><strong>City break</strong><p>Se Krivoy Rog e una meta urbana, le partenze del venerdi e del sabato sono spesso le piu monitorate.</p></div>
  <div class=""cpv-landing-card""><strong>Viaggi stagionali</strong><p>In alcuni periodi dell'anno le tariffe possono variare molto, soprattutto vicino ai ponti e alle festivita.</p></div>
  <div class=""cpv-landing-card""><strong>Confronto rapido</strong><p>Valuta aeroporti maggiori e secondari per capire se un piccolo spostamento porta a un risparmio concreto.</p></div>
</div>
<h2>Domande frequenti sui voli per Krivoy Rog</h2>
<div class=""cpv-faq"">
  <details><summary>Qual e il modo migliore per cercare voli per Krivoy Rog?</summary><p>Confronta piu aeroporti italiani, prova date flessibili e verifica anche partenze infrasettimanali per migliorare le possibilita di risparmio.</p></details>
  <details><summary>Meglio volo diretto o con scalo?</summary><p>Per tratte medio-brevi il diretto e spesso la scelta piu comoda, mentre su alcune rotte uno scalo puo ridurre il prezzo finale.</p></details>
  <details><summary>Quando controllare i prezzi per Krivoy Rog?</summary><p>Vale la pena iniziare a monitorare la rotta in anticipo e verificare con regolarita i giorni piu vicini alla partenza ideale.</p></details>
</div>","Voli per citta|Voli in Europa",city,KWG,/voli-per/krivoy-rog/,"Voli per Krivoy Rog (KWG): offerte e guide | ConfrontaPrezziVoli","Trova voli per Krivoy Rog dai principali aeroporti italiani. Tariffe indicative da EUR 173 e consigli per scegliere il periodo migliore.","voli per Krivoy Rog",cities,"Mese tipicamente conveniente: novembre"
post,publish,"Voli per Kuala Lumpur (KUL): offerte, compagnie e periodo migliore per prenotare",voli-per-kuala-lumpur-kul,"Confronta voli per Kuala Lumpur dai principali aeroporti italiani. Scopri prezzi indicativi, compagnie e consigli utili per organizzare la partenza.","<div class=""cpv-landing-note"">
  <p><strong>Perche cercare voli per Kuala Lumpur qui.</strong> Questa pagina raccoglie un quadro rapido delle partenze italiane piu interessanti per Kuala Lumpur, con tariffe indicative e consigli per scegliere il periodo piu vantaggioso.</p>
</div>
<div class=""cpv-stat-grid"">
  <div class=""cpv-stat""><strong>EUR 115</strong><span>Prezzo indicativo da monitorare dalle principali aree aeroportuali italiane.</span></div>
  <div class=""cpv-stat""><strong>gennaio</strong><span>Periodo spesso interessante per tenere sotto controllo la rotta.</span></div>
  <div class=""cpv-stat""><strong>9</strong><span>Aeroporti italiani prioritari da confrontare per questa destinazione.</span></div>
</div>
<h2>Offerte voli per Kuala Lumpur</h2>
<p>Per trovare il miglior equilibrio tra prezzo, durata e comfort, conviene verificare piu aeroporti di partenza italiani e confrontare giorni feriali e weekend.</p>
<table>
  <thead>
    <tr><th>Partenza</th><th>Prezzo da</th><th>Durata indicativa</th><th>Mese da monitorare</th></tr>
  </thead>
  <tbody>
    <tr><td>Leonardo da Vinci-Fiumicino Airport (FCO)</td><td>EUR 39</td><td>5h 20</td><td>settembre</td></tr><tr><td>Ciampino-G. B. Pastine International Airport (CIA)</td><td>EUR 59</td><td>1h 40</td><td>maggio</td></tr><tr><td>Milano Malpensa Airport (MXP)</td><td>EUR 112</td><td>3h 30</td><td>ottobre</td></tr><tr><td>Orio al Serio International Airport (BGY)</td><td>EUR 186</td><td>2h 50</td><td>dicembre</td></tr><tr><td>Milano Linate Airport (LIN)</td><td>EUR 175</td><td>4h 00</td><td>gennaio</td></tr><tr><td>Naples International Airport (NAP)</td><td>EUR 58</td><td>2h 30</td><td>aprile</td></tr><tr><td>Venice Marco Polo Airport (VCE)</td><td>EUR 66</td><td>4h 50</td><td>dicembre</td></tr><tr><td>Catania-Fontanarossa Airport (CTA)</td><td>EUR 116</td><td>11h 10</td><td>febbraio</td></tr><tr><td>Guglielmo Marconi Airport (BLQ)</td><td>EUR 164</td><td>2h 10</td><td>febbraio</td></tr>
  </tbody>
</table>
<h2>Aeroporti italiani da cui conviene partire</h2>
<div class=""cpv-chip-list""><span class=""cpv-chip"">Leonardo da Vinci-Fiumicino Airport</span><span class=""cpv-chip"">Ciampino-G. B. Pastine International Airport</span><span class=""cpv-chip"">Milano Malpensa Airport</span><span class=""cpv-chip"">Orio al Serio International Airport</span><span class=""cpv-chip"">Milano Linate Airport</span><span class=""cpv-chip"">Naples International Airport</span></div>
<div class=""cpv-landing-grid"">
  <div class=""cpv-landing-card""><strong>City break</strong><p>Se Kuala Lumpur e una meta urbana, le partenze del venerdi e del sabato sono spesso le piu monitorate.</p></div>
  <div class=""cpv-landing-card""><strong>Viaggi stagionali</strong><p>In alcuni periodi dell'anno le tariffe possono variare molto, soprattutto vicino ai ponti e alle festivita.</p></div>
  <div class=""cpv-landing-card""><strong>Confronto rapido</strong><p>Valuta aeroporti maggiori e secondari per capire se un piccolo spostamento porta a un risparmio concreto.</p></div>
</div>
<h2>Domande frequenti sui voli per Kuala Lumpur</h2>
<div class=""cpv-faq"">
  <details><summary>Qual e il modo migliore per cercare voli per Kuala Lumpur?</summary><p>Confronta piu aeroporti italiani, prova date flessibili e verifica anche partenze infrasettimanali per migliorare le possibilita di risparmio.</p></details>
  <details><summary>Meglio volo diretto o con scalo?</summary><p>Per tratte medio-brevi il diretto e spesso la scelta piu comoda, mentre su alcune rotte uno scalo puo ridurre il prezzo finale.</p></details>
  <details><summary>Quando controllare i prezzi per Kuala Lumpur?</summary><p>Vale la pena iniziare a monitorare la rotta in anticipo e verificare con regolarita i giorni piu vicini alla partenza ideale.</p></details>
</div>","Voli per citta|Voli intercontinentali",city,KUL,/voli-per/kuala-lumpur/,"Voli per Kuala Lumpur (KUL): offerte e guide | ConfrontaPrezziVoli","Trova voli per Kuala Lumpur dai principali aeroporti italiani. Tariffe indicative da EUR 115 e consigli per scegliere il periodo migliore.","voli per Kuala Lumpur",cities,"Mese tipicamente conveniente: gennaio"
post,publish,"Voli per Kuala Terengganu (TGG): offerte, compagnie e periodo migliore per prenotare",voli-per-kuala-terengganu-tgg,"Confronta voli per Kuala Terengganu dai principali aeroporti italiani. Scopri prezzi indicativi, compagnie e consigli utili per organizzare la partenza.","<div class=""cpv-landing-note"">
  <p><strong>Perche cercare voli per Kuala Terengganu qui.</strong> Questa pagina raccoglie un quadro rapido delle partenze italiane piu interessanti per Kuala Terengganu, con tariffe indicative e consigli per scegliere il periodo piu vantaggioso.</p>
</div>
<div class=""cpv-stat-grid"">
  <div class=""cpv-stat""><strong>EUR 137</strong><span>Prezzo indicativo da monitorare dalle principali aree aeroportuali italiane.</span></div>
  <div class=""cpv-stat""><strong>novembre</strong><span>Periodo spesso interessante per tenere sotto controllo la rotta.</span></div>
  <div class=""cpv-stat""><strong>9</strong><span>Aeroporti italiani prioritari da confrontare per questa destinazione.</span></div>
</div>
<h2>Offerte voli per Kuala Terengganu</h2>
<p>Per trovare il miglior equilibrio tra prezzo, durata e comfort, conviene verificare piu aeroporti di partenza italiani e confrontare giorni feriali e weekend.</p>
<table>
  <thead>
    <tr><th>Partenza</th><th>Prezzo da</th><th>Durata indicativa</th><th>Mese da monitorare</th></tr>
  </thead>
  <tbody>
    <tr><td>Leonardo da Vinci-Fiumicino Airport (FCO)</td><td>EUR 113</td><td>2h 40</td><td>novembre</td></tr><tr><td>Ciampino-G. B. Pastine International Airport (CIA)</td><td>EUR 197</td><td>2h 40</td><td>novembre</td></tr><tr><td>Milano Malpensa Airport (MXP)</td><td>EUR 94</td><td>6h 30</td><td>aprile</td></tr><tr><td>Orio al Serio International Airport (BGY)</td><td>EUR 76</td><td>2h 30</td><td>ottobre</td></tr><tr><td>Milano Linate Airport (LIN)</td><td>EUR 197</td><td>9h 40</td><td>novembre</td></tr><tr><td>Naples International Airport (NAP)</td><td>EUR 168</td><td>4h 50</td><td>giugno</td></tr><tr><td>Venice Marco Polo Airport (VCE)</td><td>EUR 132</td><td>9h 50</td><td>giugno</td></tr><tr><td>Catania-Fontanarossa Airport (CTA)</td><td>EUR 178</td><td>8h 30</td><td>aprile</td></tr><tr><td>Guglielmo Marconi Airport (BLQ)</td><td>EUR 42</td><td>4h 50</td><td>dicembre</td></tr>
  </tbody>
</table>
<h2>Aeroporti italiani da cui conviene partire</h2>
<div class=""cpv-chip-list""><span class=""cpv-chip"">Leonardo da Vinci-Fiumicino Airport</span><span class=""cpv-chip"">Ciampino-G. B. Pastine International Airport</span><span class=""cpv-chip"">Milano Malpensa Airport</span><span class=""cpv-chip"">Orio al Serio International Airport</span><span class=""cpv-chip"">Milano Linate Airport</span><span class=""cpv-chip"">Naples International Airport</span></div>
<div class=""cpv-landing-grid"">
  <div class=""cpv-landing-card""><strong>City break</strong><p>Se Kuala Terengganu e una meta urbana, le partenze del venerdi e del sabato sono spesso le piu monitorate.</p></div>
  <div class=""cpv-landing-card""><strong>Viaggi stagionali</strong><p>In alcuni periodi dell'anno le tariffe possono variare molto, soprattutto vicino ai ponti e alle festivita.</p></div>
  <div class=""cpv-landing-card""><strong>Confronto rapido</strong><p>Valuta aeroporti maggiori e secondari per capire se un piccolo spostamento porta a un risparmio concreto.</p></div>
</div>
<h2>Domande frequenti sui voli per Kuala Terengganu</h2>
<div class=""cpv-faq"">
  <details><summary>Qual e il modo migliore per cercare voli per Kuala Terengganu?</summary><p>Confronta piu aeroporti italiani, prova date flessibili e verifica anche partenze infrasettimanali per migliorare le possibilita di risparmio.</p></details>
  <details><summary>Meglio volo diretto o con scalo?</summary><p>Per tratte medio-brevi il diretto e spesso la scelta piu comoda, mentre su alcune rotte uno scalo puo ridurre il prezzo finale.</p></details>
  <details><summary>Quando controllare i prezzi per Kuala Terengganu?</summary><p>Vale la pena iniziare a monitorare la rotta in anticipo e verificare con regolarita i giorni piu vicini alla partenza ideale.</p></details>
</div>","Voli per citta|Voli intercontinentali",city,TGG,/voli-per/kuala-terengganu/,"Voli per Kuala Terengganu (TGG): offerte e guide | ConfrontaPrezziVoli","Trova voli per Kuala Terengganu dai principali aeroporti italiani. Tariffe indicative da EUR 137 e consigli per scegliere il periodo migliore.","voli per Kuala Terengganu",cities,"Mese tipicamente conveniente: novembre"
post,publish,"Voli per Kuantan (KUA): offerte, compagnie e periodo migliore per prenotare",voli-per-kuantan-kua,"Confronta voli per Kuantan dai principali aeroporti italiani. Scopri prezzi indicativi, compagnie e consigli utili per organizzare la partenza.","<div class=""cpv-landing-note"">
  <p><strong>Perche cercare voli per Kuantan qui.</strong> Questa pagina raccoglie un quadro rapido delle partenze italiane piu interessanti per Kuantan, con tariffe indicative e consigli per scegliere il periodo piu vantaggioso.</p>
</div>
<div class=""cpv-stat-grid"">
  <div class=""cpv-stat""><strong>EUR 128</strong><span>Prezzo indicativo da monitorare dalle principali aree aeroportuali italiane.</span></div>
  <div class=""cpv-stat""><strong>febbraio</strong><span>Periodo spesso interessante per tenere sotto controllo la rotta.</span></div>
  <div class=""cpv-stat""><strong>9</strong><span>Aeroporti italiani prioritari da confrontare per questa destinazione.</span></div>
</div>
<h2>Offerte voli per Kuantan</h2>
<p>Per trovare il miglior equilibrio tra prezzo, durata e comfort, conviene verificare piu aeroporti di partenza italiani e confrontare giorni feriali e weekend.</p>
<table>
  <thead>
    <tr><th>Partenza</th><th>Prezzo da</th><th>Durata indicativa</th><th>Mese da monitorare</th></tr>
  </thead>
  <tbody>
    <tr><td>Leonardo da Vinci-Fiumicino Airport (FCO)</td><td>EUR 100</td><td>5h 30</td><td>ottobre</td></tr><tr><td>Ciampino-G. B. Pastine International Airport (CIA)</td><td>EUR 124</td><td>9h 30</td><td>ottobre</td></tr><tr><td>Milano Malpensa Airport (MXP)</td><td>EUR 187</td><td>2h 00</td><td>gennaio</td></tr><tr><td>Orio al Serio International Airport (BGY)</td><td>EUR 41</td><td>6h 40</td><td>novembre</td></tr><tr><td>Milano Linate Airport (LIN)</td><td>EUR 156</td><td>8h 50</td><td>giugno</td></tr><tr><td>Naples International Airport (NAP)</td><td>EUR 77</td><td>8h 40</td><td>novembre</td></tr><tr><td>Venice Marco Polo Airport (VCE)</td><td>EUR 181</td><td>4h 00</td><td>luglio</td></tr><tr><td>Catania-Fontanarossa Airport (CTA)</td><td>EUR 95</td><td>2h 40</td><td>maggio</td></tr><tr><td>Guglielmo Marconi Airport (BLQ)</td><td>EUR 151</td><td>9h 00</td><td>gennaio</td></tr>
  </tbody>
</table>
<h2>Aeroporti italiani da cui conviene partire</h2>
<div class=""cpv-chip-list""><span class=""cpv-chip"">Leonardo da Vinci-Fiumicino Airport</span><span class=""cpv-chip"">Ciampino-G. B. Pastine International Airport</span><span class=""cpv-chip"">Milano Malpensa Airport</span><span class=""cpv-chip"">Orio al Serio International Airport</span><span class=""cpv-chip"">Milano Linate Airport</span><span class=""cpv-chip"">Naples International Airport</span></div>
<div class=""cpv-landing-grid"">
  <div class=""cpv-landing-card""><strong>City break</strong><p>Se Kuantan e una meta urbana, le partenze del venerdi e del sabato sono spesso le piu monitorate.</p></div>
  <div class=""cpv-landing-card""><strong>Viaggi stagionali</strong><p>In alcuni periodi dell'anno le tariffe possono variare molto, soprattutto vicino ai ponti e alle festivita.</p></div>
  <div class=""cpv-landing-card""><strong>Confronto rapido</strong><p>Valuta aeroporti maggiori e secondari per capire se un piccolo spostamento porta a un risparmio concreto.</p></div>
</div>
<h2>Domande frequenti sui voli per Kuantan</h2>
<div class=""cpv-faq"">
  <details><summary>Qual e il modo migliore per cercare voli per Kuantan?</summary><p>Confronta piu aeroporti italiani, prova date flessibili e verifica anche partenze infrasettimanali per migliorare le possibilita di risparmio.</p></details>
  <details><summary>Meglio volo diretto o con scalo?</summary><p>Per tratte medio-brevi il diretto e spesso la scelta piu comoda, mentre su alcune rotte uno scalo puo ridurre il prezzo finale.</p></details>
  <details><summary>Quando controllare i prezzi per Kuantan?</summary><p>Vale la pena iniziare a monitorare la rotta in anticipo e verificare con regolarita i giorni piu vicini alla partenza ideale.</p></details>
</div>","Voli per citta|Voli intercontinentali",city,KUA,/voli-per/kuantan/,"Voli per Kuantan (KUA): offerte e guide | ConfrontaPrezziVoli","Trova voli per Kuantan dai principali aeroporti italiani. Tariffe indicative da EUR 128 e consigli per scegliere il periodo migliore.","voli per Kuantan",cities,"Mese tipicamente conveniente: febbraio"
post,publish,"Voli per Kuching (KCH): offerte, compagnie e periodo migliore per prenotare",voli-per-kuching-kch,"Confronta voli per Kuching dai principali aeroporti italiani. Scopri prezzi indicativi, compagnie e consigli utili per organizzare la partenza.","<div class=""cpv-landing-note"">
  <p><strong>Perche cercare voli per Kuching qui.</strong> Questa pagina raccoglie un quadro rapido delle partenze italiane piu interessanti per Kuching, con tariffe indicative e consigli per scegliere il periodo piu vantaggioso.</p>
</div>
<div class=""cpv-stat-grid"">
  <div class=""cpv-stat""><strong>EUR 117</strong><span>Prezzo indicativo da monitorare dalle principali aree aeroportuali italiane.</span></div>
  <div class=""cpv-stat""><strong>marzo</strong><span>Periodo spesso interessante per tenere sotto controllo la rotta.</span></div>
  <div class=""cpv-stat""><strong>9</strong><span>Aeroporti italiani prioritari da confrontare per questa destinazione.</span></div>
</div>
<h2>Offerte voli per Kuching</h2>
<p>Per trovare il miglior equilibrio tra prezzo, durata e comfort, conviene verificare piu aeroporti di partenza italiani e confrontare giorni feriali e weekend.</p>
<table>
  <thead>
    <tr><th>Partenza</th><th>Prezzo da</th><th>Durata indicativa</th><th>Mese da monitorare</th></tr>
  </thead>
  <tbody>
    <tr><td>Leonardo da Vinci-Fiumicino Airport (FCO)</td><td>EUR 121</td><td>4h 00</td><td>luglio</td></tr><tr><td>Ciampino-G. B. Pastine International Airport (CIA)</td><td>EUR 37</td><td>8h 00</td><td>luglio</td></tr><tr><td>Milano Malpensa Airport (MXP)</td><td>EUR 54</td><td>7h 50</td><td>dicembre</td></tr><tr><td>Orio al Serio International Airport (BGY)</td><td>EUR 124</td><td>5h 30</td><td>ottobre</td></tr><tr><td>Milano Linate Airport (LIN)</td><td>EUR 189</td><td>3h 20</td><td>marzo</td></tr><tr><td>Naples International Airport (NAP)</td><td>EUR 72</td><td>8h 50</td><td>giugno</td></tr><tr><td>Venice Marco Polo Airport (VCE)</td><td>EUR 196</td><td>6h 30</td><td>ottobre</td></tr><tr><td>Catania-Fontanarossa Airport (CTA)</td><td>EUR 66</td><td>11h 50</td><td>dicembre</td></tr><tr><td>Guglielmo Marconi Airport (BLQ)</td><td>EUR 42</td><td>6h 50</td><td>dicembre</td></tr>
  </tbody>
</table>
<h2>Aeroporti italiani da cui conviene partire</h2>
<div class=""cpv-chip-list""><span class=""cpv-chip"">Leonardo da Vinci-Fiumicino Airport</span><span class=""cpv-chip"">Ciampino-G. B. Pastine International Airport</span><span class=""cpv-chip"">Milano Malpensa Airport</span><span class=""cpv-chip"">Orio al Serio International Airport</span><span class=""cpv-chip"">Milano Linate Airport</span><span class=""cpv-chip"">Naples International Airport</span></div>
<div class=""cpv-landing-grid"">
  <div class=""cpv-landing-card""><strong>City break</strong><p>Se Kuching e una meta urbana, le partenze del venerdi e del sabato sono spesso le piu monitorate.</p></div>
  <div class=""cpv-landing-card""><strong>Viaggi stagionali</strong><p>In alcuni periodi dell'anno le tariffe possono variare molto, soprattutto vicino ai ponti e alle festivita.</p></div>
  <div class=""cpv-landing-card""><strong>Confronto rapido</strong><p>Valuta aeroporti maggiori e secondari per capire se un piccolo spostamento porta a un risparmio concreto.</p></div>
</div>
<h2>Domande frequenti sui voli per Kuching</h2>
<div class=""cpv-faq"">
  <details><summary>Qual e il modo migliore per cercare voli per Kuching?</summary><p>Confronta piu aeroporti italiani, prova date flessibili e verifica anche partenze infrasettimanali per migliorare le possibilita di risparmio.</p></details>
  <details><summary>Meglio volo diretto o con scalo?</summary><p>Per tratte medio-brevi il diretto e spesso la scelta piu comoda, mentre su alcune rotte uno scalo puo ridurre il prezzo finale.</p></details>
  <details><summary>Quando controllare i prezzi per Kuching?</summary><p>Vale la pena iniziare a monitorare la rotta in anticipo e verificare con regolarita i giorni piu vicini alla partenza ideale.</p></details>
</div>","Voli per citta|Voli intercontinentali",city,KCH,/voli-per/kuching/,"Voli per Kuching (KCH): offerte e guide | ConfrontaPrezziVoli","Trova voli per Kuching dai principali aeroporti italiani. Tariffe indicative da EUR 117 e consigli per scegliere il periodo migliore.","voli per Kuching",cities,"Mese tipicamente conveniente: marzo"
post,publish,"Voli per Kudahuvadhoo (DDD): offerte, compagnie e periodo migliore per prenotare",voli-per-kudahuvadhoo-ddd,"Confronta voli per Kudahuvadhoo dai principali aeroporti italiani. Scopri prezzi indicativi, compagnie e consigli utili per organizzare la partenza.","<div class=""cpv-landing-note"">
  <p><strong>Perche cercare voli per Kudahuvadhoo qui.</strong> Questa pagina raccoglie un quadro rapido delle partenze italiane piu interessanti per Kudahuvadhoo, con tariffe indicative e consigli per scegliere il periodo piu vantaggioso.</p>
</div>
<div class=""cpv-stat-grid"">
  <div class=""cpv-stat""><strong>EUR 70</strong><span>Prezzo indicativo da monitorare dalle principali aree aeroportuali italiane.</span></div>
  <div class=""cpv-stat""><strong>aprile</strong><span>Periodo spesso interessante per tenere sotto controllo la rotta.</span></div>
  <div class=""cpv-stat""><strong>9</strong><span>Aeroporti italiani prioritari da confrontare per questa destinazione.</span></div>
</div>
<h2>Offerte voli per Kudahuvadhoo</h2>
<p>Per trovare il miglior equilibrio tra prezzo, durata e comfort, conviene verificare piu aeroporti di partenza italiani e confrontare giorni feriali e weekend.</p>
<table>
  <thead>
    <tr><th>Partenza</th><th>Prezzo da</th><th>Durata indicativa</th><th>Mese da monitorare</th></tr>
  </thead>
  <tbody>
    <tr><td>Leonardo da Vinci-Fiumicino Airport (FCO)</td><td>EUR 78</td><td>10h 50</td><td>dicembre</td></tr><tr><td>Ciampino-G. B. Pastine International Airport (CIA)</td><td>EUR 74</td><td>1h 10</td><td>agosto</td></tr><tr><td>Milano Malpensa Airport (MXP)</td><td>EUR 81</td><td>6h 20</td><td>marzo</td></tr><tr><td>Orio al Serio International Airport (BGY)</td><td>EUR 27</td><td>7h 20</td><td>settembre</td></tr><tr><td>Milano Linate Airport (LIN)</td><td>EUR 114</td><td>2h 50</td><td>dicembre</td></tr><tr><td>Naples International Airport (NAP)</td><td>EUR 135</td><td>8h 20</td><td>settembre</td></tr><tr><td>Venice Marco Polo Airport (VCE)</td><td>EUR 83</td><td>7h 40</td><td>maggio</td></tr><tr><td>Catania-Fontanarossa Airport (CTA)</td><td>EUR 189</td><td>10h 20</td><td>marzo</td></tr><tr><td>Guglielmo Marconi Airport (BLQ)</td><td>EUR 121</td><td>5h 00</td><td>luglio</td></tr>
  </tbody>
</table>
<h2>Aeroporti italiani da cui conviene partire</h2>
<div class=""cpv-chip-list""><span class=""cpv-chip"">Leonardo da Vinci-Fiumicino Airport</span><span class=""cpv-chip"">Ciampino-G. B. Pastine International Airport</span><span class=""cpv-chip"">Milano Malpensa Airport</span><span class=""cpv-chip"">Orio al Serio International Airport</span><span class=""cpv-chip"">Milano Linate Airport</span><span class=""cpv-chip"">Naples International Airport</span></div>
<div class=""cpv-landing-grid"">
  <div class=""cpv-landing-card""><strong>City break</strong><p>Se Kudahuvadhoo e una meta urbana, le partenze del venerdi e del sabato sono spesso le piu monitorate.</p></div>
  <div class=""cpv-landing-card""><strong>Viaggi stagionali</strong><p>In alcuni periodi dell'anno le tariffe possono variare molto, soprattutto vicino ai ponti e alle festivita.</p></div>
  <div class=""cpv-landing-card""><strong>Confronto rapido</strong><p>Valuta aeroporti maggiori e secondari per capire se un piccolo spostamento porta a un risparmio concreto.</p></div>
</div>
<h2>Domande frequenti sui voli per Kudahuvadhoo</h2>
<div class=""cpv-faq"">
  <details><summary>Qual e il modo migliore per cercare voli per Kudahuvadhoo?</summary><p>Confronta piu aeroporti italiani, prova date flessibili e verifica anche partenze infrasettimanali per migliorare le possibilita di risparmio.</p></details>
  <details><summary>Meglio volo diretto o con scalo?</summary><p>Per tratte medio-brevi il diretto e spesso la scelta piu comoda, mentre su alcune rotte uno scalo puo ridurre il prezzo finale.</p></details>
  <details><summary>Quando controllare i prezzi per Kudahuvadhoo?</summary><p>Vale la pena iniziare a monitorare la rotta in anticipo e verificare con regolarita i giorni piu vicini alla partenza ideale.</p></details>
</div>","Voli per citta|Voli intercontinentali",city,DDD,/voli-per/kudahuvadhoo/,"Voli per Kudahuvadhoo (DDD): offerte e guide | ConfrontaPrezziVoli","Trova voli per Kudahuvadhoo dai principali aeroporti italiani. Tariffe indicative da EUR 70 e consigli per scegliere il periodo migliore.","voli per Kudahuvadhoo",cities,"Mese tipicamente conveniente: aprile"
post,publish,"Voli per Kudat (KUD): offerte, compagnie e periodo migliore per prenotare",voli-per-kudat-kud,"Confronta voli per Kudat dai principali aeroporti italiani. Scopri prezzi indicativi, compagnie e consigli utili per organizzare la partenza.","<div class=""cpv-landing-note"">
  <p><strong>Perche cercare voli per Kudat qui.</strong> Questa pagina raccoglie un quadro rapido delle partenze italiane piu interessanti per Kudat, con tariffe indicative e consigli per scegliere il periodo piu vantaggioso.</p>
</div>
<div class=""cpv-stat-grid"">
  <div class=""cpv-stat""><strong>EUR 133</strong><span>Prezzo indicativo da monitorare dalle principali aree aeroportuali italiane.</span></div>
  <div class=""cpv-stat""><strong>luglio</strong><span>Periodo spesso interessante per tenere sotto controllo la rotta.</span></div>
  <div class=""cpv-stat""><strong>9</strong><span>Aeroporti italiani prioritari da confrontare per questa destinazione.</span></div>
</div>
<h2>Offerte voli per Kudat</h2>
<p>Per trovare il miglior equilibrio tra prezzo, durata e comfort, conviene verificare piu aeroporti di partenza italiani e confrontare giorni feriali e weekend.</p>
<table>
  <thead>
    <tr><th>Partenza</th><th>Prezzo da</th><th>Durata indicativa</th><th>Mese da monitorare</th></tr>
  </thead>
  <tbody>
    <tr><td>Leonardo da Vinci-Fiumicino Airport (FCO)</td><td>EUR 97</td><td>2h 00</td><td>luglio</td></tr><tr><td>Ciampino-G. B. Pastine International Airport (CIA)</td><td>EUR 161</td><td>9h 40</td><td>novembre</td></tr><tr><td>Milano Malpensa Airport (MXP)</td><td>EUR 130</td><td>3h 30</td><td>aprile</td></tr><tr><td>Orio al Serio International Airport (BGY)</td><td>EUR 44</td><td>9h 10</td><td>febbraio</td></tr><tr><td>Milano Linate Airport (LIN)</td><td>EUR 41</td><td>5h 40</td><td>novembre</td></tr><tr><td>Naples International Airport (NAP)</td><td>EUR 168</td><td>3h 50</td><td>giugno</td></tr><tr><td>Venice Marco Polo Airport (VCE)</td><td>EUR 68</td><td>1h 10</td><td>febbraio</td></tr><tr><td>Catania-Fontanarossa Airport (CTA)</td><td>EUR 74</td><td>9h 10</td><td>agosto</td></tr><tr><td>Guglielmo Marconi Airport (BLQ)</td><td>EUR 58</td><td>3h 30</td><td>aprile</td></tr>
  </tbody>
</table>
<h2>Aeroporti italiani da cui conviene partire</h2>
<div class=""cpv-chip-list""><span class=""cpv-chip"">Leonardo da Vinci-Fiumicino Airport</span><span class=""cpv-chip"">Ciampino-G. B. Pastine International Airport</span><span class=""cpv-chip"">Milano Malpensa Airport</span><span class=""cpv-chip"">Orio al Serio International Airport</span><span class=""cpv-chip"">Milano Linate Airport</span><span class=""cpv-chip"">Naples International Airport</span></div>
<div class=""cpv-landing-grid"">
  <div class=""cpv-landing-card""><strong>City break</strong><p>Se Kudat e una meta urbana, le partenze del venerdi e del sabato sono spesso le piu monitorate.</p></div>
  <div class=""cpv-landing-card""><strong>Viaggi stagionali</strong><p>In alcuni periodi dell'anno le tariffe possono variare molto, soprattutto vicino ai ponti e alle festivita.</p></div>
  <div class=""cpv-landing-card""><strong>Confronto rapido</strong><p>Valuta aeroporti maggiori e secondari per capire se un piccolo spostamento porta a un risparmio concreto.</p></div>
</div>
<h2>Domande frequenti sui voli per Kudat</h2>
<div class=""cpv-faq"">
  <details><summary>Qual e il modo migliore per cercare voli per Kudat?</summary><p>Confronta piu aeroporti italiani, prova date flessibili e verifica anche partenze infrasettimanali per migliorare le possibilita di risparmio.</p></details>
  <details><summary>Meglio volo diretto o con scalo?</summary><p>Per tratte medio-brevi il diretto e spesso la scelta piu comoda, mentre su alcune rotte uno scalo puo ridurre il prezzo finale.</p></details>
  <details><summary>Quando controllare i prezzi per Kudat?</summary><p>Vale la pena iniziare a monitorare la rotta in anticipo e verificare con regolarita i giorni piu vicini alla partenza ideale.</p></details>
</div>","Voli per citta|Voli intercontinentali",city,KUD,/voli-per/kudat/,"Voli per Kudat (KUD): offerte e guide | ConfrontaPrezziVoli","Trova voli per Kudat dai principali aeroporti italiani. Tariffe indicative da EUR 133 e consigli per scegliere il periodo migliore.","voli per Kudat",cities,"Mese tipicamente conveniente: luglio"
post,publish,"Voli per Kugluktuk/Coppermine (YCO): offerte, compagnie e periodo migliore per prenotare",voli-per-kugluktuk-coppermine-yco,"Confronta voli per Kugluktuk/Coppermine dai principali aeroporti italiani. Scopri prezzi indicativi, compagnie e consigli utili per organizzare la partenza.","<div class=""cpv-landing-note"">
  <p><strong>Perche cercare voli per Kugluktuk/Coppermine qui.</strong> Questa pagina raccoglie un quadro rapido delle partenze italiane piu interessanti per Kugluktuk/Coppermine, con tariffe indicative e consigli per scegliere il periodo piu vantaggioso.</p>
</div>
<div class=""cpv-stat-grid"">
  <div class=""cpv-stat""><strong>EUR 66</strong><span>Prezzo indicativo da monitorare dalle principali aree aeroportuali italiane.</span></div>
  <div class=""cpv-stat""><strong>dicembre</strong><span>Periodo spesso interessante per tenere sotto controllo la rotta.</span></div>
  <div class=""cpv-stat""><strong>9</strong><span>Aeroporti italiani prioritari da confrontare per questa destinazione.</span></div>
</div>
<h2>Offerte voli per Kugluktuk/Coppermine</h2>
<p>Per trovare il miglior equilibrio tra prezzo, durata e comfort, conviene verificare piu aeroporti di partenza italiani e confrontare giorni feriali e weekend.</p>
<table>
  <thead>
    <tr><th>Partenza</th><th>Prezzo da</th><th>Durata indicativa</th><th>Mese da monitorare</th></tr>
  </thead>
  <tbody>
    <tr><td>Leonardo da Vinci-Fiumicino Airport (FCO)</td><td>EUR 146</td><td>5h 10</td><td>agosto</td></tr><tr><td>Ciampino-G. B. Pastine International Airport (CIA)</td><td>EUR 138</td><td>4h 50</td><td>dicembre</td></tr><tr><td>Milano Malpensa Airport (MXP)</td><td>EUR 157</td><td>1h 00</td><td>luglio</td></tr><tr><td>Orio al Serio International Airport (BGY)</td><td>EUR 103</td><td>3h 00</td><td>gennaio</td></tr><tr><td>Milano Linate Airport (LIN)</td><td>EUR 118</td><td>4h 30</td><td>aprile</td></tr><tr><td>Naples International Airport (NAP)</td><td>EUR 147</td><td>1h 20</td><td>settembre</td></tr><tr><td>Venice Marco Polo Airport (VCE)</td><td>EUR 187</td><td>5h 00</td><td>gennaio</td></tr><tr><td>Catania-Fontanarossa Airport (CTA)</td><td>EUR 29</td><td>10h 40</td><td>novembre</td></tr><tr><td>Guglielmo Marconi Airport (BLQ)</td><td>EUR 109</td><td>4h 00</td><td>luglio</td></tr>
  </tbody>
</table>
<h2>Aeroporti italiani da cui conviene partire</h2>
<div class=""cpv-chip-list""><span class=""cpv-chip"">Leonardo da Vinci-Fiumicino Airport</span><span class=""cpv-chip"">Ciampino-G. B. Pastine International Airport</span><span class=""cpv-chip"">Milano Malpensa Airport</span><span class=""cpv-chip"">Orio al Serio International Airport</span><span class=""cpv-chip"">Milano Linate Airport</span><span class=""cpv-chip"">Naples International Airport</span></div>
<div class=""cpv-landing-grid"">
  <div class=""cpv-landing-card""><strong>City break</strong><p>Se Kugluktuk/Coppermine e una meta urbana, le partenze del venerdi e del sabato sono spesso le piu monitorate.</p></div>
  <div class=""cpv-landing-card""><strong>Viaggi stagionali</strong><p>In alcuni periodi dell'anno le tariffe possono variare molto, soprattutto vicino ai ponti e alle festivita.</p></div>
  <div class=""cpv-landing-card""><strong>Confronto rapido</strong><p>Valuta aeroporti maggiori e secondari per capire se un piccolo spostamento porta a un risparmio concreto.</p></div>
</div>
<h2>Domande frequenti sui voli per Kugluktuk/Coppermine</h2>
<div class=""cpv-faq"">
  <details><summary>Qual e il modo migliore per cercare voli per Kugluktuk/Coppermine?</summary><p>Confronta piu aeroporti italiani, prova date flessibili e verifica anche partenze infrasettimanali per migliorare le possibilita di risparmio.</p></details>
  <details><summary>Meglio volo diretto o con scalo?</summary><p>Per tratte medio-brevi il diretto e spesso la scelta piu comoda, mentre su alcune rotte uno scalo puo ridurre il prezzo finale.</p></details>
  <details><summary>Quando controllare i prezzi per Kugluktuk/Coppermine?</summary><p>Vale la pena iniziare a monitorare la rotta in anticipo e verificare con regolarita i giorni piu vicini alla partenza ideale.</p></details>
</div>","Voli per citta|Voli intercontinentali",city,YCO,/voli-per/kugluktuk-coppermine/,"Voli per Kugluktuk/Coppermine (YCO): offerte e guide | ConfrontaPrezziVoli","Trova voli per Kugluktuk/Coppermine dai principali aeroporti italiani. Tariffe indicative da EUR 66 e consigli per scegliere il periodo migliore.","voli per Kugluktuk/Coppermine",cities,"Mese tipicamente conveniente: dicembre"
post,publish,"Voli per Kuito (SVP): offerte, compagnie e periodo migliore per prenotare",voli-per-kuito-svp,"Confronta voli per Kuito dai principali aeroporti italiani. Scopri prezzi indicativi, compagnie e consigli utili per organizzare la partenza.","<div class=""cpv-landing-note"">
  <p><strong>Perche cercare voli per Kuito qui.</strong> Questa pagina raccoglie un quadro rapido delle partenze italiane piu interessanti per Kuito, con tariffe indicative e consigli per scegliere il periodo piu vantaggioso.</p>
</div>
<div class=""cpv-stat-grid"">
  <div class=""cpv-stat""><strong>EUR 187</strong><span>Prezzo indicativo da monitorare dalle principali aree aeroportuali italiane.</span></div>
  <div class=""cpv-stat""><strong>gennaio</strong><span>Periodo spesso interessante per tenere sotto controllo la rotta.</span></div>
  <div class=""cpv-stat""><strong>9</strong><span>Aeroporti italiani prioritari da confrontare per questa destinazione.</span></div>
</div>
<h2>Offerte voli per Kuito</h2>
<p>Per trovare il miglior equilibrio tra prezzo, durata e comfort, conviene verificare piu aeroporti di partenza italiani e confrontare giorni feriali e weekend.</p>
<table>
  <thead>
    <tr><th>Partenza</th><th>Prezzo da</th><th>Durata indicativa</th><th>Mese da monitorare</th></tr>
  </thead>
  <tbody>
    <tr><td>Leonardo da Vinci-Fiumicino Airport (FCO)</td><td>EUR 119</td><td>3h 40</td><td>maggio</td></tr><tr><td>Ciampino-G. B. Pastine International Airport (CIA)</td><td>EUR 103</td><td>11h 00</td><td>gennaio</td></tr><tr><td>Milano Malpensa Airport (MXP)</td><td>EUR 168</td><td>5h 50</td><td>giugno</td></tr><tr><td>Orio al Serio International Airport (BGY)</td><td>EUR 130</td><td>5h 30</td><td>aprile</td></tr><tr><td>Milano Linate Airport (LIN)</td><td>EUR 143</td><td>2h 40</td><td>maggio</td></tr><tr><td>Naples International Airport (NAP)</td><td>EUR 198</td><td>6h 50</td><td>dicembre</td></tr><tr><td>Venice Marco Polo Airport (VCE)</td><td>EUR 130</td><td>2h 30</td><td>aprile</td></tr><tr><td>Catania-Fontanarossa Airport (CTA)</td><td>EUR 184</td><td>3h 30</td><td>ottobre</td></tr><tr><td>Guglielmo Marconi Airport (BLQ)</td><td>EUR 96</td><td>7h 50</td><td>giugno</td></tr>
  </tbody>
</table>
<h2>Aeroporti italiani da cui conviene partire</h2>
<div class=""cpv-chip-list""><span class=""cpv-chip"">Leonardo da Vinci-Fiumicino Airport</span><span class=""cpv-chip"">Ciampino-G. B. Pastine International Airport</span><span class=""cpv-chip"">Milano Malpensa Airport</span><span class=""cpv-chip"">Orio al Serio International Airport</span><span class=""cpv-chip"">Milano Linate Airport</span><span class=""cpv-chip"">Naples International Airport</span></div>
<div class=""cpv-landing-grid"">
  <div class=""cpv-landing-card""><strong>City break</strong><p>Se Kuito e una meta urbana, le partenze del venerdi e del sabato sono spesso le piu monitorate.</p></div>
  <div class=""cpv-landing-card""><strong>Viaggi stagionali</strong><p>In alcuni periodi dell'anno le tariffe possono variare molto, soprattutto vicino ai ponti e alle festivita.</p></div>
  <div class=""cpv-landing-card""><strong>Confronto rapido</strong><p>Valuta aeroporti maggiori e secondari per capire se un piccolo spostamento porta a un risparmio concreto.</p></div>
</div>
<h2>Domande frequenti sui voli per Kuito</h2>
<div class=""cpv-faq"">
  <details><summary>Qual e il modo migliore per cercare voli per Kuito?</summary><p>Confronta piu aeroporti italiani, prova date flessibili e verifica anche partenze infrasettimanali per migliorare le possibilita di risparmio.</p></details>
  <details><summary>Meglio volo diretto o con scalo?</summary><p>Per tratte medio-brevi il diretto e spesso la scelta piu comoda, mentre su alcune rotte uno scalo puo ridurre il prezzo finale.</p></details>
  <details><summary>Quando controllare i prezzi per Kuito?</summary><p>Vale la pena iniziare a monitorare la rotta in anticipo e verificare con regolarita i giorni piu vicini alla partenza ideale.</p></details>
</div>","Voli per citta|Voli intercontinentali",city,SVP,/voli-per/kuito/,"Voli per Kuito (SVP): offerte e guide | ConfrontaPrezziVoli","Trova voli per Kuito dai principali aeroporti italiani. Tariffe indicative da EUR 187 e consigli per scegliere il periodo migliore.","voli per Kuito",cities,"Mese tipicamente conveniente: gennaio"
post,publish,"Voli per Kukes (KFZ): offerte, compagnie e periodo migliore per prenotare",voli-per-kukes-kfz,"Confronta voli per Kukes dai principali aeroporti italiani. Scopri prezzi indicativi, compagnie e consigli utili per organizzare la partenza.","<div class=""cpv-landing-note"">
  <p><strong>Perche cercare voli per Kukes qui.</strong> Questa pagina raccoglie un quadro rapido delle partenze italiane piu interessanti per Kukes, con tariffe indicative e consigli per scegliere il periodo piu vantaggioso.</p>
</div>
<div class=""cpv-stat-grid"">
  <div class=""cpv-stat""><strong>EUR 98</strong><span>Prezzo indicativo da monitorare dalle principali aree aeroportuali italiane.</span></div>
  <div class=""cpv-stat""><strong>agosto</strong><span>Periodo spesso interessante per tenere sotto controllo la rotta.</span></div>
  <div class=""cpv-stat""><strong>9</strong><span>Aeroporti italiani prioritari da confrontare per questa destinazione.</span></div>
</div>
<h2>Offerte voli per Kukes</h2>
<p>Per trovare il miglior equilibrio tra prezzo, durata e comfort, conviene verificare piu aeroporti di partenza italiani e confrontare giorni feriali e weekend.</p>
<table>
  <thead>
    <tr><th>Partenza</th><th>Prezzo da</th><th>Durata indicativa</th><th>Mese da monitorare</th></tr>
  </thead>
  <tbody>
    <tr><td>Leonardo da Vinci-Fiumicino Airport (FCO)</td><td>EUR 26</td><td>4h 10</td><td>agosto</td></tr><tr><td>Ciampino-G. B. Pastine International Airport (CIA)</td><td>EUR 166</td><td>10h 30</td><td>aprile</td></tr><tr><td>Milano Malpensa Airport (MXP)</td><td>EUR 69</td><td>10h 20</td><td>marzo</td></tr><tr><td>Orio al Serio International Airport (BGY)</td><td>EUR 107</td><td>3h 40</td><td>maggio</td></tr><tr><td>Milano Linate Airport (LIN)</td><td>EUR 94</td><td>3h 30</td><td>aprile</td></tr><tr><td>Naples International Airport (NAP)</td><td>EUR 27</td><td>8h 20</td><td>settembre</td></tr><tr><td>Venice Marco Polo Airport (VCE)</td><td>EUR 111</td><td>11h 20</td><td>settembre</td></tr><tr><td>Catania-Fontanarossa Airport (CTA)</td><td>EUR 185</td><td>6h 40</td><td>novembre</td></tr><tr><td>Guglielmo Marconi Airport (BLQ)</td><td>EUR 45</td><td>10h 20</td><td>marzo</td></tr>
  </tbody>
</table>
<h2>Aeroporti italiani da cui conviene partire</h2>
<div class=""cpv-chip-list""><span class=""cpv-chip"">Leonardo da Vinci-Fiumicino Airport</span><span class=""cpv-chip"">Ciampino-G. B. Pastine International Airport</span><span class=""cpv-chip"">Milano Malpensa Airport</span><span class=""cpv-chip"">Orio al Serio International Airport</span><span class=""cpv-chip"">Milano Linate Airport</span><span class=""cpv-chip"">Naples International Airport</span></div>
<div class=""cpv-landing-grid"">
  <div class=""cpv-landing-card""><strong>City break</strong><p>Se Kukes e una meta urbana, le partenze del venerdi e del sabato sono spesso le piu monitorate.</p></div>
  <div class=""cpv-landing-card""><strong>Viaggi stagionali</strong><p>In alcuni periodi dell'anno le tariffe possono variare molto, soprattutto vicino ai ponti e alle festivita.</p></div>
  <div class=""cpv-landing-card""><strong>Confronto rapido</strong><p>Valuta aeroporti maggiori e secondari per capire se un piccolo spostamento porta a un risparmio concreto.</p></div>
</div>
<h2>Domande frequenti sui voli per Kukes</h2>
<div class=""cpv-faq"">
  <details><summary>Qual e il modo migliore per cercare voli per Kukes?</summary><p>Confronta piu aeroporti italiani, prova date flessibili e verifica anche partenze infrasettimanali per migliorare le possibilita di risparmio.</p></details>
  <details><summary>Meglio volo diretto o con scalo?</summary><p>Per tratte medio-brevi il diretto e spesso la scelta piu comoda, mentre su alcune rotte uno scalo puo ridurre il prezzo finale.</p></details>
  <details><summary>Quando controllare i prezzi per Kukes?</summary><p>Vale la pena iniziare a monitorare la rotta in anticipo e verificare con regolarita i giorni piu vicini alla partenza ideale.</p></details>
</div>","Voli per citta|Voli in Europa",city,KFZ,/voli-per/kukes/,"Voli per Kukes (KFZ): offerte e guide | ConfrontaPrezziVoli","Trova voli per Kukes dai principali aeroporti italiani. Tariffe indicative da EUR 98 e consigli per scegliere il periodo migliore.","voli per Kukes",cities,"Mese tipicamente conveniente: agosto"
post,publish,"Voli per Kulu (KUU): offerte, compagnie e periodo migliore per prenotare",voli-per-kulu-kuu,"Confronta voli per Kulu dai principali aeroporti italiani. Scopri prezzi indicativi, compagnie e consigli utili per organizzare la partenza.","<div class=""cpv-landing-note"">
  <p><strong>Perche cercare voli per Kulu qui.</strong> Questa pagina raccoglie un quadro rapido delle partenze italiane piu interessanti per Kulu, con tariffe indicative e consigli per scegliere il periodo piu vantaggioso.</p>
</div>
<div class=""cpv-stat-grid"">
  <div class=""cpv-stat""><strong>EUR 139</strong><span>Prezzo indicativo da monitorare dalle principali aree aeroportuali italiane.</span></div>
  <div class=""cpv-stat""><strong>gennaio</strong><span>Periodo spesso interessante per tenere sotto controllo la rotta.</span></div>
  <div class=""cpv-stat""><strong>9</strong><span>Aeroporti italiani prioritari da confrontare per questa destinazione.</span></div>
</div>
<h2>Offerte voli per Kulu</h2>
<p>Per trovare il miglior equilibrio tra prezzo, durata e comfort, conviene verificare piu aeroporti di partenza italiani e confrontare giorni feriali e weekend.</p>
<table>
  <thead>
    <tr><th>Partenza</th><th>Prezzo da</th><th>Durata indicativa</th><th>Mese da monitorare</th></tr>
  </thead>
  <tbody>
    <tr><td>Leonardo da Vinci-Fiumicino Airport (FCO)</td><td>EUR 71</td><td>2h 40</td><td>maggio</td></tr><tr><td>Ciampino-G. B. Pastine International Airport (CIA)</td><td>EUR 147</td><td>5h 20</td><td>settembre</td></tr><tr><td>Milano Malpensa Airport (MXP)</td><td>EUR 196</td><td>9h 30</td><td>ottobre</td></tr><tr><td>Orio al Serio International Airport (BGY)</td><td>EUR 54</td><td>10h 50</td><td>dicembre</td></tr><tr><td>Milano Linate Airport (LIN)</td><td>EUR 31</td><td>3h 00</td><td>gennaio</td></tr><tr><td>Naples International Airport (NAP)</td><td>EUR 62</td><td>1h 10</td><td>agosto</td></tr><tr><td>Venice Marco Polo Airport (VCE)</td><td>EUR 186</td><td>9h 50</td><td>dicembre</td></tr><tr><td>Catania-Fontanarossa Airport (CTA)</td><td>EUR 104</td><td>10h 10</td><td>febbraio</td></tr><tr><td>Guglielmo Marconi Airport (BLQ)</td><td>EUR 172</td><td>7h 30</td><td>ottobre</td></tr>
  </tbody>
</table>
<h2>Aeroporti italiani da cui conviene partire</h2>
<div class=""cpv-chip-list""><span class=""cpv-chip"">Leonardo da Vinci-Fiumicino Airport</span><span class=""cpv-chip"">Ciampino-G. B. Pastine International Airport</span><span class=""cpv-chip"">Milano Malpensa Airport</span><span class=""cpv-chip"">Orio al Serio International Airport</span><span class=""cpv-chip"">Milano Linate Airport</span><span class=""cpv-chip"">Naples International Airport</span></div>
<div class=""cpv-landing-grid"">
  <div class=""cpv-landing-card""><strong>City break</strong><p>Se Kulu e una meta urbana, le partenze del venerdi e del sabato sono spesso le piu monitorate.</p></div>
  <div class=""cpv-landing-card""><strong>Viaggi stagionali</strong><p>In alcuni periodi dell'anno le tariffe possono variare molto, soprattutto vicino ai ponti e alle festivita.</p></div>
  <div class=""cpv-landing-card""><strong>Confronto rapido</strong><p>Valuta aeroporti maggiori e secondari per capire se un piccolo spostamento porta a un risparmio concreto.</p></div>
</div>
<h2>Domande frequenti sui voli per Kulu</h2>
<div class=""cpv-faq"">
  <details><summary>Qual e il modo migliore per cercare voli per Kulu?</summary><p>Confronta piu aeroporti italiani, prova date flessibili e verifica anche partenze infrasettimanali per migliorare le possibilita di risparmio.</p></details>
  <details><summary>Meglio volo diretto o con scalo?</summary><p>Per tratte medio-brevi il diretto e spesso la scelta piu comoda, mentre su alcune rotte uno scalo puo ridurre il prezzo finale.</p></details>
  <details><summary>Quando controllare i prezzi per Kulu?</summary><p>Vale la pena iniziare a monitorare la rotta in anticipo e verificare con regolarita i giorni piu vicini alla partenza ideale.</p></details>
</div>","Voli per citta|Voli intercontinentali",city,KUU,/voli-per/kulu/,"Voli per Kulu (KUU): offerte e guide | ConfrontaPrezziVoli","Trova voli per Kulu dai principali aeroporti italiani. Tariffe indicative da EUR 139 e consigli per scegliere il periodo migliore.","voli per Kulu",cities,"Mese tipicamente conveniente: gennaio"
post,publish,"Voli per Kulusuk (KUS): offerte, compagnie e periodo migliore per prenotare",voli-per-kulusuk-kus,"Confronta voli per Kulusuk dai principali aeroporti italiani. Scopri prezzi indicativi, compagnie e consigli utili per organizzare la partenza.","<div class=""cpv-landing-note"">
  <p><strong>Perche cercare voli per Kulusuk qui.</strong> Questa pagina raccoglie un quadro rapido delle partenze italiane piu interessanti per Kulusuk, con tariffe indicative e consigli per scegliere il periodo piu vantaggioso.</p>
</div>
<div class=""cpv-stat-grid"">
  <div class=""cpv-stat""><strong>EUR 76</strong><span>Prezzo indicativo da monitorare dalle principali aree aeroportuali italiane.</span></div>
  <div class=""cpv-stat""><strong>ottobre</strong><span>Periodo spesso interessante per tenere sotto controllo la rotta.</span></div>
  <div class=""cpv-stat""><strong>9</strong><span>Aeroporti italiani prioritari da confrontare per questa destinazione.</span></div>
</div>
<h2>Offerte voli per Kulusuk</h2>
<p>Per trovare il miglior equilibrio tra prezzo, durata e comfort, conviene verificare piu aeroporti di partenza italiani e confrontare giorni feriali e weekend.</p>
<table>
  <thead>
    <tr><th>Partenza</th><th>Prezzo da</th><th>Durata indicativa</th><th>Mese da monitorare</th></tr>
  </thead>
  <tbody>
    <tr><td>Leonardo da Vinci-Fiumicino Airport (FCO)</td><td>EUR 76</td><td>1h 30</td><td>ottobre</td></tr><tr><td>Ciampino-G. B. Pastine International Airport (CIA)</td><td>EUR 32</td><td>10h 10</td><td>febbraio</td></tr><tr><td>Milano Malpensa Airport (MXP)</td><td>EUR 107</td><td>4h 40</td><td>maggio</td></tr><tr><td>Orio al Serio International Airport (BGY)</td><td>EUR 197</td><td>5h 40</td><td>novembre</td></tr><tr><td>Milano Linate Airport (LIN)</td><td>EUR 96</td><td>5h 50</td><td>giugno</td></tr><tr><td>Naples International Airport (NAP)</td><td>EUR 189</td><td>7h 20</td><td>marzo</td></tr><tr><td>Venice Marco Polo Airport (VCE)</td><td>EUR 197</td><td>10h 40</td><td>novembre</td></tr><tr><td>Catania-Fontanarossa Airport (CTA)</td><td>EUR 159</td><td>8h 20</td><td>settembre</td></tr><tr><td>Guglielmo Marconi Airport (BLQ)</td><td>EUR 51</td><td>3h 20</td><td>settembre</td></tr>
  </tbody>
</table>
<h2>Aeroporti italiani da cui conviene partire</h2>
<div class=""cpv-chip-list""><span class=""cpv-chip"">Leonardo da Vinci-Fiumicino Airport</span><span class=""cpv-chip"">Ciampino-G. B. Pastine International Airport</span><span class=""cpv-chip"">Milano Malpensa Airport</span><span class=""cpv-chip"">Orio al Serio International Airport</span><span class=""cpv-chip"">Milano Linate Airport</span><span class=""cpv-chip"">Naples International Airport</span></div>
<div class=""cpv-landing-grid"">
  <div class=""cpv-landing-card""><strong>City break</strong><p>Se Kulusuk e una meta urbana, le partenze del venerdi e del sabato sono spesso le piu monitorate.</p></div>
  <div class=""cpv-landing-card""><strong>Viaggi stagionali</strong><p>In alcuni periodi dell'anno le tariffe possono variare molto, soprattutto vicino ai ponti e alle festivita.</p></div>
  <div class=""cpv-landing-card""><strong>Confronto rapido</strong><p>Valuta aeroporti maggiori e secondari per capire se un piccolo spostamento porta a un risparmio concreto.</p></div>
</div>
<h2>Domande frequenti sui voli per Kulusuk</h2>
<div class=""cpv-faq"">
  <details><summary>Qual e il modo migliore per cercare voli per Kulusuk?</summary><p>Confronta piu aeroporti italiani, prova date flessibili e verifica anche partenze infrasettimanali per migliorare le possibilita di risparmio.</p></details>
  <details><summary>Meglio volo diretto o con scalo?</summary><p>Per tratte medio-brevi il diretto e spesso la scelta piu comoda, mentre su alcune rotte uno scalo puo ridurre il prezzo finale.</p></details>
  <details><summary>Quando controllare i prezzi per Kulusuk?</summary><p>Vale la pena iniziare a monitorare la rotta in anticipo e verificare con regolarita i giorni piu vicini alla partenza ideale.</p></details>
</div>","Voli per citta|Voli intercontinentali",city,KUS,/voli-per/kulusuk/,"Voli per Kulusuk (KUS): offerte e guide | ConfrontaPrezziVoli","Trova voli per Kulusuk dai principali aeroporti italiani. Tariffe indicative da EUR 76 e consigli per scegliere il periodo migliore.","voli per Kulusuk",cities,"Mese tipicamente conveniente: ottobre"
post,publish,"Voli per Kulyab (TJU): offerte, compagnie e periodo migliore per prenotare",voli-per-kulyab-tju,"Confronta voli per Kulyab dai principali aeroporti italiani. Scopri prezzi indicativi, compagnie e consigli utili per organizzare la partenza.","<div class=""cpv-landing-note"">
  <p><strong>Perche cercare voli per Kulyab qui.</strong> Questa pagina raccoglie un quadro rapido delle partenze italiane piu interessanti per Kulyab, con tariffe indicative e consigli per scegliere il periodo piu vantaggioso.</p>
</div>
<div class=""cpv-stat-grid"">
  <div class=""cpv-stat""><strong>EUR 126</strong><span>Prezzo indicativo da monitorare dalle principali aree aeroportuali italiane.</span></div>
  <div class=""cpv-stat""><strong>dicembre</strong><span>Periodo spesso interessante per tenere sotto controllo la rotta.</span></div>
  <div class=""cpv-stat""><strong>9</strong><span>Aeroporti italiani prioritari da confrontare per questa destinazione.</span></div>
</div>
<h2>Offerte voli per Kulyab</h2>
<p>Per trovare il miglior equilibrio tra prezzo, durata e comfort, conviene verificare piu aeroporti di partenza italiani e confrontare giorni feriali e weekend.</p>
<table>
  <thead>
    <tr><th>Partenza</th><th>Prezzo da</th><th>Durata indicativa</th><th>Mese da monitorare</th></tr>
  </thead>
  <tbody>
    <tr><td>Leonardo da Vinci-Fiumicino Airport (FCO)</td><td>EUR 150</td><td>2h 50</td><td>dicembre</td></tr><tr><td>Ciampino-G. B. Pastine International Airport (CIA)</td><td>EUR 118</td><td>8h 30</td><td>aprile</td></tr><tr><td>Milano Malpensa Airport (MXP)</td><td>EUR 189</td><td>2h 20</td><td>marzo</td></tr><tr><td>Orio al Serio International Airport (BGY)</td><td>EUR 79</td><td>4h 00</td><td>gennaio</td></tr><tr><td>Milano Linate Airport (LIN)</td><td>EUR 190</td><td>5h 30</td><td>aprile</td></tr><tr><td>Naples International Airport (NAP)</td><td>EUR 179</td><td>4h 40</td><td>maggio</td></tr><tr><td>Venice Marco Polo Airport (VCE)</td><td>EUR 155</td><td>2h 40</td><td>maggio</td></tr><tr><td>Catania-Fontanarossa Airport (CTA)</td><td>EUR 73</td><td>4h 00</td><td>luglio</td></tr><tr><td>Guglielmo Marconi Airport (BLQ)</td><td>EUR 105</td><td>1h 20</td><td>marzo</td></tr>
  </tbody>
</table>
<h2>Aeroporti italiani da cui conviene partire</h2>
<div class=""cpv-chip-list""><span class=""cpv-chip"">Leonardo da Vinci-Fiumicino Airport</span><span class=""cpv-chip"">Ciampino-G. B. Pastine International Airport</span><span class=""cpv-chip"">Milano Malpensa Airport</span><span class=""cpv-chip"">Orio al Serio International Airport</span><span class=""cpv-chip"">Milano Linate Airport</span><span class=""cpv-chip"">Naples International Airport</span></div>
<div class=""cpv-landing-grid"">
  <div class=""cpv-landing-card""><strong>City break</strong><p>Se Kulyab e una meta urbana, le partenze del venerdi e del sabato sono spesso le piu monitorate.</p></div>
  <div class=""cpv-landing-card""><strong>Viaggi stagionali</strong><p>In alcuni periodi dell'anno le tariffe possono variare molto, soprattutto vicino ai ponti e alle festivita.</p></div>
  <div class=""cpv-landing-card""><strong>Confronto rapido</strong><p>Valuta aeroporti maggiori e secondari per capire se un piccolo spostamento porta a un risparmio concreto.</p></div>
</div>
<h2>Domande frequenti sui voli per Kulyab</h2>
<div class=""cpv-faq"">
  <details><summary>Qual e il modo migliore per cercare voli per Kulyab?</summary><p>Confronta piu aeroporti italiani, prova date flessibili e verifica anche partenze infrasettimanali per migliorare le possibilita di risparmio.</p></details>
  <details><summary>Meglio volo diretto o con scalo?</summary><p>Per tratte medio-brevi il diretto e spesso la scelta piu comoda, mentre su alcune rotte uno scalo puo ridurre il prezzo finale.</p></details>
  <details><summary>Quando controllare i prezzi per Kulyab?</summary><p>Vale la pena iniziare a monitorare la rotta in anticipo e verificare con regolarita i giorni piu vicini alla partenza ideale.</p></details>
</div>","Voli per citta|Voli intercontinentali",city,TJU,/voli-per/kulyab/,"Voli per Kulyab (TJU): offerte e guide | ConfrontaPrezziVoli","Trova voli per Kulyab dai principali aeroporti italiani. Tariffe indicative da EUR 126 e consigli per scegliere il periodo migliore.","voli per Kulyab",cities,"Mese tipicamente conveniente: dicembre"
post,publish,"Voli per Kumamoto (KMJ): offerte, compagnie e periodo migliore per prenotare",voli-per-kumamoto-kmj,"Confronta voli per Kumamoto dai principali aeroporti italiani. Scopri prezzi indicativi, compagnie e consigli utili per organizzare la partenza.","<div class=""cpv-landing-note"">
  <p><strong>Perche cercare voli per Kumamoto qui.</strong> Questa pagina raccoglie un quadro rapido delle partenze italiane piu interessanti per Kumamoto, con tariffe indicative e consigli per scegliere il periodo piu vantaggioso.</p>
</div>
<div class=""cpv-stat-grid"">
  <div class=""cpv-stat""><strong>EUR 127</strong><span>Prezzo indicativo da monitorare dalle principali aree aeroportuali italiane.</span></div>
  <div class=""cpv-stat""><strong>gennaio</strong><span>Periodo spesso interessante per tenere sotto controllo la rotta.</span></div>
  <div class=""cpv-stat""><strong>9</strong><span>Aeroporti italiani prioritari da confrontare per questa destinazione.</span></div>
</div>
<h2>Offerte voli per Kumamoto</h2>
<p>Per trovare il miglior equilibrio tra prezzo, durata e comfort, conviene verificare piu aeroporti di partenza italiani e confrontare giorni feriali e weekend.</p>
<table>
  <thead>
    <tr><th>Partenza</th><th>Prezzo da</th><th>Durata indicativa</th><th>Mese da monitorare</th></tr>
  </thead>
  <tbody>
    <tr><td>Leonardo da Vinci-Fiumicino Airport (FCO)</td><td>EUR 39</td><td>5h 20</td><td>settembre</td></tr><tr><td>Ciampino-G. B. Pastine International Airport (CIA)</td><td>EUR 99</td><td>11h 20</td><td>settembre</td></tr><tr><td>Milano Malpensa Airport (MXP)</td><td>EUR 80</td><td>11h 10</td><td>febbraio</td></tr><tr><td>Orio al Serio International Airport (BGY)</td><td>EUR 170</td><td>1h 10</td><td>agosto</td></tr><tr><td>Milano Linate Airport (LIN)</td><td>EUR 55</td><td>1h 00</td><td>gennaio</td></tr><tr><td>Naples International Airport (NAP)</td><td>EUR 166</td><td>1h 30</td><td>aprile</td></tr><tr><td>Venice Marco Polo Airport (VCE)</td><td>EUR 178</td><td>1h 30</td><td>aprile</td></tr><tr><td>Catania-Fontanarossa Airport (CTA)</td><td>EUR 108</td><td>8h 50</td><td>giugno</td></tr><tr><td>Guglielmo Marconi Airport (BLQ)</td><td>EUR 20</td><td>1h 10</td><td>febbraio</td></tr>
  </tbody>
</table>
<h2>Aeroporti italiani da cui conviene partire</h2>
<div class=""cpv-chip-list""><span class=""cpv-chip"">Leonardo da Vinci-Fiumicino Airport</span><span class=""cpv-chip"">Ciampino-G. B. Pastine International Airport</span><span class=""cpv-chip"">Milano Malpensa Airport</span><span class=""cpv-chip"">Orio al Serio International Airport</span><span class=""cpv-chip"">Milano Linate Airport</span><span class=""cpv-chip"">Naples International Airport</span></div>
<div class=""cpv-landing-grid"">
  <div class=""cpv-landing-card""><strong>City break</strong><p>Se Kumamoto e una meta urbana, le partenze del venerdi e del sabato sono spesso le piu monitorate.</p></div>
  <div class=""cpv-landing-card""><strong>Viaggi stagionali</strong><p>In alcuni periodi dell'anno le tariffe possono variare molto, soprattutto vicino ai ponti e alle festivita.</p></div>
  <div class=""cpv-landing-card""><strong>Confronto rapido</strong><p>Valuta aeroporti maggiori e secondari per capire se un piccolo spostamento porta a un risparmio concreto.</p></div>
</div>
<h2>Domande frequenti sui voli per Kumamoto</h2>
<div class=""cpv-faq"">
  <details><summary>Qual e il modo migliore per cercare voli per Kumamoto?</summary><p>Confronta piu aeroporti italiani, prova date flessibili e verifica anche partenze infrasettimanali per migliorare le possibilita di risparmio.</p></details>
  <details><summary>Meglio volo diretto o con scalo?</summary><p>Per tratte medio-brevi il diretto e spesso la scelta piu comoda, mentre su alcune rotte uno scalo puo ridurre il prezzo finale.</p></details>
  <details><summary>Quando controllare i prezzi per Kumamoto?</summary><p>Vale la pena iniziare a monitorare la rotta in anticipo e verificare con regolarita i giorni piu vicini alla partenza ideale.</p></details>
</div>","Voli per citta|Voli intercontinentali",city,KMJ,/voli-per/kumamoto/,"Voli per Kumamoto (KMJ): offerte e guide | ConfrontaPrezziVoli","Trova voli per Kumamoto dai principali aeroporti italiani. Tariffe indicative da EUR 127 e consigli per scegliere il periodo migliore.","voli per Kumamoto",cities,"Mese tipicamente conveniente: gennaio"
post,publish,"Voli per Kumasi (KMS): offerte, compagnie e periodo migliore per prenotare",voli-per-kumasi-kms,"Confronta voli per Kumasi dai principali aeroporti italiani. Scopri prezzi indicativi, compagnie e consigli utili per organizzare la partenza.","<div class=""cpv-landing-note"">
  <p><strong>Perche cercare voli per Kumasi qui.</strong> Questa pagina raccoglie un quadro rapido delle partenze italiane piu interessanti per Kumasi, con tariffe indicative e consigli per scegliere il periodo piu vantaggioso.</p>
</div>
<div class=""cpv-stat-grid"">
  <div class=""cpv-stat""><strong>EUR 87</strong><span>Prezzo indicativo da monitorare dalle principali aree aeroportuali italiane.</span></div>
  <div class=""cpv-stat""><strong>settembre</strong><span>Periodo spesso interessante per tenere sotto controllo la rotta.</span></div>
  <div class=""cpv-stat""><strong>9</strong><span>Aeroporti italiani prioritari da confrontare per questa destinazione.</span></div>
</div>
<h2>Offerte voli per Kumasi</h2>
<p>Per trovare il miglior equilibrio tra prezzo, durata e comfort, conviene verificare piu aeroporti di partenza italiani e confrontare giorni feriali e weekend.</p>
<table>
  <thead>
    <tr><th>Partenza</th><th>Prezzo da</th><th>Durata indicativa</th><th>Mese da monitorare</th></tr>
  </thead>
  <tbody>
    <tr><td>Leonardo da Vinci-Fiumicino Airport (FCO)</td><td>EUR 187</td><td>4h 00</td><td>gennaio</td></tr><tr><td>Ciampino-G. B. Pastine International Airport (CIA)</td><td>EUR 191</td><td>11h 40</td><td>maggio</td></tr><tr><td>Milano Malpensa Airport (MXP)</td><td>EUR 128</td><td>9h 10</td><td>febbraio</td></tr><tr><td>Orio al Serio International Airport (BGY)</td><td>EUR 70</td><td>6h 30</td><td>aprile</td></tr><tr><td>Milano Linate Airport (LIN)</td><td>EUR 183</td><td>2h 20</td><td>settembre</td></tr><tr><td>Naples International Airport (NAP)</td><td>EUR 190</td><td>11h 30</td><td>aprile</td></tr><tr><td>Venice Marco Polo Airport (VCE)</td><td>EUR 22</td><td>2h 30</td><td>aprile</td></tr><tr><td>Catania-Fontanarossa Airport (CTA)</td><td>EUR 136</td><td>5h 30</td><td>ottobre</td></tr><tr><td>Guglielmo Marconi Airport (BLQ)</td><td>EUR 108</td><td>2h 50</td><td>giugno</td></tr>
  </tbody>
</table>
<h2>Aeroporti italiani da cui conviene partire</h2>
<div class=""cpv-chip-list""><span class=""cpv-chip"">Leonardo da Vinci-Fiumicino Airport</span><span class=""cpv-chip"">Ciampino-G. B. Pastine International Airport</span><span class=""cpv-chip"">Milano Malpensa Airport</span><span class=""cpv-chip"">Orio al Serio International Airport</span><span class=""cpv-chip"">Milano Linate Airport</span><span class=""cpv-chip"">Naples International Airport</span></div>
<div class=""cpv-landing-grid"">
  <div class=""cpv-landing-card""><strong>City break</strong><p>Se Kumasi e una meta urbana, le partenze del venerdi e del sabato sono spesso le piu monitorate.</p></div>
  <div class=""cpv-landing-card""><strong>Viaggi stagionali</strong><p>In alcuni periodi dell'anno le tariffe possono variare molto, soprattutto vicino ai ponti e alle festivita.</p></div>
  <div class=""cpv-landing-card""><strong>Confronto rapido</strong><p>Valuta aeroporti maggiori e secondari per capire se un piccolo spostamento porta a un risparmio concreto.</p></div>
</div>
<h2>Domande frequenti sui voli per Kumasi</h2>
<div class=""cpv-faq"">
  <details><summary>Qual e il modo migliore per cercare voli per Kumasi?</summary><p>Confronta piu aeroporti italiani, prova date flessibili e verifica anche partenze infrasettimanali per migliorare le possibilita di risparmio.</p></details>
  <details><summary>Meglio volo diretto o con scalo?</summary><p>Per tratte medio-brevi il diretto e spesso la scelta piu comoda, mentre su alcune rotte uno scalo puo ridurre il prezzo finale.</p></details>
  <details><summary>Quando controllare i prezzi per Kumasi?</summary><p>Vale la pena iniziare a monitorare la rotta in anticipo e verificare con regolarita i giorni piu vicini alla partenza ideale.</p></details>
</div>","Voli per citta|Voli intercontinentali",city,KMS,/voli-per/kumasi/,"Voli per Kumasi (KMS): offerte e guide | ConfrontaPrezziVoli","Trova voli per Kumasi dai principali aeroporti italiani. Tariffe indicative da EUR 87 e consigli per scegliere il periodo migliore.","voli per Kumasi",cities,"Mese tipicamente conveniente: settembre"
post,publish,"Voli per Kume-jima (UEO): offerte, compagnie e periodo migliore per prenotare",voli-per-kume-jima-ueo,"Confronta voli per Kume-jima dai principali aeroporti italiani. Scopri prezzi indicativi, compagnie e consigli utili per organizzare la partenza.","<div class=""cpv-landing-note"">
  <p><strong>Perche cercare voli per Kume-jima qui.</strong> Questa pagina raccoglie un quadro rapido delle partenze italiane piu interessanti per Kume-jima, con tariffe indicative e consigli per scegliere il periodo piu vantaggioso.</p>
</div>
<div class=""cpv-stat-grid"">
  <div class=""cpv-stat""><strong>EUR 168</strong><span>Prezzo indicativo da monitorare dalle principali aree aeroportuali italiane.</span></div>
  <div class=""cpv-stat""><strong>giugno</strong><span>Periodo spesso interessante per tenere sotto controllo la rotta.</span></div>
  <div class=""cpv-stat""><strong>9</strong><span>Aeroporti italiani prioritari da confrontare per questa destinazione.</span></div>
</div>
<h2>Offerte voli per Kume-jima</h2>
<p>Per trovare il miglior equilibrio tra prezzo, durata e comfort, conviene verificare piu aeroporti di partenza italiani e confrontare giorni feriali e weekend.</p>
<table>
  <thead>
    <tr><th>Partenza</th><th>Prezzo da</th><th>Durata indicativa</th><th>Mese da monitorare</th></tr>
  </thead>
  <tbody>
    <tr><td>Leonardo da Vinci-Fiumicino Airport (FCO)</td><td>EUR 176</td><td>6h 10</td><td>febbraio</td></tr><tr><td>Ciampino-G. B. Pastine International Airport (CIA)</td><td>EUR 96</td><td>2h 50</td><td>giugno</td></tr><tr><td>Milano Malpensa Airport (MXP)</td><td>EUR 55</td><td>1h 00</td><td>gennaio</td></tr><tr><td>Orio al Serio International Airport (BGY)</td><td>EUR 117</td><td>11h 20</td><td>marzo</td></tr><tr><td>Milano Linate Airport (LIN)</td><td>EUR 44</td><td>1h 10</td><td>febbraio</td></tr><tr><td>Naples International Airport (NAP)</td><td>EUR 185</td><td>5h 40</td><td>novembre</td></tr><tr><td>Venice Marco Polo Airport (VCE)</td><td>EUR 173</td><td>1h 40</td><td>novembre</td></tr><tr><td>Catania-Fontanarossa Airport (CTA)</td><td>EUR 107</td><td>6h 40</td><td>maggio</td></tr><tr><td>Guglielmo Marconi Airport (BLQ)</td><td>EUR 51</td><td>10h 20</td><td>settembre</td></tr>
  </tbody>
</table>
<h2>Aeroporti italiani da cui conviene partire</h2>
<div class=""cpv-chip-list""><span class=""cpv-chip"">Leonardo da Vinci-Fiumicino Airport</span><span class=""cpv-chip"">Ciampino-G. B. Pastine International Airport</span><span class=""cpv-chip"">Milano Malpensa Airport</span><span class=""cpv-chip"">Orio al Serio International Airport</span><span class=""cpv-chip"">Milano Linate Airport</span><span class=""cpv-chip"">Naples International Airport</span></div>
<div class=""cpv-landing-grid"">
  <div class=""cpv-landing-card""><strong>City break</strong><p>Se Kume-jima e una meta urbana, le partenze del venerdi e del sabato sono spesso le piu monitorate.</p></div>
  <div class=""cpv-landing-card""><strong>Viaggi stagionali</strong><p>In alcuni periodi dell'anno le tariffe possono variare molto, soprattutto vicino ai ponti e alle festivita.</p></div>
  <div class=""cpv-landing-card""><strong>Confronto rapido</strong><p>Valuta aeroporti maggiori e secondari per capire se un piccolo spostamento porta a un risparmio concreto.</p></div>
</div>
<h2>Domande frequenti sui voli per Kume-jima</h2>
<div class=""cpv-faq"">
  <details><summary>Qual e il modo migliore per cercare voli per Kume-jima?</summary><p>Confronta piu aeroporti italiani, prova date flessibili e verifica anche partenze infrasettimanali per migliorare le possibilita di risparmio.</p></details>
  <details><summary>Meglio volo diretto o con scalo?</summary><p>Per tratte medio-brevi il diretto e spesso la scelta piu comoda, mentre su alcune rotte uno scalo puo ridurre il prezzo finale.</p></details>
  <details><summary>Quando controllare i prezzi per Kume-jima?</summary><p>Vale la pena iniziare a monitorare la rotta in anticipo e verificare con regolarita i giorni piu vicini alla partenza ideale.</p></details>
</div>","Voli per citta|Voli intercontinentali",city,UEO,/voli-per/kume-jima/,"Voli per Kume-jima (UEO): offerte e guide | ConfrontaPrezziVoli","Trova voli per Kume-jima dai principali aeroporti italiani. Tariffe indicative da EUR 168 e consigli per scegliere il periodo migliore.","voli per Kume-jima",cities,"Mese tipicamente conveniente: giugno"
post,publish,"Voli per Kunashir Island (DEE): offerte, compagnie e periodo migliore per prenotare",voli-per-kunashir-island-dee,"Confronta voli per Kunashir Island dai principali aeroporti italiani. Scopri prezzi indicativi, compagnie e consigli utili per organizzare la partenza.","<div class=""cpv-landing-note"">
  <p><strong>Perche cercare voli per Kunashir Island qui.</strong> Questa pagina raccoglie un quadro rapido delle partenze italiane piu interessanti per Kunashir Island, con tariffe indicative e consigli per scegliere il periodo piu vantaggioso.</p>
</div>
<div class=""cpv-stat-grid"">
  <div class=""cpv-stat""><strong>EUR 107</strong><span>Prezzo indicativo da monitorare dalle principali aree aeroportuali italiane.</span></div>
  <div class=""cpv-stat""><strong>maggio</strong><span>Periodo spesso interessante per tenere sotto controllo la rotta.</span></div>
  <div class=""cpv-stat""><strong>9</strong><span>Aeroporti italiani prioritari da confrontare per questa destinazione.</span></div>
</div>
<h2>Offerte voli per Kunashir Island</h2>
<p>Per trovare il miglior equilibrio tra prezzo, durata e comfort, conviene verificare piu aeroporti di partenza italiani e confrontare giorni feriali e weekend.</p>
<table>
  <thead>
    <tr><th>Partenza</th><th>Prezzo da</th><th>Durata indicativa</th><th>Mese da monitorare</th></tr>
  </thead>
  <tbody>
    <tr><td>Leonardo da Vinci-Fiumicino Airport (FCO)</td><td>EUR 127</td><td>3h 00</td><td>gennaio</td></tr><tr><td>Ciampino-G. B. Pastine International Airport (CIA)</td><td>EUR 111</td><td>5h 20</td><td>settembre</td></tr><tr><td>Milano Malpensa Airport (MXP)</td><td>EUR 44</td><td>1h 10</td><td>febbraio</td></tr><tr><td>Orio al Serio International Airport (BGY)</td><td>EUR 22</td><td>4h 30</td><td>aprile</td></tr><tr><td>Milano Linate Airport (LIN)</td><td>EUR 143</td><td>8h 40</td><td>maggio</td></tr><tr><td>Naples International Airport (NAP)</td><td>EUR 78</td><td>3h 50</td><td>dicembre</td></tr><tr><td>Venice Marco Polo Airport (VCE)</td><td>EUR 162</td><td>1h 50</td><td>dicembre</td></tr><tr><td>Catania-Fontanarossa Airport (CTA)</td><td>EUR 60</td><td>5h 50</td><td>giugno</td></tr><tr><td>Guglielmo Marconi Airport (BLQ)</td><td>EUR 44</td><td>8h 10</td><td>febbraio</td></tr>
  </tbody>
</table>
<h2>Aeroporti italiani da cui conviene partire</h2>
<div class=""cpv-chip-list""><span class=""cpv-chip"">Leonardo da Vinci-Fiumicino Airport</span><span class=""cpv-chip"">Ciampino-G. B. Pastine International Airport</span><span class=""cpv-chip"">Milano Malpensa Airport</span><span class=""cpv-chip"">Orio al Serio International Airport</span><span class=""cpv-chip"">Milano Linate Airport</span><span class=""cpv-chip"">Naples International Airport</span></div>
<div class=""cpv-landing-grid"">
  <div class=""cpv-landing-card""><strong>City break</strong><p>Se Kunashir Island e una meta urbana, le partenze del venerdi e del sabato sono spesso le piu monitorate.</p></div>
  <div class=""cpv-landing-card""><strong>Viaggi stagionali</strong><p>In alcuni periodi dell'anno le tariffe possono variare molto, soprattutto vicino ai ponti e alle festivita.</p></div>
  <div class=""cpv-landing-card""><strong>Confronto rapido</strong><p>Valuta aeroporti maggiori e secondari per capire se un piccolo spostamento porta a un risparmio concreto.</p></div>
</div>
<h2>Domande frequenti sui voli per Kunashir Island</h2>
<div class=""cpv-faq"">
  <details><summary>Qual e il modo migliore per cercare voli per Kunashir Island?</summary><p>Confronta piu aeroporti italiani, prova date flessibili e verifica anche partenze infrasettimanali per migliorare le possibilita di risparmio.</p></details>
  <details><summary>Meglio volo diretto o con scalo?</summary><p>Per tratte medio-brevi il diretto e spesso la scelta piu comoda, mentre su alcune rotte uno scalo puo ridurre il prezzo finale.</p></details>
  <details><summary>Quando controllare i prezzi per Kunashir Island?</summary><p>Vale la pena iniziare a monitorare la rotta in anticipo e verificare con regolarita i giorni piu vicini alla partenza ideale.</p></details>
</div>","Voli per citta|Voli intercontinentali",city,DEE,/voli-per/kunashir-island/,"Voli per Kunashir Island (DEE): offerte e guide | ConfrontaPrezziVoli","Trova voli per Kunashir Island dai principali aeroporti italiani. Tariffe indicative da EUR 107 e consigli per scegliere il periodo migliore.","voli per Kunashir Island",cities,"Mese tipicamente conveniente: maggio"
post,publish,"Voli per Kunming (KMG): offerte, compagnie e periodo migliore per prenotare",voli-per-kunming-kmg,"Confronta voli per Kunming dai principali aeroporti italiani. Scopri prezzi indicativi, compagnie e consigli utili per organizzare la partenza.","<div class=""cpv-landing-note"">
  <p><strong>Perche cercare voli per Kunming qui.</strong> Questa pagina raccoglie un quadro rapido delle partenze italiane piu interessanti per Kunming, con tariffe indicative e consigli per scegliere il periodo piu vantaggioso.</p>
</div>
<div class=""cpv-stat-grid"">
  <div class=""cpv-stat""><strong>EUR 144</strong><span>Prezzo indicativo da monitorare dalle principali aree aeroportuali italiane.</span></div>
  <div class=""cpv-stat""><strong>giugno</strong><span>Periodo spesso interessante per tenere sotto controllo la rotta.</span></div>
  <div class=""cpv-stat""><strong>9</strong><span>Aeroporti italiani prioritari da confrontare per questa destinazione.</span></div>
</div>
<h2>Offerte voli per Kunming</h2>
<p>Per trovare il miglior equilibrio tra prezzo, durata e comfort, conviene verificare piu aeroporti di partenza italiani e confrontare giorni feriali e weekend.</p>
<table>
  <thead>
    <tr><th>Partenza</th><th>Prezzo da</th><th>Durata indicativa</th><th>Mese da monitorare</th></tr>
  </thead>
  <tbody>
    <tr><td>Leonardo da Vinci-Fiumicino Airport (FCO)</td><td>EUR 24</td><td>1h 50</td><td>giugno</td></tr><tr><td>Ciampino-G. B. Pastine International Airport (CIA)</td><td>EUR 188</td><td>6h 10</td><td>febbraio</td></tr><tr><td>Milano Malpensa Airport (MXP)</td><td>EUR 43</td><td>2h 00</td><td>gennaio</td></tr><tr><td>Orio al Serio International Airport (BGY)</td><td>EUR 177</td><td>11h 20</td><td>marzo</td></tr><tr><td>Milano Linate Airport (LIN)</td><td>EUR 48</td><td>8h 50</td><td>giugno</td></tr><tr><td>Naples International Airport (NAP)</td><td>EUR 129</td><td>4h 20</td><td>marzo</td></tr><tr><td>Venice Marco Polo Airport (VCE)</td><td>EUR 89</td><td>1h 40</td><td>novembre</td></tr><tr><td>Catania-Fontanarossa Airport (CTA)</td><td>EUR 179</td><td>9h 40</td><td>maggio</td></tr><tr><td>Guglielmo Marconi Airport (BLQ)</td><td>EUR 111</td><td>2h 20</td><td>settembre</td></tr>
  </tbody>
</table>
<h2>Aeroporti italiani da cui conviene partire</h2>
<div class=""cpv-chip-list""><span class=""cpv-chip"">Leonardo da Vinci-Fiumicino Airport</span><span class=""cpv-chip"">Ciampino-G. B. Pastine International Airport</span><span class=""cpv-chip"">Milano Malpensa Airport</span><span class=""cpv-chip"">Orio al Serio International Airport</span><span class=""cpv-chip"">Milano Linate Airport</span><span class=""cpv-chip"">Naples International Airport</span></div>
<div class=""cpv-landing-grid"">
  <div class=""cpv-landing-card""><strong>City break</strong><p>Se Kunming e una meta urbana, le partenze del venerdi e del sabato sono spesso le piu monitorate.</p></div>
  <div class=""cpv-landing-card""><strong>Viaggi stagionali</strong><p>In alcuni periodi dell'anno le tariffe possono variare molto, soprattutto vicino ai ponti e alle festivita.</p></div>
  <div class=""cpv-landing-card""><strong>Confronto rapido</strong><p>Valuta aeroporti maggiori e secondari per capire se un piccolo spostamento porta a un risparmio concreto.</p></div>
</div>
<h2>Domande frequenti sui voli per Kunming</h2>
<div class=""cpv-faq"">
  <details><summary>Qual e il modo migliore per cercare voli per Kunming?</summary><p>Confronta piu aeroporti italiani, prova date flessibili e verifica anche partenze infrasettimanali per migliorare le possibilita di risparmio.</p></details>
  <details><summary>Meglio volo diretto o con scalo?</summary><p>Per tratte medio-brevi il diretto e spesso la scelta piu comoda, mentre su alcune rotte uno scalo puo ridurre il prezzo finale.</p></details>
  <details><summary>Quando controllare i prezzi per Kunming?</summary><p>Vale la pena iniziare a monitorare la rotta in anticipo e verificare con regolarita i giorni piu vicini alla partenza ideale.</p></details>
</div>","Voli per citta|Voli intercontinentali",city,KMG,/voli-per/kunming/,"Voli per Kunming (KMG): offerte e guide | ConfrontaPrezziVoli","Trova voli per Kunming dai principali aeroporti italiani. Tariffe indicative da EUR 144 e consigli per scegliere il periodo migliore.","voli per Kunming",cities,"Mese tipicamente conveniente: giugno"
