post_type,post_status,post_title,post_name,post_excerpt,post_content,post_category,cpv_page_type,cpv_entity_code,cpv_target_path,rank_math_title,rank_math_description,rank_math_focus_keyword,seo_batch_label,seo_priority_note
post,publish,"Voli per Dalaman (DLM): offerte, compagnie e periodo migliore per prenotare",voli-per-dalaman-dlm,"Confronta voli per Dalaman dai principali aeroporti italiani. Scopri prezzi indicativi, compagnie e consigli utili per organizzare la partenza.","<div class=""cpv-landing-note"">
  <p><strong>Perche cercare voli per Dalaman qui.</strong> Questa pagina raccoglie un quadro rapido delle partenze italiane piu interessanti per Dalaman, con tariffe indicative e consigli per scegliere il periodo piu vantaggioso.</p>
</div>
<div class=""cpv-stat-grid"">
  <div class=""cpv-stat""><strong>EUR 174</strong><span>Prezzo indicativo da monitorare dalle principali aree aeroportuali italiane.</span></div>
  <div class=""cpv-stat""><strong>dicembre</strong><span>Periodo spesso interessante per tenere sotto controllo la rotta.</span></div>
  <div class=""cpv-stat""><strong>9</strong><span>Aeroporti italiani prioritari da confrontare per questa destinazione.</span></div>
</div>
<h2>Offerte voli per Dalaman</h2>
<p>Per trovare il miglior equilibrio tra prezzo, durata e comfort, conviene verificare piu aeroporti di partenza italiani e confrontare giorni feriali e weekend.</p>
<table>
  <thead>
    <tr><th>Partenza</th><th>Prezzo da</th><th>Durata indicativa</th><th>Mese da monitorare</th></tr>
  </thead>
  <tbody>
    <tr><td>Leonardo da Vinci-Fiumicino Airport (FCO)</td><td>EUR 142</td><td>8h 30</td><td>aprile</td></tr><tr><td>Ciampino-G. B. Pastine International Airport (CIA)</td><td>EUR 90</td><td>4h 50</td><td>dicembre</td></tr><tr><td>Milano Malpensa Airport (MXP)</td><td>EUR 197</td><td>7h 40</td><td>novembre</td></tr><tr><td>Orio al Serio International Airport (BGY)</td><td>EUR 95</td><td>4h 40</td><td>maggio</td></tr><tr><td>Milano Linate Airport (LIN)</td><td>EUR 82</td><td>1h 30</td><td>aprile</td></tr><tr><td>Naples International Airport (NAP)</td><td>EUR 59</td><td>6h 40</td><td>maggio</td></tr><tr><td>Venice Marco Polo Airport (VCE)</td><td>EUR 87</td><td>4h 20</td><td>settembre</td></tr><tr><td>Catania-Fontanarossa Airport (CTA)</td><td>EUR 181</td><td>9h 00</td><td>luglio</td></tr><tr><td>Guglielmo Marconi Airport (BLQ)</td><td>EUR 97</td><td>6h 00</td><td>luglio</td></tr>
  </tbody>
</table>
<h2>Aeroporti italiani da cui conviene partire</h2>
<div class=""cpv-chip-list""><span class=""cpv-chip"">Leonardo da Vinci-Fiumicino Airport</span><span class=""cpv-chip"">Ciampino-G. B. Pastine International Airport</span><span class=""cpv-chip"">Milano Malpensa Airport</span><span class=""cpv-chip"">Orio al Serio International Airport</span><span class=""cpv-chip"">Milano Linate Airport</span><span class=""cpv-chip"">Naples International Airport</span></div>
<div class=""cpv-landing-grid"">
  <div class=""cpv-landing-card""><strong>City break</strong><p>Se Dalaman e una meta urbana, le partenze del venerdi e del sabato sono spesso le piu monitorate.</p></div>
  <div class=""cpv-landing-card""><strong>Viaggi stagionali</strong><p>In alcuni periodi dell'anno le tariffe possono variare molto, soprattutto vicino ai ponti e alle festivita.</p></div>
  <div class=""cpv-landing-card""><strong>Confronto rapido</strong><p>Valuta aeroporti maggiori e secondari per capire se un piccolo spostamento porta a un risparmio concreto.</p></div>
</div>
<h2>Domande frequenti sui voli per Dalaman</h2>
<div class=""cpv-faq"">
  <details><summary>Qual e il modo migliore per cercare voli per Dalaman?</summary><p>Confronta piu aeroporti italiani, prova date flessibili e verifica anche partenze infrasettimanali per migliorare le possibilita di risparmio.</p></details>
  <details><summary>Meglio volo diretto o con scalo?</summary><p>Per tratte medio-brevi il diretto e spesso la scelta piu comoda, mentre su alcune rotte uno scalo puo ridurre il prezzo finale.</p></details>
  <details><summary>Quando controllare i prezzi per Dalaman?</summary><p>Vale la pena iniziare a monitorare la rotta in anticipo e verificare con regolarita i giorni piu vicini alla partenza ideale.</p></details>
</div>","Voli per citta|Voli in Europa",city,DLM,/voli-per/dalaman/,"Voli per Dalaman (DLM): offerte e guide | ConfrontaPrezziVoli","Trova voli per Dalaman dai principali aeroporti italiani. Tariffe indicative da EUR 174 e consigli per scegliere il periodo migliore.","voli per Dalaman",cities,"Mese tipicamente conveniente: dicembre"
post,publish,"Voli per Dalanzadgad (DLZ): offerte, compagnie e periodo migliore per prenotare",voli-per-dalanzadgad-dlz,"Confronta voli per Dalanzadgad dai principali aeroporti italiani. Scopri prezzi indicativi, compagnie e consigli utili per organizzare la partenza.","<div class=""cpv-landing-note"">
  <p><strong>Perche cercare voli per Dalanzadgad qui.</strong> Questa pagina raccoglie un quadro rapido delle partenze italiane piu interessanti per Dalanzadgad, con tariffe indicative e consigli per scegliere il periodo piu vantaggioso.</p>
</div>
<div class=""cpv-stat-grid"">
  <div class=""cpv-stat""><strong>EUR 51</strong><span>Prezzo indicativo da monitorare dalle principali aree aeroportuali italiane.</span></div>
  <div class=""cpv-stat""><strong>settembre</strong><span>Periodo spesso interessante per tenere sotto controllo la rotta.</span></div>
  <div class=""cpv-stat""><strong>9</strong><span>Aeroporti italiani prioritari da confrontare per questa destinazione.</span></div>
</div>
<h2>Offerte voli per Dalanzadgad</h2>
<p>Per trovare il miglior equilibrio tra prezzo, durata e comfort, conviene verificare piu aeroporti di partenza italiani e confrontare giorni feriali e weekend.</p>
<table>
  <thead>
    <tr><th>Partenza</th><th>Prezzo da</th><th>Durata indicativa</th><th>Mese da monitorare</th></tr>
  </thead>
  <tbody>
    <tr><td>Leonardo da Vinci-Fiumicino Airport (FCO)</td><td>EUR 71</td><td>3h 40</td><td>maggio</td></tr><tr><td>Ciampino-G. B. Pastine International Airport (CIA)</td><td>EUR 27</td><td>7h 20</td><td>settembre</td></tr><tr><td>Milano Malpensa Airport (MXP)</td><td>EUR 44</td><td>1h 10</td><td>febbraio</td></tr><tr><td>Orio al Serio International Airport (BGY)</td><td>EUR 186</td><td>7h 50</td><td>dicembre</td></tr><tr><td>Milano Linate Airport (LIN)</td><td>EUR 159</td><td>7h 20</td><td>settembre</td></tr><tr><td>Naples International Airport (NAP)</td><td>EUR 106</td><td>7h 30</td><td>aprile</td></tr><tr><td>Venice Marco Polo Airport (VCE)</td><td>EUR 122</td><td>8h 10</td><td>agosto</td></tr><tr><td>Catania-Fontanarossa Airport (CTA)</td><td>EUR 180</td><td>8h 50</td><td>giugno</td></tr><tr><td>Guglielmo Marconi Airport (BLQ)</td><td>EUR 116</td><td>3h 10</td><td>febbraio</td></tr>
  </tbody>
</table>
<h2>Aeroporti italiani da cui conviene partire</h2>
<div class=""cpv-chip-list""><span class=""cpv-chip"">Leonardo da Vinci-Fiumicino Airport</span><span class=""cpv-chip"">Ciampino-G. B. Pastine International Airport</span><span class=""cpv-chip"">Milano Malpensa Airport</span><span class=""cpv-chip"">Orio al Serio International Airport</span><span class=""cpv-chip"">Milano Linate Airport</span><span class=""cpv-chip"">Naples International Airport</span></div>
<div class=""cpv-landing-grid"">
  <div class=""cpv-landing-card""><strong>City break</strong><p>Se Dalanzadgad e una meta urbana, le partenze del venerdi e del sabato sono spesso le piu monitorate.</p></div>
  <div class=""cpv-landing-card""><strong>Viaggi stagionali</strong><p>In alcuni periodi dell'anno le tariffe possono variare molto, soprattutto vicino ai ponti e alle festivita.</p></div>
  <div class=""cpv-landing-card""><strong>Confronto rapido</strong><p>Valuta aeroporti maggiori e secondari per capire se un piccolo spostamento porta a un risparmio concreto.</p></div>
</div>
<h2>Domande frequenti sui voli per Dalanzadgad</h2>
<div class=""cpv-faq"">
  <details><summary>Qual e il modo migliore per cercare voli per Dalanzadgad?</summary><p>Confronta piu aeroporti italiani, prova date flessibili e verifica anche partenze infrasettimanali per migliorare le possibilita di risparmio.</p></details>
  <details><summary>Meglio volo diretto o con scalo?</summary><p>Per tratte medio-brevi il diretto e spesso la scelta piu comoda, mentre su alcune rotte uno scalo puo ridurre il prezzo finale.</p></details>
  <details><summary>Quando controllare i prezzi per Dalanzadgad?</summary><p>Vale la pena iniziare a monitorare la rotta in anticipo e verificare con regolarita i giorni piu vicini alla partenza ideale.</p></details>
</div>","Voli per citta|Voli intercontinentali",city,DLZ,/voli-per/dalanzadgad/,"Voli per Dalanzadgad (DLZ): offerte e guide | ConfrontaPrezziVoli","Trova voli per Dalanzadgad dai principali aeroporti italiani. Tariffe indicative da EUR 51 e consigli per scegliere il periodo migliore.","voli per Dalanzadgad",cities,"Mese tipicamente conveniente: settembre"
post,publish,"Voli per Dalat (DLI): offerte, compagnie e periodo migliore per prenotare",voli-per-dalat-dli,"Confronta voli per Dalat dai principali aeroporti italiani. Scopri prezzi indicativi, compagnie e consigli utili per organizzare la partenza.","<div class=""cpv-landing-note"">
  <p><strong>Perche cercare voli per Dalat qui.</strong> Questa pagina raccoglie un quadro rapido delle partenze italiane piu interessanti per Dalat, con tariffe indicative e consigli per scegliere il periodo piu vantaggioso.</p>
</div>
<div class=""cpv-stat-grid"">
  <div class=""cpv-stat""><strong>EUR 145</strong><span>Prezzo indicativo da monitorare dalle principali aree aeroportuali italiane.</span></div>
  <div class=""cpv-stat""><strong>luglio</strong><span>Periodo spesso interessante per tenere sotto controllo la rotta.</span></div>
  <div class=""cpv-stat""><strong>9</strong><span>Aeroporti italiani prioritari da confrontare per questa destinazione.</span></div>
</div>
<h2>Offerte voli per Dalat</h2>
<p>Per trovare il miglior equilibrio tra prezzo, durata e comfort, conviene verificare piu aeroporti di partenza italiani e confrontare giorni feriali e weekend.</p>
<table>
  <thead>
    <tr><th>Partenza</th><th>Prezzo da</th><th>Durata indicativa</th><th>Mese da monitorare</th></tr>
  </thead>
  <tbody>
    <tr><td>Leonardo da Vinci-Fiumicino Airport (FCO)</td><td>EUR 25</td><td>10h 00</td><td>luglio</td></tr><tr><td>Ciampino-G. B. Pastine International Airport (CIA)</td><td>EUR 113</td><td>8h 40</td><td>novembre</td></tr><tr><td>Milano Malpensa Airport (MXP)</td><td>EUR 146</td><td>3h 10</td><td>agosto</td></tr><tr><td>Orio al Serio International Airport (BGY)</td><td>EUR 112</td><td>5h 30</td><td>ottobre</td></tr><tr><td>Milano Linate Airport (LIN)</td><td>EUR 161</td><td>11h 40</td><td>novembre</td></tr><tr><td>Naples International Airport (NAP)</td><td>EUR 156</td><td>1h 50</td><td>giugno</td></tr><tr><td>Venice Marco Polo Airport (VCE)</td><td>EUR 20</td><td>9h 10</td><td>febbraio</td></tr><tr><td>Catania-Fontanarossa Airport (CTA)</td><td>EUR 94</td><td>7h 30</td><td>aprile</td></tr><tr><td>Guglielmo Marconi Airport (BLQ)</td><td>EUR 170</td><td>5h 10</td><td>agosto</td></tr>
  </tbody>
</table>
<h2>Aeroporti italiani da cui conviene partire</h2>
<div class=""cpv-chip-list""><span class=""cpv-chip"">Leonardo da Vinci-Fiumicino Airport</span><span class=""cpv-chip"">Ciampino-G. B. Pastine International Airport</span><span class=""cpv-chip"">Milano Malpensa Airport</span><span class=""cpv-chip"">Orio al Serio International Airport</span><span class=""cpv-chip"">Milano Linate Airport</span><span class=""cpv-chip"">Naples International Airport</span></div>
<div class=""cpv-landing-grid"">
  <div class=""cpv-landing-card""><strong>City break</strong><p>Se Dalat e una meta urbana, le partenze del venerdi e del sabato sono spesso le piu monitorate.</p></div>
  <div class=""cpv-landing-card""><strong>Viaggi stagionali</strong><p>In alcuni periodi dell'anno le tariffe possono variare molto, soprattutto vicino ai ponti e alle festivita.</p></div>
  <div class=""cpv-landing-card""><strong>Confronto rapido</strong><p>Valuta aeroporti maggiori e secondari per capire se un piccolo spostamento porta a un risparmio concreto.</p></div>
</div>
<h2>Domande frequenti sui voli per Dalat</h2>
<div class=""cpv-faq"">
  <details><summary>Qual e il modo migliore per cercare voli per Dalat?</summary><p>Confronta piu aeroporti italiani, prova date flessibili e verifica anche partenze infrasettimanali per migliorare le possibilita di risparmio.</p></details>
  <details><summary>Meglio volo diretto o con scalo?</summary><p>Per tratte medio-brevi il diretto e spesso la scelta piu comoda, mentre su alcune rotte uno scalo puo ridurre il prezzo finale.</p></details>
  <details><summary>Quando controllare i prezzi per Dalat?</summary><p>Vale la pena iniziare a monitorare la rotta in anticipo e verificare con regolarita i giorni piu vicini alla partenza ideale.</p></details>
</div>","Voli per citta|Voli intercontinentali",city,DLI,/voli-per/dalat/,"Voli per Dalat (DLI): offerte e guide | ConfrontaPrezziVoli","Trova voli per Dalat dai principali aeroporti italiani. Tariffe indicative da EUR 145 e consigli per scegliere il periodo migliore.","voli per Dalat",cities,"Mese tipicamente conveniente: luglio"
post,publish,"Voli per Dali City (DLU): offerte, compagnie e periodo migliore per prenotare",voli-per-dali-city-dlu,"Confronta voli per Dali City dai principali aeroporti italiani. Scopri prezzi indicativi, compagnie e consigli utili per organizzare la partenza.","<div class=""cpv-landing-note"">
  <p><strong>Perche cercare voli per Dali City qui.</strong> Questa pagina raccoglie un quadro rapido delle partenze italiane piu interessanti per Dali City, con tariffe indicative e consigli per scegliere il periodo piu vantaggioso.</p>
</div>
<div class=""cpv-stat-grid"">
  <div class=""cpv-stat""><strong>EUR 160</strong><span>Prezzo indicativo da monitorare dalle principali aree aeroportuali italiane.</span></div>
  <div class=""cpv-stat""><strong>ottobre</strong><span>Periodo spesso interessante per tenere sotto controllo la rotta.</span></div>
  <div class=""cpv-stat""><strong>9</strong><span>Aeroporti italiani prioritari da confrontare per questa destinazione.</span></div>
</div>
<h2>Offerte voli per Dali City</h2>
<p>Per trovare il miglior equilibrio tra prezzo, durata e comfort, conviene verificare piu aeroporti di partenza italiani e confrontare giorni feriali e weekend.</p>
<table>
  <thead>
    <tr><th>Partenza</th><th>Prezzo da</th><th>Durata indicativa</th><th>Mese da monitorare</th></tr>
  </thead>
  <tbody>
    <tr><td>Leonardo da Vinci-Fiumicino Airport (FCO)</td><td>EUR 40</td><td>1h 30</td><td>ottobre</td></tr><tr><td>Ciampino-G. B. Pastine International Airport (CIA)</td><td>EUR 64</td><td>7h 30</td><td>ottobre</td></tr><tr><td>Milano Malpensa Airport (MXP)</td><td>EUR 39</td><td>8h 20</td><td>settembre</td></tr><tr><td>Orio al Serio International Airport (BGY)</td><td>EUR 69</td><td>4h 20</td><td>marzo</td></tr><tr><td>Milano Linate Airport (LIN)</td><td>EUR 60</td><td>6h 50</td><td>giugno</td></tr><tr><td>Naples International Airport (NAP)</td><td>EUR 101</td><td>6h 40</td><td>novembre</td></tr><tr><td>Venice Marco Polo Airport (VCE)</td><td>EUR 81</td><td>3h 20</td><td>marzo</td></tr><tr><td>Catania-Fontanarossa Airport (CTA)</td><td>EUR 127</td><td>2h 00</td><td>gennaio</td></tr><tr><td>Guglielmo Marconi Airport (BLQ)</td><td>EUR 55</td><td>3h 00</td><td>gennaio</td></tr>
  </tbody>
</table>
<h2>Aeroporti italiani da cui conviene partire</h2>
<div class=""cpv-chip-list""><span class=""cpv-chip"">Leonardo da Vinci-Fiumicino Airport</span><span class=""cpv-chip"">Ciampino-G. B. Pastine International Airport</span><span class=""cpv-chip"">Milano Malpensa Airport</span><span class=""cpv-chip"">Orio al Serio International Airport</span><span class=""cpv-chip"">Milano Linate Airport</span><span class=""cpv-chip"">Naples International Airport</span></div>
<div class=""cpv-landing-grid"">
  <div class=""cpv-landing-card""><strong>City break</strong><p>Se Dali City e una meta urbana, le partenze del venerdi e del sabato sono spesso le piu monitorate.</p></div>
  <div class=""cpv-landing-card""><strong>Viaggi stagionali</strong><p>In alcuni periodi dell'anno le tariffe possono variare molto, soprattutto vicino ai ponti e alle festivita.</p></div>
  <div class=""cpv-landing-card""><strong>Confronto rapido</strong><p>Valuta aeroporti maggiori e secondari per capire se un piccolo spostamento porta a un risparmio concreto.</p></div>
</div>
<h2>Domande frequenti sui voli per Dali City</h2>
<div class=""cpv-faq"">
  <details><summary>Qual e il modo migliore per cercare voli per Dali City?</summary><p>Confronta piu aeroporti italiani, prova date flessibili e verifica anche partenze infrasettimanali per migliorare le possibilita di risparmio.</p></details>
  <details><summary>Meglio volo diretto o con scalo?</summary><p>Per tratte medio-brevi il diretto e spesso la scelta piu comoda, mentre su alcune rotte uno scalo puo ridurre il prezzo finale.</p></details>
  <details><summary>Quando controllare i prezzi per Dali City?</summary><p>Vale la pena iniziare a monitorare la rotta in anticipo e verificare con regolarita i giorni piu vicini alla partenza ideale.</p></details>
</div>","Voli per citta|Voli intercontinentali",city,DLU,/voli-per/dali-city/,"Voli per Dali City (DLU): offerte e guide | ConfrontaPrezziVoli","Trova voli per Dali City dai principali aeroporti italiani. Tariffe indicative da EUR 160 e consigli per scegliere il periodo migliore.","voli per Dali City",cities,"Mese tipicamente conveniente: ottobre"
post,publish,"Voli per Dalian (DLC): offerte, compagnie e periodo migliore per prenotare",voli-per-dalian-dlc,"Confronta voli per Dalian dai principali aeroporti italiani. Scopri prezzi indicativi, compagnie e consigli utili per organizzare la partenza.","<div class=""cpv-landing-note"">
  <p><strong>Perche cercare voli per Dalian qui.</strong> Questa pagina raccoglie un quadro rapido delle partenze italiane piu interessanti per Dalian, con tariffe indicative e consigli per scegliere il periodo piu vantaggioso.</p>
</div>
<div class=""cpv-stat-grid"">
  <div class=""cpv-stat""><strong>EUR 27</strong><span>Prezzo indicativo da monitorare dalle principali aree aeroportuali italiane.</span></div>
  <div class=""cpv-stat""><strong>settembre</strong><span>Periodo spesso interessante per tenere sotto controllo la rotta.</span></div>
  <div class=""cpv-stat""><strong>9</strong><span>Aeroporti italiani prioritari da confrontare per questa destinazione.</span></div>
</div>
<h2>Offerte voli per Dalian</h2>
<p>Per trovare il miglior equilibrio tra prezzo, durata e comfort, conviene verificare piu aeroporti di partenza italiani e confrontare giorni feriali e weekend.</p>
<table>
  <thead>
    <tr><th>Partenza</th><th>Prezzo da</th><th>Durata indicativa</th><th>Mese da monitorare</th></tr>
  </thead>
  <tbody>
    <tr><td>Leonardo da Vinci-Fiumicino Airport (FCO)</td><td>EUR 151</td><td>5h 00</td><td>gennaio</td></tr><tr><td>Ciampino-G. B. Pastine International Airport (CIA)</td><td>EUR 75</td><td>1h 20</td><td>settembre</td></tr><tr><td>Milano Malpensa Airport (MXP)</td><td>EUR 100</td><td>9h 30</td><td>ottobre</td></tr><tr><td>Orio al Serio International Airport (BGY)</td><td>EUR 130</td><td>7h 30</td><td>aprile</td></tr><tr><td>Milano Linate Airport (LIN)</td><td>EUR 39</td><td>11h 20</td><td>settembre</td></tr><tr><td>Naples International Airport (NAP)</td><td>EUR 86</td><td>11h 10</td><td>agosto</td></tr><tr><td>Venice Marco Polo Airport (VCE)</td><td>EUR 26</td><td>7h 10</td><td>agosto</td></tr><tr><td>Catania-Fontanarossa Airport (CTA)</td><td>EUR 192</td><td>2h 50</td><td>giugno</td></tr><tr><td>Guglielmo Marconi Airport (BLQ)</td><td>EUR 188</td><td>1h 10</td><td>febbraio</td></tr>
  </tbody>
</table>
<h2>Aeroporti italiani da cui conviene partire</h2>
<div class=""cpv-chip-list""><span class=""cpv-chip"">Leonardo da Vinci-Fiumicino Airport</span><span class=""cpv-chip"">Ciampino-G. B. Pastine International Airport</span><span class=""cpv-chip"">Milano Malpensa Airport</span><span class=""cpv-chip"">Orio al Serio International Airport</span><span class=""cpv-chip"">Milano Linate Airport</span><span class=""cpv-chip"">Naples International Airport</span></div>
<div class=""cpv-landing-grid"">
  <div class=""cpv-landing-card""><strong>City break</strong><p>Se Dalian e una meta urbana, le partenze del venerdi e del sabato sono spesso le piu monitorate.</p></div>
  <div class=""cpv-landing-card""><strong>Viaggi stagionali</strong><p>In alcuni periodi dell'anno le tariffe possono variare molto, soprattutto vicino ai ponti e alle festivita.</p></div>
  <div class=""cpv-landing-card""><strong>Confronto rapido</strong><p>Valuta aeroporti maggiori e secondari per capire se un piccolo spostamento porta a un risparmio concreto.</p></div>
</div>
<h2>Domande frequenti sui voli per Dalian</h2>
<div class=""cpv-faq"">
  <details><summary>Qual e il modo migliore per cercare voli per Dalian?</summary><p>Confronta piu aeroporti italiani, prova date flessibili e verifica anche partenze infrasettimanali per migliorare le possibilita di risparmio.</p></details>
  <details><summary>Meglio volo diretto o con scalo?</summary><p>Per tratte medio-brevi il diretto e spesso la scelta piu comoda, mentre su alcune rotte uno scalo puo ridurre il prezzo finale.</p></details>
  <details><summary>Quando controllare i prezzi per Dalian?</summary><p>Vale la pena iniziare a monitorare la rotta in anticipo e verificare con regolarita i giorni piu vicini alla partenza ideale.</p></details>
</div>","Voli per citta|Voli intercontinentali",city,DLC,/voli-per/dalian/,"Voli per Dalian (DLC): offerte e guide | ConfrontaPrezziVoli","Trova voli per Dalian dai principali aeroporti italiani. Tariffe indicative da EUR 27 e consigli per scegliere il periodo migliore.","voli per Dalian",cities,"Mese tipicamente conveniente: settembre"
post,publish,"Voli per Dallas (DFW): offerte, compagnie e periodo migliore per prenotare",voli-per-dallas-dfw,"Confronta voli per Dallas dai principali aeroporti italiani. Scopri prezzi indicativi, compagnie e consigli utili per organizzare la partenza.","<div class=""cpv-landing-note"">
  <p><strong>Perche cercare voli per Dallas qui.</strong> Questa pagina raccoglie un quadro rapido delle partenze italiane piu interessanti per Dallas, con tariffe indicative e consigli per scegliere il periodo piu vantaggioso.</p>
</div>
<div class=""cpv-stat-grid"">
  <div class=""cpv-stat""><strong>EUR 62</strong><span>Prezzo indicativo da monitorare dalle principali aree aeroportuali italiane.</span></div>
  <div class=""cpv-stat""><strong>agosto</strong><span>Periodo spesso interessante per tenere sotto controllo la rotta.</span></div>
  <div class=""cpv-stat""><strong>9</strong><span>Aeroporti italiani prioritari da confrontare per questa destinazione.</span></div>
</div>
<h2>Offerte voli per Dallas</h2>
<p>Per trovare il miglior equilibrio tra prezzo, durata e comfort, conviene verificare piu aeroporti di partenza italiani e confrontare giorni feriali e weekend.</p>
<table>
  <thead>
    <tr><th>Partenza</th><th>Prezzo da</th><th>Durata indicativa</th><th>Mese da monitorare</th></tr>
  </thead>
  <tbody>
    <tr><td>Leonardo da Vinci-Fiumicino Airport (FCO)</td><td>EUR 174</td><td>3h 50</td><td>dicembre</td></tr><tr><td>Ciampino-G. B. Pastine International Airport (CIA)</td><td>EUR 94</td><td>1h 30</td><td>aprile</td></tr><tr><td>Milano Malpensa Airport (MXP)</td><td>EUR 149</td><td>9h 40</td><td>novembre</td></tr><tr><td>Orio al Serio International Airport (BGY)</td><td>EUR 115</td><td>6h 00</td><td>gennaio</td></tr><tr><td>Milano Linate Airport (LIN)</td><td>EUR 126</td><td>3h 50</td><td>dicembre</td></tr><tr><td>Naples International Airport (NAP)</td><td>EUR 55</td><td>8h 00</td><td>gennaio</td></tr><tr><td>Venice Marco Polo Airport (VCE)</td><td>EUR 151</td><td>10h 00</td><td>gennaio</td></tr><tr><td>Catania-Fontanarossa Airport (CTA)</td><td>EUR 69</td><td>5h 20</td><td>marzo</td></tr><tr><td>Guglielmo Marconi Airport (BLQ)</td><td>EUR 117</td><td>5h 20</td><td>marzo</td></tr>
  </tbody>
</table>
<h2>Aeroporti italiani da cui conviene partire</h2>
<div class=""cpv-chip-list""><span class=""cpv-chip"">Leonardo da Vinci-Fiumicino Airport</span><span class=""cpv-chip"">Ciampino-G. B. Pastine International Airport</span><span class=""cpv-chip"">Milano Malpensa Airport</span><span class=""cpv-chip"">Orio al Serio International Airport</span><span class=""cpv-chip"">Milano Linate Airport</span><span class=""cpv-chip"">Naples International Airport</span></div>
<div class=""cpv-landing-grid"">
  <div class=""cpv-landing-card""><strong>City break</strong><p>Se Dallas e una meta urbana, le partenze del venerdi e del sabato sono spesso le piu monitorate.</p></div>
  <div class=""cpv-landing-card""><strong>Viaggi stagionali</strong><p>In alcuni periodi dell'anno le tariffe possono variare molto, soprattutto vicino ai ponti e alle festivita.</p></div>
  <div class=""cpv-landing-card""><strong>Confronto rapido</strong><p>Valuta aeroporti maggiori e secondari per capire se un piccolo spostamento porta a un risparmio concreto.</p></div>
</div>
<h2>Domande frequenti sui voli per Dallas</h2>
<div class=""cpv-faq"">
  <details><summary>Qual e il modo migliore per cercare voli per Dallas?</summary><p>Confronta piu aeroporti italiani, prova date flessibili e verifica anche partenze infrasettimanali per migliorare le possibilita di risparmio.</p></details>
  <details><summary>Meglio volo diretto o con scalo?</summary><p>Per tratte medio-brevi il diretto e spesso la scelta piu comoda, mentre su alcune rotte uno scalo puo ridurre il prezzo finale.</p></details>
  <details><summary>Quando controllare i prezzi per Dallas?</summary><p>Vale la pena iniziare a monitorare la rotta in anticipo e verificare con regolarita i giorni piu vicini alla partenza ideale.</p></details>
</div>","Voli per citta|Voli intercontinentali",city,DFW,/voli-per/dallas/,"Voli per Dallas (DFW): offerte e guide | ConfrontaPrezziVoli","Trova voli per Dallas dai principali aeroporti italiani. Tariffe indicative da EUR 62 e consigli per scegliere il periodo migliore.","voli per Dallas",cities,"Mese tipicamente conveniente: agosto"
post,publish,"Voli per Dalnegorsk (DHG): offerte, compagnie e periodo migliore per prenotare",voli-per-dalnegorsk-dhg,"Confronta voli per Dalnegorsk dai principali aeroporti italiani. Scopri prezzi indicativi, compagnie e consigli utili per organizzare la partenza.","<div class=""cpv-landing-note"">
  <p><strong>Perche cercare voli per Dalnegorsk qui.</strong> Questa pagina raccoglie un quadro rapido delle partenze italiane piu interessanti per Dalnegorsk, con tariffe indicative e consigli per scegliere il periodo piu vantaggioso.</p>
</div>
<div class=""cpv-stat-grid"">
  <div class=""cpv-stat""><strong>EUR 144</strong><span>Prezzo indicativo da monitorare dalle principali aree aeroportuali italiane.</span></div>
  <div class=""cpv-stat""><strong>giugno</strong><span>Periodo spesso interessante per tenere sotto controllo la rotta.</span></div>
  <div class=""cpv-stat""><strong>9</strong><span>Aeroporti italiani prioritari da confrontare per questa destinazione.</span></div>
</div>
<h2>Offerte voli per Dalnegorsk</h2>
<p>Per trovare il miglior equilibrio tra prezzo, durata e comfort, conviene verificare piu aeroporti di partenza italiani e confrontare giorni feriali e weekend.</p>
<table>
  <thead>
    <tr><th>Partenza</th><th>Prezzo da</th><th>Durata indicativa</th><th>Mese da monitorare</th></tr>
  </thead>
  <tbody>
    <tr><td>Leonardo da Vinci-Fiumicino Airport (FCO)</td><td>EUR 120</td><td>6h 50</td><td>giugno</td></tr><tr><td>Ciampino-G. B. Pastine International Airport (CIA)</td><td>EUR 64</td><td>4h 30</td><td>ottobre</td></tr><tr><td>Milano Malpensa Airport (MXP)</td><td>EUR 191</td><td>6h 40</td><td>maggio</td></tr><tr><td>Orio al Serio International Airport (BGY)</td><td>EUR 89</td><td>9h 40</td><td>novembre</td></tr><tr><td>Milano Linate Airport (LIN)</td><td>EUR 112</td><td>3h 30</td><td>ottobre</td></tr><tr><td>Naples International Airport (NAP)</td><td>EUR 33</td><td>5h 20</td><td>marzo</td></tr><tr><td>Venice Marco Polo Airport (VCE)</td><td>EUR 29</td><td>1h 40</td><td>novembre</td></tr><tr><td>Catania-Fontanarossa Airport (CTA)</td><td>EUR 175</td><td>8h 00</td><td>gennaio</td></tr><tr><td>Guglielmo Marconi Airport (BLQ)</td><td>EUR 143</td><td>9h 40</td><td>maggio</td></tr>
  </tbody>
</table>
<h2>Aeroporti italiani da cui conviene partire</h2>
<div class=""cpv-chip-list""><span class=""cpv-chip"">Leonardo da Vinci-Fiumicino Airport</span><span class=""cpv-chip"">Ciampino-G. B. Pastine International Airport</span><span class=""cpv-chip"">Milano Malpensa Airport</span><span class=""cpv-chip"">Orio al Serio International Airport</span><span class=""cpv-chip"">Milano Linate Airport</span><span class=""cpv-chip"">Naples International Airport</span></div>
<div class=""cpv-landing-grid"">
  <div class=""cpv-landing-card""><strong>City break</strong><p>Se Dalnegorsk e una meta urbana, le partenze del venerdi e del sabato sono spesso le piu monitorate.</p></div>
  <div class=""cpv-landing-card""><strong>Viaggi stagionali</strong><p>In alcuni periodi dell'anno le tariffe possono variare molto, soprattutto vicino ai ponti e alle festivita.</p></div>
  <div class=""cpv-landing-card""><strong>Confronto rapido</strong><p>Valuta aeroporti maggiori e secondari per capire se un piccolo spostamento porta a un risparmio concreto.</p></div>
</div>
<h2>Domande frequenti sui voli per Dalnegorsk</h2>
<div class=""cpv-faq"">
  <details><summary>Qual e il modo migliore per cercare voli per Dalnegorsk?</summary><p>Confronta piu aeroporti italiani, prova date flessibili e verifica anche partenze infrasettimanali per migliorare le possibilita di risparmio.</p></details>
  <details><summary>Meglio volo diretto o con scalo?</summary><p>Per tratte medio-brevi il diretto e spesso la scelta piu comoda, mentre su alcune rotte uno scalo puo ridurre il prezzo finale.</p></details>
  <details><summary>Quando controllare i prezzi per Dalnegorsk?</summary><p>Vale la pena iniziare a monitorare la rotta in anticipo e verificare con regolarita i giorni piu vicini alla partenza ideale.</p></details>
</div>","Voli per citta|Voli intercontinentali",city,DHG,/voli-per/dalnegorsk/,"Voli per Dalnegorsk (DHG): offerte e guide | ConfrontaPrezziVoli","Trova voli per Dalnegorsk dai principali aeroporti italiani. Tariffe indicative da EUR 144 e consigli per scegliere il periodo migliore.","voli per Dalnegorsk",cities,"Mese tipicamente conveniente: giugno"
post,publish,"Voli per Dalnerechensk (DLR): offerte, compagnie e periodo migliore per prenotare",voli-per-dalnerechensk-dlr,"Confronta voli per Dalnerechensk dai principali aeroporti italiani. Scopri prezzi indicativi, compagnie e consigli utili per organizzare la partenza.","<div class=""cpv-landing-note"">
  <p><strong>Perche cercare voli per Dalnerechensk qui.</strong> Questa pagina raccoglie un quadro rapido delle partenze italiane piu interessanti per Dalnerechensk, con tariffe indicative e consigli per scegliere il periodo piu vantaggioso.</p>
</div>
<div class=""cpv-stat-grid"">
  <div class=""cpv-stat""><strong>EUR 33</strong><span>Prezzo indicativo da monitorare dalle principali aree aeroportuali italiane.</span></div>
  <div class=""cpv-stat""><strong>marzo</strong><span>Periodo spesso interessante per tenere sotto controllo la rotta.</span></div>
  <div class=""cpv-stat""><strong>9</strong><span>Aeroporti italiani prioritari da confrontare per questa destinazione.</span></div>
</div>
<h2>Offerte voli per Dalnerechensk</h2>
<p>Per trovare il miglior equilibrio tra prezzo, durata e comfort, conviene verificare piu aeroporti di partenza italiani e confrontare giorni feriali e weekend.</p>
<table>
  <thead>
    <tr><th>Partenza</th><th>Prezzo da</th><th>Durata indicativa</th><th>Mese da monitorare</th></tr>
  </thead>
  <tbody>
    <tr><td>Leonardo da Vinci-Fiumicino Airport (FCO)</td><td>EUR 137</td><td>6h 40</td><td>novembre</td></tr><tr><td>Ciampino-G. B. Pastine International Airport (CIA)</td><td>EUR 117</td><td>5h 20</td><td>marzo</td></tr><tr><td>Milano Malpensa Airport (MXP)</td><td>EUR 98</td><td>8h 10</td><td>agosto</td></tr><tr><td>Orio al Serio International Airport (BGY)</td><td>EUR 132</td><td>11h 50</td><td>giugno</td></tr><tr><td>Milano Linate Airport (LIN)</td><td>EUR 37</td><td>9h 00</td><td>luglio</td></tr><tr><td>Naples International Airport (NAP)</td><td>EUR 180</td><td>4h 50</td><td>giugno</td></tr><tr><td>Venice Marco Polo Airport (VCE)</td><td>EUR 48</td><td>5h 50</td><td>giugno</td></tr><tr><td>Catania-Fontanarossa Airport (CTA)</td><td>EUR 138</td><td>2h 50</td><td>dicembre</td></tr><tr><td>Guglielmo Marconi Airport (BLQ)</td><td>EUR 102</td><td>8h 50</td><td>dicembre</td></tr>
  </tbody>
</table>
<h2>Aeroporti italiani da cui conviene partire</h2>
<div class=""cpv-chip-list""><span class=""cpv-chip"">Leonardo da Vinci-Fiumicino Airport</span><span class=""cpv-chip"">Ciampino-G. B. Pastine International Airport</span><span class=""cpv-chip"">Milano Malpensa Airport</span><span class=""cpv-chip"">Orio al Serio International Airport</span><span class=""cpv-chip"">Milano Linate Airport</span><span class=""cpv-chip"">Naples International Airport</span></div>
<div class=""cpv-landing-grid"">
  <div class=""cpv-landing-card""><strong>City break</strong><p>Se Dalnerechensk e una meta urbana, le partenze del venerdi e del sabato sono spesso le piu monitorate.</p></div>
  <div class=""cpv-landing-card""><strong>Viaggi stagionali</strong><p>In alcuni periodi dell'anno le tariffe possono variare molto, soprattutto vicino ai ponti e alle festivita.</p></div>
  <div class=""cpv-landing-card""><strong>Confronto rapido</strong><p>Valuta aeroporti maggiori e secondari per capire se un piccolo spostamento porta a un risparmio concreto.</p></div>
</div>
<h2>Domande frequenti sui voli per Dalnerechensk</h2>
<div class=""cpv-faq"">
  <details><summary>Qual e il modo migliore per cercare voli per Dalnerechensk?</summary><p>Confronta piu aeroporti italiani, prova date flessibili e verifica anche partenze infrasettimanali per migliorare le possibilita di risparmio.</p></details>
  <details><summary>Meglio volo diretto o con scalo?</summary><p>Per tratte medio-brevi il diretto e spesso la scelta piu comoda, mentre su alcune rotte uno scalo puo ridurre il prezzo finale.</p></details>
  <details><summary>Quando controllare i prezzi per Dalnerechensk?</summary><p>Vale la pena iniziare a monitorare la rotta in anticipo e verificare con regolarita i giorni piu vicini alla partenza ideale.</p></details>
</div>","Voli per citta|Voli intercontinentali",city,DLR,/voli-per/dalnerechensk/,"Voli per Dalnerechensk (DLR): offerte e guide | ConfrontaPrezziVoli","Trova voli per Dalnerechensk dai principali aeroporti italiani. Tariffe indicative da EUR 33 e consigli per scegliere il periodo migliore.","voli per Dalnerechensk",cities,"Mese tipicamente conveniente: marzo"
post,publish,"Voli per Damascus (DAM): offerte, compagnie e periodo migliore per prenotare",voli-per-damascus-dam,"Confronta voli per Damascus dai principali aeroporti italiani. Scopri prezzi indicativi, compagnie e consigli utili per organizzare la partenza.","<div class=""cpv-landing-note"">
  <p><strong>Perche cercare voli per Damascus qui.</strong> Questa pagina raccoglie un quadro rapido delle partenze italiane piu interessanti per Damascus, con tariffe indicative e consigli per scegliere il periodo piu vantaggioso.</p>
</div>
<div class=""cpv-stat-grid"">
  <div class=""cpv-stat""><strong>EUR 93</strong><span>Prezzo indicativo da monitorare dalle principali aree aeroportuali italiane.</span></div>
  <div class=""cpv-stat""><strong>marzo</strong><span>Periodo spesso interessante per tenere sotto controllo la rotta.</span></div>
  <div class=""cpv-stat""><strong>9</strong><span>Aeroporti italiani prioritari da confrontare per questa destinazione.</span></div>
</div>
<h2>Offerte voli per Damascus</h2>
<p>Per trovare il miglior equilibrio tra prezzo, durata e comfort, conviene verificare piu aeroporti di partenza italiani e confrontare giorni feriali e weekend.</p>
<table>
  <thead>
    <tr><th>Partenza</th><th>Prezzo da</th><th>Durata indicativa</th><th>Mese da monitorare</th></tr>
  </thead>
  <tbody>
    <tr><td>Leonardo da Vinci-Fiumicino Airport (FCO)</td><td>EUR 73</td><td>9h 00</td><td>luglio</td></tr><tr><td>Ciampino-G. B. Pastine International Airport (CIA)</td><td>EUR 49</td><td>7h 00</td><td>luglio</td></tr><tr><td>Milano Malpensa Airport (MXP)</td><td>EUR 158</td><td>2h 10</td><td>agosto</td></tr><tr><td>Orio al Serio International Airport (BGY)</td><td>EUR 140</td><td>8h 10</td><td>febbraio</td></tr><tr><td>Milano Linate Airport (LIN)</td><td>EUR 197</td><td>3h 40</td><td>novembre</td></tr><tr><td>Naples International Airport (NAP)</td><td>EUR 68</td><td>7h 10</td><td>febbraio</td></tr><tr><td>Venice Marco Polo Airport (VCE)</td><td>EUR 152</td><td>11h 10</td><td>febbraio</td></tr><tr><td>Catania-Fontanarossa Airport (CTA)</td><td>EUR 30</td><td>6h 50</td><td>dicembre</td></tr><tr><td>Guglielmo Marconi Airport (BLQ)</td><td>EUR 26</td><td>11h 10</td><td>agosto</td></tr>
  </tbody>
</table>
<h2>Aeroporti italiani da cui conviene partire</h2>
<div class=""cpv-chip-list""><span class=""cpv-chip"">Leonardo da Vinci-Fiumicino Airport</span><span class=""cpv-chip"">Ciampino-G. B. Pastine International Airport</span><span class=""cpv-chip"">Milano Malpensa Airport</span><span class=""cpv-chip"">Orio al Serio International Airport</span><span class=""cpv-chip"">Milano Linate Airport</span><span class=""cpv-chip"">Naples International Airport</span></div>
<div class=""cpv-landing-grid"">
  <div class=""cpv-landing-card""><strong>City break</strong><p>Se Damascus e una meta urbana, le partenze del venerdi e del sabato sono spesso le piu monitorate.</p></div>
  <div class=""cpv-landing-card""><strong>Viaggi stagionali</strong><p>In alcuni periodi dell'anno le tariffe possono variare molto, soprattutto vicino ai ponti e alle festivita.</p></div>
  <div class=""cpv-landing-card""><strong>Confronto rapido</strong><p>Valuta aeroporti maggiori e secondari per capire se un piccolo spostamento porta a un risparmio concreto.</p></div>
</div>
<h2>Domande frequenti sui voli per Damascus</h2>
<div class=""cpv-faq"">
  <details><summary>Qual e il modo migliore per cercare voli per Damascus?</summary><p>Confronta piu aeroporti italiani, prova date flessibili e verifica anche partenze infrasettimanali per migliorare le possibilita di risparmio.</p></details>
  <details><summary>Meglio volo diretto o con scalo?</summary><p>Per tratte medio-brevi il diretto e spesso la scelta piu comoda, mentre su alcune rotte uno scalo puo ridurre il prezzo finale.</p></details>
  <details><summary>Quando controllare i prezzi per Damascus?</summary><p>Vale la pena iniziare a monitorare la rotta in anticipo e verificare con regolarita i giorni piu vicini alla partenza ideale.</p></details>
</div>","Voli per citta|Voli intercontinentali",city,DAM,/voli-per/damascus/,"Voli per Damascus (DAM): offerte e guide | ConfrontaPrezziVoli","Trova voli per Damascus dai principali aeroporti italiani. Tariffe indicative da EUR 93 e consigli per scegliere il periodo migliore.","voli per Damascus",cities,"Mese tipicamente conveniente: marzo"
post,publish,"Voli per Dammam (DMM): offerte, compagnie e periodo migliore per prenotare",voli-per-dammam-dmm,"Confronta voli per Dammam dai principali aeroporti italiani. Scopri prezzi indicativi, compagnie e consigli utili per organizzare la partenza.","<div class=""cpv-landing-note"">
  <p><strong>Perche cercare voli per Dammam qui.</strong> Questa pagina raccoglie un quadro rapido delle partenze italiane piu interessanti per Dammam, con tariffe indicative e consigli per scegliere il periodo piu vantaggioso.</p>
</div>
<div class=""cpv-stat-grid"">
  <div class=""cpv-stat""><strong>EUR 57</strong><span>Prezzo indicativo da monitorare dalle principali aree aeroportuali italiane.</span></div>
  <div class=""cpv-stat""><strong>marzo</strong><span>Periodo spesso interessante per tenere sotto controllo la rotta.</span></div>
  <div class=""cpv-stat""><strong>9</strong><span>Aeroporti italiani prioritari da confrontare per questa destinazione.</span></div>
</div>
<h2>Offerte voli per Dammam</h2>
<p>Per trovare il miglior equilibrio tra prezzo, durata e comfort, conviene verificare piu aeroporti di partenza italiani e confrontare giorni feriali e weekend.</p>
<table>
  <thead>
    <tr><th>Partenza</th><th>Prezzo da</th><th>Durata indicativa</th><th>Mese da monitorare</th></tr>
  </thead>
  <tbody>
    <tr><td>Leonardo da Vinci-Fiumicino Airport (FCO)</td><td>EUR 153</td><td>8h 20</td><td>marzo</td></tr><tr><td>Ciampino-G. B. Pastine International Airport (CIA)</td><td>EUR 57</td><td>6h 20</td><td>marzo</td></tr><tr><td>Milano Malpensa Airport (MXP)</td><td>EUR 170</td><td>5h 10</td><td>agosto</td></tr><tr><td>Orio al Serio International Airport (BGY)</td><td>EUR 120</td><td>4h 50</td><td>giugno</td></tr><tr><td>Milano Linate Airport (LIN)</td><td>EUR 57</td><td>6h 20</td><td>marzo</td></tr><tr><td>Naples International Airport (NAP)</td><td>EUR 176</td><td>2h 10</td><td>febbraio</td></tr><tr><td>Venice Marco Polo Airport (VCE)</td><td>EUR 160</td><td>7h 30</td><td>ottobre</td></tr><tr><td>Catania-Fontanarossa Airport (CTA)</td><td>EUR 94</td><td>4h 30</td><td>aprile</td></tr><tr><td>Guglielmo Marconi Airport (BLQ)</td><td>EUR 142</td><td>10h 30</td><td>aprile</td></tr>
  </tbody>
</table>
<h2>Aeroporti italiani da cui conviene partire</h2>
<div class=""cpv-chip-list""><span class=""cpv-chip"">Leonardo da Vinci-Fiumicino Airport</span><span class=""cpv-chip"">Ciampino-G. B. Pastine International Airport</span><span class=""cpv-chip"">Milano Malpensa Airport</span><span class=""cpv-chip"">Orio al Serio International Airport</span><span class=""cpv-chip"">Milano Linate Airport</span><span class=""cpv-chip"">Naples International Airport</span></div>
<div class=""cpv-landing-grid"">
  <div class=""cpv-landing-card""><strong>City break</strong><p>Se Dammam e una meta urbana, le partenze del venerdi e del sabato sono spesso le piu monitorate.</p></div>
  <div class=""cpv-landing-card""><strong>Viaggi stagionali</strong><p>In alcuni periodi dell'anno le tariffe possono variare molto, soprattutto vicino ai ponti e alle festivita.</p></div>
  <div class=""cpv-landing-card""><strong>Confronto rapido</strong><p>Valuta aeroporti maggiori e secondari per capire se un piccolo spostamento porta a un risparmio concreto.</p></div>
</div>
<h2>Domande frequenti sui voli per Dammam</h2>
<div class=""cpv-faq"">
  <details><summary>Qual e il modo migliore per cercare voli per Dammam?</summary><p>Confronta piu aeroporti italiani, prova date flessibili e verifica anche partenze infrasettimanali per migliorare le possibilita di risparmio.</p></details>
  <details><summary>Meglio volo diretto o con scalo?</summary><p>Per tratte medio-brevi il diretto e spesso la scelta piu comoda, mentre su alcune rotte uno scalo puo ridurre il prezzo finale.</p></details>
  <details><summary>Quando controllare i prezzi per Dammam?</summary><p>Vale la pena iniziare a monitorare la rotta in anticipo e verificare con regolarita i giorni piu vicini alla partenza ideale.</p></details>
</div>","Voli per citta|Voli intercontinentali",city,DMM,/voli-per/dammam/,"Voli per Dammam (DMM): offerte e guide | ConfrontaPrezziVoli","Trova voli per Dammam dai principali aeroporti italiani. Tariffe indicative da EUR 57 e consigli per scegliere il periodo migliore.","voli per Dammam",cities,"Mese tipicamente conveniente: marzo"
post,publish,"Voli per Dandong (DDG): offerte, compagnie e periodo migliore per prenotare",voli-per-dandong-ddg,"Confronta voli per Dandong dai principali aeroporti italiani. Scopri prezzi indicativi, compagnie e consigli utili per organizzare la partenza.","<div class=""cpv-landing-note"">
  <p><strong>Perche cercare voli per Dandong qui.</strong> Questa pagina raccoglie un quadro rapido delle partenze italiane piu interessanti per Dandong, con tariffe indicative e consigli per scegliere il periodo piu vantaggioso.</p>
</div>
<div class=""cpv-stat-grid"">
  <div class=""cpv-stat""><strong>EUR 172</strong><span>Prezzo indicativo da monitorare dalle principali aree aeroportuali italiane.</span></div>
  <div class=""cpv-stat""><strong>ottobre</strong><span>Periodo spesso interessante per tenere sotto controllo la rotta.</span></div>
  <div class=""cpv-stat""><strong>9</strong><span>Aeroporti italiani prioritari da confrontare per questa destinazione.</span></div>
</div>
<h2>Offerte voli per Dandong</h2>
<p>Per trovare il miglior equilibrio tra prezzo, durata e comfort, conviene verificare piu aeroporti di partenza italiani e confrontare giorni feriali e weekend.</p>
<table>
  <thead>
    <tr><th>Partenza</th><th>Prezzo da</th><th>Durata indicativa</th><th>Mese da monitorare</th></tr>
  </thead>
  <tbody>
    <tr><td>Leonardo da Vinci-Fiumicino Airport (FCO)</td><td>EUR 168</td><td>7h 50</td><td>giugno</td></tr><tr><td>Ciampino-G. B. Pastine International Airport (CIA)</td><td>EUR 48</td><td>6h 50</td><td>giugno</td></tr><tr><td>Milano Malpensa Airport (MXP)</td><td>EUR 135</td><td>3h 20</td><td>settembre</td></tr><tr><td>Orio al Serio International Airport (BGY)</td><td>EUR 185</td><td>9h 40</td><td>novembre</td></tr><tr><td>Milano Linate Airport (LIN)</td><td>EUR 148</td><td>11h 30</td><td>ottobre</td></tr><tr><td>Naples International Airport (NAP)</td><td>EUR 45</td><td>7h 20</td><td>marzo</td></tr><tr><td>Venice Marco Polo Airport (VCE)</td><td>EUR 45</td><td>7h 20</td><td>marzo</td></tr><tr><td>Catania-Fontanarossa Airport (CTA)</td><td>EUR 179</td><td>5h 40</td><td>maggio</td></tr><tr><td>Guglielmo Marconi Airport (BLQ)</td><td>EUR 195</td><td>9h 20</td><td>settembre</td></tr>
  </tbody>
</table>
<h2>Aeroporti italiani da cui conviene partire</h2>
<div class=""cpv-chip-list""><span class=""cpv-chip"">Leonardo da Vinci-Fiumicino Airport</span><span class=""cpv-chip"">Ciampino-G. B. Pastine International Airport</span><span class=""cpv-chip"">Milano Malpensa Airport</span><span class=""cpv-chip"">Orio al Serio International Airport</span><span class=""cpv-chip"">Milano Linate Airport</span><span class=""cpv-chip"">Naples International Airport</span></div>
<div class=""cpv-landing-grid"">
  <div class=""cpv-landing-card""><strong>City break</strong><p>Se Dandong e una meta urbana, le partenze del venerdi e del sabato sono spesso le piu monitorate.</p></div>
  <div class=""cpv-landing-card""><strong>Viaggi stagionali</strong><p>In alcuni periodi dell'anno le tariffe possono variare molto, soprattutto vicino ai ponti e alle festivita.</p></div>
  <div class=""cpv-landing-card""><strong>Confronto rapido</strong><p>Valuta aeroporti maggiori e secondari per capire se un piccolo spostamento porta a un risparmio concreto.</p></div>
</div>
<h2>Domande frequenti sui voli per Dandong</h2>
<div class=""cpv-faq"">
  <details><summary>Qual e il modo migliore per cercare voli per Dandong?</summary><p>Confronta piu aeroporti italiani, prova date flessibili e verifica anche partenze infrasettimanali per migliorare le possibilita di risparmio.</p></details>
  <details><summary>Meglio volo diretto o con scalo?</summary><p>Per tratte medio-brevi il diretto e spesso la scelta piu comoda, mentre su alcune rotte uno scalo puo ridurre il prezzo finale.</p></details>
  <details><summary>Quando controllare i prezzi per Dandong?</summary><p>Vale la pena iniziare a monitorare la rotta in anticipo e verificare con regolarita i giorni piu vicini alla partenza ideale.</p></details>
</div>","Voli per citta|Voli intercontinentali",city,DDG,/voli-per/dandong/,"Voli per Dandong (DDG): offerte e guide | ConfrontaPrezziVoli","Trova voli per Dandong dai principali aeroporti italiani. Tariffe indicative da EUR 172 e consigli per scegliere il periodo migliore.","voli per Dandong",cities,"Mese tipicamente conveniente: ottobre"
post,publish,"Voli per Dangriga (DGA): offerte, compagnie e periodo migliore per prenotare",voli-per-dangriga-dga,"Confronta voli per Dangriga dai principali aeroporti italiani. Scopri prezzi indicativi, compagnie e consigli utili per organizzare la partenza.","<div class=""cpv-landing-note"">
  <p><strong>Perche cercare voli per Dangriga qui.</strong> Questa pagina raccoglie un quadro rapido delle partenze italiane piu interessanti per Dangriga, con tariffe indicative e consigli per scegliere il periodo piu vantaggioso.</p>
</div>
<div class=""cpv-stat-grid"">
  <div class=""cpv-stat""><strong>EUR 114</strong><span>Prezzo indicativo da monitorare dalle principali aree aeroportuali italiane.</span></div>
  <div class=""cpv-stat""><strong>dicembre</strong><span>Periodo spesso interessante per tenere sotto controllo la rotta.</span></div>
  <div class=""cpv-stat""><strong>9</strong><span>Aeroporti italiani prioritari da confrontare per questa destinazione.</span></div>
</div>
<h2>Offerte voli per Dangriga</h2>
<p>Per trovare il miglior equilibrio tra prezzo, durata e comfort, conviene verificare piu aeroporti di partenza italiani e confrontare giorni feriali e weekend.</p>
<table>
  <thead>
    <tr><th>Partenza</th><th>Prezzo da</th><th>Durata indicativa</th><th>Mese da monitorare</th></tr>
  </thead>
  <tbody>
    <tr><td>Leonardo da Vinci-Fiumicino Airport (FCO)</td><td>EUR 102</td><td>6h 50</td><td>dicembre</td></tr><tr><td>Ciampino-G. B. Pastine International Airport (CIA)</td><td>EUR 34</td><td>7h 30</td><td>aprile</td></tr><tr><td>Milano Malpensa Airport (MXP)</td><td>EUR 41</td><td>5h 40</td><td>novembre</td></tr><tr><td>Orio al Serio International Airport (BGY)</td><td>EUR 167</td><td>7h 40</td><td>maggio</td></tr><tr><td>Milano Linate Airport (LIN)</td><td>EUR 138</td><td>6h 50</td><td>dicembre</td></tr><tr><td>Naples International Airport (NAP)</td><td>EUR 59</td><td>5h 40</td><td>maggio</td></tr><tr><td>Venice Marco Polo Airport (VCE)</td><td>EUR 35</td><td>7h 40</td><td>maggio</td></tr><tr><td>Catania-Fontanarossa Airport (CTA)</td><td>EUR 77</td><td>4h 40</td><td>novembre</td></tr><tr><td>Guglielmo Marconi Airport (BLQ)</td><td>EUR 85</td><td>6h 00</td><td>luglio</td></tr>
  </tbody>
</table>
<h2>Aeroporti italiani da cui conviene partire</h2>
<div class=""cpv-chip-list""><span class=""cpv-chip"">Leonardo da Vinci-Fiumicino Airport</span><span class=""cpv-chip"">Ciampino-G. B. Pastine International Airport</span><span class=""cpv-chip"">Milano Malpensa Airport</span><span class=""cpv-chip"">Orio al Serio International Airport</span><span class=""cpv-chip"">Milano Linate Airport</span><span class=""cpv-chip"">Naples International Airport</span></div>
<div class=""cpv-landing-grid"">
  <div class=""cpv-landing-card""><strong>City break</strong><p>Se Dangriga e una meta urbana, le partenze del venerdi e del sabato sono spesso le piu monitorate.</p></div>
  <div class=""cpv-landing-card""><strong>Viaggi stagionali</strong><p>In alcuni periodi dell'anno le tariffe possono variare molto, soprattutto vicino ai ponti e alle festivita.</p></div>
  <div class=""cpv-landing-card""><strong>Confronto rapido</strong><p>Valuta aeroporti maggiori e secondari per capire se un piccolo spostamento porta a un risparmio concreto.</p></div>
</div>
<h2>Domande frequenti sui voli per Dangriga</h2>
<div class=""cpv-faq"">
  <details><summary>Qual e il modo migliore per cercare voli per Dangriga?</summary><p>Confronta piu aeroporti italiani, prova date flessibili e verifica anche partenze infrasettimanali per migliorare le possibilita di risparmio.</p></details>
  <details><summary>Meglio volo diretto o con scalo?</summary><p>Per tratte medio-brevi il diretto e spesso la scelta piu comoda, mentre su alcune rotte uno scalo puo ridurre il prezzo finale.</p></details>
  <details><summary>Quando controllare i prezzi per Dangriga?</summary><p>Vale la pena iniziare a monitorare la rotta in anticipo e verificare con regolarita i giorni piu vicini alla partenza ideale.</p></details>
</div>","Voli per citta|Voli intercontinentali",city,DGA,/voli-per/dangriga/,"Voli per Dangriga (DGA): offerte e guide | ConfrontaPrezziVoli","Trova voli per Dangriga dai principali aeroporti italiani. Tariffe indicative da EUR 114 e consigli per scegliere il periodo migliore.","voli per Dangriga",cities,"Mese tipicamente conveniente: dicembre"
post,publish,"Voli per Daocheng (DCY): offerte, compagnie e periodo migliore per prenotare",voli-per-daocheng-dcy,"Confronta voli per Daocheng dai principali aeroporti italiani. Scopri prezzi indicativi, compagnie e consigli utili per organizzare la partenza.","<div class=""cpv-landing-note"">
  <p><strong>Perche cercare voli per Daocheng qui.</strong> Questa pagina raccoglie un quadro rapido delle partenze italiane piu interessanti per Daocheng, con tariffe indicative e consigli per scegliere il periodo piu vantaggioso.</p>
</div>
<div class=""cpv-stat-grid"">
  <div class=""cpv-stat""><strong>EUR 120</strong><span>Prezzo indicativo da monitorare dalle principali aree aeroportuali italiane.</span></div>
  <div class=""cpv-stat""><strong>giugno</strong><span>Periodo spesso interessante per tenere sotto controllo la rotta.</span></div>
  <div class=""cpv-stat""><strong>9</strong><span>Aeroporti italiani prioritari da confrontare per questa destinazione.</span></div>
</div>
<h2>Offerte voli per Daocheng</h2>
<p>Per trovare il miglior equilibrio tra prezzo, durata e comfort, conviene verificare piu aeroporti di partenza italiani e confrontare giorni feriali e weekend.</p>
<table>
  <thead>
    <tr><th>Partenza</th><th>Prezzo da</th><th>Durata indicativa</th><th>Mese da monitorare</th></tr>
  </thead>
  <tbody>
    <tr><td>Leonardo da Vinci-Fiumicino Airport (FCO)</td><td>EUR 20</td><td>4h 10</td><td>febbraio</td></tr><tr><td>Ciampino-G. B. Pastine International Airport (CIA)</td><td>EUR 100</td><td>2h 30</td><td>ottobre</td></tr><tr><td>Milano Malpensa Airport (MXP)</td><td>EUR 63</td><td>5h 20</td><td>settembre</td></tr><tr><td>Orio al Serio International Airport (BGY)</td><td>EUR 21</td><td>7h 20</td><td>marzo</td></tr><tr><td>Milano Linate Airport (LIN)</td><td>EUR 56</td><td>3h 10</td><td>febbraio</td></tr><tr><td>Naples International Airport (NAP)</td><td>EUR 101</td><td>4h 40</td><td>novembre</td></tr><tr><td>Venice Marco Polo Airport (VCE)</td><td>EUR 153</td><td>7h 20</td><td>marzo</td></tr><tr><td>Catania-Fontanarossa Airport (CTA)</td><td>EUR 131</td><td>3h 40</td><td>maggio</td></tr><tr><td>Guglielmo Marconi Airport (BLQ)</td><td>EUR 39</td><td>6h 20</td><td>settembre</td></tr>
  </tbody>
</table>
<h2>Aeroporti italiani da cui conviene partire</h2>
<div class=""cpv-chip-list""><span class=""cpv-chip"">Leonardo da Vinci-Fiumicino Airport</span><span class=""cpv-chip"">Ciampino-G. B. Pastine International Airport</span><span class=""cpv-chip"">Milano Malpensa Airport</span><span class=""cpv-chip"">Orio al Serio International Airport</span><span class=""cpv-chip"">Milano Linate Airport</span><span class=""cpv-chip"">Naples International Airport</span></div>
<div class=""cpv-landing-grid"">
  <div class=""cpv-landing-card""><strong>City break</strong><p>Se Daocheng e una meta urbana, le partenze del venerdi e del sabato sono spesso le piu monitorate.</p></div>
  <div class=""cpv-landing-card""><strong>Viaggi stagionali</strong><p>In alcuni periodi dell'anno le tariffe possono variare molto, soprattutto vicino ai ponti e alle festivita.</p></div>
  <div class=""cpv-landing-card""><strong>Confronto rapido</strong><p>Valuta aeroporti maggiori e secondari per capire se un piccolo spostamento porta a un risparmio concreto.</p></div>
</div>
<h2>Domande frequenti sui voli per Daocheng</h2>
<div class=""cpv-faq"">
  <details><summary>Qual e il modo migliore per cercare voli per Daocheng?</summary><p>Confronta piu aeroporti italiani, prova date flessibili e verifica anche partenze infrasettimanali per migliorare le possibilita di risparmio.</p></details>
  <details><summary>Meglio volo diretto o con scalo?</summary><p>Per tratte medio-brevi il diretto e spesso la scelta piu comoda, mentre su alcune rotte uno scalo puo ridurre il prezzo finale.</p></details>
  <details><summary>Quando controllare i prezzi per Daocheng?</summary><p>Vale la pena iniziare a monitorare la rotta in anticipo e verificare con regolarita i giorni piu vicini alla partenza ideale.</p></details>
</div>","Voli per citta|Voli intercontinentali",city,DCY,/voli-per/daocheng/,"Voli per Daocheng (DCY): offerte e guide | ConfrontaPrezziVoli","Trova voli per Daocheng dai principali aeroporti italiani. Tariffe indicative da EUR 120 e consigli per scegliere il periodo migliore.","voli per Daocheng",cities,"Mese tipicamente conveniente: giugno"
post,publish,"Voli per Daqing (DQA): offerte, compagnie e periodo migliore per prenotare",voli-per-daqing-dqa,"Confronta voli per Daqing dai principali aeroporti italiani. Scopri prezzi indicativi, compagnie e consigli utili per organizzare la partenza.","<div class=""cpv-landing-note"">
  <p><strong>Perche cercare voli per Daqing qui.</strong> Questa pagina raccoglie un quadro rapido delle partenze italiane piu interessanti per Daqing, con tariffe indicative e consigli per scegliere il periodo piu vantaggioso.</p>
</div>
<div class=""cpv-stat-grid"">
  <div class=""cpv-stat""><strong>EUR 71</strong><span>Prezzo indicativo da monitorare dalle principali aree aeroportuali italiane.</span></div>
  <div class=""cpv-stat""><strong>maggio</strong><span>Periodo spesso interessante per tenere sotto controllo la rotta.</span></div>
  <div class=""cpv-stat""><strong>9</strong><span>Aeroporti italiani prioritari da confrontare per questa destinazione.</span></div>
</div>
<h2>Offerte voli per Daqing</h2>
<p>Per trovare il miglior equilibrio tra prezzo, durata e comfort, conviene verificare piu aeroporti di partenza italiani e confrontare giorni feriali e weekend.</p>
<table>
  <thead>
    <tr><th>Partenza</th><th>Prezzo da</th><th>Durata indicativa</th><th>Mese da monitorare</th></tr>
  </thead>
  <tbody>
    <tr><td>Leonardo da Vinci-Fiumicino Airport (FCO)</td><td>EUR 191</td><td>7h 40</td><td>maggio</td></tr><tr><td>Ciampino-G. B. Pastine International Airport (CIA)</td><td>EUR 167</td><td>2h 40</td><td>maggio</td></tr><tr><td>Milano Malpensa Airport (MXP)</td><td>EUR 124</td><td>2h 30</td><td>ottobre</td></tr><tr><td>Orio al Serio International Airport (BGY)</td><td>EUR 98</td><td>10h 10</td><td>agosto</td></tr><tr><td>Milano Linate Airport (LIN)</td><td>EUR 163</td><td>8h 00</td><td>gennaio</td></tr><tr><td>Naples International Airport (NAP)</td><td>EUR 190</td><td>6h 30</td><td>aprile</td></tr><tr><td>Venice Marco Polo Airport (VCE)</td><td>EUR 86</td><td>9h 10</td><td>agosto</td></tr><tr><td>Catania-Fontanarossa Airport (CTA)</td><td>EUR 88</td><td>11h 30</td><td>ottobre</td></tr><tr><td>Guglielmo Marconi Airport (BLQ)</td><td>EUR 32</td><td>8h 10</td><td>febbraio</td></tr>
  </tbody>
</table>
<h2>Aeroporti italiani da cui conviene partire</h2>
<div class=""cpv-chip-list""><span class=""cpv-chip"">Leonardo da Vinci-Fiumicino Airport</span><span class=""cpv-chip"">Ciampino-G. B. Pastine International Airport</span><span class=""cpv-chip"">Milano Malpensa Airport</span><span class=""cpv-chip"">Orio al Serio International Airport</span><span class=""cpv-chip"">Milano Linate Airport</span><span class=""cpv-chip"">Naples International Airport</span></div>
<div class=""cpv-landing-grid"">
  <div class=""cpv-landing-card""><strong>City break</strong><p>Se Daqing e una meta urbana, le partenze del venerdi e del sabato sono spesso le piu monitorate.</p></div>
  <div class=""cpv-landing-card""><strong>Viaggi stagionali</strong><p>In alcuni periodi dell'anno le tariffe possono variare molto, soprattutto vicino ai ponti e alle festivita.</p></div>
  <div class=""cpv-landing-card""><strong>Confronto rapido</strong><p>Valuta aeroporti maggiori e secondari per capire se un piccolo spostamento porta a un risparmio concreto.</p></div>
</div>
<h2>Domande frequenti sui voli per Daqing</h2>
<div class=""cpv-faq"">
  <details><summary>Qual e il modo migliore per cercare voli per Daqing?</summary><p>Confronta piu aeroporti italiani, prova date flessibili e verifica anche partenze infrasettimanali per migliorare le possibilita di risparmio.</p></details>
  <details><summary>Meglio volo diretto o con scalo?</summary><p>Per tratte medio-brevi il diretto e spesso la scelta piu comoda, mentre su alcune rotte uno scalo puo ridurre il prezzo finale.</p></details>
  <details><summary>Quando controllare i prezzi per Daqing?</summary><p>Vale la pena iniziare a monitorare la rotta in anticipo e verificare con regolarita i giorni piu vicini alla partenza ideale.</p></details>
</div>","Voli per citta|Voli intercontinentali",city,DQA,/voli-per/daqing/,"Voli per Daqing (DQA): offerte e guide | ConfrontaPrezziVoli","Trova voli per Daqing dai principali aeroporti italiani. Tariffe indicative da EUR 71 e consigli per scegliere il periodo migliore.","voli per Daqing",cities,"Mese tipicamente conveniente: maggio"
post,publish,"Voli per Dar Es Salaam (DAR): offerte, compagnie e periodo migliore per prenotare",voli-per-dar-es-salaam-dar,"Confronta voli per Dar Es Salaam dai principali aeroporti italiani. Scopri prezzi indicativi, compagnie e consigli utili per organizzare la partenza.","<div class=""cpv-landing-note"">
  <p><strong>Perche cercare voli per Dar Es Salaam qui.</strong> Questa pagina raccoglie un quadro rapido delle partenze italiane piu interessanti per Dar Es Salaam, con tariffe indicative e consigli per scegliere il periodo piu vantaggioso.</p>
</div>
<div class=""cpv-stat-grid"">
  <div class=""cpv-stat""><strong>EUR 26</strong><span>Prezzo indicativo da monitorare dalle principali aree aeroportuali italiane.</span></div>
  <div class=""cpv-stat""><strong>agosto</strong><span>Periodo spesso interessante per tenere sotto controllo la rotta.</span></div>
  <div class=""cpv-stat""><strong>9</strong><span>Aeroporti italiani prioritari da confrontare per questa destinazione.</span></div>
</div>
<h2>Offerte voli per Dar Es Salaam</h2>
<p>Per trovare il miglior equilibrio tra prezzo, durata e comfort, conviene verificare piu aeroporti di partenza italiani e confrontare giorni feriali e weekend.</p>
<table>
  <thead>
    <tr><th>Partenza</th><th>Prezzo da</th><th>Durata indicativa</th><th>Mese da monitorare</th></tr>
  </thead>
  <tbody>
    <tr><td>Leonardo da Vinci-Fiumicino Airport (FCO)</td><td>EUR 174</td><td>11h 50</td><td>dicembre</td></tr><tr><td>Ciampino-G. B. Pastine International Airport (CIA)</td><td>EUR 166</td><td>9h 30</td><td>aprile</td></tr><tr><td>Milano Malpensa Airport (MXP)</td><td>EUR 105</td><td>2h 20</td><td>marzo</td></tr><tr><td>Orio al Serio International Airport (BGY)</td><td>EUR 71</td><td>5h 40</td><td>maggio</td></tr><tr><td>Milano Linate Airport (LIN)</td><td>EUR 94</td><td>2h 30</td><td>aprile</td></tr><tr><td>Naples International Airport (NAP)</td><td>EUR 183</td><td>4h 20</td><td>settembre</td></tr><tr><td>Venice Marco Polo Airport (VCE)</td><td>EUR 127</td><td>8h 00</td><td>gennaio</td></tr><tr><td>Catania-Fontanarossa Airport (CTA)</td><td>EUR 125</td><td>10h 40</td><td>novembre</td></tr><tr><td>Guglielmo Marconi Airport (BLQ)</td><td>EUR 193</td><td>6h 00</td><td>luglio</td></tr>
  </tbody>
</table>
<h2>Aeroporti italiani da cui conviene partire</h2>
<div class=""cpv-chip-list""><span class=""cpv-chip"">Leonardo da Vinci-Fiumicino Airport</span><span class=""cpv-chip"">Ciampino-G. B. Pastine International Airport</span><span class=""cpv-chip"">Milano Malpensa Airport</span><span class=""cpv-chip"">Orio al Serio International Airport</span><span class=""cpv-chip"">Milano Linate Airport</span><span class=""cpv-chip"">Naples International Airport</span></div>
<div class=""cpv-landing-grid"">
  <div class=""cpv-landing-card""><strong>City break</strong><p>Se Dar Es Salaam e una meta urbana, le partenze del venerdi e del sabato sono spesso le piu monitorate.</p></div>
  <div class=""cpv-landing-card""><strong>Viaggi stagionali</strong><p>In alcuni periodi dell'anno le tariffe possono variare molto, soprattutto vicino ai ponti e alle festivita.</p></div>
  <div class=""cpv-landing-card""><strong>Confronto rapido</strong><p>Valuta aeroporti maggiori e secondari per capire se un piccolo spostamento porta a un risparmio concreto.</p></div>
</div>
<h2>Domande frequenti sui voli per Dar Es Salaam</h2>
<div class=""cpv-faq"">
  <details><summary>Qual e il modo migliore per cercare voli per Dar Es Salaam?</summary><p>Confronta piu aeroporti italiani, prova date flessibili e verifica anche partenze infrasettimanali per migliorare le possibilita di risparmio.</p></details>
  <details><summary>Meglio volo diretto o con scalo?</summary><p>Per tratte medio-brevi il diretto e spesso la scelta piu comoda, mentre su alcune rotte uno scalo puo ridurre il prezzo finale.</p></details>
  <details><summary>Quando controllare i prezzi per Dar Es Salaam?</summary><p>Vale la pena iniziare a monitorare la rotta in anticipo e verificare con regolarita i giorni piu vicini alla partenza ideale.</p></details>
</div>","Voli per citta|Voli intercontinentali",city,DAR,/voli-per/dar-es-salaam/,"Voli per Dar Es Salaam (DAR): offerte e guide | ConfrontaPrezziVoli","Trova voli per Dar Es Salaam dai principali aeroporti italiani. Tariffe indicative da EUR 26 e consigli per scegliere il periodo migliore.","voli per Dar Es Salaam",cities,"Mese tipicamente conveniente: agosto"
post,publish,"Voli per Darbhanga (DBR): offerte, compagnie e periodo migliore per prenotare",voli-per-darbhanga-dbr,"Confronta voli per Darbhanga dai principali aeroporti italiani. Scopri prezzi indicativi, compagnie e consigli utili per organizzare la partenza.","<div class=""cpv-landing-note"">
  <p><strong>Perche cercare voli per Darbhanga qui.</strong> Questa pagina raccoglie un quadro rapido delle partenze italiane piu interessanti per Darbhanga, con tariffe indicative e consigli per scegliere il periodo piu vantaggioso.</p>
</div>
<div class=""cpv-stat-grid"">
  <div class=""cpv-stat""><strong>EUR 187</strong><span>Prezzo indicativo da monitorare dalle principali aree aeroportuali italiane.</span></div>
  <div class=""cpv-stat""><strong>gennaio</strong><span>Periodo spesso interessante per tenere sotto controllo la rotta.</span></div>
  <div class=""cpv-stat""><strong>9</strong><span>Aeroporti italiani prioritari da confrontare per questa destinazione.</span></div>
</div>
<h2>Offerte voli per Darbhanga</h2>
<p>Per trovare il miglior equilibrio tra prezzo, durata e comfort, conviene verificare piu aeroporti di partenza italiani e confrontare giorni feriali e weekend.</p>
<table>
  <thead>
    <tr><th>Partenza</th><th>Prezzo da</th><th>Durata indicativa</th><th>Mese da monitorare</th></tr>
  </thead>
  <tbody>
    <tr><td>Leonardo da Vinci-Fiumicino Airport (FCO)</td><td>EUR 87</td><td>5h 20</td><td>settembre</td></tr><tr><td>Ciampino-G. B. Pastine International Airport (CIA)</td><td>EUR 103</td><td>4h 00</td><td>gennaio</td></tr><tr><td>Milano Malpensa Airport (MXP)</td><td>EUR 132</td><td>1h 50</td><td>giugno</td></tr><tr><td>Orio al Serio International Airport (BGY)</td><td>EUR 22</td><td>5h 30</td><td>aprile</td></tr><tr><td>Milano Linate Airport (LIN)</td><td>EUR 159</td><td>3h 20</td><td>settembre</td></tr><tr><td>Naples International Airport (NAP)</td><td>EUR 158</td><td>11h 10</td><td>agosto</td></tr><tr><td>Venice Marco Polo Airport (VCE)</td><td>EUR 66</td><td>7h 50</td><td>dicembre</td></tr><tr><td>Catania-Fontanarossa Airport (CTA)</td><td>EUR 184</td><td>4h 30</td><td>ottobre</td></tr><tr><td>Guglielmo Marconi Airport (BLQ)</td><td>EUR 128</td><td>7h 10</td><td>febbraio</td></tr>
  </tbody>
</table>
<h2>Aeroporti italiani da cui conviene partire</h2>
<div class=""cpv-chip-list""><span class=""cpv-chip"">Leonardo da Vinci-Fiumicino Airport</span><span class=""cpv-chip"">Ciampino-G. B. Pastine International Airport</span><span class=""cpv-chip"">Milano Malpensa Airport</span><span class=""cpv-chip"">Orio al Serio International Airport</span><span class=""cpv-chip"">Milano Linate Airport</span><span class=""cpv-chip"">Naples International Airport</span></div>
<div class=""cpv-landing-grid"">
  <div class=""cpv-landing-card""><strong>City break</strong><p>Se Darbhanga e una meta urbana, le partenze del venerdi e del sabato sono spesso le piu monitorate.</p></div>
  <div class=""cpv-landing-card""><strong>Viaggi stagionali</strong><p>In alcuni periodi dell'anno le tariffe possono variare molto, soprattutto vicino ai ponti e alle festivita.</p></div>
  <div class=""cpv-landing-card""><strong>Confronto rapido</strong><p>Valuta aeroporti maggiori e secondari per capire se un piccolo spostamento porta a un risparmio concreto.</p></div>
</div>
<h2>Domande frequenti sui voli per Darbhanga</h2>
<div class=""cpv-faq"">
  <details><summary>Qual e il modo migliore per cercare voli per Darbhanga?</summary><p>Confronta piu aeroporti italiani, prova date flessibili e verifica anche partenze infrasettimanali per migliorare le possibilita di risparmio.</p></details>
  <details><summary>Meglio volo diretto o con scalo?</summary><p>Per tratte medio-brevi il diretto e spesso la scelta piu comoda, mentre su alcune rotte uno scalo puo ridurre il prezzo finale.</p></details>
  <details><summary>Quando controllare i prezzi per Darbhanga?</summary><p>Vale la pena iniziare a monitorare la rotta in anticipo e verificare con regolarita i giorni piu vicini alla partenza ideale.</p></details>
</div>","Voli per citta|Voli intercontinentali",city,DBR,/voli-per/darbhanga/,"Voli per Darbhanga (DBR): offerte e guide | ConfrontaPrezziVoli","Trova voli per Darbhanga dai principali aeroporti italiani. Tariffe indicative da EUR 187 e consigli per scegliere il periodo migliore.","voli per Darbhanga",cities,"Mese tipicamente conveniente: gennaio"
post,publish,"Voli per Daru (DAU): offerte, compagnie e periodo migliore per prenotare",voli-per-daru-dau,"Confronta voli per Daru dai principali aeroporti italiani. Scopri prezzi indicativi, compagnie e consigli utili per organizzare la partenza.","<div class=""cpv-landing-note"">
  <p><strong>Perche cercare voli per Daru qui.</strong> Questa pagina raccoglie un quadro rapido delle partenze italiane piu interessanti per Daru, con tariffe indicative e consigli per scegliere il periodo piu vantaggioso.</p>
</div>
<div class=""cpv-stat-grid"">
  <div class=""cpv-stat""><strong>EUR 23</strong><span>Prezzo indicativo da monitorare dalle principali aree aeroportuali italiane.</span></div>
  <div class=""cpv-stat""><strong>maggio</strong><span>Periodo spesso interessante per tenere sotto controllo la rotta.</span></div>
  <div class=""cpv-stat""><strong>9</strong><span>Aeroporti italiani prioritari da confrontare per questa destinazione.</span></div>
</div>
<h2>Offerte voli per Daru</h2>
<p>Per trovare il miglior equilibrio tra prezzo, durata e comfort, conviene verificare piu aeroporti di partenza italiani e confrontare giorni feriali e weekend.</p>
<table>
  <thead>
    <tr><th>Partenza</th><th>Prezzo da</th><th>Durata indicativa</th><th>Mese da monitorare</th></tr>
  </thead>
  <tbody>
    <tr><td>Leonardo da Vinci-Fiumicino Airport (FCO)</td><td>EUR 91</td><td>1h 00</td><td>gennaio</td></tr><tr><td>Ciampino-G. B. Pastine International Airport (CIA)</td><td>EUR 139</td><td>4h 00</td><td>gennaio</td></tr><tr><td>Milano Malpensa Airport (MXP)</td><td>EUR 84</td><td>10h 50</td><td>giugno</td></tr><tr><td>Orio al Serio International Airport (BGY)</td><td>EUR 46</td><td>6h 30</td><td>aprile</td></tr><tr><td>Milano Linate Airport (LIN)</td><td>EUR 19</td><td>3h 00</td><td>gennaio</td></tr><tr><td>Naples International Airport (NAP)</td><td>EUR 162</td><td>2h 50</td><td>dicembre</td></tr><tr><td>Venice Marco Polo Airport (VCE)</td><td>EUR 186</td><td>3h 50</td><td>dicembre</td></tr><tr><td>Catania-Fontanarossa Airport (CTA)</td><td>EUR 96</td><td>11h 50</td><td>giugno</td></tr><tr><td>Guglielmo Marconi Airport (BLQ)</td><td>EUR 80</td><td>1h 10</td><td>febbraio</td></tr>
  </tbody>
</table>
<h2>Aeroporti italiani da cui conviene partire</h2>
<div class=""cpv-chip-list""><span class=""cpv-chip"">Leonardo da Vinci-Fiumicino Airport</span><span class=""cpv-chip"">Ciampino-G. B. Pastine International Airport</span><span class=""cpv-chip"">Milano Malpensa Airport</span><span class=""cpv-chip"">Orio al Serio International Airport</span><span class=""cpv-chip"">Milano Linate Airport</span><span class=""cpv-chip"">Naples International Airport</span></div>
<div class=""cpv-landing-grid"">
  <div class=""cpv-landing-card""><strong>City break</strong><p>Se Daru e una meta urbana, le partenze del venerdi e del sabato sono spesso le piu monitorate.</p></div>
  <div class=""cpv-landing-card""><strong>Viaggi stagionali</strong><p>In alcuni periodi dell'anno le tariffe possono variare molto, soprattutto vicino ai ponti e alle festivita.</p></div>
  <div class=""cpv-landing-card""><strong>Confronto rapido</strong><p>Valuta aeroporti maggiori e secondari per capire se un piccolo spostamento porta a un risparmio concreto.</p></div>
</div>
<h2>Domande frequenti sui voli per Daru</h2>
<div class=""cpv-faq"">
  <details><summary>Qual e il modo migliore per cercare voli per Daru?</summary><p>Confronta piu aeroporti italiani, prova date flessibili e verifica anche partenze infrasettimanali per migliorare le possibilita di risparmio.</p></details>
  <details><summary>Meglio volo diretto o con scalo?</summary><p>Per tratte medio-brevi il diretto e spesso la scelta piu comoda, mentre su alcune rotte uno scalo puo ridurre il prezzo finale.</p></details>
  <details><summary>Quando controllare i prezzi per Daru?</summary><p>Vale la pena iniziare a monitorare la rotta in anticipo e verificare con regolarita i giorni piu vicini alla partenza ideale.</p></details>
</div>","Voli per citta|Voli intercontinentali",city,DAU,/voli-per/daru/,"Voli per Daru (DAU): offerte e guide | ConfrontaPrezziVoli","Trova voli per Daru dai principali aeroporti italiani. Tariffe indicative da EUR 23 e consigli per scegliere il periodo migliore.","voli per Daru",cities,"Mese tipicamente conveniente: maggio"
post,publish,"Voli per Darwin (DRW): offerte, compagnie e periodo migliore per prenotare",voli-per-darwin-drw,"Confronta voli per Darwin dai principali aeroporti italiani. Scopri prezzi indicativi, compagnie e consigli utili per organizzare la partenza.","<div class=""cpv-landing-note"">
  <p><strong>Perche cercare voli per Darwin qui.</strong> Questa pagina raccoglie un quadro rapido delle partenze italiane piu interessanti per Darwin, con tariffe indicative e consigli per scegliere il periodo piu vantaggioso.</p>
</div>
<div class=""cpv-stat-grid"">
  <div class=""cpv-stat""><strong>EUR 149</strong><span>Prezzo indicativo da monitorare dalle principali aree aeroportuali italiane.</span></div>
  <div class=""cpv-stat""><strong>novembre</strong><span>Periodo spesso interessante per tenere sotto controllo la rotta.</span></div>
  <div class=""cpv-stat""><strong>9</strong><span>Aeroporti italiani prioritari da confrontare per questa destinazione.</span></div>
</div>
<h2>Offerte voli per Darwin</h2>
<p>Per trovare il miglior equilibrio tra prezzo, durata e comfort, conviene verificare piu aeroporti di partenza italiani e confrontare giorni feriali e weekend.</p>
<table>
  <thead>
    <tr><th>Partenza</th><th>Prezzo da</th><th>Durata indicativa</th><th>Mese da monitorare</th></tr>
  </thead>
  <tbody>
    <tr><td>Leonardo da Vinci-Fiumicino Airport (FCO)</td><td>EUR 33</td><td>5h 20</td><td>marzo</td></tr><tr><td>Ciampino-G. B. Pastine International Airport (CIA)</td><td>EUR 197</td><td>1h 40</td><td>novembre</td></tr><tr><td>Milano Malpensa Airport (MXP)</td><td>EUR 78</td><td>9h 50</td><td>dicembre</td></tr><tr><td>Orio al Serio International Airport (BGY)</td><td>EUR 60</td><td>5h 50</td><td>giugno</td></tr><tr><td>Milano Linate Airport (LIN)</td><td>EUR 105</td><td>6h 20</td><td>marzo</td></tr><tr><td>Naples International Airport (NAP)</td><td>EUR 148</td><td>6h 30</td><td>ottobre</td></tr><tr><td>Venice Marco Polo Airport (VCE)</td><td>EUR 172</td><td>6h 30</td><td>ottobre</td></tr><tr><td>Catania-Fontanarossa Airport (CTA)</td><td>EUR 106</td><td>10h 30</td><td>aprile</td></tr><tr><td>Guglielmo Marconi Airport (BLQ)</td><td>EUR 62</td><td>10h 10</td><td>agosto</td></tr>
  </tbody>
</table>
<h2>Aeroporti italiani da cui conviene partire</h2>
<div class=""cpv-chip-list""><span class=""cpv-chip"">Leonardo da Vinci-Fiumicino Airport</span><span class=""cpv-chip"">Ciampino-G. B. Pastine International Airport</span><span class=""cpv-chip"">Milano Malpensa Airport</span><span class=""cpv-chip"">Orio al Serio International Airport</span><span class=""cpv-chip"">Milano Linate Airport</span><span class=""cpv-chip"">Naples International Airport</span></div>
<div class=""cpv-landing-grid"">
  <div class=""cpv-landing-card""><strong>City break</strong><p>Se Darwin e una meta urbana, le partenze del venerdi e del sabato sono spesso le piu monitorate.</p></div>
  <div class=""cpv-landing-card""><strong>Viaggi stagionali</strong><p>In alcuni periodi dell'anno le tariffe possono variare molto, soprattutto vicino ai ponti e alle festivita.</p></div>
  <div class=""cpv-landing-card""><strong>Confronto rapido</strong><p>Valuta aeroporti maggiori e secondari per capire se un piccolo spostamento porta a un risparmio concreto.</p></div>
</div>
<h2>Domande frequenti sui voli per Darwin</h2>
<div class=""cpv-faq"">
  <details><summary>Qual e il modo migliore per cercare voli per Darwin?</summary><p>Confronta piu aeroporti italiani, prova date flessibili e verifica anche partenze infrasettimanali per migliorare le possibilita di risparmio.</p></details>
  <details><summary>Meglio volo diretto o con scalo?</summary><p>Per tratte medio-brevi il diretto e spesso la scelta piu comoda, mentre su alcune rotte uno scalo puo ridurre il prezzo finale.</p></details>
  <details><summary>Quando controllare i prezzi per Darwin?</summary><p>Vale la pena iniziare a monitorare la rotta in anticipo e verificare con regolarita i giorni piu vicini alla partenza ideale.</p></details>
</div>","Voli per citta|Voli intercontinentali",city,DRW,/voli-per/darwin/,"Voli per Darwin (DRW): offerte e guide | ConfrontaPrezziVoli","Trova voli per Darwin dai principali aeroporti italiani. Tariffe indicative da EUR 149 e consigli per scegliere il periodo migliore.","voli per Darwin",cities,"Mese tipicamente conveniente: novembre"
post,publish,"Voli per Datong (DAT): offerte, compagnie e periodo migliore per prenotare",voli-per-datong-dat,"Confronta voli per Datong dai principali aeroporti italiani. Scopri prezzi indicativi, compagnie e consigli utili per organizzare la partenza.","<div class=""cpv-landing-note"">
  <p><strong>Perche cercare voli per Datong qui.</strong> Questa pagina raccoglie un quadro rapido delle partenze italiane piu interessanti per Datong, con tariffe indicative e consigli per scegliere il periodo piu vantaggioso.</p>
</div>
<div class=""cpv-stat-grid"">
  <div class=""cpv-stat""><strong>EUR 53</strong><span>Prezzo indicativo da monitorare dalle principali aree aeroportuali italiane.</span></div>
  <div class=""cpv-stat""><strong>novembre</strong><span>Periodo spesso interessante per tenere sotto controllo la rotta.</span></div>
  <div class=""cpv-stat""><strong>9</strong><span>Aeroporti italiani prioritari da confrontare per questa destinazione.</span></div>
</div>
<h2>Offerte voli per Datong</h2>
<p>Per trovare il miglior equilibrio tra prezzo, durata e comfort, conviene verificare piu aeroporti di partenza italiani e confrontare giorni feriali e weekend.</p>
<table>
  <thead>
    <tr><th>Partenza</th><th>Prezzo da</th><th>Durata indicativa</th><th>Mese da monitorare</th></tr>
  </thead>
  <tbody>
    <tr><td>Leonardo da Vinci-Fiumicino Airport (FCO)</td><td>EUR 109</td><td>9h 00</td><td>luglio</td></tr><tr><td>Ciampino-G. B. Pastine International Airport (CIA)</td><td>EUR 141</td><td>3h 20</td><td>marzo</td></tr><tr><td>Milano Malpensa Airport (MXP)</td><td>EUR 90</td><td>10h 50</td><td>dicembre</td></tr><tr><td>Orio al Serio International Airport (BGY)</td><td>EUR 80</td><td>5h 10</td><td>febbraio</td></tr><tr><td>Milano Linate Airport (LIN)</td><td>EUR 21</td><td>7h 20</td><td>marzo</td></tr><tr><td>Naples International Airport (NAP)</td><td>EUR 152</td><td>11h 10</td><td>febbraio</td></tr><tr><td>Venice Marco Polo Airport (VCE)</td><td>EUR 56</td><td>6h 10</td><td>febbraio</td></tr><tr><td>Catania-Fontanarossa Airport (CTA)</td><td>EUR 82</td><td>10h 30</td><td>aprile</td></tr><tr><td>Guglielmo Marconi Airport (BLQ)</td><td>EUR 146</td><td>8h 10</td><td>agosto</td></tr>
  </tbody>
</table>
<h2>Aeroporti italiani da cui conviene partire</h2>
<div class=""cpv-chip-list""><span class=""cpv-chip"">Leonardo da Vinci-Fiumicino Airport</span><span class=""cpv-chip"">Ciampino-G. B. Pastine International Airport</span><span class=""cpv-chip"">Milano Malpensa Airport</span><span class=""cpv-chip"">Orio al Serio International Airport</span><span class=""cpv-chip"">Milano Linate Airport</span><span class=""cpv-chip"">Naples International Airport</span></div>
<div class=""cpv-landing-grid"">
  <div class=""cpv-landing-card""><strong>City break</strong><p>Se Datong e una meta urbana, le partenze del venerdi e del sabato sono spesso le piu monitorate.</p></div>
  <div class=""cpv-landing-card""><strong>Viaggi stagionali</strong><p>In alcuni periodi dell'anno le tariffe possono variare molto, soprattutto vicino ai ponti e alle festivita.</p></div>
  <div class=""cpv-landing-card""><strong>Confronto rapido</strong><p>Valuta aeroporti maggiori e secondari per capire se un piccolo spostamento porta a un risparmio concreto.</p></div>
</div>
<h2>Domande frequenti sui voli per Datong</h2>
<div class=""cpv-faq"">
  <details><summary>Qual e il modo migliore per cercare voli per Datong?</summary><p>Confronta piu aeroporti italiani, prova date flessibili e verifica anche partenze infrasettimanali per migliorare le possibilita di risparmio.</p></details>
  <details><summary>Meglio volo diretto o con scalo?</summary><p>Per tratte medio-brevi il diretto e spesso la scelta piu comoda, mentre su alcune rotte uno scalo puo ridurre il prezzo finale.</p></details>
  <details><summary>Quando controllare i prezzi per Datong?</summary><p>Vale la pena iniziare a monitorare la rotta in anticipo e verificare con regolarita i giorni piu vicini alla partenza ideale.</p></details>
</div>","Voli per citta|Voli intercontinentali",city,DAT,/voli-per/datong/,"Voli per Datong (DAT): offerte e guide | ConfrontaPrezziVoli","Trova voli per Datong dai principali aeroporti italiani. Tariffe indicative da EUR 53 e consigli per scegliere il periodo migliore.","voli per Datong",cities,"Mese tipicamente conveniente: novembre"
post,publish,"Voli per Davao (DVO): offerte, compagnie e periodo migliore per prenotare",voli-per-davao-dvo,"Confronta voli per Davao dai principali aeroporti italiani. Scopri prezzi indicativi, compagnie e consigli utili per organizzare la partenza.","<div class=""cpv-landing-note"">
  <p><strong>Perche cercare voli per Davao qui.</strong> Questa pagina raccoglie un quadro rapido delle partenze italiane piu interessanti per Davao, con tariffe indicative e consigli per scegliere il periodo piu vantaggioso.</p>
</div>
<div class=""cpv-stat-grid"">
  <div class=""cpv-stat""><strong>EUR 87</strong><span>Prezzo indicativo da monitorare dalle principali aree aeroportuali italiane.</span></div>
  <div class=""cpv-stat""><strong>settembre</strong><span>Periodo spesso interessante per tenere sotto controllo la rotta.</span></div>
  <div class=""cpv-stat""><strong>9</strong><span>Aeroporti italiani prioritari da confrontare per questa destinazione.</span></div>
</div>
<h2>Offerte voli per Davao</h2>
<p>Per trovare il miglior equilibrio tra prezzo, durata e comfort, conviene verificare piu aeroporti di partenza italiani e confrontare giorni feriali e weekend.</p>
<table>
  <thead>
    <tr><th>Partenza</th><th>Prezzo da</th><th>Durata indicativa</th><th>Mese da monitorare</th></tr>
  </thead>
  <tbody>
    <tr><td>Leonardo da Vinci-Fiumicino Airport (FCO)</td><td>EUR 35</td><td>1h 40</td><td>maggio</td></tr><tr><td>Ciampino-G. B. Pastine International Airport (CIA)</td><td>EUR 67</td><td>3h 00</td><td>gennaio</td></tr><tr><td>Milano Malpensa Airport (MXP)</td><td>EUR 84</td><td>8h 50</td><td>giugno</td></tr><tr><td>Orio al Serio International Airport (BGY)</td><td>EUR 178</td><td>3h 30</td><td>aprile</td></tr><tr><td>Milano Linate Airport (LIN)</td><td>EUR 151</td><td>7h 00</td><td>gennaio</td></tr><tr><td>Naples International Airport (NAP)</td><td>EUR 134</td><td>4h 10</td><td>agosto</td></tr><tr><td>Venice Marco Polo Airport (VCE)</td><td>EUR 94</td><td>5h 30</td><td>aprile</td></tr><tr><td>Catania-Fontanarossa Airport (CTA)</td><td>EUR 88</td><td>4h 30</td><td>ottobre</td></tr><tr><td>Guglielmo Marconi Airport (BLQ)</td><td>EUR 48</td><td>9h 50</td><td>giugno</td></tr>
  </tbody>
</table>
<h2>Aeroporti italiani da cui conviene partire</h2>
<div class=""cpv-chip-list""><span class=""cpv-chip"">Leonardo da Vinci-Fiumicino Airport</span><span class=""cpv-chip"">Ciampino-G. B. Pastine International Airport</span><span class=""cpv-chip"">Milano Malpensa Airport</span><span class=""cpv-chip"">Orio al Serio International Airport</span><span class=""cpv-chip"">Milano Linate Airport</span><span class=""cpv-chip"">Naples International Airport</span></div>
<div class=""cpv-landing-grid"">
  <div class=""cpv-landing-card""><strong>City break</strong><p>Se Davao e una meta urbana, le partenze del venerdi e del sabato sono spesso le piu monitorate.</p></div>
  <div class=""cpv-landing-card""><strong>Viaggi stagionali</strong><p>In alcuni periodi dell'anno le tariffe possono variare molto, soprattutto vicino ai ponti e alle festivita.</p></div>
  <div class=""cpv-landing-card""><strong>Confronto rapido</strong><p>Valuta aeroporti maggiori e secondari per capire se un piccolo spostamento porta a un risparmio concreto.</p></div>
</div>
<h2>Domande frequenti sui voli per Davao</h2>
<div class=""cpv-faq"">
  <details><summary>Qual e il modo migliore per cercare voli per Davao?</summary><p>Confronta piu aeroporti italiani, prova date flessibili e verifica anche partenze infrasettimanali per migliorare le possibilita di risparmio.</p></details>
  <details><summary>Meglio volo diretto o con scalo?</summary><p>Per tratte medio-brevi il diretto e spesso la scelta piu comoda, mentre su alcune rotte uno scalo puo ridurre il prezzo finale.</p></details>
  <details><summary>Quando controllare i prezzi per Davao?</summary><p>Vale la pena iniziare a monitorare la rotta in anticipo e verificare con regolarita i giorni piu vicini alla partenza ideale.</p></details>
</div>","Voli per citta|Voli intercontinentali",city,DVO,/voli-per/davao/,"Voli per Davao (DVO): offerte e guide | ConfrontaPrezziVoli","Trova voli per Davao dai principali aeroporti italiani. Tariffe indicative da EUR 87 e consigli per scegliere il periodo migliore.","voli per Davao",cities,"Mese tipicamente conveniente: settembre"
post,publish,"Voli per David (DAV): offerte, compagnie e periodo migliore per prenotare",voli-per-david-dav,"Confronta voli per David dai principali aeroporti italiani. Scopri prezzi indicativi, compagnie e consigli utili per organizzare la partenza.","<div class=""cpv-landing-note"">
  <p><strong>Perche cercare voli per David qui.</strong> Questa pagina raccoglie un quadro rapido delle partenze italiane piu interessanti per David, con tariffe indicative e consigli per scegliere il periodo piu vantaggioso.</p>
</div>
<div class=""cpv-stat-grid"">
  <div class=""cpv-stat""><strong>EUR 129</strong><span>Prezzo indicativo da monitorare dalle principali aree aeroportuali italiane.</span></div>
  <div class=""cpv-stat""><strong>marzo</strong><span>Periodo spesso interessante per tenere sotto controllo la rotta.</span></div>
  <div class=""cpv-stat""><strong>9</strong><span>Aeroporti italiani prioritari da confrontare per questa destinazione.</span></div>
</div>
<h2>Offerte voli per David</h2>
<p>Per trovare il miglior equilibrio tra prezzo, durata e comfort, conviene verificare piu aeroporti di partenza italiani e confrontare giorni feriali e weekend.</p>
<table>
  <thead>
    <tr><th>Partenza</th><th>Prezzo da</th><th>Durata indicativa</th><th>Mese da monitorare</th></tr>
  </thead>
  <tbody>
    <tr><td>Leonardo da Vinci-Fiumicino Airport (FCO)</td><td>EUR 185</td><td>4h 40</td><td>novembre</td></tr><tr><td>Ciampino-G. B. Pastine International Airport (CIA)</td><td>EUR 137</td><td>4h 40</td><td>novembre</td></tr><tr><td>Milano Malpensa Airport (MXP)</td><td>EUR 154</td><td>4h 30</td><td>aprile</td></tr><tr><td>Orio al Serio International Airport (BGY)</td><td>EUR 72</td><td>10h 50</td><td>giugno</td></tr><tr><td>Milano Linate Airport (LIN)</td><td>EUR 189</td><td>8h 20</td><td>marzo</td></tr><tr><td>Naples International Airport (NAP)</td><td>EUR 40</td><td>5h 30</td><td>ottobre</td></tr><tr><td>Venice Marco Polo Airport (VCE)</td><td>EUR 192</td><td>7h 50</td><td>giugno</td></tr><tr><td>Catania-Fontanarossa Airport (CTA)</td><td>EUR 166</td><td>10h 30</td><td>aprile</td></tr><tr><td>Guglielmo Marconi Airport (BLQ)</td><td>EUR 34</td><td>7h 30</td><td>aprile</td></tr>
  </tbody>
</table>
<h2>Aeroporti italiani da cui conviene partire</h2>
<div class=""cpv-chip-list""><span class=""cpv-chip"">Leonardo da Vinci-Fiumicino Airport</span><span class=""cpv-chip"">Ciampino-G. B. Pastine International Airport</span><span class=""cpv-chip"">Milano Malpensa Airport</span><span class=""cpv-chip"">Orio al Serio International Airport</span><span class=""cpv-chip"">Milano Linate Airport</span><span class=""cpv-chip"">Naples International Airport</span></div>
<div class=""cpv-landing-grid"">
  <div class=""cpv-landing-card""><strong>City break</strong><p>Se David e una meta urbana, le partenze del venerdi e del sabato sono spesso le piu monitorate.</p></div>
  <div class=""cpv-landing-card""><strong>Viaggi stagionali</strong><p>In alcuni periodi dell'anno le tariffe possono variare molto, soprattutto vicino ai ponti e alle festivita.</p></div>
  <div class=""cpv-landing-card""><strong>Confronto rapido</strong><p>Valuta aeroporti maggiori e secondari per capire se un piccolo spostamento porta a un risparmio concreto.</p></div>
</div>
<h2>Domande frequenti sui voli per David</h2>
<div class=""cpv-faq"">
  <details><summary>Qual e il modo migliore per cercare voli per David?</summary><p>Confronta piu aeroporti italiani, prova date flessibili e verifica anche partenze infrasettimanali per migliorare le possibilita di risparmio.</p></details>
  <details><summary>Meglio volo diretto o con scalo?</summary><p>Per tratte medio-brevi il diretto e spesso la scelta piu comoda, mentre su alcune rotte uno scalo puo ridurre il prezzo finale.</p></details>
  <details><summary>Quando controllare i prezzi per David?</summary><p>Vale la pena iniziare a monitorare la rotta in anticipo e verificare con regolarita i giorni piu vicini alla partenza ideale.</p></details>
</div>","Voli per citta|Voli intercontinentali",city,DAV,/voli-per/david/,"Voli per David (DAV): offerte e guide | ConfrontaPrezziVoli","Trova voli per David dai principali aeroporti italiani. Tariffe indicative da EUR 129 e consigli per scegliere il periodo migliore.","voli per David",cities,"Mese tipicamente conveniente: marzo"
post,publish,"Voli per Dawadmi (DWD): offerte, compagnie e periodo migliore per prenotare",voli-per-dawadmi-dwd,"Confronta voli per Dawadmi dai principali aeroporti italiani. Scopri prezzi indicativi, compagnie e consigli utili per organizzare la partenza.","<div class=""cpv-landing-note"">
  <p><strong>Perche cercare voli per Dawadmi qui.</strong> Questa pagina raccoglie un quadro rapido delle partenze italiane piu interessanti per Dawadmi, con tariffe indicative e consigli per scegliere il periodo piu vantaggioso.</p>
</div>
<div class=""cpv-stat-grid"">
  <div class=""cpv-stat""><strong>EUR 20</strong><span>Prezzo indicativo da monitorare dalle principali aree aeroportuali italiane.</span></div>
  <div class=""cpv-stat""><strong>febbraio</strong><span>Periodo spesso interessante per tenere sotto controllo la rotta.</span></div>
  <div class=""cpv-stat""><strong>9</strong><span>Aeroporti italiani prioritari da confrontare per questa destinazione.</span></div>
</div>
<h2>Offerte voli per Dawadmi</h2>
<p>Per trovare il miglior equilibrio tra prezzo, durata e comfort, conviene verificare piu aeroporti di partenza italiani e confrontare giorni feriali e weekend.</p>
<table>
  <thead>
    <tr><th>Partenza</th><th>Prezzo da</th><th>Durata indicativa</th><th>Mese da monitorare</th></tr>
  </thead>
  <tbody>
    <tr><td>Leonardo da Vinci-Fiumicino Airport (FCO)</td><td>EUR 196</td><td>3h 30</td><td>ottobre</td></tr><tr><td>Ciampino-G. B. Pastine International Airport (CIA)</td><td>EUR 48</td><td>9h 50</td><td>giugno</td></tr><tr><td>Milano Malpensa Airport (MXP)</td><td>EUR 195</td><td>1h 20</td><td>settembre</td></tr><tr><td>Orio al Serio International Airport (BGY)</td><td>EUR 73</td><td>6h 00</td><td>luglio</td></tr><tr><td>Milano Linate Airport (LIN)</td><td>EUR 68</td><td>9h 10</td><td>febbraio</td></tr><tr><td>Naples International Airport (NAP)</td><td>EUR 29</td><td>1h 40</td><td>novembre</td></tr><tr><td>Venice Marco Polo Airport (VCE)</td><td>EUR 157</td><td>4h 00</td><td>luglio</td></tr><tr><td>Catania-Fontanarossa Airport (CTA)</td><td>EUR 31</td><td>6h 00</td><td>gennaio</td></tr><tr><td>Guglielmo Marconi Airport (BLQ)</td><td>EUR 103</td><td>3h 00</td><td>gennaio</td></tr>
  </tbody>
</table>
<h2>Aeroporti italiani da cui conviene partire</h2>
<div class=""cpv-chip-list""><span class=""cpv-chip"">Leonardo da Vinci-Fiumicino Airport</span><span class=""cpv-chip"">Ciampino-G. B. Pastine International Airport</span><span class=""cpv-chip"">Milano Malpensa Airport</span><span class=""cpv-chip"">Orio al Serio International Airport</span><span class=""cpv-chip"">Milano Linate Airport</span><span class=""cpv-chip"">Naples International Airport</span></div>
<div class=""cpv-landing-grid"">
  <div class=""cpv-landing-card""><strong>City break</strong><p>Se Dawadmi e una meta urbana, le partenze del venerdi e del sabato sono spesso le piu monitorate.</p></div>
  <div class=""cpv-landing-card""><strong>Viaggi stagionali</strong><p>In alcuni periodi dell'anno le tariffe possono variare molto, soprattutto vicino ai ponti e alle festivita.</p></div>
  <div class=""cpv-landing-card""><strong>Confronto rapido</strong><p>Valuta aeroporti maggiori e secondari per capire se un piccolo spostamento porta a un risparmio concreto.</p></div>
</div>
<h2>Domande frequenti sui voli per Dawadmi</h2>
<div class=""cpv-faq"">
  <details><summary>Qual e il modo migliore per cercare voli per Dawadmi?</summary><p>Confronta piu aeroporti italiani, prova date flessibili e verifica anche partenze infrasettimanali per migliorare le possibilita di risparmio.</p></details>
  <details><summary>Meglio volo diretto o con scalo?</summary><p>Per tratte medio-brevi il diretto e spesso la scelta piu comoda, mentre su alcune rotte uno scalo puo ridurre il prezzo finale.</p></details>
  <details><summary>Quando controllare i prezzi per Dawadmi?</summary><p>Vale la pena iniziare a monitorare la rotta in anticipo e verificare con regolarita i giorni piu vicini alla partenza ideale.</p></details>
</div>","Voli per citta|Voli intercontinentali",city,DWD,/voli-per/dawadmi/,"Voli per Dawadmi (DWD): offerte e guide | ConfrontaPrezziVoli","Trova voli per Dawadmi dai principali aeroporti italiani. Tariffe indicative da EUR 20 e consigli per scegliere il periodo migliore.","voli per Dawadmi",cities,"Mese tipicamente conveniente: febbraio"
post,publish,"Voli per Dawe (TVY): offerte, compagnie e periodo migliore per prenotare",voli-per-dawe-tvy,"Confronta voli per Dawe dai principali aeroporti italiani. Scopri prezzi indicativi, compagnie e consigli utili per organizzare la partenza.","<div class=""cpv-landing-note"">
  <p><strong>Perche cercare voli per Dawe qui.</strong> Questa pagina raccoglie un quadro rapido delle partenze italiane piu interessanti per Dawe, con tariffe indicative e consigli per scegliere il periodo piu vantaggioso.</p>
</div>
<div class=""cpv-stat-grid"">
  <div class=""cpv-stat""><strong>EUR 136</strong><span>Prezzo indicativo da monitorare dalle principali aree aeroportuali italiane.</span></div>
  <div class=""cpv-stat""><strong>ottobre</strong><span>Periodo spesso interessante per tenere sotto controllo la rotta.</span></div>
  <div class=""cpv-stat""><strong>9</strong><span>Aeroporti italiani prioritari da confrontare per questa destinazione.</span></div>
</div>
<h2>Offerte voli per Dawe</h2>
<p>Per trovare il miglior equilibrio tra prezzo, durata e comfort, conviene verificare piu aeroporti di partenza italiani e confrontare giorni feriali e weekend.</p>
<table>
  <thead>
    <tr><th>Partenza</th><th>Prezzo da</th><th>Durata indicativa</th><th>Mese da monitorare</th></tr>
  </thead>
  <tbody>
    <tr><td>Leonardo da Vinci-Fiumicino Airport (FCO)</td><td>EUR 128</td><td>11h 10</td><td>febbraio</td></tr><tr><td>Ciampino-G. B. Pastine International Airport (CIA)</td><td>EUR 156</td><td>3h 50</td><td>giugno</td></tr><tr><td>Milano Malpensa Airport (MXP)</td><td>EUR 107</td><td>8h 40</td><td>maggio</td></tr><tr><td>Orio al Serio International Airport (BGY)</td><td>EUR 125</td><td>5h 40</td><td>novembre</td></tr><tr><td>Milano Linate Airport (LIN)</td><td>EUR 48</td><td>2h 50</td><td>giugno</td></tr><tr><td>Naples International Airport (NAP)</td><td>EUR 73</td><td>10h 00</td><td>luglio</td></tr><tr><td>Venice Marco Polo Airport (VCE)</td><td>EUR 45</td><td>2h 20</td><td>marzo</td></tr><tr><td>Catania-Fontanarossa Airport (CTA)</td><td>EUR 127</td><td>1h 00</td><td>gennaio</td></tr><tr><td>Guglielmo Marconi Airport (BLQ)</td><td>EUR 159</td><td>8h 20</td><td>settembre</td></tr>
  </tbody>
</table>
<h2>Aeroporti italiani da cui conviene partire</h2>
<div class=""cpv-chip-list""><span class=""cpv-chip"">Leonardo da Vinci-Fiumicino Airport</span><span class=""cpv-chip"">Ciampino-G. B. Pastine International Airport</span><span class=""cpv-chip"">Milano Malpensa Airport</span><span class=""cpv-chip"">Orio al Serio International Airport</span><span class=""cpv-chip"">Milano Linate Airport</span><span class=""cpv-chip"">Naples International Airport</span></div>
<div class=""cpv-landing-grid"">
  <div class=""cpv-landing-card""><strong>City break</strong><p>Se Dawe e una meta urbana, le partenze del venerdi e del sabato sono spesso le piu monitorate.</p></div>
  <div class=""cpv-landing-card""><strong>Viaggi stagionali</strong><p>In alcuni periodi dell'anno le tariffe possono variare molto, soprattutto vicino ai ponti e alle festivita.</p></div>
  <div class=""cpv-landing-card""><strong>Confronto rapido</strong><p>Valuta aeroporti maggiori e secondari per capire se un piccolo spostamento porta a un risparmio concreto.</p></div>
</div>
<h2>Domande frequenti sui voli per Dawe</h2>
<div class=""cpv-faq"">
  <details><summary>Qual e il modo migliore per cercare voli per Dawe?</summary><p>Confronta piu aeroporti italiani, prova date flessibili e verifica anche partenze infrasettimanali per migliorare le possibilita di risparmio.</p></details>
  <details><summary>Meglio volo diretto o con scalo?</summary><p>Per tratte medio-brevi il diretto e spesso la scelta piu comoda, mentre su alcune rotte uno scalo puo ridurre il prezzo finale.</p></details>
  <details><summary>Quando controllare i prezzi per Dawe?</summary><p>Vale la pena iniziare a monitorare la rotta in anticipo e verificare con regolarita i giorni piu vicini alla partenza ideale.</p></details>
</div>","Voli per citta|Voli intercontinentali",city,TVY,/voli-per/dawe/,"Voli per Dawe (TVY): offerte e guide | ConfrontaPrezziVoli","Trova voli per Dawe dai principali aeroporti italiani. Tariffe indicative da EUR 136 e consigli per scegliere il periodo migliore.","voli per Dawe",cities,"Mese tipicamente conveniente: ottobre"
post,publish,"Voli per Dawson City (YDA): offerte, compagnie e periodo migliore per prenotare",voli-per-dawson-city-yda,"Confronta voli per Dawson City dai principali aeroporti italiani. Scopri prezzi indicativi, compagnie e consigli utili per organizzare la partenza.","<div class=""cpv-landing-note"">
  <p><strong>Perche cercare voli per Dawson City qui.</strong> Questa pagina raccoglie un quadro rapido delle partenze italiane piu interessanti per Dawson City, con tariffe indicative e consigli per scegliere il periodo piu vantaggioso.</p>
</div>
<div class=""cpv-stat-grid"">
  <div class=""cpv-stat""><strong>EUR 142</strong><span>Prezzo indicativo da monitorare dalle principali aree aeroportuali italiane.</span></div>
  <div class=""cpv-stat""><strong>aprile</strong><span>Periodo spesso interessante per tenere sotto controllo la rotta.</span></div>
  <div class=""cpv-stat""><strong>9</strong><span>Aeroporti italiani prioritari da confrontare per questa destinazione.</span></div>
</div>
<h2>Offerte voli per Dawson City</h2>
<p>Per trovare il miglior equilibrio tra prezzo, durata e comfort, conviene verificare piu aeroporti di partenza italiani e confrontare giorni feriali e weekend.</p>
<table>
  <thead>
    <tr><th>Partenza</th><th>Prezzo da</th><th>Durata indicativa</th><th>Mese da monitorare</th></tr>
  </thead>
  <tbody>
    <tr><td>Leonardo da Vinci-Fiumicino Airport (FCO)</td><td>EUR 190</td><td>4h 30</td><td>aprile</td></tr><tr><td>Ciampino-G. B. Pastine International Airport (CIA)</td><td>EUR 102</td><td>4h 50</td><td>dicembre</td></tr><tr><td>Milano Malpensa Airport (MXP)</td><td>EUR 121</td><td>5h 00</td><td>luglio</td></tr><tr><td>Orio al Serio International Airport (BGY)</td><td>EUR 107</td><td>11h 40</td><td>maggio</td></tr><tr><td>Milano Linate Airport (LIN)</td><td>EUR 162</td><td>11h 50</td><td>dicembre</td></tr><tr><td>Naples International Airport (NAP)</td><td>EUR 63</td><td>10h 20</td><td>settembre</td></tr><tr><td>Venice Marco Polo Airport (VCE)</td><td>EUR 103</td><td>1h 00</td><td>gennaio</td></tr><tr><td>Catania-Fontanarossa Airport (CTA)</td><td>EUR 137</td><td>8h 40</td><td>novembre</td></tr><tr><td>Guglielmo Marconi Airport (BLQ)</td><td>EUR 153</td><td>1h 20</td><td>marzo</td></tr>
  </tbody>
</table>
<h2>Aeroporti italiani da cui conviene partire</h2>
<div class=""cpv-chip-list""><span class=""cpv-chip"">Leonardo da Vinci-Fiumicino Airport</span><span class=""cpv-chip"">Ciampino-G. B. Pastine International Airport</span><span class=""cpv-chip"">Milano Malpensa Airport</span><span class=""cpv-chip"">Orio al Serio International Airport</span><span class=""cpv-chip"">Milano Linate Airport</span><span class=""cpv-chip"">Naples International Airport</span></div>
<div class=""cpv-landing-grid"">
  <div class=""cpv-landing-card""><strong>City break</strong><p>Se Dawson City e una meta urbana, le partenze del venerdi e del sabato sono spesso le piu monitorate.</p></div>
  <div class=""cpv-landing-card""><strong>Viaggi stagionali</strong><p>In alcuni periodi dell'anno le tariffe possono variare molto, soprattutto vicino ai ponti e alle festivita.</p></div>
  <div class=""cpv-landing-card""><strong>Confronto rapido</strong><p>Valuta aeroporti maggiori e secondari per capire se un piccolo spostamento porta a un risparmio concreto.</p></div>
</div>
<h2>Domande frequenti sui voli per Dawson City</h2>
<div class=""cpv-faq"">
  <details><summary>Qual e il modo migliore per cercare voli per Dawson City?</summary><p>Confronta piu aeroporti italiani, prova date flessibili e verifica anche partenze infrasettimanali per migliorare le possibilita di risparmio.</p></details>
  <details><summary>Meglio volo diretto o con scalo?</summary><p>Per tratte medio-brevi il diretto e spesso la scelta piu comoda, mentre su alcune rotte uno scalo puo ridurre il prezzo finale.</p></details>
  <details><summary>Quando controllare i prezzi per Dawson City?</summary><p>Vale la pena iniziare a monitorare la rotta in anticipo e verificare con regolarita i giorni piu vicini alla partenza ideale.</p></details>
</div>","Voli per citta|Voli intercontinentali",city,YDA,/voli-per/dawson-city/,"Voli per Dawson City (YDA): offerte e guide | ConfrontaPrezziVoli","Trova voli per Dawson City dai principali aeroporti italiani. Tariffe indicative da EUR 142 e consigli per scegliere il periodo migliore.","voli per Dawson City",cities,"Mese tipicamente conveniente: aprile"
post,publish,"Voli per Dawson Creek (YDQ): offerte, compagnie e periodo migliore per prenotare",voli-per-dawson-creek-ydq,"Confronta voli per Dawson Creek dai principali aeroporti italiani. Scopri prezzi indicativi, compagnie e consigli utili per organizzare la partenza.","<div class=""cpv-landing-note"">
  <p><strong>Perche cercare voli per Dawson Creek qui.</strong> Questa pagina raccoglie un quadro rapido delle partenze italiane piu interessanti per Dawson Creek, con tariffe indicative e consigli per scegliere il periodo piu vantaggioso.</p>
</div>
<div class=""cpv-stat-grid"">
  <div class=""cpv-stat""><strong>EUR 170</strong><span>Prezzo indicativo da monitorare dalle principali aree aeroportuali italiane.</span></div>
  <div class=""cpv-stat""><strong>agosto</strong><span>Periodo spesso interessante per tenere sotto controllo la rotta.</span></div>
  <div class=""cpv-stat""><strong>9</strong><span>Aeroporti italiani prioritari da confrontare per questa destinazione.</span></div>
</div>
<h2>Offerte voli per Dawson Creek</h2>
<p>Per trovare il miglior equilibrio tra prezzo, durata e comfort, conviene verificare piu aeroporti di partenza italiani e confrontare giorni feriali e weekend.</p>
<table>
  <thead>
    <tr><th>Partenza</th><th>Prezzo da</th><th>Durata indicativa</th><th>Mese da monitorare</th></tr>
  </thead>
  <tbody>
    <tr><td>Leonardo da Vinci-Fiumicino Airport (FCO)</td><td>EUR 170</td><td>5h 10</td><td>agosto</td></tr><tr><td>Ciampino-G. B. Pastine International Airport (CIA)</td><td>EUR 34</td><td>7h 30</td><td>aprile</td></tr><tr><td>Milano Malpensa Airport (MXP)</td><td>EUR 25</td><td>1h 00</td><td>luglio</td></tr><tr><td>Orio al Serio International Airport (BGY)</td><td>EUR 67</td><td>5h 00</td><td>gennaio</td></tr><tr><td>Milano Linate Airport (LIN)</td><td>EUR 106</td><td>4h 30</td><td>aprile</td></tr><tr><td>Naples International Airport (NAP)</td><td>EUR 191</td><td>7h 40</td><td>maggio</td></tr><tr><td>Venice Marco Polo Airport (VCE)</td><td>EUR 51</td><td>4h 20</td><td>settembre</td></tr><tr><td>Catania-Fontanarossa Airport (CTA)</td><td>EUR 21</td><td>4h 20</td><td>marzo</td></tr><tr><td>Guglielmo Marconi Airport (BLQ)</td><td>EUR 105</td><td>7h 20</td><td>marzo</td></tr>
  </tbody>
</table>
<h2>Aeroporti italiani da cui conviene partire</h2>
<div class=""cpv-chip-list""><span class=""cpv-chip"">Leonardo da Vinci-Fiumicino Airport</span><span class=""cpv-chip"">Ciampino-G. B. Pastine International Airport</span><span class=""cpv-chip"">Milano Malpensa Airport</span><span class=""cpv-chip"">Orio al Serio International Airport</span><span class=""cpv-chip"">Milano Linate Airport</span><span class=""cpv-chip"">Naples International Airport</span></div>
<div class=""cpv-landing-grid"">
  <div class=""cpv-landing-card""><strong>City break</strong><p>Se Dawson Creek e una meta urbana, le partenze del venerdi e del sabato sono spesso le piu monitorate.</p></div>
  <div class=""cpv-landing-card""><strong>Viaggi stagionali</strong><p>In alcuni periodi dell'anno le tariffe possono variare molto, soprattutto vicino ai ponti e alle festivita.</p></div>
  <div class=""cpv-landing-card""><strong>Confronto rapido</strong><p>Valuta aeroporti maggiori e secondari per capire se un piccolo spostamento porta a un risparmio concreto.</p></div>
</div>
<h2>Domande frequenti sui voli per Dawson Creek</h2>
<div class=""cpv-faq"">
  <details><summary>Qual e il modo migliore per cercare voli per Dawson Creek?</summary><p>Confronta piu aeroporti italiani, prova date flessibili e verifica anche partenze infrasettimanali per migliorare le possibilita di risparmio.</p></details>
  <details><summary>Meglio volo diretto o con scalo?</summary><p>Per tratte medio-brevi il diretto e spesso la scelta piu comoda, mentre su alcune rotte uno scalo puo ridurre il prezzo finale.</p></details>
  <details><summary>Quando controllare i prezzi per Dawson Creek?</summary><p>Vale la pena iniziare a monitorare la rotta in anticipo e verificare con regolarita i giorni piu vicini alla partenza ideale.</p></details>
</div>","Voli per citta|Voli intercontinentali",city,YDQ,/voli-per/dawson-creek/,"Voli per Dawson Creek (YDQ): offerte e guide | ConfrontaPrezziVoli","Trova voli per Dawson Creek dai principali aeroporti italiani. Tariffe indicative da EUR 170 e consigli per scegliere il periodo migliore.","voli per Dawson Creek",cities,"Mese tipicamente conveniente: agosto"
post,publish,"Voli per Dayong (DYG): offerte, compagnie e periodo migliore per prenotare",voli-per-dayong-dyg,"Confronta voli per Dayong dai principali aeroporti italiani. Scopri prezzi indicativi, compagnie e consigli utili per organizzare la partenza.","<div class=""cpv-landing-note"">
  <p><strong>Perche cercare voli per Dayong qui.</strong> Questa pagina raccoglie un quadro rapido delle partenze italiane piu interessanti per Dayong, con tariffe indicative e consigli per scegliere il periodo piu vantaggioso.</p>
</div>
<div class=""cpv-stat-grid"">
  <div class=""cpv-stat""><strong>EUR 144</strong><span>Prezzo indicativo da monitorare dalle principali aree aeroportuali italiane.</span></div>
  <div class=""cpv-stat""><strong>giugno</strong><span>Periodo spesso interessante per tenere sotto controllo la rotta.</span></div>
  <div class=""cpv-stat""><strong>9</strong><span>Aeroporti italiani prioritari da confrontare per questa destinazione.</span></div>
</div>
<h2>Offerte voli per Dayong</h2>
<p>Per trovare il miglior equilibrio tra prezzo, durata e comfort, conviene verificare piu aeroporti di partenza italiani e confrontare giorni feriali e weekend.</p>
<table>
  <thead>
    <tr><th>Partenza</th><th>Prezzo da</th><th>Durata indicativa</th><th>Mese da monitorare</th></tr>
  </thead>
  <tbody>
    <tr><td>Leonardo da Vinci-Fiumicino Airport (FCO)</td><td>EUR 40</td><td>1h 30</td><td>ottobre</td></tr><tr><td>Ciampino-G. B. Pastine International Airport (CIA)</td><td>EUR 68</td><td>7h 10</td><td>febbraio</td></tr><tr><td>Milano Malpensa Airport (MXP)</td><td>EUR 63</td><td>4h 20</td><td>settembre</td></tr><tr><td>Orio al Serio International Airport (BGY)</td><td>EUR 181</td><td>11h 00</td><td>luglio</td></tr><tr><td>Milano Linate Airport (LIN)</td><td>EUR 124</td><td>1h 30</td><td>ottobre</td></tr><tr><td>Naples International Airport (NAP)</td><td>EUR 117</td><td>7h 20</td><td>marzo</td></tr><tr><td>Venice Marco Polo Airport (VCE)</td><td>EUR 181</td><td>6h 00</td><td>luglio</td></tr><tr><td>Catania-Fontanarossa Airport (CTA)</td><td>EUR 107</td><td>1h 40</td><td>maggio</td></tr><tr><td>Guglielmo Marconi Airport (BLQ)</td><td>EUR 139</td><td>3h 00</td><td>gennaio</td></tr>
  </tbody>
</table>
<h2>Aeroporti italiani da cui conviene partire</h2>
<div class=""cpv-chip-list""><span class=""cpv-chip"">Leonardo da Vinci-Fiumicino Airport</span><span class=""cpv-chip"">Ciampino-G. B. Pastine International Airport</span><span class=""cpv-chip"">Milano Malpensa Airport</span><span class=""cpv-chip"">Orio al Serio International Airport</span><span class=""cpv-chip"">Milano Linate Airport</span><span class=""cpv-chip"">Naples International Airport</span></div>
<div class=""cpv-landing-grid"">
  <div class=""cpv-landing-card""><strong>City break</strong><p>Se Dayong e una meta urbana, le partenze del venerdi e del sabato sono spesso le piu monitorate.</p></div>
  <div class=""cpv-landing-card""><strong>Viaggi stagionali</strong><p>In alcuni periodi dell'anno le tariffe possono variare molto, soprattutto vicino ai ponti e alle festivita.</p></div>
  <div class=""cpv-landing-card""><strong>Confronto rapido</strong><p>Valuta aeroporti maggiori e secondari per capire se un piccolo spostamento porta a un risparmio concreto.</p></div>
</div>
<h2>Domande frequenti sui voli per Dayong</h2>
<div class=""cpv-faq"">
  <details><summary>Qual e il modo migliore per cercare voli per Dayong?</summary><p>Confronta piu aeroporti italiani, prova date flessibili e verifica anche partenze infrasettimanali per migliorare le possibilita di risparmio.</p></details>
  <details><summary>Meglio volo diretto o con scalo?</summary><p>Per tratte medio-brevi il diretto e spesso la scelta piu comoda, mentre su alcune rotte uno scalo puo ridurre il prezzo finale.</p></details>
  <details><summary>Quando controllare i prezzi per Dayong?</summary><p>Vale la pena iniziare a monitorare la rotta in anticipo e verificare con regolarita i giorni piu vicini alla partenza ideale.</p></details>
</div>","Voli per citta|Voli intercontinentali",city,DYG,/voli-per/dayong/,"Voli per Dayong (DYG): offerte e guide | ConfrontaPrezziVoli","Trova voli per Dayong dai principali aeroporti italiani. Tariffe indicative da EUR 144 e consigli per scegliere il periodo migliore.","voli per Dayong",cities,"Mese tipicamente conveniente: giugno"
post,publish,"Voli per Dayton (DAY): offerte, compagnie e periodo migliore per prenotare",voli-per-dayton-day,"Confronta voli per Dayton dai principali aeroporti italiani. Scopri prezzi indicativi, compagnie e consigli utili per organizzare la partenza.","<div class=""cpv-landing-note"">
  <p><strong>Perche cercare voli per Dayton qui.</strong> Questa pagina raccoglie un quadro rapido delle partenze italiane piu interessanti per Dayton, con tariffe indicative e consigli per scegliere il periodo piu vantaggioso.</p>
</div>
<div class=""cpv-stat-grid"">
  <div class=""cpv-stat""><strong>EUR 154</strong><span>Prezzo indicativo da monitorare dalle principali aree aeroportuali italiane.</span></div>
  <div class=""cpv-stat""><strong>aprile</strong><span>Periodo spesso interessante per tenere sotto controllo la rotta.</span></div>
  <div class=""cpv-stat""><strong>9</strong><span>Aeroporti italiani prioritari da confrontare per questa destinazione.</span></div>
</div>
<h2>Offerte voli per Dayton</h2>
<p>Per trovare il miglior equilibrio tra prezzo, durata e comfort, conviene verificare piu aeroporti di partenza italiani e confrontare giorni feriali e weekend.</p>
<table>
  <thead>
    <tr><th>Partenza</th><th>Prezzo da</th><th>Durata indicativa</th><th>Mese da monitorare</th></tr>
  </thead>
  <tbody>
    <tr><td>Leonardo da Vinci-Fiumicino Airport (FCO)</td><td>EUR 126</td><td>6h 50</td><td>dicembre</td></tr><tr><td>Ciampino-G. B. Pastine International Airport (CIA)</td><td>EUR 86</td><td>7h 10</td><td>agosto</td></tr><tr><td>Milano Malpensa Airport (MXP)</td><td>EUR 149</td><td>7h 40</td><td>novembre</td></tr><tr><td>Orio al Serio International Airport (BGY)</td><td>EUR 51</td><td>9h 20</td><td>settembre</td></tr><tr><td>Milano Linate Airport (LIN)</td><td>EUR 146</td><td>7h 10</td><td>agosto</td></tr><tr><td>Naples International Airport (NAP)</td><td>EUR 95</td><td>3h 40</td><td>maggio</td></tr><tr><td>Venice Marco Polo Airport (VCE)</td><td>EUR 95</td><td>8h 40</td><td>maggio</td></tr><tr><td>Catania-Fontanarossa Airport (CTA)</td><td>EUR 145</td><td>5h 00</td><td>luglio</td></tr><tr><td>Guglielmo Marconi Airport (BLQ)</td><td>EUR 57</td><td>10h 20</td><td>marzo</td></tr>
  </tbody>
</table>
<h2>Aeroporti italiani da cui conviene partire</h2>
<div class=""cpv-chip-list""><span class=""cpv-chip"">Leonardo da Vinci-Fiumicino Airport</span><span class=""cpv-chip"">Ciampino-G. B. Pastine International Airport</span><span class=""cpv-chip"">Milano Malpensa Airport</span><span class=""cpv-chip"">Orio al Serio International Airport</span><span class=""cpv-chip"">Milano Linate Airport</span><span class=""cpv-chip"">Naples International Airport</span></div>
<div class=""cpv-landing-grid"">
  <div class=""cpv-landing-card""><strong>City break</strong><p>Se Dayton e una meta urbana, le partenze del venerdi e del sabato sono spesso le piu monitorate.</p></div>
  <div class=""cpv-landing-card""><strong>Viaggi stagionali</strong><p>In alcuni periodi dell'anno le tariffe possono variare molto, soprattutto vicino ai ponti e alle festivita.</p></div>
  <div class=""cpv-landing-card""><strong>Confronto rapido</strong><p>Valuta aeroporti maggiori e secondari per capire se un piccolo spostamento porta a un risparmio concreto.</p></div>
</div>
<h2>Domande frequenti sui voli per Dayton</h2>
<div class=""cpv-faq"">
  <details><summary>Qual e il modo migliore per cercare voli per Dayton?</summary><p>Confronta piu aeroporti italiani, prova date flessibili e verifica anche partenze infrasettimanali per migliorare le possibilita di risparmio.</p></details>
  <details><summary>Meglio volo diretto o con scalo?</summary><p>Per tratte medio-brevi il diretto e spesso la scelta piu comoda, mentre su alcune rotte uno scalo puo ridurre il prezzo finale.</p></details>
  <details><summary>Quando controllare i prezzi per Dayton?</summary><p>Vale la pena iniziare a monitorare la rotta in anticipo e verificare con regolarita i giorni piu vicini alla partenza ideale.</p></details>
</div>","Voli per citta|Voli intercontinentali",city,DAY,/voli-per/dayton/,"Voli per Dayton (DAY): offerte e guide | ConfrontaPrezziVoli","Trova voli per Dayton dai principali aeroporti italiani. Tariffe indicative da EUR 154 e consigli per scegliere il periodo migliore.","voli per Dayton",cities,"Mese tipicamente conveniente: aprile"
post,publish,"Voli per Daytona Beach (DAB): offerte, compagnie e periodo migliore per prenotare",voli-per-daytona-beach-dab,"Confronta voli per Daytona Beach dai principali aeroporti italiani. Scopri prezzi indicativi, compagnie e consigli utili per organizzare la partenza.","<div class=""cpv-landing-note"">
  <p><strong>Perche cercare voli per Daytona Beach qui.</strong> Questa pagina raccoglie un quadro rapido delle partenze italiane piu interessanti per Daytona Beach, con tariffe indicative e consigli per scegliere il periodo piu vantaggioso.</p>
</div>
<div class=""cpv-stat-grid"">
  <div class=""cpv-stat""><strong>EUR 122</strong><span>Prezzo indicativo da monitorare dalle principali aree aeroportuali italiane.</span></div>
  <div class=""cpv-stat""><strong>agosto</strong><span>Periodo spesso interessante per tenere sotto controllo la rotta.</span></div>
  <div class=""cpv-stat""><strong>9</strong><span>Aeroporti italiani prioritari da confrontare per questa destinazione.</span></div>
</div>
<h2>Offerte voli per Daytona Beach</h2>
<p>Per trovare il miglior equilibrio tra prezzo, durata e comfort, conviene verificare piu aeroporti di partenza italiani e confrontare giorni feriali e weekend.</p>
<table>
  <thead>
    <tr><th>Partenza</th><th>Prezzo da</th><th>Durata indicativa</th><th>Mese da monitorare</th></tr>
  </thead>
  <tbody>
    <tr><td>Leonardo da Vinci-Fiumicino Airport (FCO)</td><td>EUR 46</td><td>4h 30</td><td>aprile</td></tr><tr><td>Ciampino-G. B. Pastine International Airport (CIA)</td><td>EUR 174</td><td>5h 50</td><td>dicembre</td></tr><tr><td>Milano Malpensa Airport (MXP)</td><td>EUR 41</td><td>2h 40</td><td>novembre</td></tr><tr><td>Orio al Serio International Airport (BGY)</td><td>EUR 159</td><td>10h 20</td><td>settembre</td></tr><tr><td>Milano Linate Airport (LIN)</td><td>EUR 26</td><td>7h 10</td><td>agosto</td></tr><tr><td>Naples International Airport (NAP)</td><td>EUR 131</td><td>4h 40</td><td>maggio</td></tr><tr><td>Venice Marco Polo Airport (VCE)</td><td>EUR 123</td><td>7h 20</td><td>settembre</td></tr><tr><td>Catania-Fontanarossa Airport (CTA)</td><td>EUR 33</td><td>3h 20</td><td>marzo</td></tr><tr><td>Guglielmo Marconi Airport (BLQ)</td><td>EUR 133</td><td>3h 00</td><td>luglio</td></tr>
  </tbody>
</table>
<h2>Aeroporti italiani da cui conviene partire</h2>
<div class=""cpv-chip-list""><span class=""cpv-chip"">Leonardo da Vinci-Fiumicino Airport</span><span class=""cpv-chip"">Ciampino-G. B. Pastine International Airport</span><span class=""cpv-chip"">Milano Malpensa Airport</span><span class=""cpv-chip"">Orio al Serio International Airport</span><span class=""cpv-chip"">Milano Linate Airport</span><span class=""cpv-chip"">Naples International Airport</span></div>
<div class=""cpv-landing-grid"">
  <div class=""cpv-landing-card""><strong>City break</strong><p>Se Daytona Beach e una meta urbana, le partenze del venerdi e del sabato sono spesso le piu monitorate.</p></div>
  <div class=""cpv-landing-card""><strong>Viaggi stagionali</strong><p>In alcuni periodi dell'anno le tariffe possono variare molto, soprattutto vicino ai ponti e alle festivita.</p></div>
  <div class=""cpv-landing-card""><strong>Confronto rapido</strong><p>Valuta aeroporti maggiori e secondari per capire se un piccolo spostamento porta a un risparmio concreto.</p></div>
</div>
<h2>Domande frequenti sui voli per Daytona Beach</h2>
<div class=""cpv-faq"">
  <details><summary>Qual e il modo migliore per cercare voli per Daytona Beach?</summary><p>Confronta piu aeroporti italiani, prova date flessibili e verifica anche partenze infrasettimanali per migliorare le possibilita di risparmio.</p></details>
  <details><summary>Meglio volo diretto o con scalo?</summary><p>Per tratte medio-brevi il diretto e spesso la scelta piu comoda, mentre su alcune rotte uno scalo puo ridurre il prezzo finale.</p></details>
  <details><summary>Quando controllare i prezzi per Daytona Beach?</summary><p>Vale la pena iniziare a monitorare la rotta in anticipo e verificare con regolarita i giorni piu vicini alla partenza ideale.</p></details>
</div>","Voli per citta|Voli intercontinentali",city,DAB,/voli-per/daytona-beach/,"Voli per Daytona Beach (DAB): offerte e guide | ConfrontaPrezziVoli","Trova voli per Daytona Beach dai principali aeroporti italiani. Tariffe indicative da EUR 122 e consigli per scegliere il periodo migliore.","voli per Daytona Beach",cities,"Mese tipicamente conveniente: agosto"
post,publish,"Voli per Dazhou (DAX): offerte, compagnie e periodo migliore per prenotare",voli-per-dazhou-dax,"Confronta voli per Dazhou dai principali aeroporti italiani. Scopri prezzi indicativi, compagnie e consigli utili per organizzare la partenza.","<div class=""cpv-landing-note"">
  <p><strong>Perche cercare voli per Dazhou qui.</strong> Questa pagina raccoglie un quadro rapido delle partenze italiane piu interessanti per Dazhou, con tariffe indicative e consigli per scegliere il periodo piu vantaggioso.</p>
</div>
<div class=""cpv-stat-grid"">
  <div class=""cpv-stat""><strong>EUR 24</strong><span>Prezzo indicativo da monitorare dalle principali aree aeroportuali italiane.</span></div>
  <div class=""cpv-stat""><strong>giugno</strong><span>Periodo spesso interessante per tenere sotto controllo la rotta.</span></div>
  <div class=""cpv-stat""><strong>9</strong><span>Aeroporti italiani prioritari da confrontare per questa destinazione.</span></div>
</div>
<h2>Offerte voli per Dazhou</h2>
<p>Per trovare il miglior equilibrio tra prezzo, durata e comfort, conviene verificare piu aeroporti di partenza italiani e confrontare giorni feriali e weekend.</p>
<table>
  <thead>
    <tr><th>Partenza</th><th>Prezzo da</th><th>Durata indicativa</th><th>Mese da monitorare</th></tr>
  </thead>
  <tbody>
    <tr><td>Leonardo da Vinci-Fiumicino Airport (FCO)</td><td>EUR 60</td><td>9h 50</td><td>giugno</td></tr><tr><td>Ciampino-G. B. Pastine International Airport (CIA)</td><td>EUR 56</td><td>6h 10</td><td>febbraio</td></tr><tr><td>Milano Malpensa Airport (MXP)</td><td>EUR 51</td><td>4h 20</td><td>settembre</td></tr><tr><td>Orio al Serio International Airport (BGY)</td><td>EUR 165</td><td>4h 20</td><td>marzo</td></tr><tr><td>Milano Linate Airport (LIN)</td><td>EUR 116</td><td>11h 10</td><td>febbraio</td></tr><tr><td>Naples International Airport (NAP)</td><td>EUR 165</td><td>8h 20</td><td>marzo</td></tr><tr><td>Venice Marco Polo Airport (VCE)</td><td>EUR 49</td><td>5h 00</td><td>luglio</td></tr><tr><td>Catania-Fontanarossa Airport (CTA)</td><td>EUR 103</td><td>2h 00</td><td>gennaio</td></tr><tr><td>Guglielmo Marconi Airport (BLQ)</td><td>EUR 39</td><td>1h 20</td><td>settembre</td></tr>
  </tbody>
</table>
<h2>Aeroporti italiani da cui conviene partire</h2>
<div class=""cpv-chip-list""><span class=""cpv-chip"">Leonardo da Vinci-Fiumicino Airport</span><span class=""cpv-chip"">Ciampino-G. B. Pastine International Airport</span><span class=""cpv-chip"">Milano Malpensa Airport</span><span class=""cpv-chip"">Orio al Serio International Airport</span><span class=""cpv-chip"">Milano Linate Airport</span><span class=""cpv-chip"">Naples International Airport</span></div>
<div class=""cpv-landing-grid"">
  <div class=""cpv-landing-card""><strong>City break</strong><p>Se Dazhou e una meta urbana, le partenze del venerdi e del sabato sono spesso le piu monitorate.</p></div>
  <div class=""cpv-landing-card""><strong>Viaggi stagionali</strong><p>In alcuni periodi dell'anno le tariffe possono variare molto, soprattutto vicino ai ponti e alle festivita.</p></div>
  <div class=""cpv-landing-card""><strong>Confronto rapido</strong><p>Valuta aeroporti maggiori e secondari per capire se un piccolo spostamento porta a un risparmio concreto.</p></div>
</div>
<h2>Domande frequenti sui voli per Dazhou</h2>
<div class=""cpv-faq"">
  <details><summary>Qual e il modo migliore per cercare voli per Dazhou?</summary><p>Confronta piu aeroporti italiani, prova date flessibili e verifica anche partenze infrasettimanali per migliorare le possibilita di risparmio.</p></details>
  <details><summary>Meglio volo diretto o con scalo?</summary><p>Per tratte medio-brevi il diretto e spesso la scelta piu comoda, mentre su alcune rotte uno scalo puo ridurre il prezzo finale.</p></details>
  <details><summary>Quando controllare i prezzi per Dazhou?</summary><p>Vale la pena iniziare a monitorare la rotta in anticipo e verificare con regolarita i giorni piu vicini alla partenza ideale.</p></details>
</div>","Voli per citta|Voli intercontinentali",city,DAX,/voli-per/dazhou/,"Voli per Dazhou (DAX): offerte e guide | ConfrontaPrezziVoli","Trova voli per Dazhou dai principali aeroporti italiani. Tariffe indicative da EUR 24 e consigli per scegliere il periodo migliore.","voli per Dazhou",cities,"Mese tipicamente conveniente: giugno"
post,publish,"Voli per Deadmans Cay (LGI): offerte, compagnie e periodo migliore per prenotare",voli-per-deadmans-cay-lgi,"Confronta voli per Deadmans Cay dai principali aeroporti italiani. Scopri prezzi indicativi, compagnie e consigli utili per organizzare la partenza.","<div class=""cpv-landing-note"">
  <p><strong>Perche cercare voli per Deadmans Cay qui.</strong> Questa pagina raccoglie un quadro rapido delle partenze italiane piu interessanti per Deadmans Cay, con tariffe indicative e consigli per scegliere il periodo piu vantaggioso.</p>
</div>
<div class=""cpv-stat-grid"">
  <div class=""cpv-stat""><strong>EUR 144</strong><span>Prezzo indicativo da monitorare dalle principali aree aeroportuali italiane.</span></div>
  <div class=""cpv-stat""><strong>giugno</strong><span>Periodo spesso interessante per tenere sotto controllo la rotta.</span></div>
  <div class=""cpv-stat""><strong>9</strong><span>Aeroporti italiani prioritari da confrontare per questa destinazione.</span></div>
</div>
<h2>Offerte voli per Deadmans Cay</h2>
<p>Per trovare il miglior equilibrio tra prezzo, durata e comfort, conviene verificare piu aeroporti di partenza italiani e confrontare giorni feriali e weekend.</p>
<table>
  <thead>
    <tr><th>Partenza</th><th>Prezzo da</th><th>Durata indicativa</th><th>Mese da monitorare</th></tr>
  </thead>
  <tbody>
    <tr><td>Leonardo da Vinci-Fiumicino Airport (FCO)</td><td>EUR 84</td><td>2h 50</td><td>giugno</td></tr><tr><td>Ciampino-G. B. Pastine International Airport (CIA)</td><td>EUR 60</td><td>2h 50</td><td>giugno</td></tr><tr><td>Milano Malpensa Airport (MXP)</td><td>EUR 159</td><td>8h 20</td><td>settembre</td></tr><tr><td>Orio al Serio International Airport (BGY)</td><td>EUR 189</td><td>9h 20</td><td>marzo</td></tr><tr><td>Milano Linate Airport (LIN)</td><td>EUR 68</td><td>1h 10</td><td>febbraio</td></tr><tr><td>Naples International Airport (NAP)</td><td>EUR 57</td><td>1h 20</td><td>marzo</td></tr><tr><td>Venice Marco Polo Airport (VCE)</td><td>EUR 89</td><td>1h 40</td><td>novembre</td></tr><tr><td>Catania-Fontanarossa Airport (CTA)</td><td>EUR 23</td><td>4h 40</td><td>maggio</td></tr><tr><td>Guglielmo Marconi Airport (BLQ)</td><td>EUR 179</td><td>10h 40</td><td>maggio</td></tr>
  </tbody>
</table>
<h2>Aeroporti italiani da cui conviene partire</h2>
<div class=""cpv-chip-list""><span class=""cpv-chip"">Leonardo da Vinci-Fiumicino Airport</span><span class=""cpv-chip"">Ciampino-G. B. Pastine International Airport</span><span class=""cpv-chip"">Milano Malpensa Airport</span><span class=""cpv-chip"">Orio al Serio International Airport</span><span class=""cpv-chip"">Milano Linate Airport</span><span class=""cpv-chip"">Naples International Airport</span></div>
<div class=""cpv-landing-grid"">
  <div class=""cpv-landing-card""><strong>City break</strong><p>Se Deadmans Cay e una meta urbana, le partenze del venerdi e del sabato sono spesso le piu monitorate.</p></div>
  <div class=""cpv-landing-card""><strong>Viaggi stagionali</strong><p>In alcuni periodi dell'anno le tariffe possono variare molto, soprattutto vicino ai ponti e alle festivita.</p></div>
  <div class=""cpv-landing-card""><strong>Confronto rapido</strong><p>Valuta aeroporti maggiori e secondari per capire se un piccolo spostamento porta a un risparmio concreto.</p></div>
</div>
<h2>Domande frequenti sui voli per Deadmans Cay</h2>
<div class=""cpv-faq"">
  <details><summary>Qual e il modo migliore per cercare voli per Deadmans Cay?</summary><p>Confronta piu aeroporti italiani, prova date flessibili e verifica anche partenze infrasettimanali per migliorare le possibilita di risparmio.</p></details>
  <details><summary>Meglio volo diretto o con scalo?</summary><p>Per tratte medio-brevi il diretto e spesso la scelta piu comoda, mentre su alcune rotte uno scalo puo ridurre il prezzo finale.</p></details>
  <details><summary>Quando controllare i prezzi per Deadmans Cay?</summary><p>Vale la pena iniziare a monitorare la rotta in anticipo e verificare con regolarita i giorni piu vicini alla partenza ideale.</p></details>
</div>","Voli per citta|Voli intercontinentali",city,LGI,/voli-per/deadmans-cay/,"Voli per Deadmans Cay (LGI): offerte e guide | ConfrontaPrezziVoli","Trova voli per Deadmans Cay dai principali aeroporti italiani. Tariffe indicative da EUR 144 e consigli per scegliere il periodo migliore.","voli per Deadmans Cay",cities,"Mese tipicamente conveniente: giugno"
post,publish,"Voli per Deauville (DOL): offerte, compagnie e periodo migliore per prenotare",voli-per-deauville-dol,"Confronta voli per Deauville dai principali aeroporti italiani. Scopri prezzi indicativi, compagnie e consigli utili per organizzare la partenza.","<div class=""cpv-landing-note"">
  <p><strong>Perche cercare voli per Deauville qui.</strong> Questa pagina raccoglie un quadro rapido delle partenze italiane piu interessanti per Deauville, con tariffe indicative e consigli per scegliere il periodo piu vantaggioso.</p>
</div>
<div class=""cpv-stat-grid"">
  <div class=""cpv-stat""><strong>EUR 197</strong><span>Prezzo indicativo da monitorare dalle principali aree aeroportuali italiane.</span></div>
  <div class=""cpv-stat""><strong>novembre</strong><span>Periodo spesso interessante per tenere sotto controllo la rotta.</span></div>
  <div class=""cpv-stat""><strong>9</strong><span>Aeroporti italiani prioritari da confrontare per questa destinazione.</span></div>
</div>
<h2>Offerte voli per Deauville</h2>
<p>Per trovare il miglior equilibrio tra prezzo, durata e comfort, conviene verificare piu aeroporti di partenza italiani e confrontare giorni feriali e weekend.</p>
<table>
  <thead>
    <tr><th>Partenza</th><th>Prezzo da</th><th>Durata indicativa</th><th>Mese da monitorare</th></tr>
  </thead>
  <tbody>
    <tr><td>Leonardo da Vinci-Fiumicino Airport (FCO)</td><td>EUR 177</td><td>11h 20</td><td>marzo</td></tr><tr><td>Ciampino-G. B. Pastine International Airport (CIA)</td><td>EUR 129</td><td>5h 20</td><td>marzo</td></tr><tr><td>Milano Malpensa Airport (MXP)</td><td>EUR 26</td><td>11h 10</td><td>agosto</td></tr><tr><td>Orio al Serio International Airport (BGY)</td><td>EUR 124</td><td>6h 30</td><td>ottobre</td></tr><tr><td>Milano Linate Airport (LIN)</td><td>EUR 61</td><td>6h 00</td><td>luglio</td></tr><tr><td>Naples International Airport (NAP)</td><td>EUR 80</td><td>2h 10</td><td>febbraio</td></tr><tr><td>Venice Marco Polo Airport (VCE)</td><td>EUR 56</td><td>6h 10</td><td>febbraio</td></tr><tr><td>Catania-Fontanarossa Airport (CTA)</td><td>EUR 170</td><td>11h 10</td><td>agosto</td></tr><tr><td>Guglielmo Marconi Airport (BLQ)</td><td>EUR 186</td><td>1h 50</td><td>dicembre</td></tr>
  </tbody>
</table>
<h2>Aeroporti italiani da cui conviene partire</h2>
<div class=""cpv-chip-list""><span class=""cpv-chip"">Leonardo da Vinci-Fiumicino Airport</span><span class=""cpv-chip"">Ciampino-G. B. Pastine International Airport</span><span class=""cpv-chip"">Milano Malpensa Airport</span><span class=""cpv-chip"">Orio al Serio International Airport</span><span class=""cpv-chip"">Milano Linate Airport</span><span class=""cpv-chip"">Naples International Airport</span></div>
<div class=""cpv-landing-grid"">
  <div class=""cpv-landing-card""><strong>City break</strong><p>Se Deauville e una meta urbana, le partenze del venerdi e del sabato sono spesso le piu monitorate.</p></div>
  <div class=""cpv-landing-card""><strong>Viaggi stagionali</strong><p>In alcuni periodi dell'anno le tariffe possono variare molto, soprattutto vicino ai ponti e alle festivita.</p></div>
  <div class=""cpv-landing-card""><strong>Confronto rapido</strong><p>Valuta aeroporti maggiori e secondari per capire se un piccolo spostamento porta a un risparmio concreto.</p></div>
</div>
<h2>Domande frequenti sui voli per Deauville</h2>
<div class=""cpv-faq"">
  <details><summary>Qual e il modo migliore per cercare voli per Deauville?</summary><p>Confronta piu aeroporti italiani, prova date flessibili e verifica anche partenze infrasettimanali per migliorare le possibilita di risparmio.</p></details>
  <details><summary>Meglio volo diretto o con scalo?</summary><p>Per tratte medio-brevi il diretto e spesso la scelta piu comoda, mentre su alcune rotte uno scalo puo ridurre il prezzo finale.</p></details>
  <details><summary>Quando controllare i prezzi per Deauville?</summary><p>Vale la pena iniziare a monitorare la rotta in anticipo e verificare con regolarita i giorni piu vicini alla partenza ideale.</p></details>
</div>","Voli per citta|Voli in Europa",city,DOL,/voli-per/deauville/,"Voli per Deauville (DOL): offerte e guide | ConfrontaPrezziVoli","Trova voli per Deauville dai principali aeroporti italiani. Tariffe indicative da EUR 197 e consigli per scegliere il periodo migliore.","voli per Deauville",cities,"Mese tipicamente conveniente: novembre"
post,publish,"Voli per Debrecen (DEB): offerte, compagnie e periodo migliore per prenotare",voli-per-debrecen-deb,"Confronta voli per Debrecen dai principali aeroporti italiani. Scopri prezzi indicativi, compagnie e consigli utili per organizzare la partenza.","<div class=""cpv-landing-note"">
  <p><strong>Perche cercare voli per Debrecen qui.</strong> Questa pagina raccoglie un quadro rapido delle partenze italiane piu interessanti per Debrecen, con tariffe indicative e consigli per scegliere il periodo piu vantaggioso.</p>
</div>
<div class=""cpv-stat-grid"">
  <div class=""cpv-stat""><strong>EUR 142</strong><span>Prezzo indicativo da monitorare dalle principali aree aeroportuali italiane.</span></div>
  <div class=""cpv-stat""><strong>aprile</strong><span>Periodo spesso interessante per tenere sotto controllo la rotta.</span></div>
  <div class=""cpv-stat""><strong>9</strong><span>Aeroporti italiani prioritari da confrontare per questa destinazione.</span></div>
</div>
<h2>Offerte voli per Debrecen</h2>
<p>Per trovare il miglior equilibrio tra prezzo, durata e comfort, conviene verificare piu aeroporti di partenza italiani e confrontare giorni feriali e weekend.</p>
<table>
  <thead>
    <tr><th>Partenza</th><th>Prezzo da</th><th>Durata indicativa</th><th>Mese da monitorare</th></tr>
  </thead>
  <tbody>
    <tr><td>Leonardo da Vinci-Fiumicino Airport (FCO)</td><td>EUR 162</td><td>8h 50</td><td>dicembre</td></tr><tr><td>Ciampino-G. B. Pastine International Airport (CIA)</td><td>EUR 34</td><td>6h 30</td><td>aprile</td></tr><tr><td>Milano Malpensa Airport (MXP)</td><td>EUR 101</td><td>9h 40</td><td>novembre</td></tr><tr><td>Orio al Serio International Airport (BGY)</td><td>EUR 39</td><td>3h 20</td><td>settembre</td></tr><tr><td>Milano Linate Airport (LIN)</td><td>EUR 34</td><td>7h 30</td><td>aprile</td></tr><tr><td>Naples International Airport (NAP)</td><td>EUR 195</td><td>10h 20</td><td>settembre</td></tr><tr><td>Venice Marco Polo Airport (VCE)</td><td>EUR 95</td><td>5h 40</td><td>maggio</td></tr><tr><td>Catania-Fontanarossa Airport (CTA)</td><td>EUR 153</td><td>4h 20</td><td>marzo</td></tr><tr><td>Guglielmo Marconi Airport (BLQ)</td><td>EUR 25</td><td>7h 00</td><td>luglio</td></tr>
  </tbody>
</table>
<h2>Aeroporti italiani da cui conviene partire</h2>
<div class=""cpv-chip-list""><span class=""cpv-chip"">Leonardo da Vinci-Fiumicino Airport</span><span class=""cpv-chip"">Ciampino-G. B. Pastine International Airport</span><span class=""cpv-chip"">Milano Malpensa Airport</span><span class=""cpv-chip"">Orio al Serio International Airport</span><span class=""cpv-chip"">Milano Linate Airport</span><span class=""cpv-chip"">Naples International Airport</span></div>
<div class=""cpv-landing-grid"">
  <div class=""cpv-landing-card""><strong>City break</strong><p>Se Debrecen e una meta urbana, le partenze del venerdi e del sabato sono spesso le piu monitorate.</p></div>
  <div class=""cpv-landing-card""><strong>Viaggi stagionali</strong><p>In alcuni periodi dell'anno le tariffe possono variare molto, soprattutto vicino ai ponti e alle festivita.</p></div>
  <div class=""cpv-landing-card""><strong>Confronto rapido</strong><p>Valuta aeroporti maggiori e secondari per capire se un piccolo spostamento porta a un risparmio concreto.</p></div>
</div>
<h2>Domande frequenti sui voli per Debrecen</h2>
<div class=""cpv-faq"">
  <details><summary>Qual e il modo migliore per cercare voli per Debrecen?</summary><p>Confronta piu aeroporti italiani, prova date flessibili e verifica anche partenze infrasettimanali per migliorare le possibilita di risparmio.</p></details>
  <details><summary>Meglio volo diretto o con scalo?</summary><p>Per tratte medio-brevi il diretto e spesso la scelta piu comoda, mentre su alcune rotte uno scalo puo ridurre il prezzo finale.</p></details>
  <details><summary>Quando controllare i prezzi per Debrecen?</summary><p>Vale la pena iniziare a monitorare la rotta in anticipo e verificare con regolarita i giorni piu vicini alla partenza ideale.</p></details>
</div>","Voli per citta|Voli in Europa",city,DEB,/voli-per/debrecen/,"Voli per Debrecen (DEB): offerte e guide | ConfrontaPrezziVoli","Trova voli per Debrecen dai principali aeroporti italiani. Tariffe indicative da EUR 142 e consigli per scegliere il periodo migliore.","voli per Debrecen",cities,"Mese tipicamente conveniente: aprile"
post,publish,"Voli per Decatur (DEC): offerte, compagnie e periodo migliore per prenotare",voli-per-decatur-dec,"Confronta voli per Decatur dai principali aeroporti italiani. Scopri prezzi indicativi, compagnie e consigli utili per organizzare la partenza.","<div class=""cpv-landing-note"">
  <p><strong>Perche cercare voli per Decatur qui.</strong> Questa pagina raccoglie un quadro rapido delle partenze italiane piu interessanti per Decatur, con tariffe indicative e consigli per scegliere il periodo piu vantaggioso.</p>
</div>
<div class=""cpv-stat-grid"">
  <div class=""cpv-stat""><strong>EUR 32</strong><span>Prezzo indicativo da monitorare dalle principali aree aeroportuali italiane.</span></div>
  <div class=""cpv-stat""><strong>febbraio</strong><span>Periodo spesso interessante per tenere sotto controllo la rotta.</span></div>
  <div class=""cpv-stat""><strong>9</strong><span>Aeroporti italiani prioritari da confrontare per questa destinazione.</span></div>
</div>
<h2>Offerte voli per Decatur</h2>
<p>Per trovare il miglior equilibrio tra prezzo, durata e comfort, conviene verificare piu aeroporti di partenza italiani e confrontare giorni feriali e weekend.</p>
<table>
  <thead>
    <tr><th>Partenza</th><th>Prezzo da</th><th>Durata indicativa</th><th>Mese da monitorare</th></tr>
  </thead>
  <tbody>
    <tr><td>Leonardo da Vinci-Fiumicino Airport (FCO)</td><td>EUR 48</td><td>4h 50</td><td>giugno</td></tr><tr><td>Ciampino-G. B. Pastine International Airport (CIA)</td><td>EUR 112</td><td>6h 30</td><td>ottobre</td></tr><tr><td>Milano Malpensa Airport (MXP)</td><td>EUR 107</td><td>5h 40</td><td>maggio</td></tr><tr><td>Orio al Serio International Airport (BGY)</td><td>EUR 105</td><td>2h 20</td><td>marzo</td></tr><tr><td>Milano Linate Airport (LIN)</td><td>EUR 120</td><td>4h 50</td><td>giugno</td></tr><tr><td>Naples International Airport (NAP)</td><td>EUR 117</td><td>3h 20</td><td>marzo</td></tr><tr><td>Venice Marco Polo Airport (VCE)</td><td>EUR 145</td><td>11h 00</td><td>luglio</td></tr><tr><td>Catania-Fontanarossa Airport (CTA)</td><td>EUR 143</td><td>5h 40</td><td>maggio</td></tr><tr><td>Guglielmo Marconi Airport (BLQ)</td><td>EUR 119</td><td>5h 40</td><td>maggio</td></tr>
  </tbody>
</table>
<h2>Aeroporti italiani da cui conviene partire</h2>
<div class=""cpv-chip-list""><span class=""cpv-chip"">Leonardo da Vinci-Fiumicino Airport</span><span class=""cpv-chip"">Ciampino-G. B. Pastine International Airport</span><span class=""cpv-chip"">Milano Malpensa Airport</span><span class=""cpv-chip"">Orio al Serio International Airport</span><span class=""cpv-chip"">Milano Linate Airport</span><span class=""cpv-chip"">Naples International Airport</span></div>
<div class=""cpv-landing-grid"">
  <div class=""cpv-landing-card""><strong>City break</strong><p>Se Decatur e una meta urbana, le partenze del venerdi e del sabato sono spesso le piu monitorate.</p></div>
  <div class=""cpv-landing-card""><strong>Viaggi stagionali</strong><p>In alcuni periodi dell'anno le tariffe possono variare molto, soprattutto vicino ai ponti e alle festivita.</p></div>
  <div class=""cpv-landing-card""><strong>Confronto rapido</strong><p>Valuta aeroporti maggiori e secondari per capire se un piccolo spostamento porta a un risparmio concreto.</p></div>
</div>
<h2>Domande frequenti sui voli per Decatur</h2>
<div class=""cpv-faq"">
  <details><summary>Qual e il modo migliore per cercare voli per Decatur?</summary><p>Confronta piu aeroporti italiani, prova date flessibili e verifica anche partenze infrasettimanali per migliorare le possibilita di risparmio.</p></details>
  <details><summary>Meglio volo diretto o con scalo?</summary><p>Per tratte medio-brevi il diretto e spesso la scelta piu comoda, mentre su alcune rotte uno scalo puo ridurre il prezzo finale.</p></details>
  <details><summary>Quando controllare i prezzi per Decatur?</summary><p>Vale la pena iniziare a monitorare la rotta in anticipo e verificare con regolarita i giorni piu vicini alla partenza ideale.</p></details>
</div>","Voli per citta|Voli intercontinentali",city,DEC,/voli-per/decatur/,"Voli per Decatur (DEC): offerte e guide | ConfrontaPrezziVoli","Trova voli per Decatur dai principali aeroporti italiani. Tariffe indicative da EUR 32 e consigli per scegliere il periodo migliore.","voli per Decatur",cities,"Mese tipicamente conveniente: febbraio"
post,publish,"Voli per Deer Lake (YDF): offerte, compagnie e periodo migliore per prenotare",voli-per-deer-lake-ydf,"Confronta voli per Deer Lake dai principali aeroporti italiani. Scopri prezzi indicativi, compagnie e consigli utili per organizzare la partenza.","<div class=""cpv-landing-note"">
  <p><strong>Perche cercare voli per Deer Lake qui.</strong> Questa pagina raccoglie un quadro rapido delle partenze italiane piu interessanti per Deer Lake, con tariffe indicative e consigli per scegliere il periodo piu vantaggioso.</p>
</div>
<div class=""cpv-stat-grid"">
  <div class=""cpv-stat""><strong>EUR 19</strong><span>Prezzo indicativo da monitorare dalle principali aree aeroportuali italiane.</span></div>
  <div class=""cpv-stat""><strong>gennaio</strong><span>Periodo spesso interessante per tenere sotto controllo la rotta.</span></div>
  <div class=""cpv-stat""><strong>9</strong><span>Aeroporti italiani prioritari da confrontare per questa destinazione.</span></div>
</div>
<h2>Offerte voli per Deer Lake</h2>
<p>Per trovare il miglior equilibrio tra prezzo, durata e comfort, conviene verificare piu aeroporti di partenza italiani e confrontare giorni feriali e weekend.</p>
<table>
  <thead>
    <tr><th>Partenza</th><th>Prezzo da</th><th>Durata indicativa</th><th>Mese da monitorare</th></tr>
  </thead>
  <tbody>
    <tr><td>Leonardo da Vinci-Fiumicino Airport (FCO)</td><td>EUR 147</td><td>1h 20</td><td>settembre</td></tr><tr><td>Ciampino-G. B. Pastine International Airport (CIA)</td><td>EUR 179</td><td>2h 40</td><td>maggio</td></tr><tr><td>Milano Malpensa Airport (MXP)</td><td>EUR 20</td><td>10h 10</td><td>febbraio</td></tr><tr><td>Orio al Serio International Airport (BGY)</td><td>EUR 154</td><td>3h 30</td><td>aprile</td></tr><tr><td>Milano Linate Airport (LIN)</td><td>EUR 43</td><td>2h 00</td><td>gennaio</td></tr><tr><td>Naples International Airport (NAP)</td><td>EUR 86</td><td>10h 10</td><td>agosto</td></tr><tr><td>Venice Marco Polo Airport (VCE)</td><td>EUR 66</td><td>10h 50</td><td>dicembre</td></tr><tr><td>Catania-Fontanarossa Airport (CTA)</td><td>EUR 108</td><td>6h 50</td><td>giugno</td></tr><tr><td>Guglielmo Marconi Airport (BLQ)</td><td>EUR 24</td><td>11h 50</td><td>giugno</td></tr>
  </tbody>
</table>
<h2>Aeroporti italiani da cui conviene partire</h2>
<div class=""cpv-chip-list""><span class=""cpv-chip"">Leonardo da Vinci-Fiumicino Airport</span><span class=""cpv-chip"">Ciampino-G. B. Pastine International Airport</span><span class=""cpv-chip"">Milano Malpensa Airport</span><span class=""cpv-chip"">Orio al Serio International Airport</span><span class=""cpv-chip"">Milano Linate Airport</span><span class=""cpv-chip"">Naples International Airport</span></div>
<div class=""cpv-landing-grid"">
  <div class=""cpv-landing-card""><strong>City break</strong><p>Se Deer Lake e una meta urbana, le partenze del venerdi e del sabato sono spesso le piu monitorate.</p></div>
  <div class=""cpv-landing-card""><strong>Viaggi stagionali</strong><p>In alcuni periodi dell'anno le tariffe possono variare molto, soprattutto vicino ai ponti e alle festivita.</p></div>
  <div class=""cpv-landing-card""><strong>Confronto rapido</strong><p>Valuta aeroporti maggiori e secondari per capire se un piccolo spostamento porta a un risparmio concreto.</p></div>
</div>
<h2>Domande frequenti sui voli per Deer Lake</h2>
<div class=""cpv-faq"">
  <details><summary>Qual e il modo migliore per cercare voli per Deer Lake?</summary><p>Confronta piu aeroporti italiani, prova date flessibili e verifica anche partenze infrasettimanali per migliorare le possibilita di risparmio.</p></details>
  <details><summary>Meglio volo diretto o con scalo?</summary><p>Per tratte medio-brevi il diretto e spesso la scelta piu comoda, mentre su alcune rotte uno scalo puo ridurre il prezzo finale.</p></details>
  <details><summary>Quando controllare i prezzi per Deer Lake?</summary><p>Vale la pena iniziare a monitorare la rotta in anticipo e verificare con regolarita i giorni piu vicini alla partenza ideale.</p></details>
</div>","Voli per citta|Voli intercontinentali",city,YDF,/voli-per/deer-lake/,"Voli per Deer Lake (YDF): offerte e guide | ConfrontaPrezziVoli","Trova voli per Deer Lake dai principali aeroporti italiani. Tariffe indicative da EUR 19 e consigli per scegliere il periodo migliore.","voli per Deer Lake",cities,"Mese tipicamente conveniente: gennaio"
post,publish,"Voli per Deering (DRG): offerte, compagnie e periodo migliore per prenotare",voli-per-deering-drg,"Confronta voli per Deering dai principali aeroporti italiani. Scopri prezzi indicativi, compagnie e consigli utili per organizzare la partenza.","<div class=""cpv-landing-note"">
  <p><strong>Perche cercare voli per Deering qui.</strong> Questa pagina raccoglie un quadro rapido delle partenze italiane piu interessanti per Deering, con tariffe indicative e consigli per scegliere il periodo piu vantaggioso.</p>
</div>
<div class=""cpv-stat-grid"">
  <div class=""cpv-stat""><strong>EUR 73</strong><span>Prezzo indicativo da monitorare dalle principali aree aeroportuali italiane.</span></div>
  <div class=""cpv-stat""><strong>luglio</strong><span>Periodo spesso interessante per tenere sotto controllo la rotta.</span></div>
  <div class=""cpv-stat""><strong>9</strong><span>Aeroporti italiani prioritari da confrontare per questa destinazione.</span></div>
</div>
<h2>Offerte voli per Deering</h2>
<p>Per trovare il miglior equilibrio tra prezzo, durata e comfort, conviene verificare piu aeroporti di partenza italiani e confrontare giorni feriali e weekend.</p>
<table>
  <thead>
    <tr><th>Partenza</th><th>Prezzo da</th><th>Durata indicativa</th><th>Mese da monitorare</th></tr>
  </thead>
  <tbody>
    <tr><td>Leonardo da Vinci-Fiumicino Airport (FCO)</td><td>EUR 33</td><td>7h 20</td><td>marzo</td></tr><tr><td>Ciampino-G. B. Pastine International Airport (CIA)</td><td>EUR 129</td><td>4h 20</td><td>marzo</td></tr><tr><td>Milano Malpensa Airport (MXP)</td><td>EUR 130</td><td>7h 30</td><td>aprile</td></tr><tr><td>Orio al Serio International Airport (BGY)</td><td>EUR 156</td><td>4h 50</td><td>giugno</td></tr><tr><td>Milano Linate Airport (LIN)</td><td>EUR 25</td><td>8h 00</td><td>luglio</td></tr><tr><td>Naples International Airport (NAP)</td><td>EUR 140</td><td>5h 10</td><td>febbraio</td></tr><tr><td>Venice Marco Polo Airport (VCE)</td><td>EUR 180</td><td>8h 50</td><td>giugno</td></tr><tr><td>Catania-Fontanarossa Airport (CTA)</td><td>EUR 166</td><td>10h 30</td><td>aprile</td></tr><tr><td>Guglielmo Marconi Airport (BLQ)</td><td>EUR 154</td><td>10h 30</td><td>aprile</td></tr>
  </tbody>
</table>
<h2>Aeroporti italiani da cui conviene partire</h2>
<div class=""cpv-chip-list""><span class=""cpv-chip"">Leonardo da Vinci-Fiumicino Airport</span><span class=""cpv-chip"">Ciampino-G. B. Pastine International Airport</span><span class=""cpv-chip"">Milano Malpensa Airport</span><span class=""cpv-chip"">Orio al Serio International Airport</span><span class=""cpv-chip"">Milano Linate Airport</span><span class=""cpv-chip"">Naples International Airport</span></div>
<div class=""cpv-landing-grid"">
  <div class=""cpv-landing-card""><strong>City break</strong><p>Se Deering e una meta urbana, le partenze del venerdi e del sabato sono spesso le piu monitorate.</p></div>
  <div class=""cpv-landing-card""><strong>Viaggi stagionali</strong><p>In alcuni periodi dell'anno le tariffe possono variare molto, soprattutto vicino ai ponti e alle festivita.</p></div>
  <div class=""cpv-landing-card""><strong>Confronto rapido</strong><p>Valuta aeroporti maggiori e secondari per capire se un piccolo spostamento porta a un risparmio concreto.</p></div>
</div>
<h2>Domande frequenti sui voli per Deering</h2>
<div class=""cpv-faq"">
  <details><summary>Qual e il modo migliore per cercare voli per Deering?</summary><p>Confronta piu aeroporti italiani, prova date flessibili e verifica anche partenze infrasettimanali per migliorare le possibilita di risparmio.</p></details>
  <details><summary>Meglio volo diretto o con scalo?</summary><p>Per tratte medio-brevi il diretto e spesso la scelta piu comoda, mentre su alcune rotte uno scalo puo ridurre il prezzo finale.</p></details>
  <details><summary>Quando controllare i prezzi per Deering?</summary><p>Vale la pena iniziare a monitorare la rotta in anticipo e verificare con regolarita i giorni piu vicini alla partenza ideale.</p></details>
</div>","Voli per citta|Voli intercontinentali",city,DRG,/voli-per/deering/,"Voli per Deering (DRG): offerte e guide | ConfrontaPrezziVoli","Trova voli per Deering dai principali aeroporti italiani. Tariffe indicative da EUR 73 e consigli per scegliere il periodo migliore.","voli per Deering",cities,"Mese tipicamente conveniente: luglio"
post,publish,"Voli per Dehra Dun (DED): offerte, compagnie e periodo migliore per prenotare",voli-per-dehra-dun-ded,"Confronta voli per Dehra Dun dai principali aeroporti italiani. Scopri prezzi indicativi, compagnie e consigli utili per organizzare la partenza.","<div class=""cpv-landing-note"">
  <p><strong>Perche cercare voli per Dehra Dun qui.</strong> Questa pagina raccoglie un quadro rapido delle partenze italiane piu interessanti per Dehra Dun, con tariffe indicative e consigli per scegliere il periodo piu vantaggioso.</p>
</div>
<div class=""cpv-stat-grid"">
  <div class=""cpv-stat""><strong>EUR 137</strong><span>Prezzo indicativo da monitorare dalle principali aree aeroportuali italiane.</span></div>
  <div class=""cpv-stat""><strong>novembre</strong><span>Periodo spesso interessante per tenere sotto controllo la rotta.</span></div>
  <div class=""cpv-stat""><strong>9</strong><span>Aeroporti italiani prioritari da confrontare per questa destinazione.</span></div>
</div>
<h2>Offerte voli per Dehra Dun</h2>
<p>Per trovare il miglior equilibrio tra prezzo, durata e comfort, conviene verificare piu aeroporti di partenza italiani e confrontare giorni feriali e weekend.</p>
<table>
  <thead>
    <tr><th>Partenza</th><th>Prezzo da</th><th>Durata indicativa</th><th>Mese da monitorare</th></tr>
  </thead>
  <tbody>
    <tr><td>Leonardo da Vinci-Fiumicino Airport (FCO)</td><td>EUR 93</td><td>1h 20</td><td>marzo</td></tr><tr><td>Ciampino-G. B. Pastine International Airport (CIA)</td><td>EUR 97</td><td>4h 00</td><td>luglio</td></tr><tr><td>Milano Malpensa Airport (MXP)</td><td>EUR 54</td><td>5h 50</td><td>dicembre</td></tr><tr><td>Orio al Serio International Airport (BGY)</td><td>EUR 56</td><td>9h 10</td><td>febbraio</td></tr><tr><td>Milano Linate Airport (LIN)</td><td>EUR 89</td><td>6h 40</td><td>novembre</td></tr><tr><td>Naples International Airport (NAP)</td><td>EUR 68</td><td>9h 10</td><td>febbraio</td></tr><tr><td>Venice Marco Polo Airport (VCE)</td><td>EUR 164</td><td>10h 10</td><td>febbraio</td></tr><tr><td>Catania-Fontanarossa Airport (CTA)</td><td>EUR 102</td><td>8h 50</td><td>dicembre</td></tr><tr><td>Guglielmo Marconi Airport (BLQ)</td><td>EUR 158</td><td>9h 10</td><td>agosto</td></tr>
  </tbody>
</table>
<h2>Aeroporti italiani da cui conviene partire</h2>
<div class=""cpv-chip-list""><span class=""cpv-chip"">Leonardo da Vinci-Fiumicino Airport</span><span class=""cpv-chip"">Ciampino-G. B. Pastine International Airport</span><span class=""cpv-chip"">Milano Malpensa Airport</span><span class=""cpv-chip"">Orio al Serio International Airport</span><span class=""cpv-chip"">Milano Linate Airport</span><span class=""cpv-chip"">Naples International Airport</span></div>
<div class=""cpv-landing-grid"">
  <div class=""cpv-landing-card""><strong>City break</strong><p>Se Dehra Dun e una meta urbana, le partenze del venerdi e del sabato sono spesso le piu monitorate.</p></div>
  <div class=""cpv-landing-card""><strong>Viaggi stagionali</strong><p>In alcuni periodi dell'anno le tariffe possono variare molto, soprattutto vicino ai ponti e alle festivita.</p></div>
  <div class=""cpv-landing-card""><strong>Confronto rapido</strong><p>Valuta aeroporti maggiori e secondari per capire se un piccolo spostamento porta a un risparmio concreto.</p></div>
</div>
<h2>Domande frequenti sui voli per Dehra Dun</h2>
<div class=""cpv-faq"">
  <details><summary>Qual e il modo migliore per cercare voli per Dehra Dun?</summary><p>Confronta piu aeroporti italiani, prova date flessibili e verifica anche partenze infrasettimanali per migliorare le possibilita di risparmio.</p></details>
  <details><summary>Meglio volo diretto o con scalo?</summary><p>Per tratte medio-brevi il diretto e spesso la scelta piu comoda, mentre su alcune rotte uno scalo puo ridurre il prezzo finale.</p></details>
  <details><summary>Quando controllare i prezzi per Dehra Dun?</summary><p>Vale la pena iniziare a monitorare la rotta in anticipo e verificare con regolarita i giorni piu vicini alla partenza ideale.</p></details>
</div>","Voli per citta|Voli intercontinentali",city,DED,/voli-per/dehra-dun/,"Voli per Dehra Dun (DED): offerte e guide | ConfrontaPrezziVoli","Trova voli per Dehra Dun dai principali aeroporti italiani. Tariffe indicative da EUR 137 e consigli per scegliere il periodo migliore.","voli per Dehra Dun",cities,"Mese tipicamente conveniente: novembre"
post,publish,"Voli per Del Rio (DRT): offerte, compagnie e periodo migliore per prenotare",voli-per-del-rio-drt,"Confronta voli per Del Rio dai principali aeroporti italiani. Scopri prezzi indicativi, compagnie e consigli utili per organizzare la partenza.","<div class=""cpv-landing-note"">
  <p><strong>Perche cercare voli per Del Rio qui.</strong> Questa pagina raccoglie un quadro rapido delle partenze italiane piu interessanti per Del Rio, con tariffe indicative e consigli per scegliere il periodo piu vantaggioso.</p>
</div>
<div class=""cpv-stat-grid"">
  <div class=""cpv-stat""><strong>EUR 59</strong><span>Prezzo indicativo da monitorare dalle principali aree aeroportuali italiane.</span></div>
  <div class=""cpv-stat""><strong>maggio</strong><span>Periodo spesso interessante per tenere sotto controllo la rotta.</span></div>
  <div class=""cpv-stat""><strong>9</strong><span>Aeroporti italiani prioritari da confrontare per questa destinazione.</span></div>
</div>
<h2>Offerte voli per Del Rio</h2>
<p>Per trovare il miglior equilibrio tra prezzo, durata e comfort, conviene verificare piu aeroporti di partenza italiani e confrontare giorni feriali e weekend.</p>
<table>
  <thead>
    <tr><th>Partenza</th><th>Prezzo da</th><th>Durata indicativa</th><th>Mese da monitorare</th></tr>
  </thead>
  <tbody>
    <tr><td>Leonardo da Vinci-Fiumicino Airport (FCO)</td><td>EUR 51</td><td>5h 20</td><td>settembre</td></tr><tr><td>Ciampino-G. B. Pastine International Airport (CIA)</td><td>EUR 135</td><td>9h 20</td><td>settembre</td></tr><tr><td>Milano Malpensa Airport (MXP)</td><td>EUR 120</td><td>7h 50</td><td>giugno</td></tr><tr><td>Orio al Serio International Airport (BGY)</td><td>EUR 174</td><td>2h 50</td><td>dicembre</td></tr><tr><td>Milano Linate Airport (LIN)</td><td>EUR 183</td><td>9h 20</td><td>settembre</td></tr><tr><td>Naples International Airport (NAP)</td><td>EUR 126</td><td>8h 50</td><td>dicembre</td></tr><tr><td>Venice Marco Polo Airport (VCE)</td><td>EUR 126</td><td>3h 50</td><td>dicembre</td></tr><tr><td>Catania-Fontanarossa Airport (CTA)</td><td>EUR 116</td><td>1h 10</td><td>febbraio</td></tr><tr><td>Guglielmo Marconi Airport (BLQ)</td><td>EUR 192</td><td>10h 50</td><td>giugno</td></tr>
  </tbody>
</table>
<h2>Aeroporti italiani da cui conviene partire</h2>
<div class=""cpv-chip-list""><span class=""cpv-chip"">Leonardo da Vinci-Fiumicino Airport</span><span class=""cpv-chip"">Ciampino-G. B. Pastine International Airport</span><span class=""cpv-chip"">Milano Malpensa Airport</span><span class=""cpv-chip"">Orio al Serio International Airport</span><span class=""cpv-chip"">Milano Linate Airport</span><span class=""cpv-chip"">Naples International Airport</span></div>
<div class=""cpv-landing-grid"">
  <div class=""cpv-landing-card""><strong>City break</strong><p>Se Del Rio e una meta urbana, le partenze del venerdi e del sabato sono spesso le piu monitorate.</p></div>
  <div class=""cpv-landing-card""><strong>Viaggi stagionali</strong><p>In alcuni periodi dell'anno le tariffe possono variare molto, soprattutto vicino ai ponti e alle festivita.</p></div>
  <div class=""cpv-landing-card""><strong>Confronto rapido</strong><p>Valuta aeroporti maggiori e secondari per capire se un piccolo spostamento porta a un risparmio concreto.</p></div>
</div>
<h2>Domande frequenti sui voli per Del Rio</h2>
<div class=""cpv-faq"">
  <details><summary>Qual e il modo migliore per cercare voli per Del Rio?</summary><p>Confronta piu aeroporti italiani, prova date flessibili e verifica anche partenze infrasettimanali per migliorare le possibilita di risparmio.</p></details>
  <details><summary>Meglio volo diretto o con scalo?</summary><p>Per tratte medio-brevi il diretto e spesso la scelta piu comoda, mentre su alcune rotte uno scalo puo ridurre il prezzo finale.</p></details>
  <details><summary>Quando controllare i prezzi per Del Rio?</summary><p>Vale la pena iniziare a monitorare la rotta in anticipo e verificare con regolarita i giorni piu vicini alla partenza ideale.</p></details>
</div>","Voli per citta|Voli intercontinentali",city,DRT,/voli-per/del-rio/,"Voli per Del Rio (DRT): offerte e guide | ConfrontaPrezziVoli","Trova voli per Del Rio dai principali aeroporti italiani. Tariffe indicative da EUR 59 e consigli per scegliere il periodo migliore.","voli per Del Rio",cities,"Mese tipicamente conveniente: maggio"
post,publish,"Voli per Delhi (DEL): offerte, compagnie e periodo migliore per prenotare",voli-per-delhi-del,"Confronta voli per Delhi dai principali aeroporti italiani. Scopri prezzi indicativi, compagnie e consigli utili per organizzare la partenza.","<div class=""cpv-landing-note"">
  <p><strong>Perche cercare voli per Delhi qui.</strong> Questa pagina raccoglie un quadro rapido delle partenze italiane piu interessanti per Delhi, con tariffe indicative e consigli per scegliere il periodo piu vantaggioso.</p>
</div>
<div class=""cpv-stat-grid"">
  <div class=""cpv-stat""><strong>EUR 51</strong><span>Prezzo indicativo da monitorare dalle principali aree aeroportuali italiane.</span></div>
  <div class=""cpv-stat""><strong>settembre</strong><span>Periodo spesso interessante per tenere sotto controllo la rotta.</span></div>
  <div class=""cpv-stat""><strong>9</strong><span>Aeroporti italiani prioritari da confrontare per questa destinazione.</span></div>
</div>
<h2>Offerte voli per Delhi</h2>
<p>Per trovare il miglior equilibrio tra prezzo, durata e comfort, conviene verificare piu aeroporti di partenza italiani e confrontare giorni feriali e weekend.</p>
<table>
  <thead>
    <tr><th>Partenza</th><th>Prezzo da</th><th>Durata indicativa</th><th>Mese da monitorare</th></tr>
  </thead>
  <tbody>
    <tr><td>Leonardo da Vinci-Fiumicino Airport (FCO)</td><td>EUR 119</td><td>9h 40</td><td>maggio</td></tr><tr><td>Ciampino-G. B. Pastine International Airport (CIA)</td><td>EUR 119</td><td>11h 40</td><td>maggio</td></tr><tr><td>Milano Malpensa Airport (MXP)</td><td>EUR 104</td><td>2h 10</td><td>febbraio</td></tr><tr><td>Orio al Serio International Airport (BGY)</td><td>EUR 26</td><td>7h 10</td><td>agosto</td></tr><tr><td>Milano Linate Airport (LIN)</td><td>EUR 135</td><td>8h 20</td><td>settembre</td></tr><tr><td>Naples International Airport (NAP)</td><td>EUR 82</td><td>1h 30</td><td>aprile</td></tr><tr><td>Venice Marco Polo Airport (VCE)</td><td>EUR 114</td><td>11h 50</td><td>dicembre</td></tr><tr><td>Catania-Fontanarossa Airport (CTA)</td><td>EUR 60</td><td>5h 50</td><td>giugno</td></tr><tr><td>Guglielmo Marconi Airport (BLQ)</td><td>EUR 176</td><td>1h 10</td><td>febbraio</td></tr>
  </tbody>
</table>
<h2>Aeroporti italiani da cui conviene partire</h2>
<div class=""cpv-chip-list""><span class=""cpv-chip"">Leonardo da Vinci-Fiumicino Airport</span><span class=""cpv-chip"">Ciampino-G. B. Pastine International Airport</span><span class=""cpv-chip"">Milano Malpensa Airport</span><span class=""cpv-chip"">Orio al Serio International Airport</span><span class=""cpv-chip"">Milano Linate Airport</span><span class=""cpv-chip"">Naples International Airport</span></div>
<div class=""cpv-landing-grid"">
  <div class=""cpv-landing-card""><strong>City break</strong><p>Se Delhi e una meta urbana, le partenze del venerdi e del sabato sono spesso le piu monitorate.</p></div>
  <div class=""cpv-landing-card""><strong>Viaggi stagionali</strong><p>In alcuni periodi dell'anno le tariffe possono variare molto, soprattutto vicino ai ponti e alle festivita.</p></div>
  <div class=""cpv-landing-card""><strong>Confronto rapido</strong><p>Valuta aeroporti maggiori e secondari per capire se un piccolo spostamento porta a un risparmio concreto.</p></div>
</div>
<h2>Domande frequenti sui voli per Delhi</h2>
<div class=""cpv-faq"">
  <details><summary>Qual e il modo migliore per cercare voli per Delhi?</summary><p>Confronta piu aeroporti italiani, prova date flessibili e verifica anche partenze infrasettimanali per migliorare le possibilita di risparmio.</p></details>
  <details><summary>Meglio volo diretto o con scalo?</summary><p>Per tratte medio-brevi il diretto e spesso la scelta piu comoda, mentre su alcune rotte uno scalo puo ridurre il prezzo finale.</p></details>
  <details><summary>Quando controllare i prezzi per Delhi?</summary><p>Vale la pena iniziare a monitorare la rotta in anticipo e verificare con regolarita i giorni piu vicini alla partenza ideale.</p></details>
</div>","Voli per citta|Voli intercontinentali",city,DEL,/voli-per/delhi/,"Voli per Delhi (DEL): offerte e guide | ConfrontaPrezziVoli","Trova voli per Delhi dai principali aeroporti italiani. Tariffe indicative da EUR 51 e consigli per scegliere il periodo migliore.","voli per Delhi",cities,"Mese tipicamente conveniente: settembre"
post,publish,"Voli per Dembidollo (DEM): offerte, compagnie e periodo migliore per prenotare",voli-per-dembidollo-dem,"Confronta voli per Dembidollo dai principali aeroporti italiani. Scopri prezzi indicativi, compagnie e consigli utili per organizzare la partenza.","<div class=""cpv-landing-note"">
  <p><strong>Perche cercare voli per Dembidollo qui.</strong> Questa pagina raccoglie un quadro rapido delle partenze italiane piu interessanti per Dembidollo, con tariffe indicative e consigli per scegliere il periodo piu vantaggioso.</p>
</div>
<div class=""cpv-stat-grid"">
  <div class=""cpv-stat""><strong>EUR 77</strong><span>Prezzo indicativo da monitorare dalle principali aree aeroportuali italiane.</span></div>
  <div class=""cpv-stat""><strong>novembre</strong><span>Periodo spesso interessante per tenere sotto controllo la rotta.</span></div>
  <div class=""cpv-stat""><strong>9</strong><span>Aeroporti italiani prioritari da confrontare per questa destinazione.</span></div>
</div>
<h2>Offerte voli per Dembidollo</h2>
<p>Per trovare il miglior equilibrio tra prezzo, durata e comfort, conviene verificare piu aeroporti di partenza italiani e confrontare giorni feriali e weekend.</p>
<table>
  <thead>
    <tr><th>Partenza</th><th>Prezzo da</th><th>Durata indicativa</th><th>Mese da monitorare</th></tr>
  </thead>
  <tbody>
    <tr><td>Leonardo da Vinci-Fiumicino Airport (FCO)</td><td>EUR 45</td><td>8h 20</td><td>marzo</td></tr><tr><td>Ciampino-G. B. Pastine International Airport (CIA)</td><td>EUR 125</td><td>3h 40</td><td>novembre</td></tr><tr><td>Milano Malpensa Airport (MXP)</td><td>EUR 154</td><td>2h 30</td><td>aprile</td></tr><tr><td>Orio al Serio International Airport (BGY)</td><td>EUR 108</td><td>7h 50</td><td>giugno</td></tr><tr><td>Milano Linate Airport (LIN)</td><td>EUR 133</td><td>6h 00</td><td>luglio</td></tr><tr><td>Naples International Airport (NAP)</td><td>EUR 192</td><td>2h 50</td><td>giugno</td></tr><tr><td>Venice Marco Polo Airport (VCE)</td><td>EUR 32</td><td>4h 10</td><td>febbraio</td></tr><tr><td>Catania-Fontanarossa Airport (CTA)</td><td>EUR 34</td><td>3h 30</td><td>aprile</td></tr><tr><td>Guglielmo Marconi Airport (BLQ)</td><td>EUR 26</td><td>7h 10</td><td>agosto</td></tr>
  </tbody>
</table>
<h2>Aeroporti italiani da cui conviene partire</h2>
<div class=""cpv-chip-list""><span class=""cpv-chip"">Leonardo da Vinci-Fiumicino Airport</span><span class=""cpv-chip"">Ciampino-G. B. Pastine International Airport</span><span class=""cpv-chip"">Milano Malpensa Airport</span><span class=""cpv-chip"">Orio al Serio International Airport</span><span class=""cpv-chip"">Milano Linate Airport</span><span class=""cpv-chip"">Naples International Airport</span></div>
<div class=""cpv-landing-grid"">
  <div class=""cpv-landing-card""><strong>City break</strong><p>Se Dembidollo e una meta urbana, le partenze del venerdi e del sabato sono spesso le piu monitorate.</p></div>
  <div class=""cpv-landing-card""><strong>Viaggi stagionali</strong><p>In alcuni periodi dell'anno le tariffe possono variare molto, soprattutto vicino ai ponti e alle festivita.</p></div>
  <div class=""cpv-landing-card""><strong>Confronto rapido</strong><p>Valuta aeroporti maggiori e secondari per capire se un piccolo spostamento porta a un risparmio concreto.</p></div>
</div>
<h2>Domande frequenti sui voli per Dembidollo</h2>
<div class=""cpv-faq"">
  <details><summary>Qual e il modo migliore per cercare voli per Dembidollo?</summary><p>Confronta piu aeroporti italiani, prova date flessibili e verifica anche partenze infrasettimanali per migliorare le possibilita di risparmio.</p></details>
  <details><summary>Meglio volo diretto o con scalo?</summary><p>Per tratte medio-brevi il diretto e spesso la scelta piu comoda, mentre su alcune rotte uno scalo puo ridurre il prezzo finale.</p></details>
  <details><summary>Quando controllare i prezzi per Dembidollo?</summary><p>Vale la pena iniziare a monitorare la rotta in anticipo e verificare con regolarita i giorni piu vicini alla partenza ideale.</p></details>
</div>","Voli per citta|Voli intercontinentali",city,DEM,/voli-per/dembidollo/,"Voli per Dembidollo (DEM): offerte e guide | ConfrontaPrezziVoli","Trova voli per Dembidollo dai principali aeroporti italiani. Tariffe indicative da EUR 77 e consigli per scegliere il periodo migliore.","voli per Dembidollo",cities,"Mese tipicamente conveniente: novembre"
post,publish,"Voli per Denizli (DNZ): offerte, compagnie e periodo migliore per prenotare",voli-per-denizli-dnz,"Confronta voli per Denizli dai principali aeroporti italiani. Scopri prezzi indicativi, compagnie e consigli utili per organizzare la partenza.","<div class=""cpv-landing-note"">
  <p><strong>Perche cercare voli per Denizli qui.</strong> Questa pagina raccoglie un quadro rapido delle partenze italiane piu interessanti per Denizli, con tariffe indicative e consigli per scegliere il periodo piu vantaggioso.</p>
</div>
<div class=""cpv-stat-grid"">
  <div class=""cpv-stat""><strong>EUR 69</strong><span>Prezzo indicativo da monitorare dalle principali aree aeroportuali italiane.</span></div>
  <div class=""cpv-stat""><strong>marzo</strong><span>Periodo spesso interessante per tenere sotto controllo la rotta.</span></div>
  <div class=""cpv-stat""><strong>9</strong><span>Aeroporti italiani prioritari da confrontare per questa destinazione.</span></div>
</div>
<h2>Offerte voli per Denizli</h2>
<p>Per trovare il miglior equilibrio tra prezzo, durata e comfort, conviene verificare piu aeroporti di partenza italiani e confrontare giorni feriali e weekend.</p>
<table>
  <thead>
    <tr><th>Partenza</th><th>Prezzo da</th><th>Durata indicativa</th><th>Mese da monitorare</th></tr>
  </thead>
  <tbody>
    <tr><td>Leonardo da Vinci-Fiumicino Airport (FCO)</td><td>EUR 105</td><td>4h 20</td><td>marzo</td></tr><tr><td>Ciampino-G. B. Pastine International Airport (CIA)</td><td>EUR 177</td><td>7h 20</td><td>marzo</td></tr><tr><td>Milano Malpensa Airport (MXP)</td><td>EUR 58</td><td>2h 30</td><td>aprile</td></tr><tr><td>Orio al Serio International Airport (BGY)</td><td>EUR 20</td><td>4h 10</td><td>febbraio</td></tr><tr><td>Milano Linate Airport (LIN)</td><td>EUR 77</td><td>9h 40</td><td>novembre</td></tr><tr><td>Naples International Airport (NAP)</td><td>EUR 164</td><td>11h 10</td><td>febbraio</td></tr><tr><td>Venice Marco Polo Airport (VCE)</td><td>EUR 172</td><td>8h 30</td><td>ottobre</td></tr><tr><td>Catania-Fontanarossa Airport (CTA)</td><td>EUR 70</td><td>2h 30</td><td>aprile</td></tr><tr><td>Guglielmo Marconi Airport (BLQ)</td><td>EUR 134</td><td>3h 10</td><td>agosto</td></tr>
  </tbody>
</table>
<h2>Aeroporti italiani da cui conviene partire</h2>
<div class=""cpv-chip-list""><span class=""cpv-chip"">Leonardo da Vinci-Fiumicino Airport</span><span class=""cpv-chip"">Ciampino-G. B. Pastine International Airport</span><span class=""cpv-chip"">Milano Malpensa Airport</span><span class=""cpv-chip"">Orio al Serio International Airport</span><span class=""cpv-chip"">Milano Linate Airport</span><span class=""cpv-chip"">Naples International Airport</span></div>
<div class=""cpv-landing-grid"">
  <div class=""cpv-landing-card""><strong>City break</strong><p>Se Denizli e una meta urbana, le partenze del venerdi e del sabato sono spesso le piu monitorate.</p></div>
  <div class=""cpv-landing-card""><strong>Viaggi stagionali</strong><p>In alcuni periodi dell'anno le tariffe possono variare molto, soprattutto vicino ai ponti e alle festivita.</p></div>
  <div class=""cpv-landing-card""><strong>Confronto rapido</strong><p>Valuta aeroporti maggiori e secondari per capire se un piccolo spostamento porta a un risparmio concreto.</p></div>
</div>
<h2>Domande frequenti sui voli per Denizli</h2>
<div class=""cpv-faq"">
  <details><summary>Qual e il modo migliore per cercare voli per Denizli?</summary><p>Confronta piu aeroporti italiani, prova date flessibili e verifica anche partenze infrasettimanali per migliorare le possibilita di risparmio.</p></details>
  <details><summary>Meglio volo diretto o con scalo?</summary><p>Per tratte medio-brevi il diretto e spesso la scelta piu comoda, mentre su alcune rotte uno scalo puo ridurre il prezzo finale.</p></details>
  <details><summary>Quando controllare i prezzi per Denizli?</summary><p>Vale la pena iniziare a monitorare la rotta in anticipo e verificare con regolarita i giorni piu vicini alla partenza ideale.</p></details>
</div>","Voli per citta|Voli in Europa",city,DNZ,/voli-per/denizli/,"Voli per Denizli (DNZ): offerte e guide | ConfrontaPrezziVoli","Trova voli per Denizli dai principali aeroporti italiani. Tariffe indicative da EUR 69 e consigli per scegliere il periodo migliore.","voli per Denizli",cities,"Mese tipicamente conveniente: marzo"
post,publish,"Voli per Denpasar (Bali) (DPS): offerte, compagnie e periodo migliore per prenotare",voli-per-denpasar-bali-dps,"Confronta voli per Denpasar (Bali) dai principali aeroporti italiani. Scopri prezzi indicativi, compagnie e consigli utili per organizzare la partenza.","<div class=""cpv-landing-note"">
  <p><strong>Perche cercare voli per Denpasar (Bali) qui.</strong> Questa pagina raccoglie un quadro rapido delle partenze italiane piu interessanti per Denpasar (Bali), con tariffe indicative e consigli per scegliere il periodo piu vantaggioso.</p>
</div>
<div class=""cpv-stat-grid"">
  <div class=""cpv-stat""><strong>EUR 76</strong><span>Prezzo indicativo da monitorare dalle principali aree aeroportuali italiane.</span></div>
  <div class=""cpv-stat""><strong>ottobre</strong><span>Periodo spesso interessante per tenere sotto controllo la rotta.</span></div>
  <div class=""cpv-stat""><strong>9</strong><span>Aeroporti italiani prioritari da confrontare per questa destinazione.</span></div>
</div>
<h2>Offerte voli per Denpasar (Bali)</h2>
<p>Per trovare il miglior equilibrio tra prezzo, durata e comfort, conviene verificare piu aeroporti di partenza italiani e confrontare giorni feriali e weekend.</p>
<table>
  <thead>
    <tr><th>Partenza</th><th>Prezzo da</th><th>Durata indicativa</th><th>Mese da monitorare</th></tr>
  </thead>
  <tbody>
    <tr><td>Leonardo da Vinci-Fiumicino Airport (FCO)</td><td>EUR 172</td><td>2h 30</td><td>ottobre</td></tr><tr><td>Ciampino-G. B. Pastine International Airport (CIA)</td><td>EUR 24</td><td>11h 50</td><td>giugno</td></tr><tr><td>Milano Malpensa Airport (MXP)</td><td>EUR 127</td><td>8h 00</td><td>gennaio</td></tr><tr><td>Orio al Serio International Airport (BGY)</td><td>EUR 161</td><td>3h 40</td><td>novembre</td></tr><tr><td>Milano Linate Airport (LIN)</td><td>EUR 108</td><td>11h 50</td><td>giugno</td></tr><tr><td>Naples International Airport (NAP)</td><td>EUR 93</td><td>1h 20</td><td>marzo</td></tr><tr><td>Venice Marco Polo Airport (VCE)</td><td>EUR 189</td><td>10h 20</td><td>marzo</td></tr><tr><td>Catania-Fontanarossa Airport (CTA)</td><td>EUR 155</td><td>11h 40</td><td>maggio</td></tr><tr><td>Guglielmo Marconi Airport (BLQ)</td><td>EUR 83</td><td>3h 40</td><td>maggio</td></tr>
  </tbody>
</table>
<h2>Aeroporti italiani da cui conviene partire</h2>
<div class=""cpv-chip-list""><span class=""cpv-chip"">Leonardo da Vinci-Fiumicino Airport</span><span class=""cpv-chip"">Ciampino-G. B. Pastine International Airport</span><span class=""cpv-chip"">Milano Malpensa Airport</span><span class=""cpv-chip"">Orio al Serio International Airport</span><span class=""cpv-chip"">Milano Linate Airport</span><span class=""cpv-chip"">Naples International Airport</span></div>
<div class=""cpv-landing-grid"">
  <div class=""cpv-landing-card""><strong>City break</strong><p>Se Denpasar (Bali) e una meta urbana, le partenze del venerdi e del sabato sono spesso le piu monitorate.</p></div>
  <div class=""cpv-landing-card""><strong>Viaggi stagionali</strong><p>In alcuni periodi dell'anno le tariffe possono variare molto, soprattutto vicino ai ponti e alle festivita.</p></div>
  <div class=""cpv-landing-card""><strong>Confronto rapido</strong><p>Valuta aeroporti maggiori e secondari per capire se un piccolo spostamento porta a un risparmio concreto.</p></div>
</div>
<h2>Domande frequenti sui voli per Denpasar (Bali)</h2>
<div class=""cpv-faq"">
  <details><summary>Qual e il modo migliore per cercare voli per Denpasar (Bali)?</summary><p>Confronta piu aeroporti italiani, prova date flessibili e verifica anche partenze infrasettimanali per migliorare le possibilita di risparmio.</p></details>
  <details><summary>Meglio volo diretto o con scalo?</summary><p>Per tratte medio-brevi il diretto e spesso la scelta piu comoda, mentre su alcune rotte uno scalo puo ridurre il prezzo finale.</p></details>
  <details><summary>Quando controllare i prezzi per Denpasar (Bali)?</summary><p>Vale la pena iniziare a monitorare la rotta in anticipo e verificare con regolarita i giorni piu vicini alla partenza ideale.</p></details>
</div>","Voli per citta|Voli intercontinentali",city,DPS,/voli-per/denpasar-bali/,"Voli per Denpasar (Bali) (DPS): offerte e guide | ConfrontaPrezziVoli","Trova voli per Denpasar (Bali) dai principali aeroporti italiani. Tariffe indicative da EUR 76 e consigli per scegliere il periodo migliore.","voli per Denpasar (Bali)",cities,"Mese tipicamente conveniente: ottobre"
post,publish,"Voli per Denver (DEN): offerte, compagnie e periodo migliore per prenotare",voli-per-denver-den,"Confronta voli per Denver dai principali aeroporti italiani. Scopri prezzi indicativi, compagnie e consigli utili per organizzare la partenza.","<div class=""cpv-landing-note"">
  <p><strong>Perche cercare voli per Denver qui.</strong> Questa pagina raccoglie un quadro rapido delle partenze italiane piu interessanti per Denver, con tariffe indicative e consigli per scegliere il periodo piu vantaggioso.</p>
</div>
<div class=""cpv-stat-grid"">
  <div class=""cpv-stat""><strong>EUR 143</strong><span>Prezzo indicativo da monitorare dalle principali aree aeroportuali italiane.</span></div>
  <div class=""cpv-stat""><strong>maggio</strong><span>Periodo spesso interessante per tenere sotto controllo la rotta.</span></div>
  <div class=""cpv-stat""><strong>9</strong><span>Aeroporti italiani prioritari da confrontare per questa destinazione.</span></div>
</div>
<h2>Offerte voli per Denver</h2>
<p>Per trovare il miglior equilibrio tra prezzo, durata e comfort, conviene verificare piu aeroporti di partenza italiani e confrontare giorni feriali e weekend.</p>
<table>
  <thead>
    <tr><th>Partenza</th><th>Prezzo da</th><th>Durata indicativa</th><th>Mese da monitorare</th></tr>
  </thead>
  <tbody>
    <tr><td>Leonardo da Vinci-Fiumicino Airport (FCO)</td><td>EUR 155</td><td>7h 40</td><td>maggio</td></tr><tr><td>Ciampino-G. B. Pastine International Airport (CIA)</td><td>EUR 135</td><td>5h 20</td><td>settembre</td></tr><tr><td>Milano Malpensa Airport (MXP)</td><td>EUR 128</td><td>10h 10</td><td>febbraio</td></tr><tr><td>Orio al Serio International Airport (BGY)</td><td>EUR 158</td><td>4h 10</td><td>agosto</td></tr><tr><td>Milano Linate Airport (LIN)</td><td>EUR 95</td><td>9h 40</td><td>maggio</td></tr><tr><td>Naples International Airport (NAP)</td><td>EUR 54</td><td>5h 50</td><td>dicembre</td></tr><tr><td>Venice Marco Polo Airport (VCE)</td><td>EUR 66</td><td>10h 50</td><td>dicembre</td></tr><tr><td>Catania-Fontanarossa Airport (CTA)</td><td>EUR 184</td><td>7h 30</td><td>ottobre</td></tr><tr><td>Guglielmo Marconi Airport (BLQ)</td><td>EUR 52</td><td>4h 30</td><td>ottobre</td></tr>
  </tbody>
</table>
<h2>Aeroporti italiani da cui conviene partire</h2>
<div class=""cpv-chip-list""><span class=""cpv-chip"">Leonardo da Vinci-Fiumicino Airport</span><span class=""cpv-chip"">Ciampino-G. B. Pastine International Airport</span><span class=""cpv-chip"">Milano Malpensa Airport</span><span class=""cpv-chip"">Orio al Serio International Airport</span><span class=""cpv-chip"">Milano Linate Airport</span><span class=""cpv-chip"">Naples International Airport</span></div>
<div class=""cpv-landing-grid"">
  <div class=""cpv-landing-card""><strong>City break</strong><p>Se Denver e una meta urbana, le partenze del venerdi e del sabato sono spesso le piu monitorate.</p></div>
  <div class=""cpv-landing-card""><strong>Viaggi stagionali</strong><p>In alcuni periodi dell'anno le tariffe possono variare molto, soprattutto vicino ai ponti e alle festivita.</p></div>
  <div class=""cpv-landing-card""><strong>Confronto rapido</strong><p>Valuta aeroporti maggiori e secondari per capire se un piccolo spostamento porta a un risparmio concreto.</p></div>
</div>
<h2>Domande frequenti sui voli per Denver</h2>
<div class=""cpv-faq"">
  <details><summary>Qual e il modo migliore per cercare voli per Denver?</summary><p>Confronta piu aeroporti italiani, prova date flessibili e verifica anche partenze infrasettimanali per migliorare le possibilita di risparmio.</p></details>
  <details><summary>Meglio volo diretto o con scalo?</summary><p>Per tratte medio-brevi il diretto e spesso la scelta piu comoda, mentre su alcune rotte uno scalo puo ridurre il prezzo finale.</p></details>
  <details><summary>Quando controllare i prezzi per Denver?</summary><p>Vale la pena iniziare a monitorare la rotta in anticipo e verificare con regolarita i giorni piu vicini alla partenza ideale.</p></details>
</div>","Voli per citta|Voli intercontinentali",city,DEN,/voli-per/denver/,"Voli per Denver (DEN): offerte e guide | ConfrontaPrezziVoli","Trova voli per Denver dai principali aeroporti italiani. Tariffe indicative da EUR 143 e consigli per scegliere il periodo migliore.","voli per Denver",cities,"Mese tipicamente conveniente: maggio"
post,publish,"Voli per Deoghar (DGH): offerte, compagnie e periodo migliore per prenotare",voli-per-deoghar-dgh,"Confronta voli per Deoghar dai principali aeroporti italiani. Scopri prezzi indicativi, compagnie e consigli utili per organizzare la partenza.","<div class=""cpv-landing-note"">
  <p><strong>Perche cercare voli per Deoghar qui.</strong> Questa pagina raccoglie un quadro rapido delle partenze italiane piu interessanti per Deoghar, con tariffe indicative e consigli per scegliere il periodo piu vantaggioso.</p>
</div>
<div class=""cpv-stat-grid"">
  <div class=""cpv-stat""><strong>EUR 102</strong><span>Prezzo indicativo da monitorare dalle principali aree aeroportuali italiane.</span></div>
  <div class=""cpv-stat""><strong>dicembre</strong><span>Periodo spesso interessante per tenere sotto controllo la rotta.</span></div>
  <div class=""cpv-stat""><strong>9</strong><span>Aeroporti italiani prioritari da confrontare per questa destinazione.</span></div>
</div>
<h2>Offerte voli per Deoghar</h2>
<p>Per trovare il miglior equilibrio tra prezzo, durata e comfort, conviene verificare piu aeroporti di partenza italiani e confrontare giorni feriali e weekend.</p>
<table>
  <thead>
    <tr><th>Partenza</th><th>Prezzo da</th><th>Durata indicativa</th><th>Mese da monitorare</th></tr>
  </thead>
  <tbody>
    <tr><td>Leonardo da Vinci-Fiumicino Airport (FCO)</td><td>EUR 114</td><td>7h 50</td><td>dicembre</td></tr><tr><td>Ciampino-G. B. Pastine International Airport (CIA)</td><td>EUR 198</td><td>2h 50</td><td>dicembre</td></tr><tr><td>Milano Malpensa Airport (MXP)</td><td>EUR 129</td><td>4h 20</td><td>marzo</td></tr><tr><td>Orio al Serio International Airport (BGY)</td><td>EUR 27</td><td>2h 20</td><td>settembre</td></tr><tr><td>Milano Linate Airport (LIN)</td><td>EUR 86</td><td>4h 10</td><td>agosto</td></tr><tr><td>Naples International Airport (NAP)</td><td>EUR 131</td><td>9h 40</td><td>maggio</td></tr><tr><td>Venice Marco Polo Airport (VCE)</td><td>EUR 159</td><td>1h 20</td><td>settembre</td></tr><tr><td>Catania-Fontanarossa Airport (CTA)</td><td>EUR 57</td><td>9h 20</td><td>marzo</td></tr><tr><td>Guglielmo Marconi Airport (BLQ)</td><td>EUR 53</td><td>5h 40</td><td>novembre</td></tr>
  </tbody>
</table>
<h2>Aeroporti italiani da cui conviene partire</h2>
<div class=""cpv-chip-list""><span class=""cpv-chip"">Leonardo da Vinci-Fiumicino Airport</span><span class=""cpv-chip"">Ciampino-G. B. Pastine International Airport</span><span class=""cpv-chip"">Milano Malpensa Airport</span><span class=""cpv-chip"">Orio al Serio International Airport</span><span class=""cpv-chip"">Milano Linate Airport</span><span class=""cpv-chip"">Naples International Airport</span></div>
<div class=""cpv-landing-grid"">
  <div class=""cpv-landing-card""><strong>City break</strong><p>Se Deoghar e una meta urbana, le partenze del venerdi e del sabato sono spesso le piu monitorate.</p></div>
  <div class=""cpv-landing-card""><strong>Viaggi stagionali</strong><p>In alcuni periodi dell'anno le tariffe possono variare molto, soprattutto vicino ai ponti e alle festivita.</p></div>
  <div class=""cpv-landing-card""><strong>Confronto rapido</strong><p>Valuta aeroporti maggiori e secondari per capire se un piccolo spostamento porta a un risparmio concreto.</p></div>
</div>
<h2>Domande frequenti sui voli per Deoghar</h2>
<div class=""cpv-faq"">
  <details><summary>Qual e il modo migliore per cercare voli per Deoghar?</summary><p>Confronta piu aeroporti italiani, prova date flessibili e verifica anche partenze infrasettimanali per migliorare le possibilita di risparmio.</p></details>
  <details><summary>Meglio volo diretto o con scalo?</summary><p>Per tratte medio-brevi il diretto e spesso la scelta piu comoda, mentre su alcune rotte uno scalo puo ridurre il prezzo finale.</p></details>
  <details><summary>Quando controllare i prezzi per Deoghar?</summary><p>Vale la pena iniziare a monitorare la rotta in anticipo e verificare con regolarita i giorni piu vicini alla partenza ideale.</p></details>
</div>","Voli per citta|Voli intercontinentali",city,DGH,/voli-per/deoghar/,"Voli per Deoghar (DGH): offerte e guide | ConfrontaPrezziVoli","Trova voli per Deoghar dai principali aeroporti italiani. Tariffe indicative da EUR 102 e consigli per scegliere il periodo migliore.","voli per Deoghar",cities,"Mese tipicamente conveniente: dicembre"
post,publish,"Voli per Deputatsky (DPT): offerte, compagnie e periodo migliore per prenotare",voli-per-deputatsky-dpt,"Confronta voli per Deputatsky dai principali aeroporti italiani. Scopri prezzi indicativi, compagnie e consigli utili per organizzare la partenza.","<div class=""cpv-landing-note"">
  <p><strong>Perche cercare voli per Deputatsky qui.</strong> Questa pagina raccoglie un quadro rapido delle partenze italiane piu interessanti per Deputatsky, con tariffe indicative e consigli per scegliere il periodo piu vantaggioso.</p>
</div>
<div class=""cpv-stat-grid"">
  <div class=""cpv-stat""><strong>EUR 97</strong><span>Prezzo indicativo da monitorare dalle principali aree aeroportuali italiane.</span></div>
  <div class=""cpv-stat""><strong>luglio</strong><span>Periodo spesso interessante per tenere sotto controllo la rotta.</span></div>
  <div class=""cpv-stat""><strong>9</strong><span>Aeroporti italiani prioritari da confrontare per questa destinazione.</span></div>
</div>
<h2>Offerte voli per Deputatsky</h2>
<p>Per trovare il miglior equilibrio tra prezzo, durata e comfort, conviene verificare piu aeroporti di partenza italiani e confrontare giorni feriali e weekend.</p>
<table>
  <thead>
    <tr><th>Partenza</th><th>Prezzo da</th><th>Durata indicativa</th><th>Mese da monitorare</th></tr>
  </thead>
  <tbody>
    <tr><td>Leonardo da Vinci-Fiumicino Airport (FCO)</td><td>EUR 177</td><td>6h 20</td><td>marzo</td></tr><tr><td>Ciampino-G. B. Pastine International Airport (CIA)</td><td>EUR 101</td><td>5h 40</td><td>novembre</td></tr><tr><td>Milano Malpensa Airport (MXP)</td><td>EUR 118</td><td>3h 30</td><td>aprile</td></tr><tr><td>Orio al Serio International Airport (BGY)</td><td>EUR 156</td><td>6h 50</td><td>giugno</td></tr><tr><td>Milano Linate Airport (LIN)</td><td>EUR 29</td><td>2h 40</td><td>novembre</td></tr><tr><td>Naples International Airport (NAP)</td><td>EUR 88</td><td>2h 30</td><td>ottobre</td></tr><tr><td>Venice Marco Polo Airport (VCE)</td><td>EUR 72</td><td>4h 50</td><td>giugno</td></tr><tr><td>Catania-Fontanarossa Airport (CTA)</td><td>EUR 162</td><td>3h 50</td><td>dicembre</td></tr><tr><td>Guglielmo Marconi Airport (BLQ)</td><td>EUR 162</td><td>11h 50</td><td>dicembre</td></tr>
  </tbody>
</table>
<h2>Aeroporti italiani da cui conviene partire</h2>
<div class=""cpv-chip-list""><span class=""cpv-chip"">Leonardo da Vinci-Fiumicino Airport</span><span class=""cpv-chip"">Ciampino-G. B. Pastine International Airport</span><span class=""cpv-chip"">Milano Malpensa Airport</span><span class=""cpv-chip"">Orio al Serio International Airport</span><span class=""cpv-chip"">Milano Linate Airport</span><span class=""cpv-chip"">Naples International Airport</span></div>
<div class=""cpv-landing-grid"">
  <div class=""cpv-landing-card""><strong>City break</strong><p>Se Deputatsky e una meta urbana, le partenze del venerdi e del sabato sono spesso le piu monitorate.</p></div>
  <div class=""cpv-landing-card""><strong>Viaggi stagionali</strong><p>In alcuni periodi dell'anno le tariffe possono variare molto, soprattutto vicino ai ponti e alle festivita.</p></div>
  <div class=""cpv-landing-card""><strong>Confronto rapido</strong><p>Valuta aeroporti maggiori e secondari per capire se un piccolo spostamento porta a un risparmio concreto.</p></div>
</div>
<h2>Domande frequenti sui voli per Deputatsky</h2>
<div class=""cpv-faq"">
  <details><summary>Qual e il modo migliore per cercare voli per Deputatsky?</summary><p>Confronta piu aeroporti italiani, prova date flessibili e verifica anche partenze infrasettimanali per migliorare le possibilita di risparmio.</p></details>
  <details><summary>Meglio volo diretto o con scalo?</summary><p>Per tratte medio-brevi il diretto e spesso la scelta piu comoda, mentre su alcune rotte uno scalo puo ridurre il prezzo finale.</p></details>
  <details><summary>Quando controllare i prezzi per Deputatsky?</summary><p>Vale la pena iniziare a monitorare la rotta in anticipo e verificare con regolarita i giorni piu vicini alla partenza ideale.</p></details>
</div>","Voli per citta|Voli intercontinentali",city,DPT,/voli-per/deputatsky/,"Voli per Deputatsky (DPT): offerte e guide | ConfrontaPrezziVoli","Trova voli per Deputatsky dai principali aeroporti italiani. Tariffe indicative da EUR 97 e consigli per scegliere il periodo migliore.","voli per Deputatsky",cities,"Mese tipicamente conveniente: luglio"
post,publish,"Voli per Dera Ghazi Khan (DEA): offerte, compagnie e periodo migliore per prenotare",voli-per-dera-ghazi-khan-dea,"Confronta voli per Dera Ghazi Khan dai principali aeroporti italiani. Scopri prezzi indicativi, compagnie e consigli utili per organizzare la partenza.","<div class=""cpv-landing-note"">
  <p><strong>Perche cercare voli per Dera Ghazi Khan qui.</strong> Questa pagina raccoglie un quadro rapido delle partenze italiane piu interessanti per Dera Ghazi Khan, con tariffe indicative e consigli per scegliere il periodo piu vantaggioso.</p>
</div>
<div class=""cpv-stat-grid"">
  <div class=""cpv-stat""><strong>EUR 36</strong><span>Prezzo indicativo da monitorare dalle principali aree aeroportuali italiane.</span></div>
  <div class=""cpv-stat""><strong>giugno</strong><span>Periodo spesso interessante per tenere sotto controllo la rotta.</span></div>
  <div class=""cpv-stat""><strong>9</strong><span>Aeroporti italiani prioritari da confrontare per questa destinazione.</span></div>
</div>
<h2>Offerte voli per Dera Ghazi Khan</h2>
<p>Per trovare il miglior equilibrio tra prezzo, durata e comfort, conviene verificare piu aeroporti di partenza italiani e confrontare giorni feriali e weekend.</p>
<table>
  <thead>
    <tr><th>Partenza</th><th>Prezzo da</th><th>Durata indicativa</th><th>Mese da monitorare</th></tr>
  </thead>
  <tbody>
    <tr><td>Leonardo da Vinci-Fiumicino Airport (FCO)</td><td>EUR 44</td><td>2h 10</td><td>febbraio</td></tr><tr><td>Ciampino-G. B. Pastine International Airport (CIA)</td><td>EUR 36</td><td>6h 50</td><td>giugno</td></tr><tr><td>Milano Malpensa Airport (MXP)</td><td>EUR 143</td><td>1h 40</td><td>maggio</td></tr><tr><td>Orio al Serio International Airport (BGY)</td><td>EUR 41</td><td>11h 40</td><td>novembre</td></tr><tr><td>Milano Linate Airport (LIN)</td><td>EUR 196</td><td>1h 30</td><td>ottobre</td></tr><tr><td>Naples International Airport (NAP)</td><td>EUR 157</td><td>5h 00</td><td>luglio</td></tr><tr><td>Venice Marco Polo Airport (VCE)</td><td>EUR 53</td><td>8h 40</td><td>novembre</td></tr><tr><td>Catania-Fontanarossa Airport (CTA)</td><td>EUR 51</td><td>6h 20</td><td>settembre</td></tr><tr><td>Guglielmo Marconi Airport (BLQ)</td><td>EUR 191</td><td>1h 40</td><td>maggio</td></tr>
  </tbody>
</table>
<h2>Aeroporti italiani da cui conviene partire</h2>
<div class=""cpv-chip-list""><span class=""cpv-chip"">Leonardo da Vinci-Fiumicino Airport</span><span class=""cpv-chip"">Ciampino-G. B. Pastine International Airport</span><span class=""cpv-chip"">Milano Malpensa Airport</span><span class=""cpv-chip"">Orio al Serio International Airport</span><span class=""cpv-chip"">Milano Linate Airport</span><span class=""cpv-chip"">Naples International Airport</span></div>
<div class=""cpv-landing-grid"">
  <div class=""cpv-landing-card""><strong>City break</strong><p>Se Dera Ghazi Khan e una meta urbana, le partenze del venerdi e del sabato sono spesso le piu monitorate.</p></div>
  <div class=""cpv-landing-card""><strong>Viaggi stagionali</strong><p>In alcuni periodi dell'anno le tariffe possono variare molto, soprattutto vicino ai ponti e alle festivita.</p></div>
  <div class=""cpv-landing-card""><strong>Confronto rapido</strong><p>Valuta aeroporti maggiori e secondari per capire se un piccolo spostamento porta a un risparmio concreto.</p></div>
</div>
<h2>Domande frequenti sui voli per Dera Ghazi Khan</h2>
<div class=""cpv-faq"">
  <details><summary>Qual e il modo migliore per cercare voli per Dera Ghazi Khan?</summary><p>Confronta piu aeroporti italiani, prova date flessibili e verifica anche partenze infrasettimanali per migliorare le possibilita di risparmio.</p></details>
  <details><summary>Meglio volo diretto o con scalo?</summary><p>Per tratte medio-brevi il diretto e spesso la scelta piu comoda, mentre su alcune rotte uno scalo puo ridurre il prezzo finale.</p></details>
  <details><summary>Quando controllare i prezzi per Dera Ghazi Khan?</summary><p>Vale la pena iniziare a monitorare la rotta in anticipo e verificare con regolarita i giorni piu vicini alla partenza ideale.</p></details>
</div>","Voli per citta|Voli intercontinentali",city,DEA,/voli-per/dera-ghazi-khan/,"Voli per Dera Ghazi Khan (DEA): offerte e guide | ConfrontaPrezziVoli","Trova voli per Dera Ghazi Khan dai principali aeroporti italiani. Tariffe indicative da EUR 36 e consigli per scegliere il periodo migliore.","voli per Dera Ghazi Khan",cities,"Mese tipicamente conveniente: giugno"
post,publish,"Voli per Derby (DRB): offerte, compagnie e periodo migliore per prenotare",voli-per-derby-drb,"Confronta voli per Derby dai principali aeroporti italiani. Scopri prezzi indicativi, compagnie e consigli utili per organizzare la partenza.","<div class=""cpv-landing-note"">
  <p><strong>Perche cercare voli per Derby qui.</strong> Questa pagina raccoglie un quadro rapido delle partenze italiane piu interessanti per Derby, con tariffe indicative e consigli per scegliere il periodo piu vantaggioso.</p>
</div>
<div class=""cpv-stat-grid"">
  <div class=""cpv-stat""><strong>EUR 32</strong><span>Prezzo indicativo da monitorare dalle principali aree aeroportuali italiane.</span></div>
  <div class=""cpv-stat""><strong>febbraio</strong><span>Periodo spesso interessante per tenere sotto controllo la rotta.</span></div>
  <div class=""cpv-stat""><strong>9</strong><span>Aeroporti italiani prioritari da confrontare per questa destinazione.</span></div>
</div>
<h2>Offerte voli per Derby</h2>
<p>Per trovare il miglior equilibrio tra prezzo, durata e comfort, conviene verificare piu aeroporti di partenza italiani e confrontare giorni feriali e weekend.</p>
<table>
  <thead>
    <tr><th>Partenza</th><th>Prezzo da</th><th>Durata indicativa</th><th>Mese da monitorare</th></tr>
  </thead>
  <tbody>
    <tr><td>Leonardo da Vinci-Fiumicino Airport (FCO)</td><td>EUR 104</td><td>5h 10</td><td>febbraio</td></tr><tr><td>Ciampino-G. B. Pastine International Airport (CIA)</td><td>EUR 88</td><td>10h 30</td><td>ottobre</td></tr><tr><td>Milano Malpensa Airport (MXP)</td><td>EUR 107</td><td>8h 40</td><td>maggio</td></tr><tr><td>Orio al Serio International Airport (BGY)</td><td>EUR 41</td><td>7h 40</td><td>novembre</td></tr><tr><td>Milano Linate Airport (LIN)</td><td>EUR 144</td><td>5h 50</td><td>giugno</td></tr><tr><td>Naples International Airport (NAP)</td><td>EUR 85</td><td>11h 00</td><td>luglio</td></tr><tr><td>Venice Marco Polo Airport (VCE)</td><td>EUR 33</td><td>2h 20</td><td>marzo</td></tr><tr><td>Catania-Fontanarossa Airport (CTA)</td><td>EUR 119</td><td>8h 40</td><td>maggio</td></tr><tr><td>Guglielmo Marconi Airport (BLQ)</td><td>EUR 179</td><td>10h 40</td><td>maggio</td></tr>
  </tbody>
</table>
<h2>Aeroporti italiani da cui conviene partire</h2>
<div class=""cpv-chip-list""><span class=""cpv-chip"">Leonardo da Vinci-Fiumicino Airport</span><span class=""cpv-chip"">Ciampino-G. B. Pastine International Airport</span><span class=""cpv-chip"">Milano Malpensa Airport</span><span class=""cpv-chip"">Orio al Serio International Airport</span><span class=""cpv-chip"">Milano Linate Airport</span><span class=""cpv-chip"">Naples International Airport</span></div>
<div class=""cpv-landing-grid"">
  <div class=""cpv-landing-card""><strong>City break</strong><p>Se Derby e una meta urbana, le partenze del venerdi e del sabato sono spesso le piu monitorate.</p></div>
  <div class=""cpv-landing-card""><strong>Viaggi stagionali</strong><p>In alcuni periodi dell'anno le tariffe possono variare molto, soprattutto vicino ai ponti e alle festivita.</p></div>
  <div class=""cpv-landing-card""><strong>Confronto rapido</strong><p>Valuta aeroporti maggiori e secondari per capire se un piccolo spostamento porta a un risparmio concreto.</p></div>
</div>
<h2>Domande frequenti sui voli per Derby</h2>
<div class=""cpv-faq"">
  <details><summary>Qual e il modo migliore per cercare voli per Derby?</summary><p>Confronta piu aeroporti italiani, prova date flessibili e verifica anche partenze infrasettimanali per migliorare le possibilita di risparmio.</p></details>
  <details><summary>Meglio volo diretto o con scalo?</summary><p>Per tratte medio-brevi il diretto e spesso la scelta piu comoda, mentre su alcune rotte uno scalo puo ridurre il prezzo finale.</p></details>
  <details><summary>Quando controllare i prezzi per Derby?</summary><p>Vale la pena iniziare a monitorare la rotta in anticipo e verificare con regolarita i giorni piu vicini alla partenza ideale.</p></details>
</div>","Voli per citta|Voli intercontinentali",city,DRB,/voli-per/derby/,"Voli per Derby (DRB): offerte e guide | ConfrontaPrezziVoli","Trova voli per Derby dai principali aeroporti italiani. Tariffe indicative da EUR 32 e consigli per scegliere il periodo migliore.","voli per Derby",cities,"Mese tipicamente conveniente: febbraio"
post,publish,"Voli per Derry (LDY): offerte, compagnie e periodo migliore per prenotare",voli-per-derry-ldy,"Confronta voli per Derry dai principali aeroporti italiani. Scopri prezzi indicativi, compagnie e consigli utili per organizzare la partenza.","<div class=""cpv-landing-note"">
  <p><strong>Perche cercare voli per Derry qui.</strong> Questa pagina raccoglie un quadro rapido delle partenze italiane piu interessanti per Derry, con tariffe indicative e consigli per scegliere il periodo piu vantaggioso.</p>
</div>
<div class=""cpv-stat-grid"">
  <div class=""cpv-stat""><strong>EUR 169</strong><span>Prezzo indicativo da monitorare dalle principali aree aeroportuali italiane.</span></div>
  <div class=""cpv-stat""><strong>luglio</strong><span>Periodo spesso interessante per tenere sotto controllo la rotta.</span></div>
  <div class=""cpv-stat""><strong>9</strong><span>Aeroporti italiani prioritari da confrontare per questa destinazione.</span></div>
</div>
<h2>Offerte voli per Derry</h2>
<p>Per trovare il miglior equilibrio tra prezzo, durata e comfort, conviene verificare piu aeroporti di partenza italiani e confrontare giorni feriali e weekend.</p>
<table>
  <thead>
    <tr><th>Partenza</th><th>Prezzo da</th><th>Durata indicativa</th><th>Mese da monitorare</th></tr>
  </thead>
  <tbody>
    <tr><td>Leonardo da Vinci-Fiumicino Airport (FCO)</td><td>EUR 81</td><td>4h 20</td><td>marzo</td></tr><tr><td>Ciampino-G. B. Pastine International Airport (CIA)</td><td>EUR 169</td><td>6h 00</td><td>luglio</td></tr><tr><td>Milano Malpensa Airport (MXP)</td><td>EUR 110</td><td>5h 10</td><td>agosto</td></tr><tr><td>Orio al Serio International Airport (BGY)</td><td>EUR 188</td><td>10h 10</td><td>febbraio</td></tr><tr><td>Milano Linate Airport (LIN)</td><td>EUR 73</td><td>9h 00</td><td>luglio</td></tr><tr><td>Naples International Airport (NAP)</td><td>EUR 120</td><td>4h 50</td><td>giugno</td></tr><tr><td>Venice Marco Polo Airport (VCE)</td><td>EUR 60</td><td>6h 50</td><td>giugno</td></tr><tr><td>Catania-Fontanarossa Airport (CTA)</td><td>EUR 30</td><td>9h 50</td><td>dicembre</td></tr><tr><td>Guglielmo Marconi Airport (BLQ)</td><td>EUR 110</td><td>3h 10</td><td>agosto</td></tr>
  </tbody>
</table>
<h2>Aeroporti italiani da cui conviene partire</h2>
<div class=""cpv-chip-list""><span class=""cpv-chip"">Leonardo da Vinci-Fiumicino Airport</span><span class=""cpv-chip"">Ciampino-G. B. Pastine International Airport</span><span class=""cpv-chip"">Milano Malpensa Airport</span><span class=""cpv-chip"">Orio al Serio International Airport</span><span class=""cpv-chip"">Milano Linate Airport</span><span class=""cpv-chip"">Naples International Airport</span></div>
<div class=""cpv-landing-grid"">
  <div class=""cpv-landing-card""><strong>City break</strong><p>Se Derry e una meta urbana, le partenze del venerdi e del sabato sono spesso le piu monitorate.</p></div>
  <div class=""cpv-landing-card""><strong>Viaggi stagionali</strong><p>In alcuni periodi dell'anno le tariffe possono variare molto, soprattutto vicino ai ponti e alle festivita.</p></div>
  <div class=""cpv-landing-card""><strong>Confronto rapido</strong><p>Valuta aeroporti maggiori e secondari per capire se un piccolo spostamento porta a un risparmio concreto.</p></div>
</div>
<h2>Domande frequenti sui voli per Derry</h2>
<div class=""cpv-faq"">
  <details><summary>Qual e il modo migliore per cercare voli per Derry?</summary><p>Confronta piu aeroporti italiani, prova date flessibili e verifica anche partenze infrasettimanali per migliorare le possibilita di risparmio.</p></details>
  <details><summary>Meglio volo diretto o con scalo?</summary><p>Per tratte medio-brevi il diretto e spesso la scelta piu comoda, mentre su alcune rotte uno scalo puo ridurre il prezzo finale.</p></details>
  <details><summary>Quando controllare i prezzi per Derry?</summary><p>Vale la pena iniziare a monitorare la rotta in anticipo e verificare con regolarita i giorni piu vicini alla partenza ideale.</p></details>
</div>","Voli per citta|Voli in Europa",city,LDY,/voli-per/derry/,"Voli per Derry (LDY): offerte e guide | ConfrontaPrezziVoli","Trova voli per Derry dai principali aeroporti italiani. Tariffe indicative da EUR 169 e consigli per scegliere il periodo migliore.","voli per Derry",cities,"Mese tipicamente conveniente: luglio"
post,publish,"Voli per Des Moines (DSM): offerte, compagnie e periodo migliore per prenotare",voli-per-des-moines-dsm,"Confronta voli per Des Moines dai principali aeroporti italiani. Scopri prezzi indicativi, compagnie e consigli utili per organizzare la partenza.","<div class=""cpv-landing-note"">
  <p><strong>Perche cercare voli per Des Moines qui.</strong> Questa pagina raccoglie un quadro rapido delle partenze italiane piu interessanti per Des Moines, con tariffe indicative e consigli per scegliere il periodo piu vantaggioso.</p>
</div>
<div class=""cpv-stat-grid"">
  <div class=""cpv-stat""><strong>EUR 96</strong><span>Prezzo indicativo da monitorare dalle principali aree aeroportuali italiane.</span></div>
  <div class=""cpv-stat""><strong>giugno</strong><span>Periodo spesso interessante per tenere sotto controllo la rotta.</span></div>
  <div class=""cpv-stat""><strong>9</strong><span>Aeroporti italiani prioritari da confrontare per questa destinazione.</span></div>
</div>
<h2>Offerte voli per Des Moines</h2>
<p>Per trovare il miglior equilibrio tra prezzo, durata e comfort, conviene verificare piu aeroporti di partenza italiani e confrontare giorni feriali e weekend.</p>
<table>
  <thead>
    <tr><th>Partenza</th><th>Prezzo da</th><th>Durata indicativa</th><th>Mese da monitorare</th></tr>
  </thead>
  <tbody>
    <tr><td>Leonardo da Vinci-Fiumicino Airport (FCO)</td><td>EUR 60</td><td>10h 50</td><td>giugno</td></tr><tr><td>Ciampino-G. B. Pastine International Airport (CIA)</td><td>EUR 84</td><td>9h 50</td><td>giugno</td></tr><tr><td>Milano Malpensa Airport (MXP)</td><td>EUR 195</td><td>10h 20</td><td>settembre</td></tr><tr><td>Orio al Serio International Airport (BGY)</td><td>EUR 97</td><td>11h 00</td><td>luglio</td></tr><tr><td>Milano Linate Airport (LIN)</td><td>EUR 64</td><td>10h 30</td><td>ottobre</td></tr><tr><td>Naples International Airport (NAP)</td><td>EUR 189</td><td>8h 20</td><td>marzo</td></tr><tr><td>Venice Marco Polo Airport (VCE)</td><td>EUR 109</td><td>1h 00</td><td>luglio</td></tr><tr><td>Catania-Fontanarossa Airport (CTA)</td><td>EUR 195</td><td>11h 20</td><td>settembre</td></tr><tr><td>Guglielmo Marconi Airport (BLQ)</td><td>EUR 19</td><td>3h 00</td><td>gennaio</td></tr>
  </tbody>
</table>
<h2>Aeroporti italiani da cui conviene partire</h2>
<div class=""cpv-chip-list""><span class=""cpv-chip"">Leonardo da Vinci-Fiumicino Airport</span><span class=""cpv-chip"">Ciampino-G. B. Pastine International Airport</span><span class=""cpv-chip"">Milano Malpensa Airport</span><span class=""cpv-chip"">Orio al Serio International Airport</span><span class=""cpv-chip"">Milano Linate Airport</span><span class=""cpv-chip"">Naples International Airport</span></div>
<div class=""cpv-landing-grid"">
  <div class=""cpv-landing-card""><strong>City break</strong><p>Se Des Moines e una meta urbana, le partenze del venerdi e del sabato sono spesso le piu monitorate.</p></div>
  <div class=""cpv-landing-card""><strong>Viaggi stagionali</strong><p>In alcuni periodi dell'anno le tariffe possono variare molto, soprattutto vicino ai ponti e alle festivita.</p></div>
  <div class=""cpv-landing-card""><strong>Confronto rapido</strong><p>Valuta aeroporti maggiori e secondari per capire se un piccolo spostamento porta a un risparmio concreto.</p></div>
</div>
<h2>Domande frequenti sui voli per Des Moines</h2>
<div class=""cpv-faq"">
  <details><summary>Qual e il modo migliore per cercare voli per Des Moines?</summary><p>Confronta piu aeroporti italiani, prova date flessibili e verifica anche partenze infrasettimanali per migliorare le possibilita di risparmio.</p></details>
  <details><summary>Meglio volo diretto o con scalo?</summary><p>Per tratte medio-brevi il diretto e spesso la scelta piu comoda, mentre su alcune rotte uno scalo puo ridurre il prezzo finale.</p></details>
  <details><summary>Quando controllare i prezzi per Des Moines?</summary><p>Vale la pena iniziare a monitorare la rotta in anticipo e verificare con regolarita i giorni piu vicini alla partenza ideale.</p></details>
</div>","Voli per citta|Voli intercontinentali",city,DSM,/voli-per/des-moines/,"Voli per Des Moines (DSM): offerte e guide | ConfrontaPrezziVoli","Trova voli per Des Moines dai principali aeroporti italiani. Tariffe indicative da EUR 96 e consigli per scegliere il periodo migliore.","voli per Des Moines",cities,"Mese tipicamente conveniente: giugno"
post,publish,"Voli per Dessie (DSE): offerte, compagnie e periodo migliore per prenotare",voli-per-dessie-dse,"Confronta voli per Dessie dai principali aeroporti italiani. Scopri prezzi indicativi, compagnie e consigli utili per organizzare la partenza.","<div class=""cpv-landing-note"">
  <p><strong>Perche cercare voli per Dessie qui.</strong> Questa pagina raccoglie un quadro rapido delle partenze italiane piu interessanti per Dessie, con tariffe indicative e consigli per scegliere il periodo piu vantaggioso.</p>
</div>
<div class=""cpv-stat-grid"">
  <div class=""cpv-stat""><strong>EUR 34</strong><span>Prezzo indicativo da monitorare dalle principali aree aeroportuali italiane.</span></div>
  <div class=""cpv-stat""><strong>aprile</strong><span>Periodo spesso interessante per tenere sotto controllo la rotta.</span></div>
  <div class=""cpv-stat""><strong>9</strong><span>Aeroporti italiani prioritari da confrontare per questa destinazione.</span></div>
</div>
<h2>Offerte voli per Dessie</h2>
<p>Per trovare il miglior equilibrio tra prezzo, durata e comfort, conviene verificare piu aeroporti di partenza italiani e confrontare giorni feriali e weekend.</p>
<table>
  <thead>
    <tr><th>Partenza</th><th>Prezzo da</th><th>Durata indicativa</th><th>Mese da monitorare</th></tr>
  </thead>
  <tbody>
    <tr><td>Leonardo da Vinci-Fiumicino Airport (FCO)</td><td>EUR 38</td><td>5h 10</td><td>agosto</td></tr><tr><td>Ciampino-G. B. Pastine International Airport (CIA)</td><td>EUR 94</td><td>4h 30</td><td>aprile</td></tr><tr><td>Milano Malpensa Airport (MXP)</td><td>EUR 185</td><td>11h 40</td><td>novembre</td></tr><tr><td>Orio al Serio International Airport (BGY)</td><td>EUR 107</td><td>9h 40</td><td>maggio</td></tr><tr><td>Milano Linate Airport (LIN)</td><td>EUR 178</td><td>1h 30</td><td>aprile</td></tr><tr><td>Naples International Airport (NAP)</td><td>EUR 27</td><td>7h 20</td><td>settembre</td></tr><tr><td>Venice Marco Polo Airport (VCE)</td><td>EUR 83</td><td>10h 40</td><td>maggio</td></tr><tr><td>Catania-Fontanarossa Airport (CTA)</td><td>EUR 21</td><td>5h 20</td><td>marzo</td></tr><tr><td>Guglielmo Marconi Airport (BLQ)</td><td>EUR 173</td><td>6h 40</td><td>novembre</td></tr>
  </tbody>
</table>
<h2>Aeroporti italiani da cui conviene partire</h2>
<div class=""cpv-chip-list""><span class=""cpv-chip"">Leonardo da Vinci-Fiumicino Airport</span><span class=""cpv-chip"">Ciampino-G. B. Pastine International Airport</span><span class=""cpv-chip"">Milano Malpensa Airport</span><span class=""cpv-chip"">Orio al Serio International Airport</span><span class=""cpv-chip"">Milano Linate Airport</span><span class=""cpv-chip"">Naples International Airport</span></div>
<div class=""cpv-landing-grid"">
  <div class=""cpv-landing-card""><strong>City break</strong><p>Se Dessie e una meta urbana, le partenze del venerdi e del sabato sono spesso le piu monitorate.</p></div>
  <div class=""cpv-landing-card""><strong>Viaggi stagionali</strong><p>In alcuni periodi dell'anno le tariffe possono variare molto, soprattutto vicino ai ponti e alle festivita.</p></div>
  <div class=""cpv-landing-card""><strong>Confronto rapido</strong><p>Valuta aeroporti maggiori e secondari per capire se un piccolo spostamento porta a un risparmio concreto.</p></div>
</div>
<h2>Domande frequenti sui voli per Dessie</h2>
<div class=""cpv-faq"">
  <details><summary>Qual e il modo migliore per cercare voli per Dessie?</summary><p>Confronta piu aeroporti italiani, prova date flessibili e verifica anche partenze infrasettimanali per migliorare le possibilita di risparmio.</p></details>
  <details><summary>Meglio volo diretto o con scalo?</summary><p>Per tratte medio-brevi il diretto e spesso la scelta piu comoda, mentre su alcune rotte uno scalo puo ridurre il prezzo finale.</p></details>
  <details><summary>Quando controllare i prezzi per Dessie?</summary><p>Vale la pena iniziare a monitorare la rotta in anticipo e verificare con regolarita i giorni piu vicini alla partenza ideale.</p></details>
</div>","Voli per citta|Voli intercontinentali",city,DSE,/voli-per/dessie/,"Voli per Dessie (DSE): offerte e guide | ConfrontaPrezziVoli","Trova voli per Dessie dai principali aeroporti italiani. Tariffe indicative da EUR 34 e consigli per scegliere il periodo migliore.","voli per Dessie",cities,"Mese tipicamente conveniente: aprile"
post,publish,"Voli per Destin (DSI): offerte, compagnie e periodo migliore per prenotare",voli-per-destin-dsi,"Confronta voli per Destin dai principali aeroporti italiani. Scopri prezzi indicativi, compagnie e consigli utili per organizzare la partenza.","<div class=""cpv-landing-note"">
  <p><strong>Perche cercare voli per Destin qui.</strong> Questa pagina raccoglie un quadro rapido delle partenze italiane piu interessanti per Destin, con tariffe indicative e consigli per scegliere il periodo piu vantaggioso.</p>
</div>
<div class=""cpv-stat-grid"">
  <div class=""cpv-stat""><strong>EUR 59</strong><span>Prezzo indicativo da monitorare dalle principali aree aeroportuali italiane.</span></div>
  <div class=""cpv-stat""><strong>maggio</strong><span>Periodo spesso interessante per tenere sotto controllo la rotta.</span></div>
  <div class=""cpv-stat""><strong>9</strong><span>Aeroporti italiani prioritari da confrontare per questa destinazione.</span></div>
</div>
<h2>Offerte voli per Destin</h2>
<p>Per trovare il miglior equilibrio tra prezzo, durata e comfort, conviene verificare piu aeroporti di partenza italiani e confrontare giorni feriali e weekend.</p>
<table>
  <thead>
    <tr><th>Partenza</th><th>Prezzo da</th><th>Durata indicativa</th><th>Mese da monitorare</th></tr>
  </thead>
  <tbody>
    <tr><td>Leonardo da Vinci-Fiumicino Airport (FCO)</td><td>EUR 147</td><td>11h 20</td><td>settembre</td></tr><tr><td>Ciampino-G. B. Pastine International Airport (CIA)</td><td>EUR 115</td><td>9h 00</td><td>gennaio</td></tr><tr><td>Milano Malpensa Airport (MXP)</td><td>EUR 152</td><td>1h 10</td><td>febbraio</td></tr><tr><td>Orio al Serio International Airport (BGY)</td><td>EUR 198</td><td>4h 50</td><td>dicembre</td></tr><tr><td>Milano Linate Airport (LIN)</td><td>EUR 87</td><td>9h 20</td><td>settembre</td></tr><tr><td>Naples International Airport (NAP)</td><td>EUR 62</td><td>9h 10</td><td>agosto</td></tr><tr><td>Venice Marco Polo Airport (VCE)</td><td>EUR 82</td><td>5h 30</td><td>aprile</td></tr><tr><td>Catania-Fontanarossa Airport (CTA)</td><td>EUR 152</td><td>3h 10</td><td>febbraio</td></tr><tr><td>Guglielmo Marconi Airport (BLQ)</td><td>EUR 176</td><td>5h 10</td><td>febbraio</td></tr>
  </tbody>
</table>
<h2>Aeroporti italiani da cui conviene partire</h2>
<div class=""cpv-chip-list""><span class=""cpv-chip"">Leonardo da Vinci-Fiumicino Airport</span><span class=""cpv-chip"">Ciampino-G. B. Pastine International Airport</span><span class=""cpv-chip"">Milano Malpensa Airport</span><span class=""cpv-chip"">Orio al Serio International Airport</span><span class=""cpv-chip"">Milano Linate Airport</span><span class=""cpv-chip"">Naples International Airport</span></div>
<div class=""cpv-landing-grid"">
  <div class=""cpv-landing-card""><strong>City break</strong><p>Se Destin e una meta urbana, le partenze del venerdi e del sabato sono spesso le piu monitorate.</p></div>
  <div class=""cpv-landing-card""><strong>Viaggi stagionali</strong><p>In alcuni periodi dell'anno le tariffe possono variare molto, soprattutto vicino ai ponti e alle festivita.</p></div>
  <div class=""cpv-landing-card""><strong>Confronto rapido</strong><p>Valuta aeroporti maggiori e secondari per capire se un piccolo spostamento porta a un risparmio concreto.</p></div>
</div>
<h2>Domande frequenti sui voli per Destin</h2>
<div class=""cpv-faq"">
  <details><summary>Qual e il modo migliore per cercare voli per Destin?</summary><p>Confronta piu aeroporti italiani, prova date flessibili e verifica anche partenze infrasettimanali per migliorare le possibilita di risparmio.</p></details>
  <details><summary>Meglio volo diretto o con scalo?</summary><p>Per tratte medio-brevi il diretto e spesso la scelta piu comoda, mentre su alcune rotte uno scalo puo ridurre il prezzo finale.</p></details>
  <details><summary>Quando controllare i prezzi per Destin?</summary><p>Vale la pena iniziare a monitorare la rotta in anticipo e verificare con regolarita i giorni piu vicini alla partenza ideale.</p></details>
</div>","Voli per citta|Voli intercontinentali",city,DSI,/voli-per/destin/,"Voli per Destin (DSI): offerte e guide | ConfrontaPrezziVoli","Trova voli per Destin dai principali aeroporti italiani. Tariffe indicative da EUR 59 e consigli per scegliere il periodo migliore.","voli per Destin",cities,"Mese tipicamente conveniente: maggio"
post,publish,"Voli per Detroit (DTT): offerte, compagnie e periodo migliore per prenotare",voli-per-detroit-dtt,"Confronta voli per Detroit dai principali aeroporti italiani. Scopri prezzi indicativi, compagnie e consigli utili per organizzare la partenza.","<div class=""cpv-landing-note"">
  <p><strong>Perche cercare voli per Detroit qui.</strong> Questa pagina raccoglie un quadro rapido delle partenze italiane piu interessanti per Detroit, con tariffe indicative e consigli per scegliere il periodo piu vantaggioso.</p>
</div>
<div class=""cpv-stat-grid"">
  <div class=""cpv-stat""><strong>EUR 53</strong><span>Prezzo indicativo da monitorare dalle principali aree aeroportuali italiane.</span></div>
  <div class=""cpv-stat""><strong>novembre</strong><span>Periodo spesso interessante per tenere sotto controllo la rotta.</span></div>
  <div class=""cpv-stat""><strong>9</strong><span>Aeroporti italiani prioritari da confrontare per questa destinazione.</span></div>
</div>
<h2>Offerte voli per Detroit</h2>
<p>Per trovare il miglior equilibrio tra prezzo, durata e comfort, conviene verificare piu aeroporti di partenza italiani e confrontare giorni feriali e weekend.</p>
<table>
  <thead>
    <tr><th>Partenza</th><th>Prezzo da</th><th>Durata indicativa</th><th>Mese da monitorare</th></tr>
  </thead>
  <tbody>
    <tr><td>Leonardo da Vinci-Fiumicino Airport (FCO)</td><td>EUR 145</td><td>11h 00</td><td>luglio</td></tr><tr><td>Ciampino-G. B. Pastine International Airport (CIA)</td><td>EUR 41</td><td>6h 40</td><td>novembre</td></tr><tr><td>Milano Malpensa Airport (MXP)</td><td>EUR 30</td><td>2h 50</td><td>dicembre</td></tr><tr><td>Orio al Serio International Airport (BGY)</td><td>EUR 188</td><td>8h 10</td><td>febbraio</td></tr><tr><td>Milano Linate Airport (LIN)</td><td>EUR 33</td><td>3h 20</td><td>marzo</td></tr><tr><td>Naples International Airport (NAP)</td><td>EUR 20</td><td>3h 10</td><td>febbraio</td></tr><tr><td>Venice Marco Polo Airport (VCE)</td><td>EUR 192</td><td>1h 50</td><td>giugno</td></tr><tr><td>Catania-Fontanarossa Airport (CTA)</td><td>EUR 86</td><td>5h 10</td><td>agosto</td></tr><tr><td>Guglielmo Marconi Airport (BLQ)</td><td>EUR 134</td><td>10h 10</td><td>agosto</td></tr>
  </tbody>
</table>
<h2>Aeroporti italiani da cui conviene partire</h2>
<div class=""cpv-chip-list""><span class=""cpv-chip"">Leonardo da Vinci-Fiumicino Airport</span><span class=""cpv-chip"">Ciampino-G. B. Pastine International Airport</span><span class=""cpv-chip"">Milano Malpensa Airport</span><span class=""cpv-chip"">Orio al Serio International Airport</span><span class=""cpv-chip"">Milano Linate Airport</span><span class=""cpv-chip"">Naples International Airport</span></div>
<div class=""cpv-landing-grid"">
  <div class=""cpv-landing-card""><strong>City break</strong><p>Se Detroit e una meta urbana, le partenze del venerdi e del sabato sono spesso le piu monitorate.</p></div>
  <div class=""cpv-landing-card""><strong>Viaggi stagionali</strong><p>In alcuni periodi dell'anno le tariffe possono variare molto, soprattutto vicino ai ponti e alle festivita.</p></div>
  <div class=""cpv-landing-card""><strong>Confronto rapido</strong><p>Valuta aeroporti maggiori e secondari per capire se un piccolo spostamento porta a un risparmio concreto.</p></div>
</div>
<h2>Domande frequenti sui voli per Detroit</h2>
<div class=""cpv-faq"">
  <details><summary>Qual e il modo migliore per cercare voli per Detroit?</summary><p>Confronta piu aeroporti italiani, prova date flessibili e verifica anche partenze infrasettimanali per migliorare le possibilita di risparmio.</p></details>
  <details><summary>Meglio volo diretto o con scalo?</summary><p>Per tratte medio-brevi il diretto e spesso la scelta piu comoda, mentre su alcune rotte uno scalo puo ridurre il prezzo finale.</p></details>
  <details><summary>Quando controllare i prezzi per Detroit?</summary><p>Vale la pena iniziare a monitorare la rotta in anticipo e verificare con regolarita i giorni piu vicini alla partenza ideale.</p></details>
</div>","Voli per citta|Voli intercontinentali",city,DTT,/voli-per/detroit/,"Voli per Detroit (DTT): offerte e guide | ConfrontaPrezziVoli","Trova voli per Detroit dai principali aeroporti italiani. Tariffe indicative da EUR 53 e consigli per scegliere il periodo migliore.","voli per Detroit",cities,"Mese tipicamente conveniente: novembre"
post,publish,"Voli per Devils Lake (DVL): offerte, compagnie e periodo migliore per prenotare",voli-per-devils-lake-dvl,"Confronta voli per Devils Lake dai principali aeroporti italiani. Scopri prezzi indicativi, compagnie e consigli utili per organizzare la partenza.","<div class=""cpv-landing-note"">
  <p><strong>Perche cercare voli per Devils Lake qui.</strong> Questa pagina raccoglie un quadro rapido delle partenze italiane piu interessanti per Devils Lake, con tariffe indicative e consigli per scegliere il periodo piu vantaggioso.</p>
</div>
<div class=""cpv-stat-grid"">
  <div class=""cpv-stat""><strong>EUR 33</strong><span>Prezzo indicativo da monitorare dalle principali aree aeroportuali italiane.</span></div>
  <div class=""cpv-stat""><strong>marzo</strong><span>Periodo spesso interessante per tenere sotto controllo la rotta.</span></div>
  <div class=""cpv-stat""><strong>9</strong><span>Aeroporti italiani prioritari da confrontare per questa destinazione.</span></div>
</div>
<h2>Offerte voli per Devils Lake</h2>
<p>Per trovare il miglior equilibrio tra prezzo, durata e comfort, conviene verificare piu aeroporti di partenza italiani e confrontare giorni feriali e weekend.</p>
<table>
  <thead>
    <tr><th>Partenza</th><th>Prezzo da</th><th>Durata indicativa</th><th>Mese da monitorare</th></tr>
  </thead>
  <tbody>
    <tr><td>Leonardo da Vinci-Fiumicino Airport (FCO)</td><td>EUR 145</td><td>1h 00</td><td>luglio</td></tr><tr><td>Ciampino-G. B. Pastine International Airport (CIA)</td><td>EUR 93</td><td>6h 20</td><td>marzo</td></tr><tr><td>Milano Malpensa Airport (MXP)</td><td>EUR 150</td><td>10h 50</td><td>dicembre</td></tr><tr><td>Orio al Serio International Airport (BGY)</td><td>EUR 196</td><td>3h 30</td><td>ottobre</td></tr><tr><td>Milano Linate Airport (LIN)</td><td>EUR 149</td><td>5h 40</td><td>novembre</td></tr><tr><td>Naples International Airport (NAP)</td><td>EUR 28</td><td>9h 30</td><td>ottobre</td></tr><tr><td>Venice Marco Polo Airport (VCE)</td><td>EUR 128</td><td>7h 10</td><td>febbraio</td></tr><tr><td>Catania-Fontanarossa Airport (CTA)</td><td>EUR 66</td><td>8h 50</td><td>dicembre</td></tr><tr><td>Guglielmo Marconi Airport (BLQ)</td><td>EUR 146</td><td>4h 10</td><td>agosto</td></tr>
  </tbody>
</table>
<h2>Aeroporti italiani da cui conviene partire</h2>
<div class=""cpv-chip-list""><span class=""cpv-chip"">Leonardo da Vinci-Fiumicino Airport</span><span class=""cpv-chip"">Ciampino-G. B. Pastine International Airport</span><span class=""cpv-chip"">Milano Malpensa Airport</span><span class=""cpv-chip"">Orio al Serio International Airport</span><span class=""cpv-chip"">Milano Linate Airport</span><span class=""cpv-chip"">Naples International Airport</span></div>
<div class=""cpv-landing-grid"">
  <div class=""cpv-landing-card""><strong>City break</strong><p>Se Devils Lake e una meta urbana, le partenze del venerdi e del sabato sono spesso le piu monitorate.</p></div>
  <div class=""cpv-landing-card""><strong>Viaggi stagionali</strong><p>In alcuni periodi dell'anno le tariffe possono variare molto, soprattutto vicino ai ponti e alle festivita.</p></div>
  <div class=""cpv-landing-card""><strong>Confronto rapido</strong><p>Valuta aeroporti maggiori e secondari per capire se un piccolo spostamento porta a un risparmio concreto.</p></div>
</div>
<h2>Domande frequenti sui voli per Devils Lake</h2>
<div class=""cpv-faq"">
  <details><summary>Qual e il modo migliore per cercare voli per Devils Lake?</summary><p>Confronta piu aeroporti italiani, prova date flessibili e verifica anche partenze infrasettimanali per migliorare le possibilita di risparmio.</p></details>
  <details><summary>Meglio volo diretto o con scalo?</summary><p>Per tratte medio-brevi il diretto e spesso la scelta piu comoda, mentre su alcune rotte uno scalo puo ridurre il prezzo finale.</p></details>
  <details><summary>Quando controllare i prezzi per Devils Lake?</summary><p>Vale la pena iniziare a monitorare la rotta in anticipo e verificare con regolarita i giorni piu vicini alla partenza ideale.</p></details>
</div>","Voli per citta|Voli intercontinentali",city,DVL,/voli-per/devils-lake/,"Voli per Devils Lake (DVL): offerte e guide | ConfrontaPrezziVoli","Trova voli per Devils Lake dai principali aeroporti italiani. Tariffe indicative da EUR 33 e consigli per scegliere il periodo migliore.","voli per Devils Lake",cities,"Mese tipicamente conveniente: marzo"
post,publish,"Voli per Devonport (DPO): offerte, compagnie e periodo migliore per prenotare",voli-per-devonport-dpo,"Confronta voli per Devonport dai principali aeroporti italiani. Scopri prezzi indicativi, compagnie e consigli utili per organizzare la partenza.","<div class=""cpv-landing-note"">
  <p><strong>Perche cercare voli per Devonport qui.</strong> Questa pagina raccoglie un quadro rapido delle partenze italiane piu interessanti per Devonport, con tariffe indicative e consigli per scegliere il periodo piu vantaggioso.</p>
</div>
<div class=""cpv-stat-grid"">
  <div class=""cpv-stat""><strong>EUR 37</strong><span>Prezzo indicativo da monitorare dalle principali aree aeroportuali italiane.</span></div>
  <div class=""cpv-stat""><strong>luglio</strong><span>Periodo spesso interessante per tenere sotto controllo la rotta.</span></div>
  <div class=""cpv-stat""><strong>9</strong><span>Aeroporti italiani prioritari da confrontare per questa destinazione.</span></div>
</div>
<h2>Offerte voli per Devonport</h2>
<p>Per trovare il miglior equilibrio tra prezzo, durata e comfort, conviene verificare piu aeroporti di partenza italiani e confrontare giorni feriali e weekend.</p>
<table>
  <thead>
    <tr><th>Partenza</th><th>Prezzo da</th><th>Durata indicativa</th><th>Mese da monitorare</th></tr>
  </thead>
  <tbody>
    <tr><td>Leonardo da Vinci-Fiumicino Airport (FCO)</td><td>EUR 193</td><td>3h 00</td><td>luglio</td></tr><tr><td>Ciampino-G. B. Pastine International Airport (CIA)</td><td>EUR 97</td><td>6h 00</td><td>luglio</td></tr><tr><td>Milano Malpensa Airport (MXP)</td><td>EUR 166</td><td>9h 30</td><td>aprile</td></tr><tr><td>Orio al Serio International Airport (BGY)</td><td>EUR 60</td><td>7h 50</td><td>giugno</td></tr><tr><td>Milano Linate Airport (LIN)</td><td>EUR 21</td><td>5h 20</td><td>marzo</td></tr><tr><td>Naples International Airport (NAP)</td><td>EUR 32</td><td>7h 10</td><td>febbraio</td></tr><tr><td>Venice Marco Polo Airport (VCE)</td><td>EUR 192</td><td>9h 50</td><td>giugno</td></tr><tr><td>Catania-Fontanarossa Airport (CTA)</td><td>EUR 54</td><td>11h 50</td><td>dicembre</td></tr><tr><td>Guglielmo Marconi Airport (BLQ)</td><td>EUR 150</td><td>10h 50</td><td>dicembre</td></tr>
  </tbody>
</table>
<h2>Aeroporti italiani da cui conviene partire</h2>
<div class=""cpv-chip-list""><span class=""cpv-chip"">Leonardo da Vinci-Fiumicino Airport</span><span class=""cpv-chip"">Ciampino-G. B. Pastine International Airport</span><span class=""cpv-chip"">Milano Malpensa Airport</span><span class=""cpv-chip"">Orio al Serio International Airport</span><span class=""cpv-chip"">Milano Linate Airport</span><span class=""cpv-chip"">Naples International Airport</span></div>
<div class=""cpv-landing-grid"">
  <div class=""cpv-landing-card""><strong>City break</strong><p>Se Devonport e una meta urbana, le partenze del venerdi e del sabato sono spesso le piu monitorate.</p></div>
  <div class=""cpv-landing-card""><strong>Viaggi stagionali</strong><p>In alcuni periodi dell'anno le tariffe possono variare molto, soprattutto vicino ai ponti e alle festivita.</p></div>
  <div class=""cpv-landing-card""><strong>Confronto rapido</strong><p>Valuta aeroporti maggiori e secondari per capire se un piccolo spostamento porta a un risparmio concreto.</p></div>
</div>
<h2>Domande frequenti sui voli per Devonport</h2>
<div class=""cpv-faq"">
  <details><summary>Qual e il modo migliore per cercare voli per Devonport?</summary><p>Confronta piu aeroporti italiani, prova date flessibili e verifica anche partenze infrasettimanali per migliorare le possibilita di risparmio.</p></details>
  <details><summary>Meglio volo diretto o con scalo?</summary><p>Per tratte medio-brevi il diretto e spesso la scelta piu comoda, mentre su alcune rotte uno scalo puo ridurre il prezzo finale.</p></details>
  <details><summary>Quando controllare i prezzi per Devonport?</summary><p>Vale la pena iniziare a monitorare la rotta in anticipo e verificare con regolarita i giorni piu vicini alla partenza ideale.</p></details>
</div>","Voli per citta|Voli intercontinentali",city,DPO,/voli-per/devonport/,"Voli per Devonport (DPO): offerte e guide | ConfrontaPrezziVoli","Trova voli per Devonport dai principali aeroporti italiani. Tariffe indicative da EUR 37 e consigli per scegliere il periodo migliore.","voli per Devonport",cities,"Mese tipicamente conveniente: luglio"
post,publish,"Voli per Dezful (DEF): offerte, compagnie e periodo migliore per prenotare",voli-per-dezful-def,"Confronta voli per Dezful dai principali aeroporti italiani. Scopri prezzi indicativi, compagnie e consigli utili per organizzare la partenza.","<div class=""cpv-landing-note"">
  <p><strong>Perche cercare voli per Dezful qui.</strong> Questa pagina raccoglie un quadro rapido delle partenze italiane piu interessanti per Dezful, con tariffe indicative e consigli per scegliere il periodo piu vantaggioso.</p>
</div>
<div class=""cpv-stat-grid"">
  <div class=""cpv-stat""><strong>EUR 173</strong><span>Prezzo indicativo da monitorare dalle principali aree aeroportuali italiane.</span></div>
  <div class=""cpv-stat""><strong>novembre</strong><span>Periodo spesso interessante per tenere sotto controllo la rotta.</span></div>
  <div class=""cpv-stat""><strong>9</strong><span>Aeroporti italiani prioritari da confrontare per questa destinazione.</span></div>
</div>
<h2>Offerte voli per Dezful</h2>
<p>Per trovare il miglior equilibrio tra prezzo, durata e comfort, conviene verificare piu aeroporti di partenza italiani e confrontare giorni feriali e weekend.</p>
<table>
  <thead>
    <tr><th>Partenza</th><th>Prezzo da</th><th>Durata indicativa</th><th>Mese da monitorare</th></tr>
  </thead>
  <tbody>
    <tr><td>Leonardo da Vinci-Fiumicino Airport (FCO)</td><td>EUR 85</td><td>7h 00</td><td>luglio</td></tr><tr><td>Ciampino-G. B. Pastine International Airport (CIA)</td><td>EUR 193</td><td>6h 00</td><td>luglio</td></tr><tr><td>Milano Malpensa Airport (MXP)</td><td>EUR 142</td><td>7h 30</td><td>aprile</td></tr><tr><td>Orio al Serio International Airport (BGY)</td><td>EUR 192</td><td>7h 50</td><td>giugno</td></tr><tr><td>Milano Linate Airport (LIN)</td><td>EUR 137</td><td>7h 40</td><td>novembre</td></tr><tr><td>Naples International Airport (NAP)</td><td>EUR 120</td><td>10h 50</td><td>giugno</td></tr><tr><td>Venice Marco Polo Airport (VCE)</td><td>EUR 168</td><td>8h 50</td><td>giugno</td></tr><tr><td>Catania-Fontanarossa Airport (CTA)</td><td>EUR 42</td><td>4h 50</td><td>dicembre</td></tr><tr><td>Guglielmo Marconi Airport (BLQ)</td><td>EUR 114</td><td>6h 50</td><td>dicembre</td></tr>
  </tbody>
</table>
<h2>Aeroporti italiani da cui conviene partire</h2>
<div class=""cpv-chip-list""><span class=""cpv-chip"">Leonardo da Vinci-Fiumicino Airport</span><span class=""cpv-chip"">Ciampino-G. B. Pastine International Airport</span><span class=""cpv-chip"">Milano Malpensa Airport</span><span class=""cpv-chip"">Orio al Serio International Airport</span><span class=""cpv-chip"">Milano Linate Airport</span><span class=""cpv-chip"">Naples International Airport</span></div>
<div class=""cpv-landing-grid"">
  <div class=""cpv-landing-card""><strong>City break</strong><p>Se Dezful e una meta urbana, le partenze del venerdi e del sabato sono spesso le piu monitorate.</p></div>
  <div class=""cpv-landing-card""><strong>Viaggi stagionali</strong><p>In alcuni periodi dell'anno le tariffe possono variare molto, soprattutto vicino ai ponti e alle festivita.</p></div>
  <div class=""cpv-landing-card""><strong>Confronto rapido</strong><p>Valuta aeroporti maggiori e secondari per capire se un piccolo spostamento porta a un risparmio concreto.</p></div>
</div>
<h2>Domande frequenti sui voli per Dezful</h2>
<div class=""cpv-faq"">
  <details><summary>Qual e il modo migliore per cercare voli per Dezful?</summary><p>Confronta piu aeroporti italiani, prova date flessibili e verifica anche partenze infrasettimanali per migliorare le possibilita di risparmio.</p></details>
  <details><summary>Meglio volo diretto o con scalo?</summary><p>Per tratte medio-brevi il diretto e spesso la scelta piu comoda, mentre su alcune rotte uno scalo puo ridurre il prezzo finale.</p></details>
  <details><summary>Quando controllare i prezzi per Dezful?</summary><p>Vale la pena iniziare a monitorare la rotta in anticipo e verificare con regolarita i giorni piu vicini alla partenza ideale.</p></details>
</div>","Voli per citta|Voli intercontinentali",city,DEF,/voli-per/dezful/,"Voli per Dezful (DEF): offerte e guide | ConfrontaPrezziVoli","Trova voli per Dezful dai principali aeroporti italiani. Tariffe indicative da EUR 173 e consigli per scegliere il periodo migliore.","voli per Dezful",cities,"Mese tipicamente conveniente: novembre"
post,publish,"Voli per Dhaka (DAC): offerte, compagnie e periodo migliore per prenotare",voli-per-dhaka-dac,"Confronta voli per Dhaka dai principali aeroporti italiani. Scopri prezzi indicativi, compagnie e consigli utili per organizzare la partenza.","<div class=""cpv-landing-note"">
  <p><strong>Perche cercare voli per Dhaka qui.</strong> Questa pagina raccoglie un quadro rapido delle partenze italiane piu interessanti per Dhaka, con tariffe indicative e consigli per scegliere il periodo piu vantaggioso.</p>
</div>
<div class=""cpv-stat-grid"">
  <div class=""cpv-stat""><strong>EUR 188</strong><span>Prezzo indicativo da monitorare dalle principali aree aeroportuali italiane.</span></div>
  <div class=""cpv-stat""><strong>febbraio</strong><span>Periodo spesso interessante per tenere sotto controllo la rotta.</span></div>
  <div class=""cpv-stat""><strong>9</strong><span>Aeroporti italiani prioritari da confrontare per questa destinazione.</span></div>
</div>
<h2>Offerte voli per Dhaka</h2>
<p>Per trovare il miglior equilibrio tra prezzo, durata e comfort, conviene verificare piu aeroporti di partenza italiani e confrontare giorni feriali e weekend.</p>
<table>
  <thead>
    <tr><th>Partenza</th><th>Prezzo da</th><th>Durata indicativa</th><th>Mese da monitorare</th></tr>
  </thead>
  <tbody>
    <tr><td>Leonardo da Vinci-Fiumicino Airport (FCO)</td><td>EUR 116</td><td>8h 10</td><td>febbraio</td></tr><tr><td>Ciampino-G. B. Pastine International Airport (CIA)</td><td>EUR 136</td><td>3h 30</td><td>ottobre</td></tr><tr><td>Milano Malpensa Airport (MXP)</td><td>EUR 127</td><td>7h 00</td><td>gennaio</td></tr><tr><td>Orio al Serio International Airport (BGY)</td><td>EUR 109</td><td>2h 00</td><td>luglio</td></tr><tr><td>Milano Linate Airport (LIN)</td><td>EUR 168</td><td>10h 50</td><td>giugno</td></tr><tr><td>Naples International Airport (NAP)</td><td>EUR 101</td><td>9h 40</td><td>novembre</td></tr><tr><td>Venice Marco Polo Airport (VCE)</td><td>EUR 93</td><td>1h 20</td><td>marzo</td></tr><tr><td>Catania-Fontanarossa Airport (CTA)</td><td>EUR 139</td><td>9h 00</td><td>gennaio</td></tr><tr><td>Guglielmo Marconi Airport (BLQ)</td><td>EUR 111</td><td>8h 20</td><td>settembre</td></tr>
  </tbody>
</table>
<h2>Aeroporti italiani da cui conviene partire</h2>
<div class=""cpv-chip-list""><span class=""cpv-chip"">Leonardo da Vinci-Fiumicino Airport</span><span class=""cpv-chip"">Ciampino-G. B. Pastine International Airport</span><span class=""cpv-chip"">Milano Malpensa Airport</span><span class=""cpv-chip"">Orio al Serio International Airport</span><span class=""cpv-chip"">Milano Linate Airport</span><span class=""cpv-chip"">Naples International Airport</span></div>
<div class=""cpv-landing-grid"">
  <div class=""cpv-landing-card""><strong>City break</strong><p>Se Dhaka e una meta urbana, le partenze del venerdi e del sabato sono spesso le piu monitorate.</p></div>
  <div class=""cpv-landing-card""><strong>Viaggi stagionali</strong><p>In alcuni periodi dell'anno le tariffe possono variare molto, soprattutto vicino ai ponti e alle festivita.</p></div>
  <div class=""cpv-landing-card""><strong>Confronto rapido</strong><p>Valuta aeroporti maggiori e secondari per capire se un piccolo spostamento porta a un risparmio concreto.</p></div>
</div>
<h2>Domande frequenti sui voli per Dhaka</h2>
<div class=""cpv-faq"">
  <details><summary>Qual e il modo migliore per cercare voli per Dhaka?</summary><p>Confronta piu aeroporti italiani, prova date flessibili e verifica anche partenze infrasettimanali per migliorare le possibilita di risparmio.</p></details>
  <details><summary>Meglio volo diretto o con scalo?</summary><p>Per tratte medio-brevi il diretto e spesso la scelta piu comoda, mentre su alcune rotte uno scalo puo ridurre il prezzo finale.</p></details>
  <details><summary>Quando controllare i prezzi per Dhaka?</summary><p>Vale la pena iniziare a monitorare la rotta in anticipo e verificare con regolarita i giorni piu vicini alla partenza ideale.</p></details>
</div>","Voli per citta|Voli intercontinentali",city,DAC,/voli-per/dhaka/,"Voli per Dhaka (DAC): offerte e guide | ConfrontaPrezziVoli","Trova voli per Dhaka dai principali aeroporti italiani. Tariffe indicative da EUR 188 e consigli per scegliere il periodo migliore.","voli per Dhaka",cities,"Mese tipicamente conveniente: febbraio"
post,publish,"Voli per Dhangarhi (DHI): offerte, compagnie e periodo migliore per prenotare",voli-per-dhangarhi-dhi,"Confronta voli per Dhangarhi dai principali aeroporti italiani. Scopri prezzi indicativi, compagnie e consigli utili per organizzare la partenza.","<div class=""cpv-landing-note"">
  <p><strong>Perche cercare voli per Dhangarhi qui.</strong> Questa pagina raccoglie un quadro rapido delle partenze italiane piu interessanti per Dhangarhi, con tariffe indicative e consigli per scegliere il periodo piu vantaggioso.</p>
</div>
<div class=""cpv-stat-grid"">
  <div class=""cpv-stat""><strong>EUR 73</strong><span>Prezzo indicativo da monitorare dalle principali aree aeroportuali italiane.</span></div>
  <div class=""cpv-stat""><strong>luglio</strong><span>Periodo spesso interessante per tenere sotto controllo la rotta.</span></div>
  <div class=""cpv-stat""><strong>9</strong><span>Aeroporti italiani prioritari da confrontare per questa destinazione.</span></div>
</div>
<h2>Offerte voli per Dhangarhi</h2>
<p>Per trovare il miglior equilibrio tra prezzo, durata e comfort, conviene verificare piu aeroporti di partenza italiani e confrontare giorni feriali e weekend.</p>
<table>
  <thead>
    <tr><th>Partenza</th><th>Prezzo da</th><th>Durata indicativa</th><th>Mese da monitorare</th></tr>
  </thead>
  <tbody>
    <tr><td>Leonardo da Vinci-Fiumicino Airport (FCO)</td><td>EUR 157</td><td>10h 00</td><td>luglio</td></tr><tr><td>Ciampino-G. B. Pastine International Airport (CIA)</td><td>EUR 21</td><td>1h 20</td><td>marzo</td></tr><tr><td>Milano Malpensa Airport (MXP)</td><td>EUR 154</td><td>11h 30</td><td>aprile</td></tr><tr><td>Orio al Serio International Airport (BGY)</td><td>EUR 120</td><td>5h 50</td><td>giugno</td></tr><tr><td>Milano Linate Airport (LIN)</td><td>EUR 25</td><td>6h 00</td><td>luglio</td></tr><tr><td>Naples International Airport (NAP)</td><td>EUR 128</td><td>9h 10</td><td>febbraio</td></tr><tr><td>Venice Marco Polo Airport (VCE)</td><td>EUR 100</td><td>1h 30</td><td>ottobre</td></tr><tr><td>Catania-Fontanarossa Airport (CTA)</td><td>EUR 118</td><td>3h 30</td><td>aprile</td></tr><tr><td>Guglielmo Marconi Airport (BLQ)</td><td>EUR 62</td><td>9h 10</td><td>agosto</td></tr>
  </tbody>
</table>
<h2>Aeroporti italiani da cui conviene partire</h2>
<div class=""cpv-chip-list""><span class=""cpv-chip"">Leonardo da Vinci-Fiumicino Airport</span><span class=""cpv-chip"">Ciampino-G. B. Pastine International Airport</span><span class=""cpv-chip"">Milano Malpensa Airport</span><span class=""cpv-chip"">Orio al Serio International Airport</span><span class=""cpv-chip"">Milano Linate Airport</span><span class=""cpv-chip"">Naples International Airport</span></div>
<div class=""cpv-landing-grid"">
  <div class=""cpv-landing-card""><strong>City break</strong><p>Se Dhangarhi e una meta urbana, le partenze del venerdi e del sabato sono spesso le piu monitorate.</p></div>
  <div class=""cpv-landing-card""><strong>Viaggi stagionali</strong><p>In alcuni periodi dell'anno le tariffe possono variare molto, soprattutto vicino ai ponti e alle festivita.</p></div>
  <div class=""cpv-landing-card""><strong>Confronto rapido</strong><p>Valuta aeroporti maggiori e secondari per capire se un piccolo spostamento porta a un risparmio concreto.</p></div>
</div>
<h2>Domande frequenti sui voli per Dhangarhi</h2>
<div class=""cpv-faq"">
  <details><summary>Qual e il modo migliore per cercare voli per Dhangarhi?</summary><p>Confronta piu aeroporti italiani, prova date flessibili e verifica anche partenze infrasettimanali per migliorare le possibilita di risparmio.</p></details>
  <details><summary>Meglio volo diretto o con scalo?</summary><p>Per tratte medio-brevi il diretto e spesso la scelta piu comoda, mentre su alcune rotte uno scalo puo ridurre il prezzo finale.</p></details>
  <details><summary>Quando controllare i prezzi per Dhangarhi?</summary><p>Vale la pena iniziare a monitorare la rotta in anticipo e verificare con regolarita i giorni piu vicini alla partenza ideale.</p></details>
</div>","Voli per citta|Voli intercontinentali",city,DHI,/voli-per/dhangarhi/,"Voli per Dhangarhi (DHI): offerte e guide | ConfrontaPrezziVoli","Trova voli per Dhangarhi dai principali aeroporti italiani. Tariffe indicative da EUR 73 e consigli per scegliere il periodo migliore.","voli per Dhangarhi",cities,"Mese tipicamente conveniente: luglio"
post,publish,"Voli per Dharamsala (DHM): offerte, compagnie e periodo migliore per prenotare",voli-per-dharamsala-dhm,"Confronta voli per Dharamsala dai principali aeroporti italiani. Scopri prezzi indicativi, compagnie e consigli utili per organizzare la partenza.","<div class=""cpv-landing-note"">
  <p><strong>Perche cercare voli per Dharamsala qui.</strong> Questa pagina raccoglie un quadro rapido delle partenze italiane piu interessanti per Dharamsala, con tariffe indicative e consigli per scegliere il periodo piu vantaggioso.</p>
</div>
<div class=""cpv-stat-grid"">
  <div class=""cpv-stat""><strong>EUR 114</strong><span>Prezzo indicativo da monitorare dalle principali aree aeroportuali italiane.</span></div>
  <div class=""cpv-stat""><strong>dicembre</strong><span>Periodo spesso interessante per tenere sotto controllo la rotta.</span></div>
  <div class=""cpv-stat""><strong>9</strong><span>Aeroporti italiani prioritari da confrontare per questa destinazione.</span></div>
</div>
<h2>Offerte voli per Dharamsala</h2>
<p>Per trovare il miglior equilibrio tra prezzo, durata e comfort, conviene verificare piu aeroporti di partenza italiani e confrontare giorni feriali e weekend.</p>
<table>
  <thead>
    <tr><th>Partenza</th><th>Prezzo da</th><th>Durata indicativa</th><th>Mese da monitorare</th></tr>
  </thead>
  <tbody>
    <tr><td>Leonardo da Vinci-Fiumicino Airport (FCO)</td><td>EUR 142</td><td>3h 30</td><td>aprile</td></tr><tr><td>Ciampino-G. B. Pastine International Airport (CIA)</td><td>EUR 30</td><td>10h 50</td><td>dicembre</td></tr><tr><td>Milano Malpensa Airport (MXP)</td><td>EUR 141</td><td>5h 20</td><td>marzo</td></tr><tr><td>Orio al Serio International Airport (BGY)</td><td>EUR 55</td><td>4h 00</td><td>gennaio</td></tr><tr><td>Milano Linate Airport (LIN)</td><td>EUR 174</td><td>2h 50</td><td>dicembre</td></tr><tr><td>Naples International Airport (NAP)</td><td>EUR 111</td><td>8h 20</td><td>settembre</td></tr><tr><td>Venice Marco Polo Airport (VCE)</td><td>EUR 103</td><td>3h 00</td><td>gennaio</td></tr><tr><td>Catania-Fontanarossa Airport (CTA)</td><td>EUR 25</td><td>7h 00</td><td>luglio</td></tr><tr><td>Guglielmo Marconi Airport (BLQ)</td><td>EUR 125</td><td>5h 40</td><td>novembre</td></tr>
  </tbody>
</table>
<h2>Aeroporti italiani da cui conviene partire</h2>
<div class=""cpv-chip-list""><span class=""cpv-chip"">Leonardo da Vinci-Fiumicino Airport</span><span class=""cpv-chip"">Ciampino-G. B. Pastine International Airport</span><span class=""cpv-chip"">Milano Malpensa Airport</span><span class=""cpv-chip"">Orio al Serio International Airport</span><span class=""cpv-chip"">Milano Linate Airport</span><span class=""cpv-chip"">Naples International Airport</span></div>
<div class=""cpv-landing-grid"">
  <div class=""cpv-landing-card""><strong>City break</strong><p>Se Dharamsala e una meta urbana, le partenze del venerdi e del sabato sono spesso le piu monitorate.</p></div>
  <div class=""cpv-landing-card""><strong>Viaggi stagionali</strong><p>In alcuni periodi dell'anno le tariffe possono variare molto, soprattutto vicino ai ponti e alle festivita.</p></div>
  <div class=""cpv-landing-card""><strong>Confronto rapido</strong><p>Valuta aeroporti maggiori e secondari per capire se un piccolo spostamento porta a un risparmio concreto.</p></div>
</div>
<h2>Domande frequenti sui voli per Dharamsala</h2>
<div class=""cpv-faq"">
  <details><summary>Qual e il modo migliore per cercare voli per Dharamsala?</summary><p>Confronta piu aeroporti italiani, prova date flessibili e verifica anche partenze infrasettimanali per migliorare le possibilita di risparmio.</p></details>
  <details><summary>Meglio volo diretto o con scalo?</summary><p>Per tratte medio-brevi il diretto e spesso la scelta piu comoda, mentre su alcune rotte uno scalo puo ridurre il prezzo finale.</p></details>
  <details><summary>Quando controllare i prezzi per Dharamsala?</summary><p>Vale la pena iniziare a monitorare la rotta in anticipo e verificare con regolarita i giorni piu vicini alla partenza ideale.</p></details>
</div>","Voli per citta|Voli intercontinentali",city,DHM,/voli-per/dharamsala/,"Voli per Dharamsala (DHM): offerte e guide | ConfrontaPrezziVoli","Trova voli per Dharamsala dai principali aeroporti italiani. Tariffe indicative da EUR 114 e consigli per scegliere il periodo migliore.","voli per Dharamsala",cities,"Mese tipicamente conveniente: dicembre"
post,publish,"Voli per Dharavandhoo Island (DRV): offerte, compagnie e periodo migliore per prenotare",voli-per-dharavandhoo-island-drv,"Confronta voli per Dharavandhoo Island dai principali aeroporti italiani. Scopri prezzi indicativi, compagnie e consigli utili per organizzare la partenza.","<div class=""cpv-landing-note"">
  <p><strong>Perche cercare voli per Dharavandhoo Island qui.</strong> Questa pagina raccoglie un quadro rapido delle partenze italiane piu interessanti per Dharavandhoo Island, con tariffe indicative e consigli per scegliere il periodo piu vantaggioso.</p>
</div>
<div class=""cpv-stat-grid"">
  <div class=""cpv-stat""><strong>EUR 123</strong><span>Prezzo indicativo da monitorare dalle principali aree aeroportuali italiane.</span></div>
  <div class=""cpv-stat""><strong>settembre</strong><span>Periodo spesso interessante per tenere sotto controllo la rotta.</span></div>
  <div class=""cpv-stat""><strong>9</strong><span>Aeroporti italiani prioritari da confrontare per questa destinazione.</span></div>
</div>
<h2>Offerte voli per Dharavandhoo Island</h2>
<p>Per trovare il miglior equilibrio tra prezzo, durata e comfort, conviene verificare piu aeroporti di partenza italiani e confrontare giorni feriali e weekend.</p>
<table>
  <thead>
    <tr><th>Partenza</th><th>Prezzo da</th><th>Durata indicativa</th><th>Mese da monitorare</th></tr>
  </thead>
  <tbody>
    <tr><td>Leonardo da Vinci-Fiumicino Airport (FCO)</td><td>EUR 175</td><td>6h 00</td><td>gennaio</td></tr><tr><td>Ciampino-G. B. Pastine International Airport (CIA)</td><td>EUR 23</td><td>4h 40</td><td>maggio</td></tr><tr><td>Milano Malpensa Airport (MXP)</td><td>EUR 76</td><td>3h 30</td><td>ottobre</td></tr><tr><td>Orio al Serio International Airport (BGY)</td><td>EUR 30</td><td>11h 50</td><td>dicembre</td></tr><tr><td>Milano Linate Airport (LIN)</td><td>EUR 151</td><td>10h 00</td><td>gennaio</td></tr><tr><td>Naples International Airport (NAP)</td><td>EUR 46</td><td>3h 30</td><td>aprile</td></tr><tr><td>Venice Marco Polo Airport (VCE)</td><td>EUR 178</td><td>6h 30</td><td>aprile</td></tr><tr><td>Catania-Fontanarossa Airport (CTA)</td><td>EUR 60</td><td>7h 50</td><td>giugno</td></tr><tr><td>Guglielmo Marconi Airport (BLQ)</td><td>EUR 120</td><td>11h 50</td><td>giugno</td></tr>
  </tbody>
</table>
<h2>Aeroporti italiani da cui conviene partire</h2>
<div class=""cpv-chip-list""><span class=""cpv-chip"">Leonardo da Vinci-Fiumicino Airport</span><span class=""cpv-chip"">Ciampino-G. B. Pastine International Airport</span><span class=""cpv-chip"">Milano Malpensa Airport</span><span class=""cpv-chip"">Orio al Serio International Airport</span><span class=""cpv-chip"">Milano Linate Airport</span><span class=""cpv-chip"">Naples International Airport</span></div>
<div class=""cpv-landing-grid"">
  <div class=""cpv-landing-card""><strong>City break</strong><p>Se Dharavandhoo Island e una meta urbana, le partenze del venerdi e del sabato sono spesso le piu monitorate.</p></div>
  <div class=""cpv-landing-card""><strong>Viaggi stagionali</strong><p>In alcuni periodi dell'anno le tariffe possono variare molto, soprattutto vicino ai ponti e alle festivita.</p></div>
  <div class=""cpv-landing-card""><strong>Confronto rapido</strong><p>Valuta aeroporti maggiori e secondari per capire se un piccolo spostamento porta a un risparmio concreto.</p></div>
</div>
<h2>Domande frequenti sui voli per Dharavandhoo Island</h2>
<div class=""cpv-faq"">
  <details><summary>Qual e il modo migliore per cercare voli per Dharavandhoo Island?</summary><p>Confronta piu aeroporti italiani, prova date flessibili e verifica anche partenze infrasettimanali per migliorare le possibilita di risparmio.</p></details>
  <details><summary>Meglio volo diretto o con scalo?</summary><p>Per tratte medio-brevi il diretto e spesso la scelta piu comoda, mentre su alcune rotte uno scalo puo ridurre il prezzo finale.</p></details>
  <details><summary>Quando controllare i prezzi per Dharavandhoo Island?</summary><p>Vale la pena iniziare a monitorare la rotta in anticipo e verificare con regolarita i giorni piu vicini alla partenza ideale.</p></details>
</div>","Voli per citta|Voli intercontinentali",city,DRV,/voli-per/dharavandhoo-island/,"Voli per Dharavandhoo Island (DRV): offerte e guide | ConfrontaPrezziVoli","Trova voli per Dharavandhoo Island dai principali aeroporti italiani. Tariffe indicative da EUR 123 e consigli per scegliere il periodo migliore.","voli per Dharavandhoo Island",cities,"Mese tipicamente conveniente: settembre"
post,publish,"Voli per Dibrugarh (DIB): offerte, compagnie e periodo migliore per prenotare",voli-per-dibrugarh-dib,"Confronta voli per Dibrugarh dai principali aeroporti italiani. Scopri prezzi indicativi, compagnie e consigli utili per organizzare la partenza.","<div class=""cpv-landing-note"">
  <p><strong>Perche cercare voli per Dibrugarh qui.</strong> Questa pagina raccoglie un quadro rapido delle partenze italiane piu interessanti per Dibrugarh, con tariffe indicative e consigli per scegliere il periodo piu vantaggioso.</p>
</div>
<div class=""cpv-stat-grid"">
  <div class=""cpv-stat""><strong>EUR 190</strong><span>Prezzo indicativo da monitorare dalle principali aree aeroportuali italiane.</span></div>
  <div class=""cpv-stat""><strong>aprile</strong><span>Periodo spesso interessante per tenere sotto controllo la rotta.</span></div>
  <div class=""cpv-stat""><strong>9</strong><span>Aeroporti italiani prioritari da confrontare per questa destinazione.</span></div>
</div>
<h2>Offerte voli per Dibrugarh</h2>
<p>Per trovare il miglior equilibrio tra prezzo, durata e comfort, conviene verificare piu aeroporti di partenza italiani e confrontare giorni feriali e weekend.</p>
<table>
  <thead>
    <tr><th>Partenza</th><th>Prezzo da</th><th>Durata indicativa</th><th>Mese da monitorare</th></tr>
  </thead>
  <tbody>
    <tr><td>Leonardo da Vinci-Fiumicino Airport (FCO)</td><td>EUR 170</td><td>3h 10</td><td>agosto</td></tr><tr><td>Ciampino-G. B. Pastine International Airport (CIA)</td><td>EUR 194</td><td>4h 10</td><td>agosto</td></tr><tr><td>Milano Malpensa Airport (MXP)</td><td>EUR 157</td><td>1h 00</td><td>luglio</td></tr><tr><td>Orio al Serio International Airport (BGY)</td><td>EUR 47</td><td>10h 40</td><td>maggio</td></tr><tr><td>Milano Linate Airport (LIN)</td><td>EUR 118</td><td>10h 30</td><td>aprile</td></tr><tr><td>Naples International Airport (NAP)</td><td>EUR 67</td><td>7h 00</td><td>gennaio</td></tr><tr><td>Venice Marco Polo Airport (VCE)</td><td>EUR 191</td><td>7h 40</td><td>maggio</td></tr><tr><td>Catania-Fontanarossa Airport (CTA)</td><td>EUR 165</td><td>8h 20</td><td>marzo</td></tr><tr><td>Guglielmo Marconi Airport (BLQ)</td><td>EUR 177</td><td>11h 20</td><td>marzo</td></tr>
  </tbody>
</table>
<h2>Aeroporti italiani da cui conviene partire</h2>
<div class=""cpv-chip-list""><span class=""cpv-chip"">Leonardo da Vinci-Fiumicino Airport</span><span class=""cpv-chip"">Ciampino-G. B. Pastine International Airport</span><span class=""cpv-chip"">Milano Malpensa Airport</span><span class=""cpv-chip"">Orio al Serio International Airport</span><span class=""cpv-chip"">Milano Linate Airport</span><span class=""cpv-chip"">Naples International Airport</span></div>
<div class=""cpv-landing-grid"">
  <div class=""cpv-landing-card""><strong>City break</strong><p>Se Dibrugarh e una meta urbana, le partenze del venerdi e del sabato sono spesso le piu monitorate.</p></div>
  <div class=""cpv-landing-card""><strong>Viaggi stagionali</strong><p>In alcuni periodi dell'anno le tariffe possono variare molto, soprattutto vicino ai ponti e alle festivita.</p></div>
  <div class=""cpv-landing-card""><strong>Confronto rapido</strong><p>Valuta aeroporti maggiori e secondari per capire se un piccolo spostamento porta a un risparmio concreto.</p></div>
</div>
<h2>Domande frequenti sui voli per Dibrugarh</h2>
<div class=""cpv-faq"">
  <details><summary>Qual e il modo migliore per cercare voli per Dibrugarh?</summary><p>Confronta piu aeroporti italiani, prova date flessibili e verifica anche partenze infrasettimanali per migliorare le possibilita di risparmio.</p></details>
  <details><summary>Meglio volo diretto o con scalo?</summary><p>Per tratte medio-brevi il diretto e spesso la scelta piu comoda, mentre su alcune rotte uno scalo puo ridurre il prezzo finale.</p></details>
  <details><summary>Quando controllare i prezzi per Dibrugarh?</summary><p>Vale la pena iniziare a monitorare la rotta in anticipo e verificare con regolarita i giorni piu vicini alla partenza ideale.</p></details>
</div>","Voli per citta|Voli intercontinentali",city,DIB,/voli-per/dibrugarh/,"Voli per Dibrugarh (DIB): offerte e guide | ConfrontaPrezziVoli","Trova voli per Dibrugarh dai principali aeroporti italiani. Tariffe indicative da EUR 190 e consigli per scegliere il periodo migliore.","voli per Dibrugarh",cities,"Mese tipicamente conveniente: aprile"
post,publish,"Voli per Dickinson (DIK): offerte, compagnie e periodo migliore per prenotare",voli-per-dickinson-dik,"Confronta voli per Dickinson dai principali aeroporti italiani. Scopri prezzi indicativi, compagnie e consigli utili per organizzare la partenza.","<div class=""cpv-landing-note"">
  <p><strong>Perche cercare voli per Dickinson qui.</strong> Questa pagina raccoglie un quadro rapido delle partenze italiane piu interessanti per Dickinson, con tariffe indicative e consigli per scegliere il periodo piu vantaggioso.</p>
</div>
<div class=""cpv-stat-grid"">
  <div class=""cpv-stat""><strong>EUR 38</strong><span>Prezzo indicativo da monitorare dalle principali aree aeroportuali italiane.</span></div>
  <div class=""cpv-stat""><strong>agosto</strong><span>Periodo spesso interessante per tenere sotto controllo la rotta.</span></div>
  <div class=""cpv-stat""><strong>9</strong><span>Aeroporti italiani prioritari da confrontare per questa destinazione.</span></div>
</div>
<h2>Offerte voli per Dickinson</h2>
<p>Per trovare il miglior equilibrio tra prezzo, durata e comfort, conviene verificare piu aeroporti di partenza italiani e confrontare giorni feriali e weekend.</p>
<table>
  <thead>
    <tr><th>Partenza</th><th>Prezzo da</th><th>Durata indicativa</th><th>Mese da monitorare</th></tr>
  </thead>
  <tbody>
    <tr><td>Leonardo da Vinci-Fiumicino Airport (FCO)</td><td>EUR 178</td><td>6h 30</td><td>aprile</td></tr><tr><td>Ciampino-G. B. Pastine International Airport (CIA)</td><td>EUR 134</td><td>10h 10</td><td>agosto</td></tr><tr><td>Milano Malpensa Airport (MXP)</td><td>EUR 21</td><td>4h 20</td><td>marzo</td></tr><tr><td>Orio al Serio International Airport (BGY)</td><td>EUR 91</td><td>8h 00</td><td>gennaio</td></tr><tr><td>Milano Linate Airport (LIN)</td><td>EUR 130</td><td>5h 30</td><td>aprile</td></tr><tr><td>Naples International Airport (NAP)</td><td>EUR 163</td><td>4h 00</td><td>gennaio</td></tr><tr><td>Venice Marco Polo Airport (VCE)</td><td>EUR 143</td><td>2h 40</td><td>maggio</td></tr><tr><td>Catania-Fontanarossa Airport (CTA)</td><td>EUR 57</td><td>3h 20</td><td>marzo</td></tr><tr><td>Guglielmo Marconi Airport (BLQ)</td><td>EUR 145</td><td>10h 00</td><td>luglio</td></tr>
  </tbody>
</table>
<h2>Aeroporti italiani da cui conviene partire</h2>
<div class=""cpv-chip-list""><span class=""cpv-chip"">Leonardo da Vinci-Fiumicino Airport</span><span class=""cpv-chip"">Ciampino-G. B. Pastine International Airport</span><span class=""cpv-chip"">Milano Malpensa Airport</span><span class=""cpv-chip"">Orio al Serio International Airport</span><span class=""cpv-chip"">Milano Linate Airport</span><span class=""cpv-chip"">Naples International Airport</span></div>
<div class=""cpv-landing-grid"">
  <div class=""cpv-landing-card""><strong>City break</strong><p>Se Dickinson e una meta urbana, le partenze del venerdi e del sabato sono spesso le piu monitorate.</p></div>
  <div class=""cpv-landing-card""><strong>Viaggi stagionali</strong><p>In alcuni periodi dell'anno le tariffe possono variare molto, soprattutto vicino ai ponti e alle festivita.</p></div>
  <div class=""cpv-landing-card""><strong>Confronto rapido</strong><p>Valuta aeroporti maggiori e secondari per capire se un piccolo spostamento porta a un risparmio concreto.</p></div>
</div>
<h2>Domande frequenti sui voli per Dickinson</h2>
<div class=""cpv-faq"">
  <details><summary>Qual e il modo migliore per cercare voli per Dickinson?</summary><p>Confronta piu aeroporti italiani, prova date flessibili e verifica anche partenze infrasettimanali per migliorare le possibilita di risparmio.</p></details>
  <details><summary>Meglio volo diretto o con scalo?</summary><p>Per tratte medio-brevi il diretto e spesso la scelta piu comoda, mentre su alcune rotte uno scalo puo ridurre il prezzo finale.</p></details>
  <details><summary>Quando controllare i prezzi per Dickinson?</summary><p>Vale la pena iniziare a monitorare la rotta in anticipo e verificare con regolarita i giorni piu vicini alla partenza ideale.</p></details>
</div>","Voli per citta|Voli intercontinentali",city,DIK,/voli-per/dickinson/,"Voli per Dickinson (DIK): offerte e guide | ConfrontaPrezziVoli","Trova voli per Dickinson dai principali aeroporti italiani. Tariffe indicative da EUR 38 e consigli per scegliere il periodo migliore.","voli per Dickinson",cities,"Mese tipicamente conveniente: agosto"
post,publish,"Voli per Dien Bien Phu (DIN): offerte, compagnie e periodo migliore per prenotare",voli-per-dien-bien-phu-din,"Confronta voli per Dien Bien Phu dai principali aeroporti italiani. Scopri prezzi indicativi, compagnie e consigli utili per organizzare la partenza.","<div class=""cpv-landing-note"">
  <p><strong>Perche cercare voli per Dien Bien Phu qui.</strong> Questa pagina raccoglie un quadro rapido delle partenze italiane piu interessanti per Dien Bien Phu, con tariffe indicative e consigli per scegliere il periodo piu vantaggioso.</p>
</div>
<div class=""cpv-stat-grid"">
  <div class=""cpv-stat""><strong>EUR 39</strong><span>Prezzo indicativo da monitorare dalle principali aree aeroportuali italiane.</span></div>
  <div class=""cpv-stat""><strong>settembre</strong><span>Periodo spesso interessante per tenere sotto controllo la rotta.</span></div>
  <div class=""cpv-stat""><strong>9</strong><span>Aeroporti italiani prioritari da confrontare per questa destinazione.</span></div>
</div>
<h2>Offerte voli per Dien Bien Phu</h2>
<p>Per trovare il miglior equilibrio tra prezzo, durata e comfort, conviene verificare piu aeroporti di partenza italiani e confrontare giorni feriali e weekend.</p>
<table>
  <thead>
    <tr><th>Partenza</th><th>Prezzo da</th><th>Durata indicativa</th><th>Mese da monitorare</th></tr>
  </thead>
  <tbody>
    <tr><td>Leonardo da Vinci-Fiumicino Airport (FCO)</td><td>EUR 27</td><td>11h 20</td><td>settembre</td></tr><tr><td>Ciampino-G. B. Pastine International Airport (CIA)</td><td>EUR 47</td><td>10h 40</td><td>maggio</td></tr><tr><td>Milano Malpensa Airport (MXP)</td><td>EUR 92</td><td>7h 10</td><td>febbraio</td></tr><tr><td>Orio al Serio International Airport (BGY)</td><td>EUR 74</td><td>4h 10</td><td>agosto</td></tr><tr><td>Milano Linate Airport (LIN)</td><td>EUR 139</td><td>9h 00</td><td>gennaio</td></tr><tr><td>Naples International Airport (NAP)</td><td>EUR 174</td><td>7h 50</td><td>dicembre</td></tr><tr><td>Venice Marco Polo Airport (VCE)</td><td>EUR 190</td><td>6h 30</td><td>aprile</td></tr><tr><td>Catania-Fontanarossa Airport (CTA)</td><td>EUR 96</td><td>1h 50</td><td>giugno</td></tr><tr><td>Guglielmo Marconi Airport (BLQ)</td><td>EUR 56</td><td>7h 10</td><td>febbraio</td></tr>
  </tbody>
</table>
<h2>Aeroporti italiani da cui conviene partire</h2>
<div class=""cpv-chip-list""><span class=""cpv-chip"">Leonardo da Vinci-Fiumicino Airport</span><span class=""cpv-chip"">Ciampino-G. B. Pastine International Airport</span><span class=""cpv-chip"">Milano Malpensa Airport</span><span class=""cpv-chip"">Orio al Serio International Airport</span><span class=""cpv-chip"">Milano Linate Airport</span><span class=""cpv-chip"">Naples International Airport</span></div>
<div class=""cpv-landing-grid"">
  <div class=""cpv-landing-card""><strong>City break</strong><p>Se Dien Bien Phu e una meta urbana, le partenze del venerdi e del sabato sono spesso le piu monitorate.</p></div>
  <div class=""cpv-landing-card""><strong>Viaggi stagionali</strong><p>In alcuni periodi dell'anno le tariffe possono variare molto, soprattutto vicino ai ponti e alle festivita.</p></div>
  <div class=""cpv-landing-card""><strong>Confronto rapido</strong><p>Valuta aeroporti maggiori e secondari per capire se un piccolo spostamento porta a un risparmio concreto.</p></div>
</div>
<h2>Domande frequenti sui voli per Dien Bien Phu</h2>
<div class=""cpv-faq"">
  <details><summary>Qual e il modo migliore per cercare voli per Dien Bien Phu?</summary><p>Confronta piu aeroporti italiani, prova date flessibili e verifica anche partenze infrasettimanali per migliorare le possibilita di risparmio.</p></details>
  <details><summary>Meglio volo diretto o con scalo?</summary><p>Per tratte medio-brevi il diretto e spesso la scelta piu comoda, mentre su alcune rotte uno scalo puo ridurre il prezzo finale.</p></details>
  <details><summary>Quando controllare i prezzi per Dien Bien Phu?</summary><p>Vale la pena iniziare a monitorare la rotta in anticipo e verificare con regolarita i giorni piu vicini alla partenza ideale.</p></details>
</div>","Voli per citta|Voli intercontinentali",city,DIN,/voli-per/dien-bien-phu/,"Voli per Dien Bien Phu (DIN): offerte e guide | ConfrontaPrezziVoli","Trova voli per Dien Bien Phu dai principali aeroporti italiani. Tariffe indicative da EUR 39 e consigli per scegliere il periodo migliore.","voli per Dien Bien Phu",cities,"Mese tipicamente conveniente: settembre"
post,publish,"Voli per Dikson (DKS): offerte, compagnie e periodo migliore per prenotare",voli-per-dikson-dks,"Confronta voli per Dikson dai principali aeroporti italiani. Scopri prezzi indicativi, compagnie e consigli utili per organizzare la partenza.","<div class=""cpv-landing-note"">
  <p><strong>Perche cercare voli per Dikson qui.</strong> Questa pagina raccoglie un quadro rapido delle partenze italiane piu interessanti per Dikson, con tariffe indicative e consigli per scegliere il periodo piu vantaggioso.</p>
</div>
<div class=""cpv-stat-grid"">
  <div class=""cpv-stat""><strong>EUR 146</strong><span>Prezzo indicativo da monitorare dalle principali aree aeroportuali italiane.</span></div>
  <div class=""cpv-stat""><strong>agosto</strong><span>Periodo spesso interessante per tenere sotto controllo la rotta.</span></div>
  <div class=""cpv-stat""><strong>9</strong><span>Aeroporti italiani prioritari da confrontare per questa destinazione.</span></div>
</div>
<h2>Offerte voli per Dikson</h2>
<p>Per trovare il miglior equilibrio tra prezzo, durata e comfort, conviene verificare piu aeroporti di partenza italiani e confrontare giorni feriali e weekend.</p>
<table>
  <thead>
    <tr><th>Partenza</th><th>Prezzo da</th><th>Durata indicativa</th><th>Mese da monitorare</th></tr>
  </thead>
  <tbody>
    <tr><td>Leonardo da Vinci-Fiumicino Airport (FCO)</td><td>EUR 74</td><td>2h 10</td><td>agosto</td></tr><tr><td>Ciampino-G. B. Pastine International Airport (CIA)</td><td>EUR 118</td><td>9h 30</td><td>aprile</td></tr><tr><td>Milano Malpensa Airport (MXP)</td><td>EUR 177</td><td>8h 20</td><td>marzo</td></tr><tr><td>Orio al Serio International Airport (BGY)</td><td>EUR 131</td><td>3h 40</td><td>maggio</td></tr><tr><td>Milano Linate Airport (LIN)</td><td>EUR 102</td><td>11h 50</td><td>dicembre</td></tr><tr><td>Naples International Airport (NAP)</td><td>EUR 59</td><td>6h 40</td><td>maggio</td></tr><tr><td>Venice Marco Polo Airport (VCE)</td><td>EUR 163</td><td>7h 00</td><td>gennaio</td></tr><tr><td>Catania-Fontanarossa Airport (CTA)</td><td>EUR 157</td><td>9h 00</td><td>luglio</td></tr><tr><td>Guglielmo Marconi Airport (BLQ)</td><td>EUR 197</td><td>3h 40</td><td>novembre</td></tr>
  </tbody>
</table>
<h2>Aeroporti italiani da cui conviene partire</h2>
<div class=""cpv-chip-list""><span class=""cpv-chip"">Leonardo da Vinci-Fiumicino Airport</span><span class=""cpv-chip"">Ciampino-G. B. Pastine International Airport</span><span class=""cpv-chip"">Milano Malpensa Airport</span><span class=""cpv-chip"">Orio al Serio International Airport</span><span class=""cpv-chip"">Milano Linate Airport</span><span class=""cpv-chip"">Naples International Airport</span></div>
<div class=""cpv-landing-grid"">
  <div class=""cpv-landing-card""><strong>City break</strong><p>Se Dikson e una meta urbana, le partenze del venerdi e del sabato sono spesso le piu monitorate.</p></div>
  <div class=""cpv-landing-card""><strong>Viaggi stagionali</strong><p>In alcuni periodi dell'anno le tariffe possono variare molto, soprattutto vicino ai ponti e alle festivita.</p></div>
  <div class=""cpv-landing-card""><strong>Confronto rapido</strong><p>Valuta aeroporti maggiori e secondari per capire se un piccolo spostamento porta a un risparmio concreto.</p></div>
</div>
<h2>Domande frequenti sui voli per Dikson</h2>
<div class=""cpv-faq"">
  <details><summary>Qual e il modo migliore per cercare voli per Dikson?</summary><p>Confronta piu aeroporti italiani, prova date flessibili e verifica anche partenze infrasettimanali per migliorare le possibilita di risparmio.</p></details>
  <details><summary>Meglio volo diretto o con scalo?</summary><p>Per tratte medio-brevi il diretto e spesso la scelta piu comoda, mentre su alcune rotte uno scalo puo ridurre il prezzo finale.</p></details>
  <details><summary>Quando controllare i prezzi per Dikson?</summary><p>Vale la pena iniziare a monitorare la rotta in anticipo e verificare con regolarita i giorni piu vicini alla partenza ideale.</p></details>
</div>","Voli per citta|Voli intercontinentali",city,DKS,/voli-per/dikson/,"Voli per Dikson (DKS): offerte e guide | ConfrontaPrezziVoli","Trova voli per Dikson dai principali aeroporti italiani. Tariffe indicative da EUR 146 e consigli per scegliere il periodo migliore.","voli per Dikson",cities,"Mese tipicamente conveniente: agosto"
post,publish,"Voli per Dikwella (DIW): offerte, compagnie e periodo migliore per prenotare",voli-per-dikwella-diw,"Confronta voli per Dikwella dai principali aeroporti italiani. Scopri prezzi indicativi, compagnie e consigli utili per organizzare la partenza.","<div class=""cpv-landing-note"">
  <p><strong>Perche cercare voli per Dikwella qui.</strong> Questa pagina raccoglie un quadro rapido delle partenze italiane piu interessanti per Dikwella, con tariffe indicative e consigli per scegliere il periodo piu vantaggioso.</p>
</div>
<div class=""cpv-stat-grid"">
  <div class=""cpv-stat""><strong>EUR 163</strong><span>Prezzo indicativo da monitorare dalle principali aree aeroportuali italiane.</span></div>
  <div class=""cpv-stat""><strong>gennaio</strong><span>Periodo spesso interessante per tenere sotto controllo la rotta.</span></div>
  <div class=""cpv-stat""><strong>9</strong><span>Aeroporti italiani prioritari da confrontare per questa destinazione.</span></div>
</div>
<h2>Offerte voli per Dikwella</h2>
<p>Per trovare il miglior equilibrio tra prezzo, durata e comfort, conviene verificare piu aeroporti di partenza italiani e confrontare giorni feriali e weekend.</p>
<table>
  <thead>
    <tr><th>Partenza</th><th>Prezzo da</th><th>Durata indicativa</th><th>Mese da monitorare</th></tr>
  </thead>
  <tbody>
    <tr><td>Leonardo da Vinci-Fiumicino Airport (FCO)</td><td>EUR 31</td><td>5h 00</td><td>gennaio</td></tr><tr><td>Ciampino-G. B. Pastine International Airport (CIA)</td><td>EUR 35</td><td>9h 40</td><td>maggio</td></tr><tr><td>Milano Malpensa Airport (MXP)</td><td>EUR 176</td><td>11h 10</td><td>febbraio</td></tr><tr><td>Orio al Serio International Airport (BGY)</td><td>EUR 26</td><td>1h 10</td><td>agosto</td></tr><tr><td>Milano Linate Airport (LIN)</td><td>EUR 83</td><td>2h 40</td><td>maggio</td></tr><tr><td>Naples International Airport (NAP)</td><td>EUR 170</td><td>9h 10</td><td>agosto</td></tr><tr><td>Venice Marco Polo Airport (VCE)</td><td>EUR 138</td><td>8h 50</td><td>dicembre</td></tr><tr><td>Catania-Fontanarossa Airport (CTA)</td><td>EUR 88</td><td>3h 30</td><td>ottobre</td></tr><tr><td>Guglielmo Marconi Airport (BLQ)</td><td>EUR 56</td><td>4h 10</td><td>febbraio</td></tr>
  </tbody>
</table>
<h2>Aeroporti italiani da cui conviene partire</h2>
<div class=""cpv-chip-list""><span class=""cpv-chip"">Leonardo da Vinci-Fiumicino Airport</span><span class=""cpv-chip"">Ciampino-G. B. Pastine International Airport</span><span class=""cpv-chip"">Milano Malpensa Airport</span><span class=""cpv-chip"">Orio al Serio International Airport</span><span class=""cpv-chip"">Milano Linate Airport</span><span class=""cpv-chip"">Naples International Airport</span></div>
<div class=""cpv-landing-grid"">
  <div class=""cpv-landing-card""><strong>City break</strong><p>Se Dikwella e una meta urbana, le partenze del venerdi e del sabato sono spesso le piu monitorate.</p></div>
  <div class=""cpv-landing-card""><strong>Viaggi stagionali</strong><p>In alcuni periodi dell'anno le tariffe possono variare molto, soprattutto vicino ai ponti e alle festivita.</p></div>
  <div class=""cpv-landing-card""><strong>Confronto rapido</strong><p>Valuta aeroporti maggiori e secondari per capire se un piccolo spostamento porta a un risparmio concreto.</p></div>
</div>
<h2>Domande frequenti sui voli per Dikwella</h2>
<div class=""cpv-faq"">
  <details><summary>Qual e il modo migliore per cercare voli per Dikwella?</summary><p>Confronta piu aeroporti italiani, prova date flessibili e verifica anche partenze infrasettimanali per migliorare le possibilita di risparmio.</p></details>
  <details><summary>Meglio volo diretto o con scalo?</summary><p>Per tratte medio-brevi il diretto e spesso la scelta piu comoda, mentre su alcune rotte uno scalo puo ridurre il prezzo finale.</p></details>
  <details><summary>Quando controllare i prezzi per Dikwella?</summary><p>Vale la pena iniziare a monitorare la rotta in anticipo e verificare con regolarita i giorni piu vicini alla partenza ideale.</p></details>
</div>","Voli per citta|Voli intercontinentali",city,DIW,/voli-per/dikwella/,"Voli per Dikwella (DIW): offerte e guide | ConfrontaPrezziVoli","Trova voli per Dikwella dai principali aeroporti italiani. Tariffe indicative da EUR 163 e consigli per scegliere il periodo migliore.","voli per Dikwella",cities,"Mese tipicamente conveniente: gennaio"
post,publish,"Voli per Dili (DIL): offerte, compagnie e periodo migliore per prenotare",voli-per-dili-dil,"Confronta voli per Dili dai principali aeroporti italiani. Scopri prezzi indicativi, compagnie e consigli utili per organizzare la partenza.","<div class=""cpv-landing-note"">
  <p><strong>Perche cercare voli per Dili qui.</strong> Questa pagina raccoglie un quadro rapido delle partenze italiane piu interessanti per Dili, con tariffe indicative e consigli per scegliere il periodo piu vantaggioso.</p>
</div>
<div class=""cpv-stat-grid"">
  <div class=""cpv-stat""><strong>EUR 139</strong><span>Prezzo indicativo da monitorare dalle principali aree aeroportuali italiane.</span></div>
  <div class=""cpv-stat""><strong>gennaio</strong><span>Periodo spesso interessante per tenere sotto controllo la rotta.</span></div>
  <div class=""cpv-stat""><strong>9</strong><span>Aeroporti italiani prioritari da confrontare per questa destinazione.</span></div>
</div>
<h2>Offerte voli per Dili</h2>
<p>Per trovare il miglior equilibrio tra prezzo, durata e comfort, conviene verificare piu aeroporti di partenza italiani e confrontare giorni feriali e weekend.</p>
<table>
  <thead>
    <tr><th>Partenza</th><th>Prezzo da</th><th>Durata indicativa</th><th>Mese da monitorare</th></tr>
  </thead>
  <tbody>
    <tr><td>Leonardo da Vinci-Fiumicino Airport (FCO)</td><td>EUR 175</td><td>1h 00</td><td>gennaio</td></tr><tr><td>Ciampino-G. B. Pastine International Airport (CIA)</td><td>EUR 167</td><td>6h 40</td><td>maggio</td></tr><tr><td>Milano Malpensa Airport (MXP)</td><td>EUR 116</td><td>10h 10</td><td>febbraio</td></tr><tr><td>Orio al Serio International Airport (BGY)</td><td>EUR 186</td><td>8h 50</td><td>dicembre</td></tr><tr><td>Milano Linate Airport (LIN)</td><td>EUR 131</td><td>10h 40</td><td>maggio</td></tr><tr><td>Naples International Airport (NAP)</td><td>EUR 146</td><td>6h 10</td><td>agosto</td></tr><tr><td>Venice Marco Polo Airport (VCE)</td><td>EUR 122</td><td>1h 10</td><td>agosto</td></tr><tr><td>Catania-Fontanarossa Airport (CTA)</td><td>EUR 108</td><td>11h 50</td><td>giugno</td></tr><tr><td>Guglielmo Marconi Airport (BLQ)</td><td>EUR 52</td><td>1h 30</td><td>ottobre</td></tr>
  </tbody>
</table>
<h2>Aeroporti italiani da cui conviene partire</h2>
<div class=""cpv-chip-list""><span class=""cpv-chip"">Leonardo da Vinci-Fiumicino Airport</span><span class=""cpv-chip"">Ciampino-G. B. Pastine International Airport</span><span class=""cpv-chip"">Milano Malpensa Airport</span><span class=""cpv-chip"">Orio al Serio International Airport</span><span class=""cpv-chip"">Milano Linate Airport</span><span class=""cpv-chip"">Naples International Airport</span></div>
<div class=""cpv-landing-grid"">
  <div class=""cpv-landing-card""><strong>City break</strong><p>Se Dili e una meta urbana, le partenze del venerdi e del sabato sono spesso le piu monitorate.</p></div>
  <div class=""cpv-landing-card""><strong>Viaggi stagionali</strong><p>In alcuni periodi dell'anno le tariffe possono variare molto, soprattutto vicino ai ponti e alle festivita.</p></div>
  <div class=""cpv-landing-card""><strong>Confronto rapido</strong><p>Valuta aeroporti maggiori e secondari per capire se un piccolo spostamento porta a un risparmio concreto.</p></div>
</div>
<h2>Domande frequenti sui voli per Dili</h2>
<div class=""cpv-faq"">
  <details><summary>Qual e il modo migliore per cercare voli per Dili?</summary><p>Confronta piu aeroporti italiani, prova date flessibili e verifica anche partenze infrasettimanali per migliorare le possibilita di risparmio.</p></details>
  <details><summary>Meglio volo diretto o con scalo?</summary><p>Per tratte medio-brevi il diretto e spesso la scelta piu comoda, mentre su alcune rotte uno scalo puo ridurre il prezzo finale.</p></details>
  <details><summary>Quando controllare i prezzi per Dili?</summary><p>Vale la pena iniziare a monitorare la rotta in anticipo e verificare con regolarita i giorni piu vicini alla partenza ideale.</p></details>
</div>","Voli per citta|Voli intercontinentali",city,DIL,/voli-per/dili/,"Voli per Dili (DIL): offerte e guide | ConfrontaPrezziVoli","Trova voli per Dili dai principali aeroporti italiani. Tariffe indicative da EUR 139 e consigli per scegliere il periodo migliore.","voli per Dili",cities,"Mese tipicamente conveniente: gennaio"
post,publish,"Voli per Dillingham (DLG): offerte, compagnie e periodo migliore per prenotare",voli-per-dillingham-dlg,"Confronta voli per Dillingham dai principali aeroporti italiani. Scopri prezzi indicativi, compagnie e consigli utili per organizzare la partenza.","<div class=""cpv-landing-note"">
  <p><strong>Perche cercare voli per Dillingham qui.</strong> Questa pagina raccoglie un quadro rapido delle partenze italiane piu interessanti per Dillingham, con tariffe indicative e consigli per scegliere il periodo piu vantaggioso.</p>
</div>
<div class=""cpv-stat-grid"">
  <div class=""cpv-stat""><strong>EUR 140</strong><span>Prezzo indicativo da monitorare dalle principali aree aeroportuali italiane.</span></div>
  <div class=""cpv-stat""><strong>febbraio</strong><span>Periodo spesso interessante per tenere sotto controllo la rotta.</span></div>
  <div class=""cpv-stat""><strong>9</strong><span>Aeroporti italiani prioritari da confrontare per questa destinazione.</span></div>
</div>
<h2>Offerte voli per Dillingham</h2>
<p>Per trovare il miglior equilibrio tra prezzo, durata e comfort, conviene verificare piu aeroporti di partenza italiani e confrontare giorni feriali e weekend.</p>
<table>
  <thead>
    <tr><th>Partenza</th><th>Prezzo da</th><th>Durata indicativa</th><th>Mese da monitorare</th></tr>
  </thead>
  <tbody>
    <tr><td>Leonardo da Vinci-Fiumicino Airport (FCO)</td><td>EUR 64</td><td>2h 30</td><td>ottobre</td></tr><tr><td>Ciampino-G. B. Pastine International Airport (CIA)</td><td>EUR 112</td><td>8h 30</td><td>ottobre</td></tr><tr><td>Milano Malpensa Airport (MXP)</td><td>EUR 55</td><td>4h 00</td><td>gennaio</td></tr><tr><td>Orio al Serio International Airport (BGY)</td><td>EUR 121</td><td>11h 00</td><td>luglio</td></tr><tr><td>Milano Linate Airport (LIN)</td><td>EUR 164</td><td>3h 10</td><td>febbraio</td></tr><tr><td>Naples International Airport (NAP)</td><td>EUR 57</td><td>1h 20</td><td>marzo</td></tr><tr><td>Venice Marco Polo Airport (VCE)</td><td>EUR 101</td><td>10h 40</td><td>novembre</td></tr><tr><td>Catania-Fontanarossa Airport (CTA)</td><td>EUR 115</td><td>9h 00</td><td>gennaio</td></tr><tr><td>Guglielmo Marconi Airport (BLQ)</td><td>EUR 131</td><td>7h 40</td><td>maggio</td></tr>
  </tbody>
</table>
<h2>Aeroporti italiani da cui conviene partire</h2>
<div class=""cpv-chip-list""><span class=""cpv-chip"">Leonardo da Vinci-Fiumicino Airport</span><span class=""cpv-chip"">Ciampino-G. B. Pastine International Airport</span><span class=""cpv-chip"">Milano Malpensa Airport</span><span class=""cpv-chip"">Orio al Serio International Airport</span><span class=""cpv-chip"">Milano Linate Airport</span><span class=""cpv-chip"">Naples International Airport</span></div>
<div class=""cpv-landing-grid"">
  <div class=""cpv-landing-card""><strong>City break</strong><p>Se Dillingham e una meta urbana, le partenze del venerdi e del sabato sono spesso le piu monitorate.</p></div>
  <div class=""cpv-landing-card""><strong>Viaggi stagionali</strong><p>In alcuni periodi dell'anno le tariffe possono variare molto, soprattutto vicino ai ponti e alle festivita.</p></div>
  <div class=""cpv-landing-card""><strong>Confronto rapido</strong><p>Valuta aeroporti maggiori e secondari per capire se un piccolo spostamento porta a un risparmio concreto.</p></div>
</div>
<h2>Domande frequenti sui voli per Dillingham</h2>
<div class=""cpv-faq"">
  <details><summary>Qual e il modo migliore per cercare voli per Dillingham?</summary><p>Confronta piu aeroporti italiani, prova date flessibili e verifica anche partenze infrasettimanali per migliorare le possibilita di risparmio.</p></details>
  <details><summary>Meglio volo diretto o con scalo?</summary><p>Per tratte medio-brevi il diretto e spesso la scelta piu comoda, mentre su alcune rotte uno scalo puo ridurre il prezzo finale.</p></details>
  <details><summary>Quando controllare i prezzi per Dillingham?</summary><p>Vale la pena iniziare a monitorare la rotta in anticipo e verificare con regolarita i giorni piu vicini alla partenza ideale.</p></details>
</div>","Voli per citta|Voli intercontinentali",city,DLG,/voli-per/dillingham/,"Voli per Dillingham (DLG): offerte e guide | ConfrontaPrezziVoli","Trova voli per Dillingham dai principali aeroporti italiani. Tariffe indicative da EUR 140 e consigli per scegliere il periodo migliore.","voli per Dillingham",cities,"Mese tipicamente conveniente: febbraio"
post,publish,"Voli per Dimapur (DMU): offerte, compagnie e periodo migliore per prenotare",voli-per-dimapur-dmu,"Confronta voli per Dimapur dai principali aeroporti italiani. Scopri prezzi indicativi, compagnie e consigli utili per organizzare la partenza.","<div class=""cpv-landing-note"">
  <p><strong>Perche cercare voli per Dimapur qui.</strong> Questa pagina raccoglie un quadro rapido delle partenze italiane piu interessanti per Dimapur, con tariffe indicative e consigli per scegliere il periodo piu vantaggioso.</p>
</div>
<div class=""cpv-stat-grid"">
  <div class=""cpv-stat""><strong>EUR 23</strong><span>Prezzo indicativo da monitorare dalle principali aree aeroportuali italiane.</span></div>
  <div class=""cpv-stat""><strong>maggio</strong><span>Periodo spesso interessante per tenere sotto controllo la rotta.</span></div>
  <div class=""cpv-stat""><strong>9</strong><span>Aeroporti italiani prioritari da confrontare per questa destinazione.</span></div>
</div>
<h2>Offerte voli per Dimapur</h2>
<p>Per trovare il miglior equilibrio tra prezzo, durata e comfort, conviene verificare piu aeroporti di partenza italiani e confrontare giorni feriali e weekend.</p>
<table>
  <thead>
    <tr><th>Partenza</th><th>Prezzo da</th><th>Durata indicativa</th><th>Mese da monitorare</th></tr>
  </thead>
  <tbody>
    <tr><td>Leonardo da Vinci-Fiumicino Airport (FCO)</td><td>EUR 135</td><td>11h 20</td><td>settembre</td></tr><tr><td>Ciampino-G. B. Pastine International Airport (CIA)</td><td>EUR 111</td><td>3h 20</td><td>settembre</td></tr><tr><td>Milano Malpensa Airport (MXP)</td><td>EUR 24</td><td>11h 50</td><td>giugno</td></tr><tr><td>Orio al Serio International Airport (BGY)</td><td>EUR 150</td><td>5h 50</td><td>dicembre</td></tr><tr><td>Milano Linate Airport (LIN)</td><td>EUR 23</td><td>6h 40</td><td>maggio</td></tr><tr><td>Naples International Airport (NAP)</td><td>EUR 58</td><td>11h 30</td><td>aprile</td></tr><tr><td>Venice Marco Polo Airport (VCE)</td><td>EUR 138</td><td>2h 50</td><td>dicembre</td></tr><tr><td>Catania-Fontanarossa Airport (CTA)</td><td>EUR 140</td><td>3h 10</td><td>febbraio</td></tr><tr><td>Guglielmo Marconi Airport (BLQ)</td><td>EUR 88</td><td>2h 30</td><td>ottobre</td></tr>
  </tbody>
</table>
<h2>Aeroporti italiani da cui conviene partire</h2>
<div class=""cpv-chip-list""><span class=""cpv-chip"">Leonardo da Vinci-Fiumicino Airport</span><span class=""cpv-chip"">Ciampino-G. B. Pastine International Airport</span><span class=""cpv-chip"">Milano Malpensa Airport</span><span class=""cpv-chip"">Orio al Serio International Airport</span><span class=""cpv-chip"">Milano Linate Airport</span><span class=""cpv-chip"">Naples International Airport</span></div>
<div class=""cpv-landing-grid"">
  <div class=""cpv-landing-card""><strong>City break</strong><p>Se Dimapur e una meta urbana, le partenze del venerdi e del sabato sono spesso le piu monitorate.</p></div>
  <div class=""cpv-landing-card""><strong>Viaggi stagionali</strong><p>In alcuni periodi dell'anno le tariffe possono variare molto, soprattutto vicino ai ponti e alle festivita.</p></div>
  <div class=""cpv-landing-card""><strong>Confronto rapido</strong><p>Valuta aeroporti maggiori e secondari per capire se un piccolo spostamento porta a un risparmio concreto.</p></div>
</div>
<h2>Domande frequenti sui voli per Dimapur</h2>
<div class=""cpv-faq"">
  <details><summary>Qual e il modo migliore per cercare voli per Dimapur?</summary><p>Confronta piu aeroporti italiani, prova date flessibili e verifica anche partenze infrasettimanali per migliorare le possibilita di risparmio.</p></details>
  <details><summary>Meglio volo diretto o con scalo?</summary><p>Per tratte medio-brevi il diretto e spesso la scelta piu comoda, mentre su alcune rotte uno scalo puo ridurre il prezzo finale.</p></details>
  <details><summary>Quando controllare i prezzi per Dimapur?</summary><p>Vale la pena iniziare a monitorare la rotta in anticipo e verificare con regolarita i giorni piu vicini alla partenza ideale.</p></details>
</div>","Voli per citta|Voli intercontinentali",city,DMU,/voli-per/dimapur/,"Voli per Dimapur (DMU): offerte e guide | ConfrontaPrezziVoli","Trova voli per Dimapur dai principali aeroporti italiani. Tariffe indicative da EUR 23 e consigli per scegliere il periodo migliore.","voli per Dimapur",cities,"Mese tipicamente conveniente: maggio"
post,publish,"Voli per Dinard (DNR): offerte, compagnie e periodo migliore per prenotare",voli-per-dinard-dnr,"Confronta voli per Dinard dai principali aeroporti italiani. Scopri prezzi indicativi, compagnie e consigli utili per organizzare la partenza.","<div class=""cpv-landing-note"">
  <p><strong>Perche cercare voli per Dinard qui.</strong> Questa pagina raccoglie un quadro rapido delle partenze italiane piu interessanti per Dinard, con tariffe indicative e consigli per scegliere il periodo piu vantaggioso.</p>
</div>
<div class=""cpv-stat-grid"">
  <div class=""cpv-stat""><strong>EUR 87</strong><span>Prezzo indicativo da monitorare dalle principali aree aeroportuali italiane.</span></div>
  <div class=""cpv-stat""><strong>settembre</strong><span>Periodo spesso interessante per tenere sotto controllo la rotta.</span></div>
  <div class=""cpv-stat""><strong>9</strong><span>Aeroporti italiani prioritari da confrontare per questa destinazione.</span></div>
</div>
<h2>Offerte voli per Dinard</h2>
<p>Per trovare il miglior equilibrio tra prezzo, durata e comfort, conviene verificare piu aeroporti di partenza italiani e confrontare giorni feriali e weekend.</p>
<table>
  <thead>
    <tr><th>Partenza</th><th>Prezzo da</th><th>Durata indicativa</th><th>Mese da monitorare</th></tr>
  </thead>
  <tbody>
    <tr><td>Leonardo da Vinci-Fiumicino Airport (FCO)</td><td>EUR 83</td><td>2h 40</td><td>maggio</td></tr><tr><td>Ciampino-G. B. Pastine International Airport (CIA)</td><td>EUR 175</td><td>9h 00</td><td>gennaio</td></tr><tr><td>Milano Malpensa Airport (MXP)</td><td>EUR 76</td><td>9h 30</td><td>ottobre</td></tr><tr><td>Orio al Serio International Airport (BGY)</td><td>EUR 62</td><td>9h 10</td><td>agosto</td></tr><tr><td>Milano Linate Airport (LIN)</td><td>EUR 99</td><td>11h 20</td><td>settembre</td></tr><tr><td>Naples International Airport (NAP)</td><td>EUR 154</td><td>9h 30</td><td>aprile</td></tr><tr><td>Venice Marco Polo Airport (VCE)</td><td>EUR 70</td><td>2h 30</td><td>aprile</td></tr><tr><td>Catania-Fontanarossa Airport (CTA)</td><td>EUR 108</td><td>4h 50</td><td>giugno</td></tr><tr><td>Guglielmo Marconi Airport (BLQ)</td><td>EUR 24</td><td>7h 50</td><td>giugno</td></tr>
  </tbody>
</table>
<h2>Aeroporti italiani da cui conviene partire</h2>
<div class=""cpv-chip-list""><span class=""cpv-chip"">Leonardo da Vinci-Fiumicino Airport</span><span class=""cpv-chip"">Ciampino-G. B. Pastine International Airport</span><span class=""cpv-chip"">Milano Malpensa Airport</span><span class=""cpv-chip"">Orio al Serio International Airport</span><span class=""cpv-chip"">Milano Linate Airport</span><span class=""cpv-chip"">Naples International Airport</span></div>
<div class=""cpv-landing-grid"">
  <div class=""cpv-landing-card""><strong>City break</strong><p>Se Dinard e una meta urbana, le partenze del venerdi e del sabato sono spesso le piu monitorate.</p></div>
  <div class=""cpv-landing-card""><strong>Viaggi stagionali</strong><p>In alcuni periodi dell'anno le tariffe possono variare molto, soprattutto vicino ai ponti e alle festivita.</p></div>
  <div class=""cpv-landing-card""><strong>Confronto rapido</strong><p>Valuta aeroporti maggiori e secondari per capire se un piccolo spostamento porta a un risparmio concreto.</p></div>
</div>
<h2>Domande frequenti sui voli per Dinard</h2>
<div class=""cpv-faq"">
  <details><summary>Qual e il modo migliore per cercare voli per Dinard?</summary><p>Confronta piu aeroporti italiani, prova date flessibili e verifica anche partenze infrasettimanali per migliorare le possibilita di risparmio.</p></details>
  <details><summary>Meglio volo diretto o con scalo?</summary><p>Per tratte medio-brevi il diretto e spesso la scelta piu comoda, mentre su alcune rotte uno scalo puo ridurre il prezzo finale.</p></details>
  <details><summary>Quando controllare i prezzi per Dinard?</summary><p>Vale la pena iniziare a monitorare la rotta in anticipo e verificare con regolarita i giorni piu vicini alla partenza ideale.</p></details>
</div>","Voli per citta|Voli in Europa",city,DNR,/voli-per/dinard/,"Voli per Dinard (DNR): offerte e guide | ConfrontaPrezziVoli","Trova voli per Dinard dai principali aeroporti italiani. Tariffe indicative da EUR 87 e consigli per scegliere il periodo migliore.","voli per Dinard",cities,"Mese tipicamente conveniente: settembre"
post,publish,"Voli per Dipolog (DPL): offerte, compagnie e periodo migliore per prenotare",voli-per-dipolog-dpl,"Confronta voli per Dipolog dai principali aeroporti italiani. Scopri prezzi indicativi, compagnie e consigli utili per organizzare la partenza.","<div class=""cpv-landing-note"">
  <p><strong>Perche cercare voli per Dipolog qui.</strong> Questa pagina raccoglie un quadro rapido delle partenze italiane piu interessanti per Dipolog, con tariffe indicative e consigli per scegliere il periodo piu vantaggioso.</p>
</div>
<div class=""cpv-stat-grid"">
  <div class=""cpv-stat""><strong>EUR 127</strong><span>Prezzo indicativo da monitorare dalle principali aree aeroportuali italiane.</span></div>
  <div class=""cpv-stat""><strong>gennaio</strong><span>Periodo spesso interessante per tenere sotto controllo la rotta.</span></div>
  <div class=""cpv-stat""><strong>9</strong><span>Aeroporti italiani prioritari da confrontare per questa destinazione.</span></div>
</div>
<h2>Offerte voli per Dipolog</h2>
<p>Per trovare il miglior equilibrio tra prezzo, durata e comfort, conviene verificare piu aeroporti di partenza italiani e confrontare giorni feriali e weekend.</p>
<table>
  <thead>
    <tr><th>Partenza</th><th>Prezzo da</th><th>Durata indicativa</th><th>Mese da monitorare</th></tr>
  </thead>
  <tbody>
    <tr><td>Leonardo da Vinci-Fiumicino Airport (FCO)</td><td>EUR 59</td><td>1h 40</td><td>maggio</td></tr><tr><td>Ciampino-G. B. Pastine International Airport (CIA)</td><td>EUR 87</td><td>1h 20</td><td>settembre</td></tr><tr><td>Milano Malpensa Airport (MXP)</td><td>EUR 196</td><td>3h 30</td><td>ottobre</td></tr><tr><td>Orio al Serio International Airport (BGY)</td><td>EUR 174</td><td>4h 50</td><td>dicembre</td></tr><tr><td>Milano Linate Airport (LIN)</td><td>EUR 75</td><td>8h 20</td><td>settembre</td></tr><tr><td>Naples International Airport (NAP)</td><td>EUR 170</td><td>7h 10</td><td>agosto</td></tr><tr><td>Venice Marco Polo Airport (VCE)</td><td>EUR 142</td><td>8h 30</td><td>aprile</td></tr><tr><td>Catania-Fontanarossa Airport (CTA)</td><td>EUR 88</td><td>9h 30</td><td>ottobre</td></tr><tr><td>Guglielmo Marconi Airport (BLQ)</td><td>EUR 96</td><td>5h 50</td><td>giugno</td></tr>
  </tbody>
</table>
<h2>Aeroporti italiani da cui conviene partire</h2>
<div class=""cpv-chip-list""><span class=""cpv-chip"">Leonardo da Vinci-Fiumicino Airport</span><span class=""cpv-chip"">Ciampino-G. B. Pastine International Airport</span><span class=""cpv-chip"">Milano Malpensa Airport</span><span class=""cpv-chip"">Orio al Serio International Airport</span><span class=""cpv-chip"">Milano Linate Airport</span><span class=""cpv-chip"">Naples International Airport</span></div>
<div class=""cpv-landing-grid"">
  <div class=""cpv-landing-card""><strong>City break</strong><p>Se Dipolog e una meta urbana, le partenze del venerdi e del sabato sono spesso le piu monitorate.</p></div>
  <div class=""cpv-landing-card""><strong>Viaggi stagionali</strong><p>In alcuni periodi dell'anno le tariffe possono variare molto, soprattutto vicino ai ponti e alle festivita.</p></div>
  <div class=""cpv-landing-card""><strong>Confronto rapido</strong><p>Valuta aeroporti maggiori e secondari per capire se un piccolo spostamento porta a un risparmio concreto.</p></div>
</div>
<h2>Domande frequenti sui voli per Dipolog</h2>
<div class=""cpv-faq"">
  <details><summary>Qual e il modo migliore per cercare voli per Dipolog?</summary><p>Confronta piu aeroporti italiani, prova date flessibili e verifica anche partenze infrasettimanali per migliorare le possibilita di risparmio.</p></details>
  <details><summary>Meglio volo diretto o con scalo?</summary><p>Per tratte medio-brevi il diretto e spesso la scelta piu comoda, mentre su alcune rotte uno scalo puo ridurre il prezzo finale.</p></details>
  <details><summary>Quando controllare i prezzi per Dipolog?</summary><p>Vale la pena iniziare a monitorare la rotta in anticipo e verificare con regolarita i giorni piu vicini alla partenza ideale.</p></details>
</div>","Voli per citta|Voli intercontinentali",city,DPL,/voli-per/dipolog/,"Voli per Dipolog (DPL): offerte e guide | ConfrontaPrezziVoli","Trova voli per Dipolog dai principali aeroporti italiani. Tariffe indicative da EUR 127 e consigli per scegliere il periodo migliore.","voli per Dipolog",cities,"Mese tipicamente conveniente: gennaio"
post,publish,"Voli per Diqing (DIG): offerte, compagnie e periodo migliore per prenotare",voli-per-diqing-dig,"Confronta voli per Diqing dai principali aeroporti italiani. Scopri prezzi indicativi, compagnie e consigli utili per organizzare la partenza.","<div class=""cpv-landing-note"">
  <p><strong>Perche cercare voli per Diqing qui.</strong> Questa pagina raccoglie un quadro rapido delle partenze italiane piu interessanti per Diqing, con tariffe indicative e consigli per scegliere il periodo piu vantaggioso.</p>
</div>
<div class=""cpv-stat-grid"">
  <div class=""cpv-stat""><strong>EUR 103</strong><span>Prezzo indicativo da monitorare dalle principali aree aeroportuali italiane.</span></div>
  <div class=""cpv-stat""><strong>gennaio</strong><span>Periodo spesso interessante per tenere sotto controllo la rotta.</span></div>
  <div class=""cpv-stat""><strong>9</strong><span>Aeroporti italiani prioritari da confrontare per questa destinazione.</span></div>
</div>
<h2>Offerte voli per Diqing</h2>
<p>Per trovare il miglior equilibrio tra prezzo, durata e comfort, conviene verificare piu aeroporti di partenza italiani e confrontare giorni feriali e weekend.</p>
<table>
  <thead>
    <tr><th>Partenza</th><th>Prezzo da</th><th>Durata indicativa</th><th>Mese da monitorare</th></tr>
  </thead>
  <tbody>
    <tr><td>Leonardo da Vinci-Fiumicino Airport (FCO)</td><td>EUR 179</td><td>5h 40</td><td>maggio</td></tr><tr><td>Ciampino-G. B. Pastine International Airport (CIA)</td><td>EUR 191</td><td>5h 40</td><td>maggio</td></tr><tr><td>Milano Malpensa Airport (MXP)</td><td>EUR 24</td><td>4h 50</td><td>giugno</td></tr><tr><td>Orio al Serio International Airport (BGY)</td><td>EUR 190</td><td>6h 30</td><td>aprile</td></tr><tr><td>Milano Linate Airport (LIN)</td><td>EUR 171</td><td>1h 20</td><td>settembre</td></tr><tr><td>Naples International Airport (NAP)</td><td>EUR 130</td><td>11h 30</td><td>aprile</td></tr><tr><td>Venice Marco Polo Airport (VCE)</td><td>EUR 122</td><td>5h 10</td><td>agosto</td></tr><tr><td>Catania-Fontanarossa Airport (CTA)</td><td>EUR 40</td><td>4h 30</td><td>ottobre</td></tr><tr><td>Guglielmo Marconi Airport (BLQ)</td><td>EUR 84</td><td>7h 50</td><td>giugno</td></tr>
  </tbody>
</table>
<h2>Aeroporti italiani da cui conviene partire</h2>
<div class=""cpv-chip-list""><span class=""cpv-chip"">Leonardo da Vinci-Fiumicino Airport</span><span class=""cpv-chip"">Ciampino-G. B. Pastine International Airport</span><span class=""cpv-chip"">Milano Malpensa Airport</span><span class=""cpv-chip"">Orio al Serio International Airport</span><span class=""cpv-chip"">Milano Linate Airport</span><span class=""cpv-chip"">Naples International Airport</span></div>
<div class=""cpv-landing-grid"">
  <div class=""cpv-landing-card""><strong>City break</strong><p>Se Diqing e una meta urbana, le partenze del venerdi e del sabato sono spesso le piu monitorate.</p></div>
  <div class=""cpv-landing-card""><strong>Viaggi stagionali</strong><p>In alcuni periodi dell'anno le tariffe possono variare molto, soprattutto vicino ai ponti e alle festivita.</p></div>
  <div class=""cpv-landing-card""><strong>Confronto rapido</strong><p>Valuta aeroporti maggiori e secondari per capire se un piccolo spostamento porta a un risparmio concreto.</p></div>
</div>
<h2>Domande frequenti sui voli per Diqing</h2>
<div class=""cpv-faq"">
  <details><summary>Qual e il modo migliore per cercare voli per Diqing?</summary><p>Confronta piu aeroporti italiani, prova date flessibili e verifica anche partenze infrasettimanali per migliorare le possibilita di risparmio.</p></details>
  <details><summary>Meglio volo diretto o con scalo?</summary><p>Per tratte medio-brevi il diretto e spesso la scelta piu comoda, mentre su alcune rotte uno scalo puo ridurre il prezzo finale.</p></details>
  <details><summary>Quando controllare i prezzi per Diqing?</summary><p>Vale la pena iniziare a monitorare la rotta in anticipo e verificare con regolarita i giorni piu vicini alla partenza ideale.</p></details>
</div>","Voli per citta|Voli intercontinentali",city,DIG,/voli-per/diqing/,"Voli per Diqing (DIG): offerte e guide | ConfrontaPrezziVoli","Trova voli per Diqing dai principali aeroporti italiani. Tariffe indicative da EUR 103 e consigli per scegliere il periodo migliore.","voli per Diqing",cities,"Mese tipicamente conveniente: gennaio"
post,publish,"Voli per Dire Dawa (DIR): offerte, compagnie e periodo migliore per prenotare",voli-per-dire-dawa-dir,"Confronta voli per Dire Dawa dai principali aeroporti italiani. Scopri prezzi indicativi, compagnie e consigli utili per organizzare la partenza.","<div class=""cpv-landing-note"">
  <p><strong>Perche cercare voli per Dire Dawa qui.</strong> Questa pagina raccoglie un quadro rapido delle partenze italiane piu interessanti per Dire Dawa, con tariffe indicative e consigli per scegliere il periodo piu vantaggioso.</p>
</div>
<div class=""cpv-stat-grid"">
  <div class=""cpv-stat""><strong>EUR 126</strong><span>Prezzo indicativo da monitorare dalle principali aree aeroportuali italiane.</span></div>
  <div class=""cpv-stat""><strong>dicembre</strong><span>Periodo spesso interessante per tenere sotto controllo la rotta.</span></div>
  <div class=""cpv-stat""><strong>9</strong><span>Aeroporti italiani prioritari da confrontare per questa destinazione.</span></div>
</div>
<h2>Offerte voli per Dire Dawa</h2>
<p>Per trovare il miglior equilibrio tra prezzo, durata e comfort, conviene verificare piu aeroporti di partenza italiani e confrontare giorni feriali e weekend.</p>
<table>
  <thead>
    <tr><th>Partenza</th><th>Prezzo da</th><th>Durata indicativa</th><th>Mese da monitorare</th></tr>
  </thead>
  <tbody>
    <tr><td>Leonardo da Vinci-Fiumicino Airport (FCO)</td><td>EUR 26</td><td>7h 10</td><td>agosto</td></tr><tr><td>Ciampino-G. B. Pastine International Airport (CIA)</td><td>EUR 98</td><td>11h 10</td><td>agosto</td></tr><tr><td>Milano Malpensa Airport (MXP)</td><td>EUR 73</td><td>3h 00</td><td>luglio</td></tr><tr><td>Orio al Serio International Airport (BGY)</td><td>EUR 171</td><td>6h 20</td><td>settembre</td></tr><tr><td>Milano Linate Airport (LIN)</td><td>EUR 154</td><td>4h 30</td><td>aprile</td></tr><tr><td>Naples International Airport (NAP)</td><td>EUR 31</td><td>10h 00</td><td>gennaio</td></tr><tr><td>Venice Marco Polo Airport (VCE)</td><td>EUR 135</td><td>11h 20</td><td>settembre</td></tr><tr><td>Catania-Fontanarossa Airport (CTA)</td><td>EUR 137</td><td>1h 40</td><td>novembre</td></tr><tr><td>Guglielmo Marconi Airport (BLQ)</td><td>EUR 25</td><td>2h 00</td><td>luglio</td></tr>
  </tbody>
</table>
<h2>Aeroporti italiani da cui conviene partire</h2>
<div class=""cpv-chip-list""><span class=""cpv-chip"">Leonardo da Vinci-Fiumicino Airport</span><span class=""cpv-chip"">Ciampino-G. B. Pastine International Airport</span><span class=""cpv-chip"">Milano Malpensa Airport</span><span class=""cpv-chip"">Orio al Serio International Airport</span><span class=""cpv-chip"">Milano Linate Airport</span><span class=""cpv-chip"">Naples International Airport</span></div>
<div class=""cpv-landing-grid"">
  <div class=""cpv-landing-card""><strong>City break</strong><p>Se Dire Dawa e una meta urbana, le partenze del venerdi e del sabato sono spesso le piu monitorate.</p></div>
  <div class=""cpv-landing-card""><strong>Viaggi stagionali</strong><p>In alcuni periodi dell'anno le tariffe possono variare molto, soprattutto vicino ai ponti e alle festivita.</p></div>
  <div class=""cpv-landing-card""><strong>Confronto rapido</strong><p>Valuta aeroporti maggiori e secondari per capire se un piccolo spostamento porta a un risparmio concreto.</p></div>
</div>
<h2>Domande frequenti sui voli per Dire Dawa</h2>
<div class=""cpv-faq"">
  <details><summary>Qual e il modo migliore per cercare voli per Dire Dawa?</summary><p>Confronta piu aeroporti italiani, prova date flessibili e verifica anche partenze infrasettimanali per migliorare le possibilita di risparmio.</p></details>
  <details><summary>Meglio volo diretto o con scalo?</summary><p>Per tratte medio-brevi il diretto e spesso la scelta piu comoda, mentre su alcune rotte uno scalo puo ridurre il prezzo finale.</p></details>
  <details><summary>Quando controllare i prezzi per Dire Dawa?</summary><p>Vale la pena iniziare a monitorare la rotta in anticipo e verificare con regolarita i giorni piu vicini alla partenza ideale.</p></details>
</div>","Voli per citta|Voli intercontinentali",city,DIR,/voli-per/dire-dawa/,"Voli per Dire Dawa (DIR): offerte e guide | ConfrontaPrezziVoli","Trova voli per Dire Dawa dai principali aeroporti italiani. Tariffe indicative da EUR 126 e consigli per scegliere il periodo migliore.","voli per Dire Dawa",cities,"Mese tipicamente conveniente: dicembre"
post,publish,"Voli per Diu (DIU): offerte, compagnie e periodo migliore per prenotare",voli-per-diu-diu,"Confronta voli per Diu dai principali aeroporti italiani. Scopri prezzi indicativi, compagnie e consigli utili per organizzare la partenza.","<div class=""cpv-landing-note"">
  <p><strong>Perche cercare voli per Diu qui.</strong> Questa pagina raccoglie un quadro rapido delle partenze italiane piu interessanti per Diu, con tariffe indicative e consigli per scegliere il periodo piu vantaggioso.</p>
</div>
<div class=""cpv-stat-grid"">
  <div class=""cpv-stat""><strong>EUR 87</strong><span>Prezzo indicativo da monitorare dalle principali aree aeroportuali italiane.</span></div>
  <div class=""cpv-stat""><strong>settembre</strong><span>Periodo spesso interessante per tenere sotto controllo la rotta.</span></div>
  <div class=""cpv-stat""><strong>9</strong><span>Aeroporti italiani prioritari da confrontare per questa destinazione.</span></div>
</div>
<h2>Offerte voli per Diu</h2>
<p>Per trovare il miglior equilibrio tra prezzo, durata e comfort, conviene verificare piu aeroporti di partenza italiani e confrontare giorni feriali e weekend.</p>
<table>
  <thead>
    <tr><th>Partenza</th><th>Prezzo da</th><th>Durata indicativa</th><th>Mese da monitorare</th></tr>
  </thead>
  <tbody>
    <tr><td>Leonardo da Vinci-Fiumicino Airport (FCO)</td><td>EUR 115</td><td>6h 00</td><td>gennaio</td></tr><tr><td>Ciampino-G. B. Pastine International Airport (CIA)</td><td>EUR 63</td><td>5h 20</td><td>settembre</td></tr><tr><td>Milano Malpensa Airport (MXP)</td><td>EUR 196</td><td>7h 30</td><td>ottobre</td></tr><tr><td>Orio al Serio International Airport (BGY)</td><td>EUR 154</td><td>8h 30</td><td>aprile</td></tr><tr><td>Milano Linate Airport (LIN)</td><td>EUR 39</td><td>8h 20</td><td>settembre</td></tr><tr><td>Naples International Airport (NAP)</td><td>EUR 154</td><td>4h 30</td><td>aprile</td></tr><tr><td>Venice Marco Polo Airport (VCE)</td><td>EUR 50</td><td>11h 10</td><td>agosto</td></tr><tr><td>Catania-Fontanarossa Airport (CTA)</td><td>EUR 148</td><td>10h 30</td><td>ottobre</td></tr><tr><td>Guglielmo Marconi Airport (BLQ)</td><td>EUR 100</td><td>10h 30</td><td>ottobre</td></tr>
  </tbody>
</table>
<h2>Aeroporti italiani da cui conviene partire</h2>
<div class=""cpv-chip-list""><span class=""cpv-chip"">Leonardo da Vinci-Fiumicino Airport</span><span class=""cpv-chip"">Ciampino-G. B. Pastine International Airport</span><span class=""cpv-chip"">Milano Malpensa Airport</span><span class=""cpv-chip"">Orio al Serio International Airport</span><span class=""cpv-chip"">Milano Linate Airport</span><span class=""cpv-chip"">Naples International Airport</span></div>
<div class=""cpv-landing-grid"">
  <div class=""cpv-landing-card""><strong>City break</strong><p>Se Diu e una meta urbana, le partenze del venerdi e del sabato sono spesso le piu monitorate.</p></div>
  <div class=""cpv-landing-card""><strong>Viaggi stagionali</strong><p>In alcuni periodi dell'anno le tariffe possono variare molto, soprattutto vicino ai ponti e alle festivita.</p></div>
  <div class=""cpv-landing-card""><strong>Confronto rapido</strong><p>Valuta aeroporti maggiori e secondari per capire se un piccolo spostamento porta a un risparmio concreto.</p></div>
</div>
<h2>Domande frequenti sui voli per Diu</h2>
<div class=""cpv-faq"">
  <details><summary>Qual e il modo migliore per cercare voli per Diu?</summary><p>Confronta piu aeroporti italiani, prova date flessibili e verifica anche partenze infrasettimanali per migliorare le possibilita di risparmio.</p></details>
  <details><summary>Meglio volo diretto o con scalo?</summary><p>Per tratte medio-brevi il diretto e spesso la scelta piu comoda, mentre su alcune rotte uno scalo puo ridurre il prezzo finale.</p></details>
  <details><summary>Quando controllare i prezzi per Diu?</summary><p>Vale la pena iniziare a monitorare la rotta in anticipo e verificare con regolarita i giorni piu vicini alla partenza ideale.</p></details>
</div>","Voli per citta|Voli intercontinentali",city,DIU,/voli-per/diu/,"Voli per Diu (DIU): offerte e guide | ConfrontaPrezziVoli","Trova voli per Diu dai principali aeroporti italiani. Tariffe indicative da EUR 87 e consigli per scegliere il periodo migliore.","voli per Diu",cities,"Mese tipicamente conveniente: settembre"
post,publish,"Voli per Divinopolis (DIQ): offerte, compagnie e periodo migliore per prenotare",voli-per-divinopolis-diq,"Confronta voli per Divinopolis dai principali aeroporti italiani. Scopri prezzi indicativi, compagnie e consigli utili per organizzare la partenza.","<div class=""cpv-landing-note"">
  <p><strong>Perche cercare voli per Divinopolis qui.</strong> Questa pagina raccoglie un quadro rapido delle partenze italiane piu interessanti per Divinopolis, con tariffe indicative e consigli per scegliere il periodo piu vantaggioso.</p>
</div>
<div class=""cpv-stat-grid"">
  <div class=""cpv-stat""><strong>EUR 64</strong><span>Prezzo indicativo da monitorare dalle principali aree aeroportuali italiane.</span></div>
  <div class=""cpv-stat""><strong>ottobre</strong><span>Periodo spesso interessante per tenere sotto controllo la rotta.</span></div>
  <div class=""cpv-stat""><strong>9</strong><span>Aeroporti italiani prioritari da confrontare per questa destinazione.</span></div>
</div>
<h2>Offerte voli per Divinopolis</h2>
<p>Per trovare il miglior equilibrio tra prezzo, durata e comfort, conviene verificare piu aeroporti di partenza italiani e confrontare giorni feriali e weekend.</p>
<table>
  <thead>
    <tr><th>Partenza</th><th>Prezzo da</th><th>Durata indicativa</th><th>Mese da monitorare</th></tr>
  </thead>
  <tbody>
    <tr><td>Leonardo da Vinci-Fiumicino Airport (FCO)</td><td>EUR 184</td><td>11h 30</td><td>ottobre</td></tr><tr><td>Ciampino-G. B. Pastine International Airport (CIA)</td><td>EUR 140</td><td>1h 10</td><td>febbraio</td></tr><tr><td>Milano Malpensa Airport (MXP)</td><td>EUR 127</td><td>11h 00</td><td>gennaio</td></tr><tr><td>Orio al Serio International Airport (BGY)</td><td>EUR 189</td><td>6h 20</td><td>marzo</td></tr><tr><td>Milano Linate Airport (LIN)</td><td>EUR 124</td><td>4h 30</td><td>ottobre</td></tr><tr><td>Naples International Airport (NAP)</td><td>EUR 85</td><td>9h 00</td><td>luglio</td></tr><tr><td>Venice Marco Polo Airport (VCE)</td><td>EUR 165</td><td>10h 20</td><td>marzo</td></tr><tr><td>Catania-Fontanarossa Airport (CTA)</td><td>EUR 107</td><td>8h 40</td><td>maggio</td></tr><tr><td>Guglielmo Marconi Airport (BLQ)</td><td>EUR 83</td><td>5h 40</td><td>maggio</td></tr>
  </tbody>
</table>
<h2>Aeroporti italiani da cui conviene partire</h2>
<div class=""cpv-chip-list""><span class=""cpv-chip"">Leonardo da Vinci-Fiumicino Airport</span><span class=""cpv-chip"">Ciampino-G. B. Pastine International Airport</span><span class=""cpv-chip"">Milano Malpensa Airport</span><span class=""cpv-chip"">Orio al Serio International Airport</span><span class=""cpv-chip"">Milano Linate Airport</span><span class=""cpv-chip"">Naples International Airport</span></div>
<div class=""cpv-landing-grid"">
  <div class=""cpv-landing-card""><strong>City break</strong><p>Se Divinopolis e una meta urbana, le partenze del venerdi e del sabato sono spesso le piu monitorate.</p></div>
  <div class=""cpv-landing-card""><strong>Viaggi stagionali</strong><p>In alcuni periodi dell'anno le tariffe possono variare molto, soprattutto vicino ai ponti e alle festivita.</p></div>
  <div class=""cpv-landing-card""><strong>Confronto rapido</strong><p>Valuta aeroporti maggiori e secondari per capire se un piccolo spostamento porta a un risparmio concreto.</p></div>
</div>
<h2>Domande frequenti sui voli per Divinopolis</h2>
<div class=""cpv-faq"">
  <details><summary>Qual e il modo migliore per cercare voli per Divinopolis?</summary><p>Confronta piu aeroporti italiani, prova date flessibili e verifica anche partenze infrasettimanali per migliorare le possibilita di risparmio.</p></details>
  <details><summary>Meglio volo diretto o con scalo?</summary><p>Per tratte medio-brevi il diretto e spesso la scelta piu comoda, mentre su alcune rotte uno scalo puo ridurre il prezzo finale.</p></details>
  <details><summary>Quando controllare i prezzi per Divinopolis?</summary><p>Vale la pena iniziare a monitorare la rotta in anticipo e verificare con regolarita i giorni piu vicini alla partenza ideale.</p></details>
</div>","Voli per citta|Voli intercontinentali",city,DIQ,/voli-per/divinopolis/,"Voli per Divinopolis (DIQ): offerte e guide | ConfrontaPrezziVoli","Trova voli per Divinopolis dai principali aeroporti italiani. Tariffe indicative da EUR 64 e consigli per scegliere il periodo migliore.","voli per Divinopolis",cities,"Mese tipicamente conveniente: ottobre"
post,publish,"Voli per Diyarbakir (DIY): offerte, compagnie e periodo migliore per prenotare",voli-per-diyarbakir-diy,"Confronta voli per Diyarbakir dai principali aeroporti italiani. Scopri prezzi indicativi, compagnie e consigli utili per organizzare la partenza.","<div class=""cpv-landing-note"">
  <p><strong>Perche cercare voli per Diyarbakir qui.</strong> Questa pagina raccoglie un quadro rapido delle partenze italiane piu interessanti per Diyarbakir, con tariffe indicative e consigli per scegliere il periodo piu vantaggioso.</p>
</div>
<div class=""cpv-stat-grid"">
  <div class=""cpv-stat""><strong>EUR 66</strong><span>Prezzo indicativo da monitorare dalle principali aree aeroportuali italiane.</span></div>
  <div class=""cpv-stat""><strong>dicembre</strong><span>Periodo spesso interessante per tenere sotto controllo la rotta.</span></div>
  <div class=""cpv-stat""><strong>9</strong><span>Aeroporti italiani prioritari da confrontare per questa destinazione.</span></div>
</div>
<h2>Offerte voli per Diyarbakir</h2>
<p>Per trovare il miglior equilibrio tra prezzo, durata e comfort, conviene verificare piu aeroporti di partenza italiani e confrontare giorni feriali e weekend.</p>
<table>
  <thead>
    <tr><th>Partenza</th><th>Prezzo da</th><th>Durata indicativa</th><th>Mese da monitorare</th></tr>
  </thead>
  <tbody>
    <tr><td>Leonardo da Vinci-Fiumicino Airport (FCO)</td><td>EUR 182</td><td>3h 10</td><td>agosto</td></tr><tr><td>Ciampino-G. B. Pastine International Airport (CIA)</td><td>EUR 38</td><td>3h 10</td><td>agosto</td></tr><tr><td>Milano Malpensa Airport (MXP)</td><td>EUR 53</td><td>3h 40</td><td>novembre</td></tr><tr><td>Orio al Serio International Airport (BGY)</td><td>EUR 67</td><td>10h 00</td><td>gennaio</td></tr><tr><td>Milano Linate Airport (LIN)</td><td>EUR 170</td><td>10h 10</td><td>agosto</td></tr><tr><td>Naples International Airport (NAP)</td><td>EUR 55</td><td>2h 00</td><td>gennaio</td></tr><tr><td>Venice Marco Polo Airport (VCE)</td><td>EUR 55</td><td>2h 00</td><td>gennaio</td></tr><tr><td>Catania-Fontanarossa Airport (CTA)</td><td>EUR 193</td><td>4h 00</td><td>luglio</td></tr><tr><td>Guglielmo Marconi Airport (BLQ)</td><td>EUR 137</td><td>10h 40</td><td>novembre</td></tr>
  </tbody>
</table>
<h2>Aeroporti italiani da cui conviene partire</h2>
<div class=""cpv-chip-list""><span class=""cpv-chip"">Leonardo da Vinci-Fiumicino Airport</span><span class=""cpv-chip"">Ciampino-G. B. Pastine International Airport</span><span class=""cpv-chip"">Milano Malpensa Airport</span><span class=""cpv-chip"">Orio al Serio International Airport</span><span class=""cpv-chip"">Milano Linate Airport</span><span class=""cpv-chip"">Naples International Airport</span></div>
<div class=""cpv-landing-grid"">
  <div class=""cpv-landing-card""><strong>City break</strong><p>Se Diyarbakir e una meta urbana, le partenze del venerdi e del sabato sono spesso le piu monitorate.</p></div>
  <div class=""cpv-landing-card""><strong>Viaggi stagionali</strong><p>In alcuni periodi dell'anno le tariffe possono variare molto, soprattutto vicino ai ponti e alle festivita.</p></div>
  <div class=""cpv-landing-card""><strong>Confronto rapido</strong><p>Valuta aeroporti maggiori e secondari per capire se un piccolo spostamento porta a un risparmio concreto.</p></div>
</div>
<h2>Domande frequenti sui voli per Diyarbakir</h2>
<div class=""cpv-faq"">
  <details><summary>Qual e il modo migliore per cercare voli per Diyarbakir?</summary><p>Confronta piu aeroporti italiani, prova date flessibili e verifica anche partenze infrasettimanali per migliorare le possibilita di risparmio.</p></details>
  <details><summary>Meglio volo diretto o con scalo?</summary><p>Per tratte medio-brevi il diretto e spesso la scelta piu comoda, mentre su alcune rotte uno scalo puo ridurre il prezzo finale.</p></details>
  <details><summary>Quando controllare i prezzi per Diyarbakir?</summary><p>Vale la pena iniziare a monitorare la rotta in anticipo e verificare con regolarita i giorni piu vicini alla partenza ideale.</p></details>
</div>","Voli per citta|Voli in Europa",city,DIY,/voli-per/diyarbakir/,"Voli per Diyarbakir (DIY): offerte e guide | ConfrontaPrezziVoli","Trova voli per Diyarbakir dai principali aeroporti italiani. Tariffe indicative da EUR 66 e consigli per scegliere il periodo migliore.","voli per Diyarbakir",cities,"Mese tipicamente conveniente: dicembre"
post,publish,"Voli per Djanet (DJG): offerte, compagnie e periodo migliore per prenotare",voli-per-djanet-djg,"Confronta voli per Djanet dai principali aeroporti italiani. Scopri prezzi indicativi, compagnie e consigli utili per organizzare la partenza.","<div class=""cpv-landing-note"">
  <p><strong>Perche cercare voli per Djanet qui.</strong> Questa pagina raccoglie un quadro rapido delle partenze italiane piu interessanti per Djanet, con tariffe indicative e consigli per scegliere il periodo piu vantaggioso.</p>
</div>
<div class=""cpv-stat-grid"">
  <div class=""cpv-stat""><strong>EUR 186</strong><span>Prezzo indicativo da monitorare dalle principali aree aeroportuali italiane.</span></div>
  <div class=""cpv-stat""><strong>dicembre</strong><span>Periodo spesso interessante per tenere sotto controllo la rotta.</span></div>
  <div class=""cpv-stat""><strong>9</strong><span>Aeroporti italiani prioritari da confrontare per questa destinazione.</span></div>
</div>
<h2>Offerte voli per Djanet</h2>
<p>Per trovare il miglior equilibrio tra prezzo, durata e comfort, conviene verificare piu aeroporti di partenza italiani e confrontare giorni feriali e weekend.</p>
<table>
  <thead>
    <tr><th>Partenza</th><th>Prezzo da</th><th>Durata indicativa</th><th>Mese da monitorare</th></tr>
  </thead>
  <tbody>
    <tr><td>Leonardo da Vinci-Fiumicino Airport (FCO)</td><td>EUR 66</td><td>9h 50</td><td>dicembre</td></tr><tr><td>Ciampino-G. B. Pastine International Airport (CIA)</td><td>EUR 198</td><td>6h 50</td><td>dicembre</td></tr><tr><td>Milano Malpensa Airport (MXP)</td><td>EUR 121</td><td>1h 00</td><td>luglio</td></tr><tr><td>Orio al Serio International Airport (BGY)</td><td>EUR 179</td><td>5h 40</td><td>maggio</td></tr><tr><td>Milano Linate Airport (LIN)</td><td>EUR 22</td><td>6h 30</td><td>aprile</td></tr><tr><td>Naples International Airport (NAP)</td><td>EUR 47</td><td>6h 40</td><td>maggio</td></tr><tr><td>Venice Marco Polo Airport (VCE)</td><td>EUR 155</td><td>11h 40</td><td>maggio</td></tr><tr><td>Catania-Fontanarossa Airport (CTA)</td><td>EUR 41</td><td>8h 40</td><td>novembre</td></tr><tr><td>Guglielmo Marconi Airport (BLQ)</td><td>EUR 57</td><td>5h 20</td><td>marzo</td></tr>
  </tbody>
</table>
<h2>Aeroporti italiani da cui conviene partire</h2>
<div class=""cpv-chip-list""><span class=""cpv-chip"">Leonardo da Vinci-Fiumicino Airport</span><span class=""cpv-chip"">Ciampino-G. B. Pastine International Airport</span><span class=""cpv-chip"">Milano Malpensa Airport</span><span class=""cpv-chip"">Orio al Serio International Airport</span><span class=""cpv-chip"">Milano Linate Airport</span><span class=""cpv-chip"">Naples International Airport</span></div>
<div class=""cpv-landing-grid"">
  <div class=""cpv-landing-card""><strong>City break</strong><p>Se Djanet e una meta urbana, le partenze del venerdi e del sabato sono spesso le piu monitorate.</p></div>
  <div class=""cpv-landing-card""><strong>Viaggi stagionali</strong><p>In alcuni periodi dell'anno le tariffe possono variare molto, soprattutto vicino ai ponti e alle festivita.</p></div>
  <div class=""cpv-landing-card""><strong>Confronto rapido</strong><p>Valuta aeroporti maggiori e secondari per capire se un piccolo spostamento porta a un risparmio concreto.</p></div>
</div>
<h2>Domande frequenti sui voli per Djanet</h2>
<div class=""cpv-faq"">
  <details><summary>Qual e il modo migliore per cercare voli per Djanet?</summary><p>Confronta piu aeroporti italiani, prova date flessibili e verifica anche partenze infrasettimanali per migliorare le possibilita di risparmio.</p></details>
  <details><summary>Meglio volo diretto o con scalo?</summary><p>Per tratte medio-brevi il diretto e spesso la scelta piu comoda, mentre su alcune rotte uno scalo puo ridurre il prezzo finale.</p></details>
  <details><summary>Quando controllare i prezzi per Djanet?</summary><p>Vale la pena iniziare a monitorare la rotta in anticipo e verificare con regolarita i giorni piu vicini alla partenza ideale.</p></details>
</div>","Voli per citta|Voli intercontinentali",city,DJG,/voli-per/djanet/,"Voli per Djanet (DJG): offerte e guide | ConfrontaPrezziVoli","Trova voli per Djanet dai principali aeroporti italiani. Tariffe indicative da EUR 186 e consigli per scegliere il periodo migliore.","voli per Djanet",cities,"Mese tipicamente conveniente: dicembre"
post,publish,"Voli per Djerba (DJE): offerte, compagnie e periodo migliore per prenotare",voli-per-djerba-dje,"Confronta voli per Djerba dai principali aeroporti italiani. Scopri prezzi indicativi, compagnie e consigli utili per organizzare la partenza.","<div class=""cpv-landing-note"">
  <p><strong>Perche cercare voli per Djerba qui.</strong> Questa pagina raccoglie un quadro rapido delle partenze italiane piu interessanti per Djerba, con tariffe indicative e consigli per scegliere il periodo piu vantaggioso.</p>
</div>
<div class=""cpv-stat-grid"">
  <div class=""cpv-stat""><strong>EUR 154</strong><span>Prezzo indicativo da monitorare dalle principali aree aeroportuali italiane.</span></div>
  <div class=""cpv-stat""><strong>aprile</strong><span>Periodo spesso interessante per tenere sotto controllo la rotta.</span></div>
  <div class=""cpv-stat""><strong>9</strong><span>Aeroporti italiani prioritari da confrontare per questa destinazione.</span></div>
</div>
<h2>Offerte voli per Djerba</h2>
<p>Per trovare il miglior equilibrio tra prezzo, durata e comfort, conviene verificare piu aeroporti di partenza italiani e confrontare giorni feriali e weekend.</p>
<table>
  <thead>
    <tr><th>Partenza</th><th>Prezzo da</th><th>Durata indicativa</th><th>Mese da monitorare</th></tr>
  </thead>
  <tbody>
    <tr><td>Leonardo da Vinci-Fiumicino Airport (FCO)</td><td>EUR 114</td><td>11h 50</td><td>dicembre</td></tr><tr><td>Ciampino-G. B. Pastine International Airport (CIA)</td><td>EUR 174</td><td>10h 50</td><td>dicembre</td></tr><tr><td>Milano Malpensa Airport (MXP)</td><td>EUR 105</td><td>8h 20</td><td>marzo</td></tr><tr><td>Orio al Serio International Airport (BGY)</td><td>EUR 79</td><td>8h 00</td><td>gennaio</td></tr><tr><td>Milano Linate Airport (LIN)</td><td>EUR 134</td><td>9h 10</td><td>agosto</td></tr><tr><td>Naples International Airport (NAP)</td><td>EUR 35</td><td>4h 40</td><td>maggio</td></tr><tr><td>Venice Marco Polo Airport (VCE)</td><td>EUR 55</td><td>5h 00</td><td>gennaio</td></tr><tr><td>Catania-Fontanarossa Airport (CTA)</td><td>EUR 169</td><td>4h 00</td><td>luglio</td></tr><tr><td>Guglielmo Marconi Airport (BLQ)</td><td>EUR 169</td><td>7h 00</td><td>luglio</td></tr>
  </tbody>
</table>
<h2>Aeroporti italiani da cui conviene partire</h2>
<div class=""cpv-chip-list""><span class=""cpv-chip"">Leonardo da Vinci-Fiumicino Airport</span><span class=""cpv-chip"">Ciampino-G. B. Pastine International Airport</span><span class=""cpv-chip"">Milano Malpensa Airport</span><span class=""cpv-chip"">Orio al Serio International Airport</span><span class=""cpv-chip"">Milano Linate Airport</span><span class=""cpv-chip"">Naples International Airport</span></div>
<div class=""cpv-landing-grid"">
  <div class=""cpv-landing-card""><strong>City break</strong><p>Se Djerba e una meta urbana, le partenze del venerdi e del sabato sono spesso le piu monitorate.</p></div>
  <div class=""cpv-landing-card""><strong>Viaggi stagionali</strong><p>In alcuni periodi dell'anno le tariffe possono variare molto, soprattutto vicino ai ponti e alle festivita.</p></div>
  <div class=""cpv-landing-card""><strong>Confronto rapido</strong><p>Valuta aeroporti maggiori e secondari per capire se un piccolo spostamento porta a un risparmio concreto.</p></div>
</div>
<h2>Domande frequenti sui voli per Djerba</h2>
<div class=""cpv-faq"">
  <details><summary>Qual e il modo migliore per cercare voli per Djerba?</summary><p>Confronta piu aeroporti italiani, prova date flessibili e verifica anche partenze infrasettimanali per migliorare le possibilita di risparmio.</p></details>
  <details><summary>Meglio volo diretto o con scalo?</summary><p>Per tratte medio-brevi il diretto e spesso la scelta piu comoda, mentre su alcune rotte uno scalo puo ridurre il prezzo finale.</p></details>
  <details><summary>Quando controllare i prezzi per Djerba?</summary><p>Vale la pena iniziare a monitorare la rotta in anticipo e verificare con regolarita i giorni piu vicini alla partenza ideale.</p></details>
</div>","Voli per citta|Voli intercontinentali",city,DJE,/voli-per/djerba/,"Voli per Djerba (DJE): offerte e guide | ConfrontaPrezziVoli","Trova voli per Djerba dai principali aeroporti italiani. Tariffe indicative da EUR 154 e consigli per scegliere il periodo migliore.","voli per Djerba",cities,"Mese tipicamente conveniente: aprile"
post,publish,"Voli per Djibouti (JIB): offerte, compagnie e periodo migliore per prenotare",voli-per-djibouti-jib,"Confronta voli per Djibouti dai principali aeroporti italiani. Scopri prezzi indicativi, compagnie e consigli utili per organizzare la partenza.","<div class=""cpv-landing-note"">
  <p><strong>Perche cercare voli per Djibouti qui.</strong> Questa pagina raccoglie un quadro rapido delle partenze italiane piu interessanti per Djibouti, con tariffe indicative e consigli per scegliere il periodo piu vantaggioso.</p>
</div>
<div class=""cpv-stat-grid"">
  <div class=""cpv-stat""><strong>EUR 196</strong><span>Prezzo indicativo da monitorare dalle principali aree aeroportuali italiane.</span></div>
  <div class=""cpv-stat""><strong>ottobre</strong><span>Periodo spesso interessante per tenere sotto controllo la rotta.</span></div>
  <div class=""cpv-stat""><strong>9</strong><span>Aeroporti italiani prioritari da confrontare per questa destinazione.</span></div>
</div>
<h2>Offerte voli per Djibouti</h2>
<p>Per trovare il miglior equilibrio tra prezzo, durata e comfort, conviene verificare piu aeroporti di partenza italiani e confrontare giorni feriali e weekend.</p>
<table>
  <thead>
    <tr><th>Partenza</th><th>Prezzo da</th><th>Durata indicativa</th><th>Mese da monitorare</th></tr>
  </thead>
  <tbody>
    <tr><td>Leonardo da Vinci-Fiumicino Airport (FCO)</td><td>EUR 80</td><td>2h 10</td><td>febbraio</td></tr><tr><td>Ciampino-G. B. Pastine International Airport (CIA)</td><td>EUR 160</td><td>5h 30</td><td>ottobre</td></tr><tr><td>Milano Malpensa Airport (MXP)</td><td>EUR 167</td><td>8h 40</td><td>maggio</td></tr><tr><td>Orio al Serio International Airport (BGY)</td><td>EUR 141</td><td>10h 20</td><td>marzo</td></tr><tr><td>Milano Linate Airport (LIN)</td><td>EUR 68</td><td>6h 10</td><td>febbraio</td></tr><tr><td>Naples International Airport (NAP)</td><td>EUR 85</td><td>5h 00</td><td>luglio</td></tr><tr><td>Venice Marco Polo Airport (VCE)</td><td>EUR 165</td><td>2h 20</td><td>marzo</td></tr><tr><td>Catania-Fontanarossa Airport (CTA)</td><td>EUR 159</td><td>4h 20</td><td>settembre</td></tr><tr><td>Guglielmo Marconi Airport (BLQ)</td><td>EUR 31</td><td>9h 00</td><td>gennaio</td></tr>
  </tbody>
</table>
<h2>Aeroporti italiani da cui conviene partire</h2>
<div class=""cpv-chip-list""><span class=""cpv-chip"">Leonardo da Vinci-Fiumicino Airport</span><span class=""cpv-chip"">Ciampino-G. B. Pastine International Airport</span><span class=""cpv-chip"">Milano Malpensa Airport</span><span class=""cpv-chip"">Orio al Serio International Airport</span><span class=""cpv-chip"">Milano Linate Airport</span><span class=""cpv-chip"">Naples International Airport</span></div>
<div class=""cpv-landing-grid"">
  <div class=""cpv-landing-card""><strong>City break</strong><p>Se Djibouti e una meta urbana, le partenze del venerdi e del sabato sono spesso le piu monitorate.</p></div>
  <div class=""cpv-landing-card""><strong>Viaggi stagionali</strong><p>In alcuni periodi dell'anno le tariffe possono variare molto, soprattutto vicino ai ponti e alle festivita.</p></div>
  <div class=""cpv-landing-card""><strong>Confronto rapido</strong><p>Valuta aeroporti maggiori e secondari per capire se un piccolo spostamento porta a un risparmio concreto.</p></div>
</div>
<h2>Domande frequenti sui voli per Djibouti</h2>
<div class=""cpv-faq"">
  <details><summary>Qual e il modo migliore per cercare voli per Djibouti?</summary><p>Confronta piu aeroporti italiani, prova date flessibili e verifica anche partenze infrasettimanali per migliorare le possibilita di risparmio.</p></details>
  <details><summary>Meglio volo diretto o con scalo?</summary><p>Per tratte medio-brevi il diretto e spesso la scelta piu comoda, mentre su alcune rotte uno scalo puo ridurre il prezzo finale.</p></details>
  <details><summary>Quando controllare i prezzi per Djibouti?</summary><p>Vale la pena iniziare a monitorare la rotta in anticipo e verificare con regolarita i giorni piu vicini alla partenza ideale.</p></details>
</div>","Voli per citta|Voli intercontinentali",city,JIB,/voli-per/djibouti/,"Voli per Djibouti (JIB): offerte e guide | ConfrontaPrezziVoli","Trova voli per Djibouti dai principali aeroporti italiani. Tariffe indicative da EUR 196 e consigli per scegliere il periodo migliore.","voli per Djibouti",cities,"Mese tipicamente conveniente: ottobre"
post,publish,"Voli per Dnipro (DNK): offerte, compagnie e periodo migliore per prenotare",voli-per-dnipro-dnk,"Confronta voli per Dnipro dai principali aeroporti italiani. Scopri prezzi indicativi, compagnie e consigli utili per organizzare la partenza.","<div class=""cpv-landing-note"">
  <p><strong>Perche cercare voli per Dnipro qui.</strong> Questa pagina raccoglie un quadro rapido delle partenze italiane piu interessanti per Dnipro, con tariffe indicative e consigli per scegliere il periodo piu vantaggioso.</p>
</div>
<div class=""cpv-stat-grid"">
  <div class=""cpv-stat""><strong>EUR 47</strong><span>Prezzo indicativo da monitorare dalle principali aree aeroportuali italiane.</span></div>
  <div class=""cpv-stat""><strong>maggio</strong><span>Periodo spesso interessante per tenere sotto controllo la rotta.</span></div>
  <div class=""cpv-stat""><strong>9</strong><span>Aeroporti italiani prioritari da confrontare per questa destinazione.</span></div>
</div>
<h2>Offerte voli per Dnipro</h2>
<p>Per trovare il miglior equilibrio tra prezzo, durata e comfort, conviene verificare piu aeroporti di partenza italiani e confrontare giorni feriali e weekend.</p>
<table>
  <thead>
    <tr><th>Partenza</th><th>Prezzo da</th><th>Durata indicativa</th><th>Mese da monitorare</th></tr>
  </thead>
  <tbody>
    <tr><td>Leonardo da Vinci-Fiumicino Airport (FCO)</td><td>EUR 119</td><td>2h 40</td><td>maggio</td></tr><tr><td>Ciampino-G. B. Pastine International Airport (CIA)</td><td>EUR 87</td><td>5h 20</td><td>settembre</td></tr><tr><td>Milano Malpensa Airport (MXP)</td><td>EUR 188</td><td>6h 10</td><td>febbraio</td></tr><tr><td>Orio al Serio International Airport (BGY)</td><td>EUR 182</td><td>6h 10</td><td>agosto</td></tr><tr><td>Milano Linate Airport (LIN)</td><td>EUR 103</td><td>4h 00</td><td>gennaio</td></tr><tr><td>Naples International Airport (NAP)</td><td>EUR 58</td><td>2h 30</td><td>aprile</td></tr><tr><td>Venice Marco Polo Airport (VCE)</td><td>EUR 154</td><td>8h 30</td><td>aprile</td></tr><tr><td>Catania-Fontanarossa Airport (CTA)</td><td>EUR 160</td><td>8h 30</td><td>ottobre</td></tr><tr><td>Guglielmo Marconi Airport (BLQ)</td><td>EUR 144</td><td>4h 50</td><td>giugno</td></tr>
  </tbody>
</table>
<h2>Aeroporti italiani da cui conviene partire</h2>
<div class=""cpv-chip-list""><span class=""cpv-chip"">Leonardo da Vinci-Fiumicino Airport</span><span class=""cpv-chip"">Ciampino-G. B. Pastine International Airport</span><span class=""cpv-chip"">Milano Malpensa Airport</span><span class=""cpv-chip"">Orio al Serio International Airport</span><span class=""cpv-chip"">Milano Linate Airport</span><span class=""cpv-chip"">Naples International Airport</span></div>
<div class=""cpv-landing-grid"">
  <div class=""cpv-landing-card""><strong>City break</strong><p>Se Dnipro e una meta urbana, le partenze del venerdi e del sabato sono spesso le piu monitorate.</p></div>
  <div class=""cpv-landing-card""><strong>Viaggi stagionali</strong><p>In alcuni periodi dell'anno le tariffe possono variare molto, soprattutto vicino ai ponti e alle festivita.</p></div>
  <div class=""cpv-landing-card""><strong>Confronto rapido</strong><p>Valuta aeroporti maggiori e secondari per capire se un piccolo spostamento porta a un risparmio concreto.</p></div>
</div>
<h2>Domande frequenti sui voli per Dnipro</h2>
<div class=""cpv-faq"">
  <details><summary>Qual e il modo migliore per cercare voli per Dnipro?</summary><p>Confronta piu aeroporti italiani, prova date flessibili e verifica anche partenze infrasettimanali per migliorare le possibilita di risparmio.</p></details>
  <details><summary>Meglio volo diretto o con scalo?</summary><p>Per tratte medio-brevi il diretto e spesso la scelta piu comoda, mentre su alcune rotte uno scalo puo ridurre il prezzo finale.</p></details>
  <details><summary>Quando controllare i prezzi per Dnipro?</summary><p>Vale la pena iniziare a monitorare la rotta in anticipo e verificare con regolarita i giorni piu vicini alla partenza ideale.</p></details>
</div>","Voli per citta|Voli in Europa",city,DNK,/voli-per/dnipro/,"Voli per Dnipro (DNK): offerte e guide | ConfrontaPrezziVoli","Trova voli per Dnipro dai principali aeroporti italiani. Tariffe indicative da EUR 47 e consigli per scegliere il periodo migliore.","voli per Dnipro",cities,"Mese tipicamente conveniente: maggio"
post,publish,"Voli per Dobo (DOB): offerte, compagnie e periodo migliore per prenotare",voli-per-dobo-dob,"Confronta voli per Dobo dai principali aeroporti italiani. Scopri prezzi indicativi, compagnie e consigli utili per organizzare la partenza.","<div class=""cpv-landing-note"">
  <p><strong>Perche cercare voli per Dobo qui.</strong> Questa pagina raccoglie un quadro rapido delle partenze italiane piu interessanti per Dobo, con tariffe indicative e consigli per scegliere il periodo piu vantaggioso.</p>
</div>
<div class=""cpv-stat-grid"">
  <div class=""cpv-stat""><strong>EUR 196</strong><span>Prezzo indicativo da monitorare dalle principali aree aeroportuali italiane.</span></div>
  <div class=""cpv-stat""><strong>ottobre</strong><span>Periodo spesso interessante per tenere sotto controllo la rotta.</span></div>
  <div class=""cpv-stat""><strong>9</strong><span>Aeroporti italiani prioritari da confrontare per questa destinazione.</span></div>
</div>
<h2>Offerte voli per Dobo</h2>
<p>Per trovare il miglior equilibrio tra prezzo, durata e comfort, conviene verificare piu aeroporti di partenza italiani e confrontare giorni feriali e weekend.</p>
<table>
  <thead>
    <tr><th>Partenza</th><th>Prezzo da</th><th>Durata indicativa</th><th>Mese da monitorare</th></tr>
  </thead>
  <tbody>
    <tr><td>Leonardo da Vinci-Fiumicino Airport (FCO)</td><td>EUR 52</td><td>7h 30</td><td>ottobre</td></tr><tr><td>Ciampino-G. B. Pastine International Airport (CIA)</td><td>EUR 60</td><td>6h 50</td><td>giugno</td></tr><tr><td>Milano Malpensa Airport (MXP)</td><td>EUR 75</td><td>1h 20</td><td>settembre</td></tr><tr><td>Orio al Serio International Airport (BGY)</td><td>EUR 89</td><td>4h 40</td><td>novembre</td></tr><tr><td>Milano Linate Airport (LIN)</td><td>EUR 160</td><td>7h 30</td><td>ottobre</td></tr><tr><td>Naples International Airport (NAP)</td><td>EUR 53</td><td>7h 40</td><td>novembre</td></tr><tr><td>Venice Marco Polo Airport (VCE)</td><td>EUR 89</td><td>1h 40</td><td>novembre</td></tr><tr><td>Catania-Fontanarossa Airport (CTA)</td><td>EUR 39</td><td>5h 20</td><td>settembre</td></tr><tr><td>Guglielmo Marconi Airport (BLQ)</td><td>EUR 135</td><td>8h 20</td><td>settembre</td></tr>
  </tbody>
</table>
<h2>Aeroporti italiani da cui conviene partire</h2>
<div class=""cpv-chip-list""><span class=""cpv-chip"">Leonardo da Vinci-Fiumicino Airport</span><span class=""cpv-chip"">Ciampino-G. B. Pastine International Airport</span><span class=""cpv-chip"">Milano Malpensa Airport</span><span class=""cpv-chip"">Orio al Serio International Airport</span><span class=""cpv-chip"">Milano Linate Airport</span><span class=""cpv-chip"">Naples International Airport</span></div>
<div class=""cpv-landing-grid"">
  <div class=""cpv-landing-card""><strong>City break</strong><p>Se Dobo e una meta urbana, le partenze del venerdi e del sabato sono spesso le piu monitorate.</p></div>
  <div class=""cpv-landing-card""><strong>Viaggi stagionali</strong><p>In alcuni periodi dell'anno le tariffe possono variare molto, soprattutto vicino ai ponti e alle festivita.</p></div>
  <div class=""cpv-landing-card""><strong>Confronto rapido</strong><p>Valuta aeroporti maggiori e secondari per capire se un piccolo spostamento porta a un risparmio concreto.</p></div>
</div>
<h2>Domande frequenti sui voli per Dobo</h2>
<div class=""cpv-faq"">
  <details><summary>Qual e il modo migliore per cercare voli per Dobo?</summary><p>Confronta piu aeroporti italiani, prova date flessibili e verifica anche partenze infrasettimanali per migliorare le possibilita di risparmio.</p></details>
  <details><summary>Meglio volo diretto o con scalo?</summary><p>Per tratte medio-brevi il diretto e spesso la scelta piu comoda, mentre su alcune rotte uno scalo puo ridurre il prezzo finale.</p></details>
  <details><summary>Quando controllare i prezzi per Dobo?</summary><p>Vale la pena iniziare a monitorare la rotta in anticipo e verificare con regolarita i giorni piu vicini alla partenza ideale.</p></details>
</div>","Voli per citta|Voli intercontinentali",city,DOB,/voli-per/dobo/,"Voli per Dobo (DOB): offerte e guide | ConfrontaPrezziVoli","Trova voli per Dobo dai principali aeroporti italiani. Tariffe indicative da EUR 196 e consigli per scegliere il periodo migliore.","voli per Dobo",cities,"Mese tipicamente conveniente: ottobre"
post,publish,"Voli per Dodge City (DDC): offerte, compagnie e periodo migliore per prenotare",voli-per-dodge-city-ddc,"Confronta voli per Dodge City dai principali aeroporti italiani. Scopri prezzi indicativi, compagnie e consigli utili per organizzare la partenza.","<div class=""cpv-landing-note"">
  <p><strong>Perche cercare voli per Dodge City qui.</strong> Questa pagina raccoglie un quadro rapido delle partenze italiane piu interessanti per Dodge City, con tariffe indicative e consigli per scegliere il periodo piu vantaggioso.</p>
</div>
<div class=""cpv-stat-grid"">
  <div class=""cpv-stat""><strong>EUR 131</strong><span>Prezzo indicativo da monitorare dalle principali aree aeroportuali italiane.</span></div>
  <div class=""cpv-stat""><strong>maggio</strong><span>Periodo spesso interessante per tenere sotto controllo la rotta.</span></div>
  <div class=""cpv-stat""><strong>9</strong><span>Aeroporti italiani prioritari da confrontare per questa destinazione.</span></div>
</div>
<h2>Offerte voli per Dodge City</h2>
<p>Per trovare il miglior equilibrio tra prezzo, durata e comfort, conviene verificare piu aeroporti di partenza italiani e confrontare giorni feriali e weekend.</p>
<table>
  <thead>
    <tr><th>Partenza</th><th>Prezzo da</th><th>Durata indicativa</th><th>Mese da monitorare</th></tr>
  </thead>
  <tbody>
    <tr><td>Leonardo da Vinci-Fiumicino Airport (FCO)</td><td>EUR 143</td><td>1h 40</td><td>maggio</td></tr><tr><td>Ciampino-G. B. Pastine International Airport (CIA)</td><td>EUR 163</td><td>2h 00</td><td>gennaio</td></tr><tr><td>Milano Malpensa Airport (MXP)</td><td>EUR 36</td><td>3h 50</td><td>giugno</td></tr><tr><td>Orio al Serio International Airport (BGY)</td><td>EUR 190</td><td>3h 30</td><td>aprile</td></tr><tr><td>Milano Linate Airport (LIN)</td><td>EUR 31</td><td>8h 00</td><td>gennaio</td></tr><tr><td>Naples International Airport (NAP)</td><td>EUR 78</td><td>8h 50</td><td>dicembre</td></tr><tr><td>Venice Marco Polo Airport (VCE)</td><td>EUR 146</td><td>5h 10</td><td>agosto</td></tr><tr><td>Catania-Fontanarossa Airport (CTA)</td><td>EUR 156</td><td>8h 50</td><td>giugno</td></tr><tr><td>Guglielmo Marconi Airport (BLQ)</td><td>EUR 152</td><td>2h 10</td><td>febbraio</td></tr>
  </tbody>
</table>
<h2>Aeroporti italiani da cui conviene partire</h2>
<div class=""cpv-chip-list""><span class=""cpv-chip"">Leonardo da Vinci-Fiumicino Airport</span><span class=""cpv-chip"">Ciampino-G. B. Pastine International Airport</span><span class=""cpv-chip"">Milano Malpensa Airport</span><span class=""cpv-chip"">Orio al Serio International Airport</span><span class=""cpv-chip"">Milano Linate Airport</span><span class=""cpv-chip"">Naples International Airport</span></div>
<div class=""cpv-landing-grid"">
  <div class=""cpv-landing-card""><strong>City break</strong><p>Se Dodge City e una meta urbana, le partenze del venerdi e del sabato sono spesso le piu monitorate.</p></div>
  <div class=""cpv-landing-card""><strong>Viaggi stagionali</strong><p>In alcuni periodi dell'anno le tariffe possono variare molto, soprattutto vicino ai ponti e alle festivita.</p></div>
  <div class=""cpv-landing-card""><strong>Confronto rapido</strong><p>Valuta aeroporti maggiori e secondari per capire se un piccolo spostamento porta a un risparmio concreto.</p></div>
</div>
<h2>Domande frequenti sui voli per Dodge City</h2>
<div class=""cpv-faq"">
  <details><summary>Qual e il modo migliore per cercare voli per Dodge City?</summary><p>Confronta piu aeroporti italiani, prova date flessibili e verifica anche partenze infrasettimanali per migliorare le possibilita di risparmio.</p></details>
  <details><summary>Meglio volo diretto o con scalo?</summary><p>Per tratte medio-brevi il diretto e spesso la scelta piu comoda, mentre su alcune rotte uno scalo puo ridurre il prezzo finale.</p></details>
  <details><summary>Quando controllare i prezzi per Dodge City?</summary><p>Vale la pena iniziare a monitorare la rotta in anticipo e verificare con regolarita i giorni piu vicini alla partenza ideale.</p></details>
</div>","Voli per citta|Voli intercontinentali",city,DDC,/voli-per/dodge-city/,"Voli per Dodge City (DDC): offerte e guide | ConfrontaPrezziVoli","Trova voli per Dodge City dai principali aeroporti italiani. Tariffe indicative da EUR 131 e consigli per scegliere il periodo migliore.","voli per Dodge City",cities,"Mese tipicamente conveniente: maggio"
post,publish,"Voli per Dodoma (DOD): offerte, compagnie e periodo migliore per prenotare",voli-per-dodoma-dod,"Confronta voli per Dodoma dai principali aeroporti italiani. Scopri prezzi indicativi, compagnie e consigli utili per organizzare la partenza.","<div class=""cpv-landing-note"">
  <p><strong>Perche cercare voli per Dodoma qui.</strong> Questa pagina raccoglie un quadro rapido delle partenze italiane piu interessanti per Dodoma, con tariffe indicative e consigli per scegliere il periodo piu vantaggioso.</p>
</div>
<div class=""cpv-stat-grid"">
  <div class=""cpv-stat""><strong>EUR 171</strong><span>Prezzo indicativo da monitorare dalle principali aree aeroportuali italiane.</span></div>
  <div class=""cpv-stat""><strong>settembre</strong><span>Periodo spesso interessante per tenere sotto controllo la rotta.</span></div>
  <div class=""cpv-stat""><strong>9</strong><span>Aeroporti italiani prioritari da confrontare per questa destinazione.</span></div>
</div>
<h2>Offerte voli per Dodoma</h2>
<p>Per trovare il miglior equilibrio tra prezzo, durata e comfort, conviene verificare piu aeroporti di partenza italiani e confrontare giorni feriali e weekend.</p>
<table>
  <thead>
    <tr><th>Partenza</th><th>Prezzo da</th><th>Durata indicativa</th><th>Mese da monitorare</th></tr>
  </thead>
  <tbody>
    <tr><td>Leonardo da Vinci-Fiumicino Airport (FCO)</td><td>EUR 155</td><td>10h 40</td><td>maggio</td></tr><tr><td>Ciampino-G. B. Pastine International Airport (CIA)</td><td>EUR 83</td><td>8h 40</td><td>maggio</td></tr><tr><td>Milano Malpensa Airport (MXP)</td><td>EUR 196</td><td>5h 30</td><td>ottobre</td></tr><tr><td>Orio al Serio International Airport (BGY)</td><td>EUR 42</td><td>3h 50</td><td>dicembre</td></tr><tr><td>Milano Linate Airport (LIN)</td><td>EUR 175</td><td>1h 00</td><td>gennaio</td></tr><tr><td>Naples International Airport (NAP)</td><td>EUR 142</td><td>3h 30</td><td>aprile</td></tr><tr><td>Venice Marco Polo Airport (VCE)</td><td>EUR 174</td><td>10h 50</td><td>dicembre</td></tr><tr><td>Catania-Fontanarossa Airport (CTA)</td><td>EUR 76</td><td>7h 30</td><td>ottobre</td></tr><tr><td>Guglielmo Marconi Airport (BLQ)</td><td>EUR 28</td><td>10h 30</td><td>ottobre</td></tr>
  </tbody>
</table>
<h2>Aeroporti italiani da cui conviene partire</h2>
<div class=""cpv-chip-list""><span class=""cpv-chip"">Leonardo da Vinci-Fiumicino Airport</span><span class=""cpv-chip"">Ciampino-G. B. Pastine International Airport</span><span class=""cpv-chip"">Milano Malpensa Airport</span><span class=""cpv-chip"">Orio al Serio International Airport</span><span class=""cpv-chip"">Milano Linate Airport</span><span class=""cpv-chip"">Naples International Airport</span></div>
<div class=""cpv-landing-grid"">
  <div class=""cpv-landing-card""><strong>City break</strong><p>Se Dodoma e una meta urbana, le partenze del venerdi e del sabato sono spesso le piu monitorate.</p></div>
  <div class=""cpv-landing-card""><strong>Viaggi stagionali</strong><p>In alcuni periodi dell'anno le tariffe possono variare molto, soprattutto vicino ai ponti e alle festivita.</p></div>
  <div class=""cpv-landing-card""><strong>Confronto rapido</strong><p>Valuta aeroporti maggiori e secondari per capire se un piccolo spostamento porta a un risparmio concreto.</p></div>
</div>
<h2>Domande frequenti sui voli per Dodoma</h2>
<div class=""cpv-faq"">
  <details><summary>Qual e il modo migliore per cercare voli per Dodoma?</summary><p>Confronta piu aeroporti italiani, prova date flessibili e verifica anche partenze infrasettimanali per migliorare le possibilita di risparmio.</p></details>
  <details><summary>Meglio volo diretto o con scalo?</summary><p>Per tratte medio-brevi il diretto e spesso la scelta piu comoda, mentre su alcune rotte uno scalo puo ridurre il prezzo finale.</p></details>
  <details><summary>Quando controllare i prezzi per Dodoma?</summary><p>Vale la pena iniziare a monitorare la rotta in anticipo e verificare con regolarita i giorni piu vicini alla partenza ideale.</p></details>
</div>","Voli per citta|Voli intercontinentali",city,DOD,/voli-per/dodoma/,"Voli per Dodoma (DOD): offerte e guide | ConfrontaPrezziVoli","Trova voli per Dodoma dai principali aeroporti italiani. Tariffe indicative da EUR 171 e consigli per scegliere il periodo migliore.","voli per Dodoma",cities,"Mese tipicamente conveniente: settembre"
post,publish,"Voli per Doha (DOH): offerte, compagnie e periodo migliore per prenotare",voli-per-doha-doh,"Confronta voli per Doha dai principali aeroporti italiani. Scopri prezzi indicativi, compagnie e consigli utili per organizzare la partenza.","<div class=""cpv-landing-note"">
  <p><strong>Perche cercare voli per Doha qui.</strong> Questa pagina raccoglie un quadro rapido delle partenze italiane piu interessanti per Doha, con tariffe indicative e consigli per scegliere il periodo piu vantaggioso.</p>
</div>
<div class=""cpv-stat-grid"">
  <div class=""cpv-stat""><strong>EUR 154</strong><span>Prezzo indicativo da monitorare dalle principali aree aeroportuali italiane.</span></div>
  <div class=""cpv-stat""><strong>aprile</strong><span>Periodo spesso interessante per tenere sotto controllo la rotta.</span></div>
  <div class=""cpv-stat""><strong>9</strong><span>Aeroporti italiani prioritari da confrontare per questa destinazione.</span></div>
</div>
<h2>Offerte voli per Doha</h2>
<p>Per trovare il miglior equilibrio tra prezzo, durata e comfort, conviene verificare piu aeroporti di partenza italiani e confrontare giorni feriali e weekend.</p>
<table>
  <thead>
    <tr><th>Partenza</th><th>Prezzo da</th><th>Durata indicativa</th><th>Mese da monitorare</th></tr>
  </thead>
  <tbody>
    <tr><td>Leonardo da Vinci-Fiumicino Airport (FCO)</td><td>EUR 158</td><td>1h 10</td><td>agosto</td></tr><tr><td>Ciampino-G. B. Pastine International Airport (CIA)</td><td>EUR 54</td><td>5h 50</td><td>dicembre</td></tr><tr><td>Milano Malpensa Airport (MXP)</td><td>EUR 117</td><td>7h 20</td><td>marzo</td></tr><tr><td>Orio al Serio International Airport (BGY)</td><td>EUR 139</td><td>7h 00</td><td>gennaio</td></tr><tr><td>Milano Linate Airport (LIN)</td><td>EUR 130</td><td>10h 30</td><td>aprile</td></tr><tr><td>Naples International Airport (NAP)</td><td>EUR 175</td><td>4h 00</td><td>gennaio</td></tr><tr><td>Venice Marco Polo Airport (VCE)</td><td>EUR 151</td><td>8h 00</td><td>gennaio</td></tr><tr><td>Catania-Fontanarossa Airport (CTA)</td><td>EUR 149</td><td>6h 40</td><td>novembre</td></tr><tr><td>Guglielmo Marconi Airport (BLQ)</td><td>EUR 145</td><td>8h 00</td><td>luglio</td></tr>
  </tbody>
</table>
<h2>Aeroporti italiani da cui conviene partire</h2>
<div class=""cpv-chip-list""><span class=""cpv-chip"">Leonardo da Vinci-Fiumicino Airport</span><span class=""cpv-chip"">Ciampino-G. B. Pastine International Airport</span><span class=""cpv-chip"">Milano Malpensa Airport</span><span class=""cpv-chip"">Orio al Serio International Airport</span><span class=""cpv-chip"">Milano Linate Airport</span><span class=""cpv-chip"">Naples International Airport</span></div>
<div class=""cpv-landing-grid"">
  <div class=""cpv-landing-card""><strong>City break</strong><p>Se Doha e una meta urbana, le partenze del venerdi e del sabato sono spesso le piu monitorate.</p></div>
  <div class=""cpv-landing-card""><strong>Viaggi stagionali</strong><p>In alcuni periodi dell'anno le tariffe possono variare molto, soprattutto vicino ai ponti e alle festivita.</p></div>
  <div class=""cpv-landing-card""><strong>Confronto rapido</strong><p>Valuta aeroporti maggiori e secondari per capire se un piccolo spostamento porta a un risparmio concreto.</p></div>
</div>
<h2>Domande frequenti sui voli per Doha</h2>
<div class=""cpv-faq"">
  <details><summary>Qual e il modo migliore per cercare voli per Doha?</summary><p>Confronta piu aeroporti italiani, prova date flessibili e verifica anche partenze infrasettimanali per migliorare le possibilita di risparmio.</p></details>
  <details><summary>Meglio volo diretto o con scalo?</summary><p>Per tratte medio-brevi il diretto e spesso la scelta piu comoda, mentre su alcune rotte uno scalo puo ridurre il prezzo finale.</p></details>
  <details><summary>Quando controllare i prezzi per Doha?</summary><p>Vale la pena iniziare a monitorare la rotta in anticipo e verificare con regolarita i giorni piu vicini alla partenza ideale.</p></details>
</div>","Voli per citta|Voli intercontinentali",city,DOH,/voli-per/doha/,"Voli per Doha (DOH): offerte e guide | ConfrontaPrezziVoli","Trova voli per Doha dai principali aeroporti italiani. Tariffe indicative da EUR 154 e consigli per scegliere il periodo migliore.","voli per Doha",cities,"Mese tipicamente conveniente: aprile"
post,publish,"Voli per Dole (DLE): offerte, compagnie e periodo migliore per prenotare",voli-per-dole-dle,"Confronta voli per Dole dai principali aeroporti italiani. Scopri prezzi indicativi, compagnie e consigli utili per organizzare la partenza.","<div class=""cpv-landing-note"">
  <p><strong>Perche cercare voli per Dole qui.</strong> Questa pagina raccoglie un quadro rapido delle partenze italiane piu interessanti per Dole, con tariffe indicative e consigli per scegliere il periodo piu vantaggioso.</p>
</div>
<div class=""cpv-stat-grid"">
  <div class=""cpv-stat""><strong>EUR 128</strong><span>Prezzo indicativo da monitorare dalle principali aree aeroportuali italiane.</span></div>
  <div class=""cpv-stat""><strong>febbraio</strong><span>Periodo spesso interessante per tenere sotto controllo la rotta.</span></div>
  <div class=""cpv-stat""><strong>9</strong><span>Aeroporti italiani prioritari da confrontare per questa destinazione.</span></div>
</div>
<h2>Offerte voli per Dole</h2>
<p>Per trovare il miglior equilibrio tra prezzo, durata e comfort, conviene verificare piu aeroporti di partenza italiani e confrontare giorni feriali e weekend.</p>
<table>
  <thead>
    <tr><th>Partenza</th><th>Prezzo da</th><th>Durata indicativa</th><th>Mese da monitorare</th></tr>
  </thead>
  <tbody>
    <tr><td>Leonardo da Vinci-Fiumicino Airport (FCO)</td><td>EUR 56</td><td>8h 10</td><td>febbraio</td></tr><tr><td>Ciampino-G. B. Pastine International Airport (CIA)</td><td>EUR 196</td><td>10h 30</td><td>ottobre</td></tr><tr><td>Milano Malpensa Airport (MXP)</td><td>EUR 27</td><td>10h 20</td><td>settembre</td></tr><tr><td>Orio al Serio International Airport (BGY)</td><td>EUR 29</td><td>5h 40</td><td>novembre</td></tr><tr><td>Milano Linate Airport (LIN)</td><td>EUR 64</td><td>3h 30</td><td>ottobre</td></tr><tr><td>Naples International Airport (NAP)</td><td>EUR 157</td><td>8h 00</td><td>luglio</td></tr><tr><td>Venice Marco Polo Airport (VCE)</td><td>EUR 25</td><td>9h 00</td><td>luglio</td></tr><tr><td>Catania-Fontanarossa Airport (CTA)</td><td>EUR 103</td><td>9h 00</td><td>gennaio</td></tr><tr><td>Guglielmo Marconi Airport (BLQ)</td><td>EUR 51</td><td>8h 20</td><td>settembre</td></tr>
  </tbody>
</table>
<h2>Aeroporti italiani da cui conviene partire</h2>
<div class=""cpv-chip-list""><span class=""cpv-chip"">Leonardo da Vinci-Fiumicino Airport</span><span class=""cpv-chip"">Ciampino-G. B. Pastine International Airport</span><span class=""cpv-chip"">Milano Malpensa Airport</span><span class=""cpv-chip"">Orio al Serio International Airport</span><span class=""cpv-chip"">Milano Linate Airport</span><span class=""cpv-chip"">Naples International Airport</span></div>
<div class=""cpv-landing-grid"">
  <div class=""cpv-landing-card""><strong>City break</strong><p>Se Dole e una meta urbana, le partenze del venerdi e del sabato sono spesso le piu monitorate.</p></div>
  <div class=""cpv-landing-card""><strong>Viaggi stagionali</strong><p>In alcuni periodi dell'anno le tariffe possono variare molto, soprattutto vicino ai ponti e alle festivita.</p></div>
  <div class=""cpv-landing-card""><strong>Confronto rapido</strong><p>Valuta aeroporti maggiori e secondari per capire se un piccolo spostamento porta a un risparmio concreto.</p></div>
</div>
<h2>Domande frequenti sui voli per Dole</h2>
<div class=""cpv-faq"">
  <details><summary>Qual e il modo migliore per cercare voli per Dole?</summary><p>Confronta piu aeroporti italiani, prova date flessibili e verifica anche partenze infrasettimanali per migliorare le possibilita di risparmio.</p></details>
  <details><summary>Meglio volo diretto o con scalo?</summary><p>Per tratte medio-brevi il diretto e spesso la scelta piu comoda, mentre su alcune rotte uno scalo puo ridurre il prezzo finale.</p></details>
  <details><summary>Quando controllare i prezzi per Dole?</summary><p>Vale la pena iniziare a monitorare la rotta in anticipo e verificare con regolarita i giorni piu vicini alla partenza ideale.</p></details>
</div>","Voli per citta|Voli in Europa",city,DLE,/voli-per/dole/,"Voli per Dole (DLE): offerte e guide | ConfrontaPrezziVoli","Trova voli per Dole dai principali aeroporti italiani. Tariffe indicative da EUR 128 e consigli per scegliere il periodo migliore.","voli per Dole",cities,"Mese tipicamente conveniente: febbraio"
post,publish,"Voli per Dominica (DOM): offerte, compagnie e periodo migliore per prenotare",voli-per-dominica-dom,"Confronta voli per Dominica dai principali aeroporti italiani. Scopri prezzi indicativi, compagnie e consigli utili per organizzare la partenza.","<div class=""cpv-landing-note"">
  <p><strong>Perche cercare voli per Dominica qui.</strong> Questa pagina raccoglie un quadro rapido delle partenze italiane piu interessanti per Dominica, con tariffe indicative e consigli per scegliere il periodo piu vantaggioso.</p>
</div>
<div class=""cpv-stat-grid"">
  <div class=""cpv-stat""><strong>EUR 187</strong><span>Prezzo indicativo da monitorare dalle principali aree aeroportuali italiane.</span></div>
  <div class=""cpv-stat""><strong>gennaio</strong><span>Periodo spesso interessante per tenere sotto controllo la rotta.</span></div>
  <div class=""cpv-stat""><strong>9</strong><span>Aeroporti italiani prioritari da confrontare per questa destinazione.</span></div>
</div>
<h2>Offerte voli per Dominica</h2>
<p>Per trovare il miglior equilibrio tra prezzo, durata e comfort, conviene verificare piu aeroporti di partenza italiani e confrontare giorni feriali e weekend.</p>
<table>
  <thead>
    <tr><th>Partenza</th><th>Prezzo da</th><th>Durata indicativa</th><th>Mese da monitorare</th></tr>
  </thead>
  <tbody>
    <tr><td>Leonardo da Vinci-Fiumicino Airport (FCO)</td><td>EUR 119</td><td>6h 40</td><td>maggio</td></tr><tr><td>Ciampino-G. B. Pastine International Airport (CIA)</td><td>EUR 159</td><td>9h 20</td><td>settembre</td></tr><tr><td>Milano Malpensa Airport (MXP)</td><td>EUR 136</td><td>9h 30</td><td>ottobre</td></tr><tr><td>Orio al Serio International Airport (BGY)</td><td>EUR 74</td><td>6h 10</td><td>agosto</td></tr><tr><td>Milano Linate Airport (LIN)</td><td>EUR 51</td><td>9h 20</td><td>settembre</td></tr><tr><td>Naples International Airport (NAP)</td><td>EUR 102</td><td>11h 50</td><td>dicembre</td></tr><tr><td>Venice Marco Polo Airport (VCE)</td><td>EUR 150</td><td>1h 50</td><td>dicembre</td></tr><tr><td>Catania-Fontanarossa Airport (CTA)</td><td>EUR 44</td><td>4h 10</td><td>febbraio</td></tr><tr><td>Guglielmo Marconi Airport (BLQ)</td><td>EUR 192</td><td>11h 50</td><td>giugno</td></tr>
  </tbody>
</table>
<h2>Aeroporti italiani da cui conviene partire</h2>
<div class=""cpv-chip-list""><span class=""cpv-chip"">Leonardo da Vinci-Fiumicino Airport</span><span class=""cpv-chip"">Ciampino-G. B. Pastine International Airport</span><span class=""cpv-chip"">Milano Malpensa Airport</span><span class=""cpv-chip"">Orio al Serio International Airport</span><span class=""cpv-chip"">Milano Linate Airport</span><span class=""cpv-chip"">Naples International Airport</span></div>
<div class=""cpv-landing-grid"">
  <div class=""cpv-landing-card""><strong>City break</strong><p>Se Dominica e una meta urbana, le partenze del venerdi e del sabato sono spesso le piu monitorate.</p></div>
  <div class=""cpv-landing-card""><strong>Viaggi stagionali</strong><p>In alcuni periodi dell'anno le tariffe possono variare molto, soprattutto vicino ai ponti e alle festivita.</p></div>
  <div class=""cpv-landing-card""><strong>Confronto rapido</strong><p>Valuta aeroporti maggiori e secondari per capire se un piccolo spostamento porta a un risparmio concreto.</p></div>
</div>
<h2>Domande frequenti sui voli per Dominica</h2>
<div class=""cpv-faq"">
  <details><summary>Qual e il modo migliore per cercare voli per Dominica?</summary><p>Confronta piu aeroporti italiani, prova date flessibili e verifica anche partenze infrasettimanali per migliorare le possibilita di risparmio.</p></details>
  <details><summary>Meglio volo diretto o con scalo?</summary><p>Per tratte medio-brevi il diretto e spesso la scelta piu comoda, mentre su alcune rotte uno scalo puo ridurre il prezzo finale.</p></details>
  <details><summary>Quando controllare i prezzi per Dominica?</summary><p>Vale la pena iniziare a monitorare la rotta in anticipo e verificare con regolarita i giorni piu vicini alla partenza ideale.</p></details>
</div>","Voli per citta|Voli intercontinentali",city,DOM,/voli-per/dominica/,"Voli per Dominica (DOM): offerte e guide | ConfrontaPrezziVoli","Trova voli per Dominica dai principali aeroporti italiani. Tariffe indicative da EUR 187 e consigli per scegliere il periodo migliore.","voli per Dominica",cities,"Mese tipicamente conveniente: gennaio"
post,publish,"Voli per Doncaster (DSA): offerte, compagnie e periodo migliore per prenotare",voli-per-doncaster-dsa,"Confronta voli per Doncaster dai principali aeroporti italiani. Scopri prezzi indicativi, compagnie e consigli utili per organizzare la partenza.","<div class=""cpv-landing-note"">
  <p><strong>Perche cercare voli per Doncaster qui.</strong> Questa pagina raccoglie un quadro rapido delle partenze italiane piu interessanti per Doncaster, con tariffe indicative e consigli per scegliere il periodo piu vantaggioso.</p>
</div>
<div class=""cpv-stat-grid"">
  <div class=""cpv-stat""><strong>EUR 137</strong><span>Prezzo indicativo da monitorare dalle principali aree aeroportuali italiane.</span></div>
  <div class=""cpv-stat""><strong>novembre</strong><span>Periodo spesso interessante per tenere sotto controllo la rotta.</span></div>
  <div class=""cpv-stat""><strong>9</strong><span>Aeroporti italiani prioritari da confrontare per questa destinazione.</span></div>
</div>
<h2>Offerte voli per Doncaster</h2>
<p>Per trovare il miglior equilibrio tra prezzo, durata e comfort, conviene verificare piu aeroporti di partenza italiani e confrontare giorni feriali e weekend.</p>
<table>
  <thead>
    <tr><th>Partenza</th><th>Prezzo da</th><th>Durata indicativa</th><th>Mese da monitorare</th></tr>
  </thead>
  <tbody>
    <tr><td>Leonardo da Vinci-Fiumicino Airport (FCO)</td><td>EUR 41</td><td>1h 40</td><td>novembre</td></tr><tr><td>Ciampino-G. B. Pastine International Airport (CIA)</td><td>EUR 153</td><td>1h 20</td><td>marzo</td></tr><tr><td>Milano Malpensa Airport (MXP)</td><td>EUR 154</td><td>2h 30</td><td>aprile</td></tr><tr><td>Orio al Serio International Airport (BGY)</td><td>EUR 108</td><td>11h 50</td><td>giugno</td></tr><tr><td>Milano Linate Airport (LIN)</td><td>EUR 93</td><td>5h 20</td><td>marzo</td></tr><tr><td>Naples International Airport (NAP)</td><td>EUR 172</td><td>3h 30</td><td>ottobre</td></tr><tr><td>Venice Marco Polo Airport (VCE)</td><td>EUR 184</td><td>11h 30</td><td>ottobre</td></tr><tr><td>Catania-Fontanarossa Airport (CTA)</td><td>EUR 162</td><td>1h 50</td><td>dicembre</td></tr><tr><td>Guglielmo Marconi Airport (BLQ)</td><td>EUR 154</td><td>1h 30</td><td>aprile</td></tr>
  </tbody>
</table>
<h2>Aeroporti italiani da cui conviene partire</h2>
<div class=""cpv-chip-list""><span class=""cpv-chip"">Leonardo da Vinci-Fiumicino Airport</span><span class=""cpv-chip"">Ciampino-G. B. Pastine International Airport</span><span class=""cpv-chip"">Milano Malpensa Airport</span><span class=""cpv-chip"">Orio al Serio International Airport</span><span class=""cpv-chip"">Milano Linate Airport</span><span class=""cpv-chip"">Naples International Airport</span></div>
<div class=""cpv-landing-grid"">
  <div class=""cpv-landing-card""><strong>City break</strong><p>Se Doncaster e una meta urbana, le partenze del venerdi e del sabato sono spesso le piu monitorate.</p></div>
  <div class=""cpv-landing-card""><strong>Viaggi stagionali</strong><p>In alcuni periodi dell'anno le tariffe possono variare molto, soprattutto vicino ai ponti e alle festivita.</p></div>
  <div class=""cpv-landing-card""><strong>Confronto rapido</strong><p>Valuta aeroporti maggiori e secondari per capire se un piccolo spostamento porta a un risparmio concreto.</p></div>
</div>
<h2>Domande frequenti sui voli per Doncaster</h2>
<div class=""cpv-faq"">
  <details><summary>Qual e il modo migliore per cercare voli per Doncaster?</summary><p>Confronta piu aeroporti italiani, prova date flessibili e verifica anche partenze infrasettimanali per migliorare le possibilita di risparmio.</p></details>
  <details><summary>Meglio volo diretto o con scalo?</summary><p>Per tratte medio-brevi il diretto e spesso la scelta piu comoda, mentre su alcune rotte uno scalo puo ridurre il prezzo finale.</p></details>
  <details><summary>Quando controllare i prezzi per Doncaster?</summary><p>Vale la pena iniziare a monitorare la rotta in anticipo e verificare con regolarita i giorni piu vicini alla partenza ideale.</p></details>
</div>","Voli per citta|Voli in Europa",city,DSA,/voli-per/doncaster/,"Voli per Doncaster (DSA): offerte e guide | ConfrontaPrezziVoli","Trova voli per Doncaster dai principali aeroporti italiani. Tariffe indicative da EUR 137 e consigli per scegliere il periodo migliore.","voli per Doncaster",cities,"Mese tipicamente conveniente: novembre"
post,publish,"Voli per Donegal (CFN): offerte, compagnie e periodo migliore per prenotare",voli-per-donegal-cfn,"Confronta voli per Donegal dai principali aeroporti italiani. Scopri prezzi indicativi, compagnie e consigli utili per organizzare la partenza.","<div class=""cpv-landing-note"">
  <p><strong>Perche cercare voli per Donegal qui.</strong> Questa pagina raccoglie un quadro rapido delle partenze italiane piu interessanti per Donegal, con tariffe indicative e consigli per scegliere il periodo piu vantaggioso.</p>
</div>
<div class=""cpv-stat-grid"">
  <div class=""cpv-stat""><strong>EUR 141</strong><span>Prezzo indicativo da monitorare dalle principali aree aeroportuali italiane.</span></div>
  <div class=""cpv-stat""><strong>marzo</strong><span>Periodo spesso interessante per tenere sotto controllo la rotta.</span></div>
  <div class=""cpv-stat""><strong>9</strong><span>Aeroporti italiani prioritari da confrontare per questa destinazione.</span></div>
</div>
<h2>Offerte voli per Donegal</h2>
<p>Per trovare il miglior equilibrio tra prezzo, durata e comfort, conviene verificare piu aeroporti di partenza italiani e confrontare giorni feriali e weekend.</p>
<table>
  <thead>
    <tr><th>Partenza</th><th>Prezzo da</th><th>Durata indicativa</th><th>Mese da monitorare</th></tr>
  </thead>
  <tbody>
    <tr><td>Leonardo da Vinci-Fiumicino Airport (FCO)</td><td>EUR 161</td><td>4h 40</td><td>novembre</td></tr><tr><td>Ciampino-G. B. Pastine International Airport (CIA)</td><td>EUR 49</td><td>4h 00</td><td>luglio</td></tr><tr><td>Milano Malpensa Airport (MXP)</td><td>EUR 98</td><td>1h 10</td><td>agosto</td></tr><tr><td>Orio al Serio International Airport (BGY)</td><td>EUR 176</td><td>6h 10</td><td>febbraio</td></tr><tr><td>Milano Linate Airport (LIN)</td><td>EUR 153</td><td>10h 20</td><td>marzo</td></tr><tr><td>Naples International Airport (NAP)</td><td>EUR 60</td><td>5h 50</td><td>giugno</td></tr><tr><td>Venice Marco Polo Airport (VCE)</td><td>EUR 44</td><td>5h 10</td><td>febbraio</td></tr><tr><td>Catania-Fontanarossa Airport (CTA)</td><td>EUR 154</td><td>8h 30</td><td>aprile</td></tr><tr><td>Guglielmo Marconi Airport (BLQ)</td><td>EUR 106</td><td>2h 30</td><td>aprile</td></tr>
  </tbody>
</table>
<h2>Aeroporti italiani da cui conviene partire</h2>
<div class=""cpv-chip-list""><span class=""cpv-chip"">Leonardo da Vinci-Fiumicino Airport</span><span class=""cpv-chip"">Ciampino-G. B. Pastine International Airport</span><span class=""cpv-chip"">Milano Malpensa Airport</span><span class=""cpv-chip"">Orio al Serio International Airport</span><span class=""cpv-chip"">Milano Linate Airport</span><span class=""cpv-chip"">Naples International Airport</span></div>
<div class=""cpv-landing-grid"">
  <div class=""cpv-landing-card""><strong>City break</strong><p>Se Donegal e una meta urbana, le partenze del venerdi e del sabato sono spesso le piu monitorate.</p></div>
  <div class=""cpv-landing-card""><strong>Viaggi stagionali</strong><p>In alcuni periodi dell'anno le tariffe possono variare molto, soprattutto vicino ai ponti e alle festivita.</p></div>
  <div class=""cpv-landing-card""><strong>Confronto rapido</strong><p>Valuta aeroporti maggiori e secondari per capire se un piccolo spostamento porta a un risparmio concreto.</p></div>
</div>
<h2>Domande frequenti sui voli per Donegal</h2>
<div class=""cpv-faq"">
  <details><summary>Qual e il modo migliore per cercare voli per Donegal?</summary><p>Confronta piu aeroporti italiani, prova date flessibili e verifica anche partenze infrasettimanali per migliorare le possibilita di risparmio.</p></details>
  <details><summary>Meglio volo diretto o con scalo?</summary><p>Per tratte medio-brevi il diretto e spesso la scelta piu comoda, mentre su alcune rotte uno scalo puo ridurre il prezzo finale.</p></details>
  <details><summary>Quando controllare i prezzi per Donegal?</summary><p>Vale la pena iniziare a monitorare la rotta in anticipo e verificare con regolarita i giorni piu vicini alla partenza ideale.</p></details>
</div>","Voli per citta|Voli in Europa",city,CFN,/voli-per/donegal/,"Voli per Donegal (CFN): offerte e guide | ConfrontaPrezziVoli","Trova voli per Donegal dai principali aeroporti italiani. Tariffe indicative da EUR 141 e consigli per scegliere il periodo migliore.","voli per Donegal",cities,"Mese tipicamente conveniente: marzo"
post,publish,"Voli per Dong Hoi (VDH): offerte, compagnie e periodo migliore per prenotare",voli-per-dong-hoi-vdh,"Confronta voli per Dong Hoi dai principali aeroporti italiani. Scopri prezzi indicativi, compagnie e consigli utili per organizzare la partenza.","<div class=""cpv-landing-note"">
  <p><strong>Perche cercare voli per Dong Hoi qui.</strong> Questa pagina raccoglie un quadro rapido delle partenze italiane piu interessanti per Dong Hoi, con tariffe indicative e consigli per scegliere il periodo piu vantaggioso.</p>
</div>
<div class=""cpv-stat-grid"">
  <div class=""cpv-stat""><strong>EUR 153</strong><span>Prezzo indicativo da monitorare dalle principali aree aeroportuali italiane.</span></div>
  <div class=""cpv-stat""><strong>marzo</strong><span>Periodo spesso interessante per tenere sotto controllo la rotta.</span></div>
  <div class=""cpv-stat""><strong>9</strong><span>Aeroporti italiani prioritari da confrontare per questa destinazione.</span></div>
</div>
<h2>Offerte voli per Dong Hoi</h2>
<p>Per trovare il miglior equilibrio tra prezzo, durata e comfort, conviene verificare piu aeroporti di partenza italiani e confrontare giorni feriali e weekend.</p>
<table>
  <thead>
    <tr><th>Partenza</th><th>Prezzo da</th><th>Durata indicativa</th><th>Mese da monitorare</th></tr>
  </thead>
  <tbody>
    <tr><td>Leonardo da Vinci-Fiumicino Airport (FCO)</td><td>EUR 153</td><td>1h 20</td><td>marzo</td></tr><tr><td>Ciampino-G. B. Pastine International Airport (CIA)</td><td>EUR 153</td><td>7h 20</td><td>marzo</td></tr><tr><td>Milano Malpensa Airport (MXP)</td><td>EUR 178</td><td>6h 30</td><td>aprile</td></tr><tr><td>Orio al Serio International Airport (BGY)</td><td>EUR 184</td><td>8h 30</td><td>ottobre</td></tr><tr><td>Milano Linate Airport (LIN)</td><td>EUR 125</td><td>5h 40</td><td>novembre</td></tr><tr><td>Naples International Airport (NAP)</td><td>EUR 156</td><td>1h 50</td><td>giugno</td></tr><tr><td>Venice Marco Polo Airport (VCE)</td><td>EUR 96</td><td>2h 50</td><td>giugno</td></tr><tr><td>Catania-Fontanarossa Airport (CTA)</td><td>EUR 158</td><td>1h 10</td><td>agosto</td></tr><tr><td>Guglielmo Marconi Airport (BLQ)</td><td>EUR 162</td><td>1h 50</td><td>dicembre</td></tr>
  </tbody>
</table>
<h2>Aeroporti italiani da cui conviene partire</h2>
<div class=""cpv-chip-list""><span class=""cpv-chip"">Leonardo da Vinci-Fiumicino Airport</span><span class=""cpv-chip"">Ciampino-G. B. Pastine International Airport</span><span class=""cpv-chip"">Milano Malpensa Airport</span><span class=""cpv-chip"">Orio al Serio International Airport</span><span class=""cpv-chip"">Milano Linate Airport</span><span class=""cpv-chip"">Naples International Airport</span></div>
<div class=""cpv-landing-grid"">
  <div class=""cpv-landing-card""><strong>City break</strong><p>Se Dong Hoi e una meta urbana, le partenze del venerdi e del sabato sono spesso le piu monitorate.</p></div>
  <div class=""cpv-landing-card""><strong>Viaggi stagionali</strong><p>In alcuni periodi dell'anno le tariffe possono variare molto, soprattutto vicino ai ponti e alle festivita.</p></div>
  <div class=""cpv-landing-card""><strong>Confronto rapido</strong><p>Valuta aeroporti maggiori e secondari per capire se un piccolo spostamento porta a un risparmio concreto.</p></div>
</div>
<h2>Domande frequenti sui voli per Dong Hoi</h2>
<div class=""cpv-faq"">
  <details><summary>Qual e il modo migliore per cercare voli per Dong Hoi?</summary><p>Confronta piu aeroporti italiani, prova date flessibili e verifica anche partenze infrasettimanali per migliorare le possibilita di risparmio.</p></details>
  <details><summary>Meglio volo diretto o con scalo?</summary><p>Per tratte medio-brevi il diretto e spesso la scelta piu comoda, mentre su alcune rotte uno scalo puo ridurre il prezzo finale.</p></details>
  <details><summary>Quando controllare i prezzi per Dong Hoi?</summary><p>Vale la pena iniziare a monitorare la rotta in anticipo e verificare con regolarita i giorni piu vicini alla partenza ideale.</p></details>
</div>","Voli per citta|Voli intercontinentali",city,VDH,/voli-per/dong-hoi/,"Voli per Dong Hoi (VDH): offerte e guide | ConfrontaPrezziVoli","Trova voli per Dong Hoi dai principali aeroporti italiani. Tariffe indicative da EUR 153 e consigli per scegliere il periodo migliore.","voli per Dong Hoi",cities,"Mese tipicamente conveniente: marzo"
post,publish,"Voli per Dongsheng (DSN): offerte, compagnie e periodo migliore per prenotare",voli-per-dongsheng-dsn,"Confronta voli per Dongsheng dai principali aeroporti italiani. Scopri prezzi indicativi, compagnie e consigli utili per organizzare la partenza.","<div class=""cpv-landing-note"">
  <p><strong>Perche cercare voli per Dongsheng qui.</strong> Questa pagina raccoglie un quadro rapido delle partenze italiane piu interessanti per Dongsheng, con tariffe indicative e consigli per scegliere il periodo piu vantaggioso.</p>
</div>
<div class=""cpv-stat-grid"">
  <div class=""cpv-stat""><strong>EUR 86</strong><span>Prezzo indicativo da monitorare dalle principali aree aeroportuali italiane.</span></div>
  <div class=""cpv-stat""><strong>agosto</strong><span>Periodo spesso interessante per tenere sotto controllo la rotta.</span></div>
  <div class=""cpv-stat""><strong>9</strong><span>Aeroporti italiani prioritari da confrontare per questa destinazione.</span></div>
</div>
<h2>Offerte voli per Dongsheng</h2>
<p>Per trovare il miglior equilibrio tra prezzo, durata e comfort, conviene verificare piu aeroporti di partenza italiani e confrontare giorni feriali e weekend.</p>
<table>
  <thead>
    <tr><th>Partenza</th><th>Prezzo da</th><th>Durata indicativa</th><th>Mese da monitorare</th></tr>
  </thead>
  <tbody>
    <tr><td>Leonardo da Vinci-Fiumicino Airport (FCO)</td><td>EUR 66</td><td>8h 50</td><td>dicembre</td></tr><tr><td>Ciampino-G. B. Pastine International Airport (CIA)</td><td>EUR 178</td><td>5h 30</td><td>aprile</td></tr><tr><td>Milano Malpensa Airport (MXP)</td><td>EUR 185</td><td>9h 40</td><td>novembre</td></tr><tr><td>Orio al Serio International Airport (BGY)</td><td>EUR 187</td><td>1h 00</td><td>gennaio</td></tr><tr><td>Milano Linate Airport (LIN)</td><td>EUR 138</td><td>11h 50</td><td>dicembre</td></tr><tr><td>Naples International Airport (NAP)</td><td>EUR 27</td><td>10h 20</td><td>settembre</td></tr><tr><td>Venice Marco Polo Airport (VCE)</td><td>EUR 35</td><td>6h 40</td><td>maggio</td></tr><tr><td>Catania-Fontanarossa Airport (CTA)</td><td>EUR 125</td><td>11h 40</td><td>novembre</td></tr><tr><td>Guglielmo Marconi Airport (BLQ)</td><td>EUR 69</td><td>1h 20</td><td>marzo</td></tr>
  </tbody>
</table>
<h2>Aeroporti italiani da cui conviene partire</h2>
<div class=""cpv-chip-list""><span class=""cpv-chip"">Leonardo da Vinci-Fiumicino Airport</span><span class=""cpv-chip"">Ciampino-G. B. Pastine International Airport</span><span class=""cpv-chip"">Milano Malpensa Airport</span><span class=""cpv-chip"">Orio al Serio International Airport</span><span class=""cpv-chip"">Milano Linate Airport</span><span class=""cpv-chip"">Naples International Airport</span></div>
<div class=""cpv-landing-grid"">
  <div class=""cpv-landing-card""><strong>City break</strong><p>Se Dongsheng e una meta urbana, le partenze del venerdi e del sabato sono spesso le piu monitorate.</p></div>
  <div class=""cpv-landing-card""><strong>Viaggi stagionali</strong><p>In alcuni periodi dell'anno le tariffe possono variare molto, soprattutto vicino ai ponti e alle festivita.</p></div>
  <div class=""cpv-landing-card""><strong>Confronto rapido</strong><p>Valuta aeroporti maggiori e secondari per capire se un piccolo spostamento porta a un risparmio concreto.</p></div>
</div>
<h2>Domande frequenti sui voli per Dongsheng</h2>
<div class=""cpv-faq"">
  <details><summary>Qual e il modo migliore per cercare voli per Dongsheng?</summary><p>Confronta piu aeroporti italiani, prova date flessibili e verifica anche partenze infrasettimanali per migliorare le possibilita di risparmio.</p></details>
  <details><summary>Meglio volo diretto o con scalo?</summary><p>Per tratte medio-brevi il diretto e spesso la scelta piu comoda, mentre su alcune rotte uno scalo puo ridurre il prezzo finale.</p></details>
  <details><summary>Quando controllare i prezzi per Dongsheng?</summary><p>Vale la pena iniziare a monitorare la rotta in anticipo e verificare con regolarita i giorni piu vicini alla partenza ideale.</p></details>
</div>","Voli per citta|Voli intercontinentali",city,DSN,/voli-per/dongsheng/,"Voli per Dongsheng (DSN): offerte e guide | ConfrontaPrezziVoli","Trova voli per Dongsheng dai principali aeroporti italiani. Tariffe indicative da EUR 86 e consigli per scegliere il periodo migliore.","voli per Dongsheng",cities,"Mese tipicamente conveniente: agosto"
post,publish,"Voli per Dongying (DOY): offerte, compagnie e periodo migliore per prenotare",voli-per-dongying-doy,"Confronta voli per Dongying dai principali aeroporti italiani. Scopri prezzi indicativi, compagnie e consigli utili per organizzare la partenza.","<div class=""cpv-landing-note"">
  <p><strong>Perche cercare voli per Dongying qui.</strong> Questa pagina raccoglie un quadro rapido delle partenze italiane piu interessanti per Dongying, con tariffe indicative e consigli per scegliere il periodo piu vantaggioso.</p>
</div>
<div class=""cpv-stat-grid"">
  <div class=""cpv-stat""><strong>EUR 128</strong><span>Prezzo indicativo da monitorare dalle principali aree aeroportuali italiane.</span></div>
  <div class=""cpv-stat""><strong>febbraio</strong><span>Periodo spesso interessante per tenere sotto controllo la rotta.</span></div>
  <div class=""cpv-stat""><strong>9</strong><span>Aeroporti italiani prioritari da confrontare per questa destinazione.</span></div>
</div>
<h2>Offerte voli per Dongying</h2>
<p>Per trovare il miglior equilibrio tra prezzo, durata e comfort, conviene verificare piu aeroporti di partenza italiani e confrontare giorni feriali e weekend.</p>
<table>
  <thead>
    <tr><th>Partenza</th><th>Prezzo da</th><th>Durata indicativa</th><th>Mese da monitorare</th></tr>
  </thead>
  <tbody>
    <tr><td>Leonardo da Vinci-Fiumicino Airport (FCO)</td><td>EUR 48</td><td>11h 50</td><td>giugno</td></tr><tr><td>Ciampino-G. B. Pastine International Airport (CIA)</td><td>EUR 64</td><td>7h 30</td><td>ottobre</td></tr><tr><td>Milano Malpensa Airport (MXP)</td><td>EUR 131</td><td>5h 40</td><td>maggio</td></tr><tr><td>Orio al Serio International Airport (BGY)</td><td>EUR 65</td><td>7h 40</td><td>novembre</td></tr><tr><td>Milano Linate Airport (LIN)</td><td>EUR 100</td><td>4h 30</td><td>ottobre</td></tr><tr><td>Naples International Airport (NAP)</td><td>EUR 65</td><td>3h 40</td><td>novembre</td></tr><tr><td>Venice Marco Polo Airport (VCE)</td><td>EUR 57</td><td>3h 20</td><td>marzo</td></tr><tr><td>Catania-Fontanarossa Airport (CTA)</td><td>EUR 83</td><td>8h 40</td><td>maggio</td></tr><tr><td>Guglielmo Marconi Airport (BLQ)</td><td>EUR 83</td><td>9h 40</td><td>maggio</td></tr>
  </tbody>
</table>
<h2>Aeroporti italiani da cui conviene partire</h2>
<div class=""cpv-chip-list""><span class=""cpv-chip"">Leonardo da Vinci-Fiumicino Airport</span><span class=""cpv-chip"">Ciampino-G. B. Pastine International Airport</span><span class=""cpv-chip"">Milano Malpensa Airport</span><span class=""cpv-chip"">Orio al Serio International Airport</span><span class=""cpv-chip"">Milano Linate Airport</span><span class=""cpv-chip"">Naples International Airport</span></div>
<div class=""cpv-landing-grid"">
  <div class=""cpv-landing-card""><strong>City break</strong><p>Se Dongying e una meta urbana, le partenze del venerdi e del sabato sono spesso le piu monitorate.</p></div>
  <div class=""cpv-landing-card""><strong>Viaggi stagionali</strong><p>In alcuni periodi dell'anno le tariffe possono variare molto, soprattutto vicino ai ponti e alle festivita.</p></div>
  <div class=""cpv-landing-card""><strong>Confronto rapido</strong><p>Valuta aeroporti maggiori e secondari per capire se un piccolo spostamento porta a un risparmio concreto.</p></div>
</div>
<h2>Domande frequenti sui voli per Dongying</h2>
<div class=""cpv-faq"">
  <details><summary>Qual e il modo migliore per cercare voli per Dongying?</summary><p>Confronta piu aeroporti italiani, prova date flessibili e verifica anche partenze infrasettimanali per migliorare le possibilita di risparmio.</p></details>
  <details><summary>Meglio volo diretto o con scalo?</summary><p>Per tratte medio-brevi il diretto e spesso la scelta piu comoda, mentre su alcune rotte uno scalo puo ridurre il prezzo finale.</p></details>
  <details><summary>Quando controllare i prezzi per Dongying?</summary><p>Vale la pena iniziare a monitorare la rotta in anticipo e verificare con regolarita i giorni piu vicini alla partenza ideale.</p></details>
</div>","Voli per citta|Voli intercontinentali",city,DOY,/voli-per/dongying/,"Voli per Dongying (DOY): offerte e guide | ConfrontaPrezziVoli","Trova voli per Dongying dai principali aeroporti italiani. Tariffe indicative da EUR 128 e consigli per scegliere il periodo migliore.","voli per Dongying",cities,"Mese tipicamente conveniente: febbraio"
post,publish,"Voli per Doomadgee (DMD): offerte, compagnie e periodo migliore per prenotare",voli-per-doomadgee-dmd,"Confronta voli per Doomadgee dai principali aeroporti italiani. Scopri prezzi indicativi, compagnie e consigli utili per organizzare la partenza.","<div class=""cpv-landing-note"">
  <p><strong>Perche cercare voli per Doomadgee qui.</strong> Questa pagina raccoglie un quadro rapido delle partenze italiane piu interessanti per Doomadgee, con tariffe indicative e consigli per scegliere il periodo piu vantaggioso.</p>
</div>
<div class=""cpv-stat-grid"">
  <div class=""cpv-stat""><strong>EUR 193</strong><span>Prezzo indicativo da monitorare dalle principali aree aeroportuali italiane.</span></div>
  <div class=""cpv-stat""><strong>luglio</strong><span>Periodo spesso interessante per tenere sotto controllo la rotta.</span></div>
  <div class=""cpv-stat""><strong>9</strong><span>Aeroporti italiani prioritari da confrontare per questa destinazione.</span></div>
</div>
<h2>Offerte voli per Doomadgee</h2>
<p>Per trovare il miglior equilibrio tra prezzo, durata e comfort, conviene verificare piu aeroporti di partenza italiani e confrontare giorni feriali e weekend.</p>
<table>
  <thead>
    <tr><th>Partenza</th><th>Prezzo da</th><th>Durata indicativa</th><th>Mese da monitorare</th></tr>
  </thead>
  <tbody>
    <tr><td>Leonardo da Vinci-Fiumicino Airport (FCO)</td><td>EUR 81</td><td>10h 20</td><td>marzo</td></tr><tr><td>Ciampino-G. B. Pastine International Airport (CIA)</td><td>EUR 129</td><td>5h 20</td><td>marzo</td></tr><tr><td>Milano Malpensa Airport (MXP)</td><td>EUR 38</td><td>6h 10</td><td>agosto</td></tr><tr><td>Orio al Serio International Airport (BGY)</td><td>EUR 112</td><td>7h 30</td><td>ottobre</td></tr><tr><td>Milano Linate Airport (LIN)</td><td>EUR 165</td><td>2h 20</td><td>marzo</td></tr><tr><td>Naples International Airport (NAP)</td><td>EUR 168</td><td>11h 50</td><td>giugno</td></tr><tr><td>Venice Marco Polo Airport (VCE)</td><td>EUR 100</td><td>6h 30</td><td>ottobre</td></tr><tr><td>Catania-Fontanarossa Airport (CTA)</td><td>EUR 158</td><td>8h 10</td><td>agosto</td></tr><tr><td>Guglielmo Marconi Airport (BLQ)</td><td>EUR 158</td><td>7h 10</td><td>agosto</td></tr>
  </tbody>
</table>
<h2>Aeroporti italiani da cui conviene partire</h2>
<div class=""cpv-chip-list""><span class=""cpv-chip"">Leonardo da Vinci-Fiumicino Airport</span><span class=""cpv-chip"">Ciampino-G. B. Pastine International Airport</span><span class=""cpv-chip"">Milano Malpensa Airport</span><span class=""cpv-chip"">Orio al Serio International Airport</span><span class=""cpv-chip"">Milano Linate Airport</span><span class=""cpv-chip"">Naples International Airport</span></div>
<div class=""cpv-landing-grid"">
  <div class=""cpv-landing-card""><strong>City break</strong><p>Se Doomadgee e una meta urbana, le partenze del venerdi e del sabato sono spesso le piu monitorate.</p></div>
  <div class=""cpv-landing-card""><strong>Viaggi stagionali</strong><p>In alcuni periodi dell'anno le tariffe possono variare molto, soprattutto vicino ai ponti e alle festivita.</p></div>
  <div class=""cpv-landing-card""><strong>Confronto rapido</strong><p>Valuta aeroporti maggiori e secondari per capire se un piccolo spostamento porta a un risparmio concreto.</p></div>
</div>
<h2>Domande frequenti sui voli per Doomadgee</h2>
<div class=""cpv-faq"">
  <details><summary>Qual e il modo migliore per cercare voli per Doomadgee?</summary><p>Confronta piu aeroporti italiani, prova date flessibili e verifica anche partenze infrasettimanali per migliorare le possibilita di risparmio.</p></details>
  <details><summary>Meglio volo diretto o con scalo?</summary><p>Per tratte medio-brevi il diretto e spesso la scelta piu comoda, mentre su alcune rotte uno scalo puo ridurre il prezzo finale.</p></details>
  <details><summary>Quando controllare i prezzi per Doomadgee?</summary><p>Vale la pena iniziare a monitorare la rotta in anticipo e verificare con regolarita i giorni piu vicini alla partenza ideale.</p></details>
</div>","Voli per citta|Voli intercontinentali",city,DMD,/voli-per/doomadgee/,"Voli per Doomadgee (DMD): offerte e guide | ConfrontaPrezziVoli","Trova voli per Doomadgee dai principali aeroporti italiani. Tariffe indicative da EUR 193 e consigli per scegliere il periodo migliore.","voli per Doomadgee",cities,"Mese tipicamente conveniente: luglio"
post,publish,"Voli per Dortmund (DTM): offerte, compagnie e periodo migliore per prenotare",voli-per-dortmund-dtm,"Confronta voli per Dortmund dai principali aeroporti italiani. Scopri prezzi indicativi, compagnie e consigli utili per organizzare la partenza.","<div class=""cpv-landing-note"">
  <p><strong>Perche cercare voli per Dortmund qui.</strong> Questa pagina raccoglie un quadro rapido delle partenze italiane piu interessanti per Dortmund, con tariffe indicative e consigli per scegliere il periodo piu vantaggioso.</p>
</div>
<div class=""cpv-stat-grid"">
  <div class=""cpv-stat""><strong>EUR 129</strong><span>Prezzo indicativo da monitorare dalle principali aree aeroportuali italiane.</span></div>
  <div class=""cpv-stat""><strong>marzo</strong><span>Periodo spesso interessante per tenere sotto controllo la rotta.</span></div>
  <div class=""cpv-stat""><strong>9</strong><span>Aeroporti italiani prioritari da confrontare per questa destinazione.</span></div>
</div>
<h2>Offerte voli per Dortmund</h2>
<p>Per trovare il miglior equilibrio tra prezzo, durata e comfort, conviene verificare piu aeroporti di partenza italiani e confrontare giorni feriali e weekend.</p>
<table>
  <thead>
    <tr><th>Partenza</th><th>Prezzo da</th><th>Durata indicativa</th><th>Mese da monitorare</th></tr>
  </thead>
  <tbody>
    <tr><td>Leonardo da Vinci-Fiumicino Airport (FCO)</td><td>EUR 177</td><td>11h 20</td><td>marzo</td></tr><tr><td>Ciampino-G. B. Pastine International Airport (CIA)</td><td>EUR 77</td><td>9h 40</td><td>novembre</td></tr><tr><td>Milano Malpensa Airport (MXP)</td><td>EUR 58</td><td>2h 30</td><td>aprile</td></tr><tr><td>Orio al Serio International Airport (BGY)</td><td>EUR 68</td><td>3h 10</td><td>febbraio</td></tr><tr><td>Milano Linate Airport (LIN)</td><td>EUR 85</td><td>5h 00</td><td>luglio</td></tr><tr><td>Naples International Airport (NAP)</td><td>EUR 64</td><td>9h 30</td><td>ottobre</td></tr><tr><td>Venice Marco Polo Airport (VCE)</td><td>EUR 112</td><td>8h 30</td><td>ottobre</td></tr><tr><td>Catania-Fontanarossa Airport (CTA)</td><td>EUR 50</td><td>1h 10</td><td>agosto</td></tr><tr><td>Guglielmo Marconi Airport (BLQ)</td><td>EUR 158</td><td>4h 10</td><td>agosto</td></tr>
  </tbody>
</table>
<h2>Aeroporti italiani da cui conviene partire</h2>
<div class=""cpv-chip-list""><span class=""cpv-chip"">Leonardo da Vinci-Fiumicino Airport</span><span class=""cpv-chip"">Ciampino-G. B. Pastine International Airport</span><span class=""cpv-chip"">Milano Malpensa Airport</span><span class=""cpv-chip"">Orio al Serio International Airport</span><span class=""cpv-chip"">Milano Linate Airport</span><span class=""cpv-chip"">Naples International Airport</span></div>
<div class=""cpv-landing-grid"">
  <div class=""cpv-landing-card""><strong>City break</strong><p>Se Dortmund e una meta urbana, le partenze del venerdi e del sabato sono spesso le piu monitorate.</p></div>
  <div class=""cpv-landing-card""><strong>Viaggi stagionali</strong><p>In alcuni periodi dell'anno le tariffe possono variare molto, soprattutto vicino ai ponti e alle festivita.</p></div>
  <div class=""cpv-landing-card""><strong>Confronto rapido</strong><p>Valuta aeroporti maggiori e secondari per capire se un piccolo spostamento porta a un risparmio concreto.</p></div>
</div>
<h2>Domande frequenti sui voli per Dortmund</h2>
<div class=""cpv-faq"">
  <details><summary>Qual e il modo migliore per cercare voli per Dortmund?</summary><p>Confronta piu aeroporti italiani, prova date flessibili e verifica anche partenze infrasettimanali per migliorare le possibilita di risparmio.</p></details>
  <details><summary>Meglio volo diretto o con scalo?</summary><p>Per tratte medio-brevi il diretto e spesso la scelta piu comoda, mentre su alcune rotte uno scalo puo ridurre il prezzo finale.</p></details>
  <details><summary>Quando controllare i prezzi per Dortmund?</summary><p>Vale la pena iniziare a monitorare la rotta in anticipo e verificare con regolarita i giorni piu vicini alla partenza ideale.</p></details>
</div>","Voli per citta|Voli in Europa",city,DTM,/voli-per/dortmund/,"Voli per Dortmund (DTM): offerte e guide | ConfrontaPrezziVoli","Trova voli per Dortmund dai principali aeroporti italiani. Tariffe indicative da EUR 129 e consigli per scegliere il periodo migliore.","voli per Dortmund",cities,"Mese tipicamente conveniente: marzo"
post,publish,"Voli per Dothan (DHN): offerte, compagnie e periodo migliore per prenotare",voli-per-dothan-dhn,"Confronta voli per Dothan dai principali aeroporti italiani. Scopri prezzi indicativi, compagnie e consigli utili per organizzare la partenza.","<div class=""cpv-landing-note"">
  <p><strong>Perche cercare voli per Dothan qui.</strong> Questa pagina raccoglie un quadro rapido delle partenze italiane piu interessanti per Dothan, con tariffe indicative e consigli per scegliere il periodo piu vantaggioso.</p>
</div>
<div class=""cpv-stat-grid"">
  <div class=""cpv-stat""><strong>EUR 172</strong><span>Prezzo indicativo da monitorare dalle principali aree aeroportuali italiane.</span></div>
  <div class=""cpv-stat""><strong>ottobre</strong><span>Periodo spesso interessante per tenere sotto controllo la rotta.</span></div>
  <div class=""cpv-stat""><strong>9</strong><span>Aeroporti italiani prioritari da confrontare per questa destinazione.</span></div>
</div>
<h2>Offerte voli per Dothan</h2>
<p>Per trovare il miglior equilibrio tra prezzo, durata e comfort, conviene verificare piu aeroporti di partenza italiani e confrontare giorni feriali e weekend.</p>
<table>
  <thead>
    <tr><th>Partenza</th><th>Prezzo da</th><th>Durata indicativa</th><th>Mese da monitorare</th></tr>
  </thead>
  <tbody>
    <tr><td>Leonardo da Vinci-Fiumicino Airport (FCO)</td><td>EUR 32</td><td>6h 10</td><td>febbraio</td></tr><tr><td>Ciampino-G. B. Pastine International Airport (CIA)</td><td>EUR 184</td><td>10h 30</td><td>ottobre</td></tr><tr><td>Milano Malpensa Airport (MXP)</td><td>EUR 99</td><td>11h 20</td><td>settembre</td></tr><tr><td>Orio al Serio International Airport (BGY)</td><td>EUR 65</td><td>10h 40</td><td>novembre</td></tr><tr><td>Milano Linate Airport (LIN)</td><td>EUR 152</td><td>7h 10</td><td>febbraio</td></tr><tr><td>Naples International Airport (NAP)</td><td>EUR 41</td><td>9h 40</td><td>novembre</td></tr><tr><td>Venice Marco Polo Airport (VCE)</td><td>EUR 97</td><td>5h 00</td><td>luglio</td></tr><tr><td>Catania-Fontanarossa Airport (CTA)</td><td>EUR 195</td><td>1h 20</td><td>settembre</td></tr><tr><td>Guglielmo Marconi Airport (BLQ)</td><td>EUR 179</td><td>6h 40</td><td>maggio</td></tr>
  </tbody>
</table>
<h2>Aeroporti italiani da cui conviene partire</h2>
<div class=""cpv-chip-list""><span class=""cpv-chip"">Leonardo da Vinci-Fiumicino Airport</span><span class=""cpv-chip"">Ciampino-G. B. Pastine International Airport</span><span class=""cpv-chip"">Milano Malpensa Airport</span><span class=""cpv-chip"">Orio al Serio International Airport</span><span class=""cpv-chip"">Milano Linate Airport</span><span class=""cpv-chip"">Naples International Airport</span></div>
<div class=""cpv-landing-grid"">
  <div class=""cpv-landing-card""><strong>City break</strong><p>Se Dothan e una meta urbana, le partenze del venerdi e del sabato sono spesso le piu monitorate.</p></div>
  <div class=""cpv-landing-card""><strong>Viaggi stagionali</strong><p>In alcuni periodi dell'anno le tariffe possono variare molto, soprattutto vicino ai ponti e alle festivita.</p></div>
  <div class=""cpv-landing-card""><strong>Confronto rapido</strong><p>Valuta aeroporti maggiori e secondari per capire se un piccolo spostamento porta a un risparmio concreto.</p></div>
</div>
<h2>Domande frequenti sui voli per Dothan</h2>
<div class=""cpv-faq"">
  <details><summary>Qual e il modo migliore per cercare voli per Dothan?</summary><p>Confronta piu aeroporti italiani, prova date flessibili e verifica anche partenze infrasettimanali per migliorare le possibilita di risparmio.</p></details>
  <details><summary>Meglio volo diretto o con scalo?</summary><p>Per tratte medio-brevi il diretto e spesso la scelta piu comoda, mentre su alcune rotte uno scalo puo ridurre il prezzo finale.</p></details>
  <details><summary>Quando controllare i prezzi per Dothan?</summary><p>Vale la pena iniziare a monitorare la rotta in anticipo e verificare con regolarita i giorni piu vicini alla partenza ideale.</p></details>
</div>","Voli per citta|Voli intercontinentali",city,DHN,/voli-per/dothan/,"Voli per Dothan (DHN): offerte e guide | ConfrontaPrezziVoli","Trova voli per Dothan dai principali aeroporti italiani. Tariffe indicative da EUR 172 e consigli per scegliere il periodo migliore.","voli per Dothan",cities,"Mese tipicamente conveniente: ottobre"
post,publish,"Voli per Douala (DLA): offerte, compagnie e periodo migliore per prenotare",voli-per-douala-dla,"Confronta voli per Douala dai principali aeroporti italiani. Scopri prezzi indicativi, compagnie e consigli utili per organizzare la partenza.","<div class=""cpv-landing-note"">
  <p><strong>Perche cercare voli per Douala qui.</strong> Questa pagina raccoglie un quadro rapido delle partenze italiane piu interessanti per Douala, con tariffe indicative e consigli per scegliere il periodo piu vantaggioso.</p>
</div>
<div class=""cpv-stat-grid"">
  <div class=""cpv-stat""><strong>EUR 35</strong><span>Prezzo indicativo da monitorare dalle principali aree aeroportuali italiane.</span></div>
  <div class=""cpv-stat""><strong>maggio</strong><span>Periodo spesso interessante per tenere sotto controllo la rotta.</span></div>
  <div class=""cpv-stat""><strong>9</strong><span>Aeroporti italiani prioritari da confrontare per questa destinazione.</span></div>
</div>
<h2>Offerte voli per Douala</h2>
<p>Per trovare il miglior equilibrio tra prezzo, durata e comfort, conviene verificare piu aeroporti di partenza italiani e confrontare giorni feriali e weekend.</p>
<table>
  <thead>
    <tr><th>Partenza</th><th>Prezzo da</th><th>Durata indicativa</th><th>Mese da monitorare</th></tr>
  </thead>
  <tbody>
    <tr><td>Leonardo da Vinci-Fiumicino Airport (FCO)</td><td>EUR 99</td><td>9h 20</td><td>settembre</td></tr><tr><td>Ciampino-G. B. Pastine International Airport (CIA)</td><td>EUR 99</td><td>9h 20</td><td>settembre</td></tr><tr><td>Milano Malpensa Airport (MXP)</td><td>EUR 104</td><td>3h 10</td><td>febbraio</td></tr><tr><td>Orio al Serio International Airport (BGY)</td><td>EUR 42</td><td>2h 50</td><td>dicembre</td></tr><tr><td>Milano Linate Airport (LIN)</td><td>EUR 95</td><td>8h 40</td><td>maggio</td></tr><tr><td>Naples International Airport (NAP)</td><td>EUR 70</td><td>11h 30</td><td>aprile</td></tr><tr><td>Venice Marco Polo Airport (VCE)</td><td>EUR 150</td><td>3h 50</td><td>dicembre</td></tr><tr><td>Catania-Fontanarossa Airport (CTA)</td><td>EUR 116</td><td>9h 10</td><td>febbraio</td></tr><tr><td>Guglielmo Marconi Airport (BLQ)</td><td>EUR 44</td><td>9h 10</td><td>febbraio</td></tr>
  </tbody>
</table>
<h2>Aeroporti italiani da cui conviene partire</h2>
<div class=""cpv-chip-list""><span class=""cpv-chip"">Leonardo da Vinci-Fiumicino Airport</span><span class=""cpv-chip"">Ciampino-G. B. Pastine International Airport</span><span class=""cpv-chip"">Milano Malpensa Airport</span><span class=""cpv-chip"">Orio al Serio International Airport</span><span class=""cpv-chip"">Milano Linate Airport</span><span class=""cpv-chip"">Naples International Airport</span></div>
<div class=""cpv-landing-grid"">
  <div class=""cpv-landing-card""><strong>City break</strong><p>Se Douala e una meta urbana, le partenze del venerdi e del sabato sono spesso le piu monitorate.</p></div>
  <div class=""cpv-landing-card""><strong>Viaggi stagionali</strong><p>In alcuni periodi dell'anno le tariffe possono variare molto, soprattutto vicino ai ponti e alle festivita.</p></div>
  <div class=""cpv-landing-card""><strong>Confronto rapido</strong><p>Valuta aeroporti maggiori e secondari per capire se un piccolo spostamento porta a un risparmio concreto.</p></div>
</div>
<h2>Domande frequenti sui voli per Douala</h2>
<div class=""cpv-faq"">
  <details><summary>Qual e il modo migliore per cercare voli per Douala?</summary><p>Confronta piu aeroporti italiani, prova date flessibili e verifica anche partenze infrasettimanali per migliorare le possibilita di risparmio.</p></details>
  <details><summary>Meglio volo diretto o con scalo?</summary><p>Per tratte medio-brevi il diretto e spesso la scelta piu comoda, mentre su alcune rotte uno scalo puo ridurre il prezzo finale.</p></details>
  <details><summary>Quando controllare i prezzi per Douala?</summary><p>Vale la pena iniziare a monitorare la rotta in anticipo e verificare con regolarita i giorni piu vicini alla partenza ideale.</p></details>
</div>","Voli per citta|Voli intercontinentali",city,DLA,/voli-per/douala/,"Voli per Douala (DLA): offerte e guide | ConfrontaPrezziVoli","Trova voli per Douala dai principali aeroporti italiani. Tariffe indicative da EUR 35 e consigli per scegliere il periodo migliore.","voli per Douala",cities,"Mese tipicamente conveniente: maggio"
post,publish,"Voli per Dourados (DOU): offerte, compagnie e periodo migliore per prenotare",voli-per-dourados-dou,"Confronta voli per Dourados dai principali aeroporti italiani. Scopri prezzi indicativi, compagnie e consigli utili per organizzare la partenza.","<div class=""cpv-landing-note"">
  <p><strong>Perche cercare voli per Dourados qui.</strong> Questa pagina raccoglie un quadro rapido delle partenze italiane piu interessanti per Dourados, con tariffe indicative e consigli per scegliere il periodo piu vantaggioso.</p>
</div>
<div class=""cpv-stat-grid"">
  <div class=""cpv-stat""><strong>EUR 49</strong><span>Prezzo indicativo da monitorare dalle principali aree aeroportuali italiane.</span></div>
  <div class=""cpv-stat""><strong>luglio</strong><span>Periodo spesso interessante per tenere sotto controllo la rotta.</span></div>
  <div class=""cpv-stat""><strong>9</strong><span>Aeroporti italiani prioritari da confrontare per questa destinazione.</span></div>
</div>
<h2>Offerte voli per Dourados</h2>
<p>Per trovare il miglior equilibrio tra prezzo, durata e comfort, conviene verificare piu aeroporti di partenza italiani e confrontare giorni feriali e weekend.</p>
<table>
  <thead>
    <tr><th>Partenza</th><th>Prezzo da</th><th>Durata indicativa</th><th>Mese da monitorare</th></tr>
  </thead>
  <tbody>
    <tr><td>Leonardo da Vinci-Fiumicino Airport (FCO)</td><td>EUR 141</td><td>8h 20</td><td>marzo</td></tr><tr><td>Ciampino-G. B. Pastine International Airport (CIA)</td><td>EUR 73</td><td>5h 00</td><td>luglio</td></tr><tr><td>Milano Malpensa Airport (MXP)</td><td>EUR 66</td><td>5h 50</td><td>dicembre</td></tr><tr><td>Orio al Serio International Airport (BGY)</td><td>EUR 172</td><td>11h 30</td><td>ottobre</td></tr><tr><td>Milano Linate Airport (LIN)</td><td>EUR 121</td><td>9h 00</td><td>luglio</td></tr><tr><td>Naples International Airport (NAP)</td><td>EUR 184</td><td>11h 30</td><td>ottobre</td></tr><tr><td>Venice Marco Polo Airport (VCE)</td><td>EUR 196</td><td>11h 30</td><td>ottobre</td></tr><tr><td>Catania-Fontanarossa Airport (CTA)</td><td>EUR 22</td><td>10h 30</td><td>aprile</td></tr><tr><td>Guglielmo Marconi Airport (BLQ)</td><td>EUR 70</td><td>10h 30</td><td>aprile</td></tr>
  </tbody>
</table>
<h2>Aeroporti italiani da cui conviene partire</h2>
<div class=""cpv-chip-list""><span class=""cpv-chip"">Leonardo da Vinci-Fiumicino Airport</span><span class=""cpv-chip"">Ciampino-G. B. Pastine International Airport</span><span class=""cpv-chip"">Milano Malpensa Airport</span><span class=""cpv-chip"">Orio al Serio International Airport</span><span class=""cpv-chip"">Milano Linate Airport</span><span class=""cpv-chip"">Naples International Airport</span></div>
<div class=""cpv-landing-grid"">
  <div class=""cpv-landing-card""><strong>City break</strong><p>Se Dourados e una meta urbana, le partenze del venerdi e del sabato sono spesso le piu monitorate.</p></div>
  <div class=""cpv-landing-card""><strong>Viaggi stagionali</strong><p>In alcuni periodi dell'anno le tariffe possono variare molto, soprattutto vicino ai ponti e alle festivita.</p></div>
  <div class=""cpv-landing-card""><strong>Confronto rapido</strong><p>Valuta aeroporti maggiori e secondari per capire se un piccolo spostamento porta a un risparmio concreto.</p></div>
</div>
<h2>Domande frequenti sui voli per Dourados</h2>
<div class=""cpv-faq"">
  <details><summary>Qual e il modo migliore per cercare voli per Dourados?</summary><p>Confronta piu aeroporti italiani, prova date flessibili e verifica anche partenze infrasettimanali per migliorare le possibilita di risparmio.</p></details>
  <details><summary>Meglio volo diretto o con scalo?</summary><p>Per tratte medio-brevi il diretto e spesso la scelta piu comoda, mentre su alcune rotte uno scalo puo ridurre il prezzo finale.</p></details>
  <details><summary>Quando controllare i prezzi per Dourados?</summary><p>Vale la pena iniziare a monitorare la rotta in anticipo e verificare con regolarita i giorni piu vicini alla partenza ideale.</p></details>
</div>","Voli per citta|Voli intercontinentali",city,DOU,/voli-per/dourados/,"Voli per Dourados (DOU): offerte e guide | ConfrontaPrezziVoli","Trova voli per Dourados dai principali aeroporti italiani. Tariffe indicative da EUR 49 e consigli per scegliere il periodo migliore.","voli per Dourados",cities,"Mese tipicamente conveniente: luglio"
post,publish,"Voli per Drake Bay (DRK): offerte, compagnie e periodo migliore per prenotare",voli-per-drake-bay-drk,"Confronta voli per Drake Bay dai principali aeroporti italiani. Scopri prezzi indicativi, compagnie e consigli utili per organizzare la partenza.","<div class=""cpv-landing-note"">
  <p><strong>Perche cercare voli per Drake Bay qui.</strong> Questa pagina raccoglie un quadro rapido delle partenze italiane piu interessanti per Drake Bay, con tariffe indicative e consigli per scegliere il periodo piu vantaggioso.</p>
</div>
<div class=""cpv-stat-grid"">
  <div class=""cpv-stat""><strong>EUR 180</strong><span>Prezzo indicativo da monitorare dalle principali aree aeroportuali italiane.</span></div>
  <div class=""cpv-stat""><strong>giugno</strong><span>Periodo spesso interessante per tenere sotto controllo la rotta.</span></div>
  <div class=""cpv-stat""><strong>9</strong><span>Aeroporti italiani prioritari da confrontare per questa destinazione.</span></div>
</div>
<h2>Offerte voli per Drake Bay</h2>
<p>Per trovare il miglior equilibrio tra prezzo, durata e comfort, conviene verificare piu aeroporti di partenza italiani e confrontare giorni feriali e weekend.</p>
<table>
  <thead>
    <tr><th>Partenza</th><th>Prezzo da</th><th>Durata indicativa</th><th>Mese da monitorare</th></tr>
  </thead>
  <tbody>
    <tr><td>Leonardo da Vinci-Fiumicino Airport (FCO)</td><td>EUR 32</td><td>3h 10</td><td>febbraio</td></tr><tr><td>Ciampino-G. B. Pastine International Airport (CIA)</td><td>EUR 148</td><td>10h 30</td><td>ottobre</td></tr><tr><td>Milano Malpensa Airport (MXP)</td><td>EUR 135</td><td>10h 20</td><td>settembre</td></tr><tr><td>Orio al Serio International Airport (BGY)</td><td>EUR 165</td><td>6h 20</td><td>marzo</td></tr><tr><td>Milano Linate Airport (LIN)</td><td>EUR 20</td><td>7h 10</td><td>febbraio</td></tr><tr><td>Naples International Airport (NAP)</td><td>EUR 109</td><td>4h 00</td><td>luglio</td></tr><tr><td>Venice Marco Polo Airport (VCE)</td><td>EUR 69</td><td>4h 20</td><td>marzo</td></tr><tr><td>Catania-Fontanarossa Airport (CTA)</td><td>EUR 107</td><td>7h 40</td><td>maggio</td></tr><tr><td>Guglielmo Marconi Airport (BLQ)</td><td>EUR 95</td><td>10h 40</td><td>maggio</td></tr>
  </tbody>
</table>
<h2>Aeroporti italiani da cui conviene partire</h2>
<div class=""cpv-chip-list""><span class=""cpv-chip"">Leonardo da Vinci-Fiumicino Airport</span><span class=""cpv-chip"">Ciampino-G. B. Pastine International Airport</span><span class=""cpv-chip"">Milano Malpensa Airport</span><span class=""cpv-chip"">Orio al Serio International Airport</span><span class=""cpv-chip"">Milano Linate Airport</span><span class=""cpv-chip"">Naples International Airport</span></div>
<div class=""cpv-landing-grid"">
  <div class=""cpv-landing-card""><strong>City break</strong><p>Se Drake Bay e una meta urbana, le partenze del venerdi e del sabato sono spesso le piu monitorate.</p></div>
  <div class=""cpv-landing-card""><strong>Viaggi stagionali</strong><p>In alcuni periodi dell'anno le tariffe possono variare molto, soprattutto vicino ai ponti e alle festivita.</p></div>
  <div class=""cpv-landing-card""><strong>Confronto rapido</strong><p>Valuta aeroporti maggiori e secondari per capire se un piccolo spostamento porta a un risparmio concreto.</p></div>
</div>
<h2>Domande frequenti sui voli per Drake Bay</h2>
<div class=""cpv-faq"">
  <details><summary>Qual e il modo migliore per cercare voli per Drake Bay?</summary><p>Confronta piu aeroporti italiani, prova date flessibili e verifica anche partenze infrasettimanali per migliorare le possibilita di risparmio.</p></details>
  <details><summary>Meglio volo diretto o con scalo?</summary><p>Per tratte medio-brevi il diretto e spesso la scelta piu comoda, mentre su alcune rotte uno scalo puo ridurre il prezzo finale.</p></details>
  <details><summary>Quando controllare i prezzi per Drake Bay?</summary><p>Vale la pena iniziare a monitorare la rotta in anticipo e verificare con regolarita i giorni piu vicini alla partenza ideale.</p></details>
</div>","Voli per citta|Voli intercontinentali",city,DRK,/voli-per/drake-bay/,"Voli per Drake Bay (DRK): offerte e guide | ConfrontaPrezziVoli","Trova voli per Drake Bay dai principali aeroporti italiani. Tariffe indicative da EUR 180 e consigli per scegliere il periodo migliore.","voli per Drake Bay",cities,"Mese tipicamente conveniente: giugno"
post,publish,"Voli per Dresden (DRS): offerte, compagnie e periodo migliore per prenotare",voli-per-dresden-drs,"Confronta voli per Dresden dai principali aeroporti italiani. Scopri prezzi indicativi, compagnie e consigli utili per organizzare la partenza.","<div class=""cpv-landing-note"">
  <p><strong>Perche cercare voli per Dresden qui.</strong> Questa pagina raccoglie un quadro rapido delle partenze italiane piu interessanti per Dresden, con tariffe indicative e consigli per scegliere il periodo piu vantaggioso.</p>
</div>
<div class=""cpv-stat-grid"">
  <div class=""cpv-stat""><strong>EUR 158</strong><span>Prezzo indicativo da monitorare dalle principali aree aeroportuali italiane.</span></div>
  <div class=""cpv-stat""><strong>agosto</strong><span>Periodo spesso interessante per tenere sotto controllo la rotta.</span></div>
  <div class=""cpv-stat""><strong>9</strong><span>Aeroporti italiani prioritari da confrontare per questa destinazione.</span></div>
</div>
<h2>Offerte voli per Dresden</h2>
<p>Per trovare il miglior equilibrio tra prezzo, durata e comfort, conviene verificare piu aeroporti di partenza italiani e confrontare giorni feriali e weekend.</p>
<table>
  <thead>
    <tr><th>Partenza</th><th>Prezzo da</th><th>Durata indicativa</th><th>Mese da monitorare</th></tr>
  </thead>
  <tbody>
    <tr><td>Leonardo da Vinci-Fiumicino Airport (FCO)</td><td>EUR 158</td><td>10h 10</td><td>agosto</td></tr><tr><td>Ciampino-G. B. Pastine International Airport (CIA)</td><td>EUR 198</td><td>7h 50</td><td>dicembre</td></tr><tr><td>Milano Malpensa Airport (MXP)</td><td>EUR 97</td><td>8h 00</td><td>luglio</td></tr><tr><td>Orio al Serio International Airport (BGY)</td><td>EUR 111</td><td>4h 20</td><td>settembre</td></tr><tr><td>Milano Linate Airport (LIN)</td><td>EUR 158</td><td>9h 10</td><td>agosto</td></tr><tr><td>Naples International Airport (NAP)</td><td>EUR 67</td><td>8h 00</td><td>gennaio</td></tr><tr><td>Venice Marco Polo Airport (VCE)</td><td>EUR 175</td><td>3h 00</td><td>gennaio</td></tr><tr><td>Catania-Fontanarossa Airport (CTA)</td><td>EUR 177</td><td>4h 20</td><td>marzo</td></tr><tr><td>Guglielmo Marconi Airport (BLQ)</td><td>EUR 153</td><td>3h 20</td><td>marzo</td></tr>
  </tbody>
</table>
<h2>Aeroporti italiani da cui conviene partire</h2>
<div class=""cpv-chip-list""><span class=""cpv-chip"">Leonardo da Vinci-Fiumicino Airport</span><span class=""cpv-chip"">Ciampino-G. B. Pastine International Airport</span><span class=""cpv-chip"">Milano Malpensa Airport</span><span class=""cpv-chip"">Orio al Serio International Airport</span><span class=""cpv-chip"">Milano Linate Airport</span><span class=""cpv-chip"">Naples International Airport</span></div>
<div class=""cpv-landing-grid"">
  <div class=""cpv-landing-card""><strong>City break</strong><p>Se Dresden e una meta urbana, le partenze del venerdi e del sabato sono spesso le piu monitorate.</p></div>
  <div class=""cpv-landing-card""><strong>Viaggi stagionali</strong><p>In alcuni periodi dell'anno le tariffe possono variare molto, soprattutto vicino ai ponti e alle festivita.</p></div>
  <div class=""cpv-landing-card""><strong>Confronto rapido</strong><p>Valuta aeroporti maggiori e secondari per capire se un piccolo spostamento porta a un risparmio concreto.</p></div>
</div>
<h2>Domande frequenti sui voli per Dresden</h2>
<div class=""cpv-faq"">
  <details><summary>Qual e il modo migliore per cercare voli per Dresden?</summary><p>Confronta piu aeroporti italiani, prova date flessibili e verifica anche partenze infrasettimanali per migliorare le possibilita di risparmio.</p></details>
  <details><summary>Meglio volo diretto o con scalo?</summary><p>Per tratte medio-brevi il diretto e spesso la scelta piu comoda, mentre su alcune rotte uno scalo puo ridurre il prezzo finale.</p></details>
  <details><summary>Quando controllare i prezzi per Dresden?</summary><p>Vale la pena iniziare a monitorare la rotta in anticipo e verificare con regolarita i giorni piu vicini alla partenza ideale.</p></details>
</div>","Voli per citta|Voli in Europa",city,DRS,/voli-per/dresden/,"Voli per Dresden (DRS): offerte e guide | ConfrontaPrezziVoli","Trova voli per Dresden dai principali aeroporti italiani. Tariffe indicative da EUR 158 e consigli per scegliere il periodo migliore.","voli per Dresden",cities,"Mese tipicamente conveniente: agosto"
post,publish,"Voli per Dryden (YHD): offerte, compagnie e periodo migliore per prenotare",voli-per-dryden-yhd,"Confronta voli per Dryden dai principali aeroporti italiani. Scopri prezzi indicativi, compagnie e consigli utili per organizzare la partenza.","<div class=""cpv-landing-note"">
  <p><strong>Perche cercare voli per Dryden qui.</strong> Questa pagina raccoglie un quadro rapido delle partenze italiane piu interessanti per Dryden, con tariffe indicative e consigli per scegliere il periodo piu vantaggioso.</p>
</div>
<div class=""cpv-stat-grid"">
  <div class=""cpv-stat""><strong>EUR 39</strong><span>Prezzo indicativo da monitorare dalle principali aree aeroportuali italiane.</span></div>
  <div class=""cpv-stat""><strong>settembre</strong><span>Periodo spesso interessante per tenere sotto controllo la rotta.</span></div>
  <div class=""cpv-stat""><strong>9</strong><span>Aeroporti italiani prioritari da confrontare per questa destinazione.</span></div>
</div>
<h2>Offerte voli per Dryden</h2>
<p>Per trovare il miglior equilibrio tra prezzo, durata e comfort, conviene verificare piu aeroporti di partenza italiani e confrontare giorni feriali e weekend.</p>
<table>
  <thead>
    <tr><th>Partenza</th><th>Prezzo da</th><th>Durata indicativa</th><th>Mese da monitorare</th></tr>
  </thead>
  <tbody>
    <tr><td>Leonardo da Vinci-Fiumicino Airport (FCO)</td><td>EUR 83</td><td>3h 40</td><td>maggio</td></tr><tr><td>Ciampino-G. B. Pastine International Airport (CIA)</td><td>EUR 55</td><td>1h 00</td><td>gennaio</td></tr><tr><td>Milano Malpensa Airport (MXP)</td><td>EUR 88</td><td>4h 30</td><td>ottobre</td></tr><tr><td>Orio al Serio International Airport (BGY)</td><td>EUR 166</td><td>6h 30</td><td>aprile</td></tr><tr><td>Milano Linate Airport (LIN)</td><td>EUR 75</td><td>3h 20</td><td>settembre</td></tr><tr><td>Naples International Airport (NAP)</td><td>EUR 114</td><td>6h 50</td><td>dicembre</td></tr><tr><td>Venice Marco Polo Airport (VCE)</td><td>EUR 50</td><td>4h 10</td><td>agosto</td></tr><tr><td>Catania-Fontanarossa Airport (CTA)</td><td>EUR 92</td><td>2h 10</td><td>febbraio</td></tr><tr><td>Guglielmo Marconi Airport (BLQ)</td><td>EUR 68</td><td>7h 10</td><td>febbraio</td></tr>
  </tbody>
</table>
<h2>Aeroporti italiani da cui conviene partire</h2>
<div class=""cpv-chip-list""><span class=""cpv-chip"">Leonardo da Vinci-Fiumicino Airport</span><span class=""cpv-chip"">Ciampino-G. B. Pastine International Airport</span><span class=""cpv-chip"">Milano Malpensa Airport</span><span class=""cpv-chip"">Orio al Serio International Airport</span><span class=""cpv-chip"">Milano Linate Airport</span><span class=""cpv-chip"">Naples International Airport</span></div>
<div class=""cpv-landing-grid"">
  <div class=""cpv-landing-card""><strong>City break</strong><p>Se Dryden e una meta urbana, le partenze del venerdi e del sabato sono spesso le piu monitorate.</p></div>
  <div class=""cpv-landing-card""><strong>Viaggi stagionali</strong><p>In alcuni periodi dell'anno le tariffe possono variare molto, soprattutto vicino ai ponti e alle festivita.</p></div>
  <div class=""cpv-landing-card""><strong>Confronto rapido</strong><p>Valuta aeroporti maggiori e secondari per capire se un piccolo spostamento porta a un risparmio concreto.</p></div>
</div>
<h2>Domande frequenti sui voli per Dryden</h2>
<div class=""cpv-faq"">
  <details><summary>Qual e il modo migliore per cercare voli per Dryden?</summary><p>Confronta piu aeroporti italiani, prova date flessibili e verifica anche partenze infrasettimanali per migliorare le possibilita di risparmio.</p></details>
  <details><summary>Meglio volo diretto o con scalo?</summary><p>Per tratte medio-brevi il diretto e spesso la scelta piu comoda, mentre su alcune rotte uno scalo puo ridurre il prezzo finale.</p></details>
  <details><summary>Quando controllare i prezzi per Dryden?</summary><p>Vale la pena iniziare a monitorare la rotta in anticipo e verificare con regolarita i giorni piu vicini alla partenza ideale.</p></details>
</div>","Voli per citta|Voli intercontinentali",city,YHD,/voli-per/dryden/,"Voli per Dryden (YHD): offerte e guide | ConfrontaPrezziVoli","Trova voli per Dryden dai principali aeroporti italiani. Tariffe indicative da EUR 39 e consigli per scegliere il periodo migliore.","voli per Dryden",cities,"Mese tipicamente conveniente: settembre"
post,publish,"Voli per Du Bois (DUJ): offerte, compagnie e periodo migliore per prenotare",voli-per-du-bois-duj,"Confronta voli per Du Bois dai principali aeroporti italiani. Scopri prezzi indicativi, compagnie e consigli utili per organizzare la partenza.","<div class=""cpv-landing-note"">
  <p><strong>Perche cercare voli per Du Bois qui.</strong> Questa pagina raccoglie un quadro rapido delle partenze italiane piu interessanti per Du Bois, con tariffe indicative e consigli per scegliere il periodo piu vantaggioso.</p>
</div>
<div class=""cpv-stat-grid"">
  <div class=""cpv-stat""><strong>EUR 159</strong><span>Prezzo indicativo da monitorare dalle principali aree aeroportuali italiane.</span></div>
  <div class=""cpv-stat""><strong>settembre</strong><span>Periodo spesso interessante per tenere sotto controllo la rotta.</span></div>
  <div class=""cpv-stat""><strong>9</strong><span>Aeroporti italiani prioritari da confrontare per questa destinazione.</span></div>
</div>
<h2>Offerte voli per Du Bois</h2>
<p>Per trovare il miglior equilibrio tra prezzo, durata e comfort, conviene verificare piu aeroporti di partenza italiani e confrontare giorni feriali e weekend.</p>
<table>
  <thead>
    <tr><th>Partenza</th><th>Prezzo da</th><th>Durata indicativa</th><th>Mese da monitorare</th></tr>
  </thead>
  <tbody>
    <tr><td>Leonardo da Vinci-Fiumicino Airport (FCO)</td><td>EUR 187</td><td>3h 00</td><td>gennaio</td></tr><tr><td>Ciampino-G. B. Pastine International Airport (CIA)</td><td>EUR 99</td><td>7h 20</td><td>settembre</td></tr><tr><td>Milano Malpensa Airport (MXP)</td><td>EUR 188</td><td>9h 10</td><td>febbraio</td></tr><tr><td>Orio al Serio International Airport (BGY)</td><td>EUR 110</td><td>5h 10</td><td>agosto</td></tr><tr><td>Milano Linate Airport (LIN)</td><td>EUR 79</td><td>7h 00</td><td>gennaio</td></tr><tr><td>Naples International Airport (NAP)</td><td>EUR 78</td><td>4h 50</td><td>dicembre</td></tr><tr><td>Venice Marco Polo Airport (VCE)</td><td>EUR 34</td><td>7h 30</td><td>aprile</td></tr><tr><td>Catania-Fontanarossa Airport (CTA)</td><td>EUR 68</td><td>8h 10</td><td>febbraio</td></tr><tr><td>Guglielmo Marconi Airport (BLQ)</td><td>EUR 88</td><td>10h 30</td><td>ottobre</td></tr>
  </tbody>
</table>
<h2>Aeroporti italiani da cui conviene partire</h2>
<div class=""cpv-chip-list""><span class=""cpv-chip"">Leonardo da Vinci-Fiumicino Airport</span><span class=""cpv-chip"">Ciampino-G. B. Pastine International Airport</span><span class=""cpv-chip"">Milano Malpensa Airport</span><span class=""cpv-chip"">Orio al Serio International Airport</span><span class=""cpv-chip"">Milano Linate Airport</span><span class=""cpv-chip"">Naples International Airport</span></div>
<div class=""cpv-landing-grid"">
  <div class=""cpv-landing-card""><strong>City break</strong><p>Se Du Bois e una meta urbana, le partenze del venerdi e del sabato sono spesso le piu monitorate.</p></div>
  <div class=""cpv-landing-card""><strong>Viaggi stagionali</strong><p>In alcuni periodi dell'anno le tariffe possono variare molto, soprattutto vicino ai ponti e alle festivita.</p></div>
  <div class=""cpv-landing-card""><strong>Confronto rapido</strong><p>Valuta aeroporti maggiori e secondari per capire se un piccolo spostamento porta a un risparmio concreto.</p></div>
</div>
<h2>Domande frequenti sui voli per Du Bois</h2>
<div class=""cpv-faq"">
  <details><summary>Qual e il modo migliore per cercare voli per Du Bois?</summary><p>Confronta piu aeroporti italiani, prova date flessibili e verifica anche partenze infrasettimanali per migliorare le possibilita di risparmio.</p></details>
  <details><summary>Meglio volo diretto o con scalo?</summary><p>Per tratte medio-brevi il diretto e spesso la scelta piu comoda, mentre su alcune rotte uno scalo puo ridurre il prezzo finale.</p></details>
  <details><summary>Quando controllare i prezzi per Du Bois?</summary><p>Vale la pena iniziare a monitorare la rotta in anticipo e verificare con regolarita i giorni piu vicini alla partenza ideale.</p></details>
</div>","Voli per citta|Voli intercontinentali",city,DUJ,/voli-per/du-bois/,"Voli per Du Bois (DUJ): offerte e guide | ConfrontaPrezziVoli","Trova voli per Du Bois dai principali aeroporti italiani. Tariffe indicative da EUR 159 e consigli per scegliere il periodo migliore.","voli per Du Bois",cities,"Mese tipicamente conveniente: settembre"
post,publish,"Voli per Dubai (DXB): offerte, compagnie e periodo migliore per prenotare",voli-per-dubai-dxb,"Confronta voli per Dubai dai principali aeroporti italiani. Scopri prezzi indicativi, compagnie e consigli utili per organizzare la partenza.","<div class=""cpv-landing-note"">
  <p><strong>Perche cercare voli per Dubai qui.</strong> Questa pagina raccoglie un quadro rapido delle partenze italiane piu interessanti per Dubai, con tariffe indicative e consigli per scegliere il periodo piu vantaggioso.</p>
</div>
<div class=""cpv-stat-grid"">
  <div class=""cpv-stat""><strong>EUR 194</strong><span>Prezzo indicativo da monitorare dalle principali aree aeroportuali italiane.</span></div>
  <div class=""cpv-stat""><strong>agosto</strong><span>Periodo spesso interessante per tenere sotto controllo la rotta.</span></div>
  <div class=""cpv-stat""><strong>9</strong><span>Aeroporti italiani prioritari da confrontare per questa destinazione.</span></div>
</div>
<h2>Offerte voli per Dubai</h2>
<p>Per trovare il miglior equilibrio tra prezzo, durata e comfort, conviene verificare piu aeroporti di partenza italiani e confrontare giorni feriali e weekend.</p>
<table>
  <thead>
    <tr><th>Partenza</th><th>Prezzo da</th><th>Durata indicativa</th><th>Mese da monitorare</th></tr>
  </thead>
  <tbody>
    <tr><td>Leonardo da Vinci-Fiumicino Airport (FCO)</td><td>EUR 102</td><td>8h 50</td><td>dicembre</td></tr><tr><td>Ciampino-G. B. Pastine International Airport (CIA)</td><td>EUR 194</td><td>3h 10</td><td>agosto</td></tr><tr><td>Milano Malpensa Airport (MXP)</td><td>EUR 45</td><td>7h 20</td><td>marzo</td></tr><tr><td>Orio al Serio International Airport (BGY)</td><td>EUR 139</td><td>10h 00</td><td>gennaio</td></tr><tr><td>Milano Linate Airport (LIN)</td><td>EUR 22</td><td>5h 30</td><td>aprile</td></tr><tr><td>Naples International Airport (NAP)</td><td>EUR 167</td><td>10h 40</td><td>maggio</td></tr><tr><td>Venice Marco Polo Airport (VCE)</td><td>EUR 43</td><td>4h 00</td><td>gennaio</td></tr><tr><td>Catania-Fontanarossa Airport (CTA)</td><td>EUR 85</td><td>2h 00</td><td>luglio</td></tr><tr><td>Guglielmo Marconi Airport (BLQ)</td><td>EUR 33</td><td>4h 20</td><td>marzo</td></tr>
  </tbody>
</table>
<h2>Aeroporti italiani da cui conviene partire</h2>
<div class=""cpv-chip-list""><span class=""cpv-chip"">Leonardo da Vinci-Fiumicino Airport</span><span class=""cpv-chip"">Ciampino-G. B. Pastine International Airport</span><span class=""cpv-chip"">Milano Malpensa Airport</span><span class=""cpv-chip"">Orio al Serio International Airport</span><span class=""cpv-chip"">Milano Linate Airport</span><span class=""cpv-chip"">Naples International Airport</span></div>
<div class=""cpv-landing-grid"">
  <div class=""cpv-landing-card""><strong>City break</strong><p>Se Dubai e una meta urbana, le partenze del venerdi e del sabato sono spesso le piu monitorate.</p></div>
  <div class=""cpv-landing-card""><strong>Viaggi stagionali</strong><p>In alcuni periodi dell'anno le tariffe possono variare molto, soprattutto vicino ai ponti e alle festivita.</p></div>
  <div class=""cpv-landing-card""><strong>Confronto rapido</strong><p>Valuta aeroporti maggiori e secondari per capire se un piccolo spostamento porta a un risparmio concreto.</p></div>
</div>
<h2>Domande frequenti sui voli per Dubai</h2>
<div class=""cpv-faq"">
  <details><summary>Qual e il modo migliore per cercare voli per Dubai?</summary><p>Confronta piu aeroporti italiani, prova date flessibili e verifica anche partenze infrasettimanali per migliorare le possibilita di risparmio.</p></details>
  <details><summary>Meglio volo diretto o con scalo?</summary><p>Per tratte medio-brevi il diretto e spesso la scelta piu comoda, mentre su alcune rotte uno scalo puo ridurre il prezzo finale.</p></details>
  <details><summary>Quando controllare i prezzi per Dubai?</summary><p>Vale la pena iniziare a monitorare la rotta in anticipo e verificare con regolarita i giorni piu vicini alla partenza ideale.</p></details>
</div>","Voli per citta|Voli intercontinentali",city,DXB,/voli-per/dubai/,"Voli per Dubai (DXB): offerte e guide | ConfrontaPrezziVoli","Trova voli per Dubai dai principali aeroporti italiani. Tariffe indicative da EUR 194 e consigli per scegliere il periodo migliore.","voli per Dubai",cities,"Mese tipicamente conveniente: agosto"
post,publish,"Voli per Dubbo (DBO): offerte, compagnie e periodo migliore per prenotare",voli-per-dubbo-dbo,"Confronta voli per Dubbo dai principali aeroporti italiani. Scopri prezzi indicativi, compagnie e consigli utili per organizzare la partenza.","<div class=""cpv-landing-note"">
  <p><strong>Perche cercare voli per Dubbo qui.</strong> Questa pagina raccoglie un quadro rapido delle partenze italiane piu interessanti per Dubbo, con tariffe indicative e consigli per scegliere il periodo piu vantaggioso.</p>
</div>
<div class=""cpv-stat-grid"">
  <div class=""cpv-stat""><strong>EUR 80</strong><span>Prezzo indicativo da monitorare dalle principali aree aeroportuali italiane.</span></div>
  <div class=""cpv-stat""><strong>febbraio</strong><span>Periodo spesso interessante per tenere sotto controllo la rotta.</span></div>
  <div class=""cpv-stat""><strong>9</strong><span>Aeroporti italiani prioritari da confrontare per questa destinazione.</span></div>
</div>
<h2>Offerte voli per Dubbo</h2>
<p>Per trovare il miglior equilibrio tra prezzo, durata e comfort, conviene verificare piu aeroporti di partenza italiani e confrontare giorni feriali e weekend.</p>
<table>
  <thead>
    <tr><th>Partenza</th><th>Prezzo da</th><th>Durata indicativa</th><th>Mese da monitorare</th></tr>
  </thead>
  <tbody>
    <tr><td>Leonardo da Vinci-Fiumicino Airport (FCO)</td><td>EUR 140</td><td>3h 10</td><td>febbraio</td></tr><tr><td>Ciampino-G. B. Pastine International Airport (CIA)</td><td>EUR 88</td><td>10h 30</td><td>ottobre</td></tr><tr><td>Milano Malpensa Airport (MXP)</td><td>EUR 115</td><td>4h 00</td><td>gennaio</td></tr><tr><td>Orio al Serio International Airport (BGY)</td><td>EUR 153</td><td>1h 20</td><td>marzo</td></tr><tr><td>Milano Linate Airport (LIN)</td><td>EUR 112</td><td>10h 30</td><td>ottobre</td></tr><tr><td>Naples International Airport (NAP)</td><td>EUR 21</td><td>1h 20</td><td>marzo</td></tr><tr><td>Venice Marco Polo Airport (VCE)</td><td>EUR 29</td><td>2h 40</td><td>novembre</td></tr><tr><td>Catania-Fontanarossa Airport (CTA)</td><td>EUR 19</td><td>10h 00</td><td>gennaio</td></tr><tr><td>Guglielmo Marconi Airport (BLQ)</td><td>EUR 151</td><td>4h 00</td><td>gennaio</td></tr>
  </tbody>
</table>
<h2>Aeroporti italiani da cui conviene partire</h2>
<div class=""cpv-chip-list""><span class=""cpv-chip"">Leonardo da Vinci-Fiumicino Airport</span><span class=""cpv-chip"">Ciampino-G. B. Pastine International Airport</span><span class=""cpv-chip"">Milano Malpensa Airport</span><span class=""cpv-chip"">Orio al Serio International Airport</span><span class=""cpv-chip"">Milano Linate Airport</span><span class=""cpv-chip"">Naples International Airport</span></div>
<div class=""cpv-landing-grid"">
  <div class=""cpv-landing-card""><strong>City break</strong><p>Se Dubbo e una meta urbana, le partenze del venerdi e del sabato sono spesso le piu monitorate.</p></div>
  <div class=""cpv-landing-card""><strong>Viaggi stagionali</strong><p>In alcuni periodi dell'anno le tariffe possono variare molto, soprattutto vicino ai ponti e alle festivita.</p></div>
  <div class=""cpv-landing-card""><strong>Confronto rapido</strong><p>Valuta aeroporti maggiori e secondari per capire se un piccolo spostamento porta a un risparmio concreto.</p></div>
</div>
<h2>Domande frequenti sui voli per Dubbo</h2>
<div class=""cpv-faq"">
  <details><summary>Qual e il modo migliore per cercare voli per Dubbo?</summary><p>Confronta piu aeroporti italiani, prova date flessibili e verifica anche partenze infrasettimanali per migliorare le possibilita di risparmio.</p></details>
  <details><summary>Meglio volo diretto o con scalo?</summary><p>Per tratte medio-brevi il diretto e spesso la scelta piu comoda, mentre su alcune rotte uno scalo puo ridurre il prezzo finale.</p></details>
  <details><summary>Quando controllare i prezzi per Dubbo?</summary><p>Vale la pena iniziare a monitorare la rotta in anticipo e verificare con regolarita i giorni piu vicini alla partenza ideale.</p></details>
</div>","Voli per citta|Voli intercontinentali",city,DBO,/voli-per/dubbo/,"Voli per Dubbo (DBO): offerte e guide | ConfrontaPrezziVoli","Trova voli per Dubbo dai principali aeroporti italiani. Tariffe indicative da EUR 80 e consigli per scegliere il periodo migliore.","voli per Dubbo",cities,"Mese tipicamente conveniente: febbraio"
post,publish,"Voli per Dublin (DUB): offerte, compagnie e periodo migliore per prenotare",voli-per-dublin-dub,"Confronta voli per Dublin dai principali aeroporti italiani. Scopri prezzi indicativi, compagnie e consigli utili per organizzare la partenza.","<div class=""cpv-landing-note"">
  <p><strong>Perche cercare voli per Dublin qui.</strong> Questa pagina raccoglie un quadro rapido delle partenze italiane piu interessanti per Dublin, con tariffe indicative e consigli per scegliere il periodo piu vantaggioso.</p>
</div>
<div class=""cpv-stat-grid"">
  <div class=""cpv-stat""><strong>EUR 189</strong><span>Prezzo indicativo da monitorare dalle principali aree aeroportuali italiane.</span></div>
  <div class=""cpv-stat""><strong>marzo</strong><span>Periodo spesso interessante per tenere sotto controllo la rotta.</span></div>
  <div class=""cpv-stat""><strong>9</strong><span>Aeroporti italiani prioritari da confrontare per questa destinazione.</span></div>
</div>
<h2>Offerte voli per Dublin</h2>
<p>Per trovare il miglior equilibrio tra prezzo, durata e comfort, conviene verificare piu aeroporti di partenza italiani e confrontare giorni feriali e weekend.</p>
<table>
  <thead>
    <tr><th>Partenza</th><th>Prezzo da</th><th>Durata indicativa</th><th>Mese da monitorare</th></tr>
  </thead>
  <tbody>
    <tr><td>Leonardo da Vinci-Fiumicino Airport (FCO)</td><td>EUR 105</td><td>5h 20</td><td>marzo</td></tr><tr><td>Ciampino-G. B. Pastine International Airport (CIA)</td><td>EUR 141</td><td>8h 20</td><td>marzo</td></tr><tr><td>Milano Malpensa Airport (MXP)</td><td>EUR 86</td><td>1h 10</td><td>agosto</td></tr><tr><td>Orio al Serio International Airport (BGY)</td><td>EUR 32</td><td>2h 10</td><td>febbraio</td></tr><tr><td>Milano Linate Airport (LIN)</td><td>EUR 181</td><td>2h 00</td><td>luglio</td></tr><tr><td>Naples International Airport (NAP)</td><td>EUR 128</td><td>9h 10</td><td>febbraio</td></tr><tr><td>Venice Marco Polo Airport (VCE)</td><td>EUR 124</td><td>5h 30</td><td>ottobre</td></tr><tr><td>Catania-Fontanarossa Airport (CTA)</td><td>EUR 166</td><td>1h 30</td><td>aprile</td></tr><tr><td>Guglielmo Marconi Airport (BLQ)</td><td>EUR 126</td><td>8h 50</td><td>dicembre</td></tr>
  </tbody>
</table>
<h2>Aeroporti italiani da cui conviene partire</h2>
<div class=""cpv-chip-list""><span class=""cpv-chip"">Leonardo da Vinci-Fiumicino Airport</span><span class=""cpv-chip"">Ciampino-G. B. Pastine International Airport</span><span class=""cpv-chip"">Milano Malpensa Airport</span><span class=""cpv-chip"">Orio al Serio International Airport</span><span class=""cpv-chip"">Milano Linate Airport</span><span class=""cpv-chip"">Naples International Airport</span></div>
<div class=""cpv-landing-grid"">
  <div class=""cpv-landing-card""><strong>City break</strong><p>Se Dublin e una meta urbana, le partenze del venerdi e del sabato sono spesso le piu monitorate.</p></div>
  <div class=""cpv-landing-card""><strong>Viaggi stagionali</strong><p>In alcuni periodi dell'anno le tariffe possono variare molto, soprattutto vicino ai ponti e alle festivita.</p></div>
  <div class=""cpv-landing-card""><strong>Confronto rapido</strong><p>Valuta aeroporti maggiori e secondari per capire se un piccolo spostamento porta a un risparmio concreto.</p></div>
</div>
<h2>Domande frequenti sui voli per Dublin</h2>
<div class=""cpv-faq"">
  <details><summary>Qual e il modo migliore per cercare voli per Dublin?</summary><p>Confronta piu aeroporti italiani, prova date flessibili e verifica anche partenze infrasettimanali per migliorare le possibilita di risparmio.</p></details>
  <details><summary>Meglio volo diretto o con scalo?</summary><p>Per tratte medio-brevi il diretto e spesso la scelta piu comoda, mentre su alcune rotte uno scalo puo ridurre il prezzo finale.</p></details>
  <details><summary>Quando controllare i prezzi per Dublin?</summary><p>Vale la pena iniziare a monitorare la rotta in anticipo e verificare con regolarita i giorni piu vicini alla partenza ideale.</p></details>
</div>","Voli per citta|Voli in Europa",city,DUB,/voli-per/dublin/,"Voli per Dublin (DUB): offerte e guide | ConfrontaPrezziVoli","Trova voli per Dublin dai principali aeroporti italiani. Tariffe indicative da EUR 189 e consigli per scegliere il periodo migliore.","voli per Dublin",cities,"Mese tipicamente conveniente: marzo"
