post_type,post_status,post_title,post_name,post_excerpt,post_content,post_category,cpv_page_type,cpv_entity_code,cpv_target_path,rank_math_title,rank_math_description,rank_math_focus_keyword,seo_batch_label,seo_priority_note
post,publish,"Voli per Kangiqsujuaq (YWB): offerte, compagnie e periodo migliore per prenotare",voli-per-kangiqsujuaq-ywb,"Confronta voli per Kangiqsujuaq dai principali aeroporti italiani. Scopri prezzi indicativi, compagnie e consigli utili per organizzare la partenza.","<div class=""cpv-landing-note"">
  <p><strong>Perche cercare voli per Kangiqsujuaq qui.</strong> Questa pagina raccoglie un quadro rapido delle partenze italiane piu interessanti per Kangiqsujuaq, con tariffe indicative e consigli per scegliere il periodo piu vantaggioso.</p>
</div>
<div class=""cpv-stat-grid"">
  <div class=""cpv-stat""><strong>EUR 134</strong><span>Prezzo indicativo da monitorare dalle principali aree aeroportuali italiane.</span></div>
  <div class=""cpv-stat""><strong>agosto</strong><span>Periodo spesso interessante per tenere sotto controllo la rotta.</span></div>
  <div class=""cpv-stat""><strong>9</strong><span>Aeroporti italiani prioritari da confrontare per questa destinazione.</span></div>
</div>
<h2>Offerte voli per Kangiqsujuaq</h2>
<p>Per trovare il miglior equilibrio tra prezzo, durata e comfort, conviene verificare piu aeroporti di partenza italiani e confrontare giorni feriali e weekend.</p>
<table>
  <thead>
    <tr><th>Partenza</th><th>Prezzo da</th><th>Durata indicativa</th><th>Mese da monitorare</th></tr>
  </thead>
  <tbody>
    <tr><td>Leonardo da Vinci-Fiumicino Airport (FCO)</td><td>EUR 82</td><td>3h 30</td><td>aprile</td></tr><tr><td>Ciampino-G. B. Pastine International Airport (CIA)</td><td>EUR 126</td><td>5h 50</td><td>dicembre</td></tr><tr><td>Milano Malpensa Airport (MXP)</td><td>EUR 153</td><td>8h 20</td><td>marzo</td></tr><tr><td>Orio al Serio International Airport (BGY)</td><td>EUR 87</td><td>9h 20</td><td>settembre</td></tr><tr><td>Milano Linate Airport (LIN)</td><td>EUR 66</td><td>1h 50</td><td>dicembre</td></tr><tr><td>Naples International Airport (NAP)</td><td>EUR 135</td><td>8h 20</td><td>settembre</td></tr><tr><td>Venice Marco Polo Airport (VCE)</td><td>EUR 71</td><td>9h 40</td><td>maggio</td></tr><tr><td>Catania-Fontanarossa Airport (CTA)</td><td>EUR 85</td><td>5h 00</td><td>luglio</td></tr><tr><td>Guglielmo Marconi Airport (BLQ)</td><td>EUR 173</td><td>11h 40</td><td>novembre</td></tr>
  </tbody>
</table>
<h2>Aeroporti italiani da cui conviene partire</h2>
<div class=""cpv-chip-list""><span class=""cpv-chip"">Leonardo da Vinci-Fiumicino Airport</span><span class=""cpv-chip"">Ciampino-G. B. Pastine International Airport</span><span class=""cpv-chip"">Milano Malpensa Airport</span><span class=""cpv-chip"">Orio al Serio International Airport</span><span class=""cpv-chip"">Milano Linate Airport</span><span class=""cpv-chip"">Naples International Airport</span></div>
<div class=""cpv-landing-grid"">
  <div class=""cpv-landing-card""><strong>City break</strong><p>Se Kangiqsujuaq e una meta urbana, le partenze del venerdi e del sabato sono spesso le piu monitorate.</p></div>
  <div class=""cpv-landing-card""><strong>Viaggi stagionali</strong><p>In alcuni periodi dell'anno le tariffe possono variare molto, soprattutto vicino ai ponti e alle festivita.</p></div>
  <div class=""cpv-landing-card""><strong>Confronto rapido</strong><p>Valuta aeroporti maggiori e secondari per capire se un piccolo spostamento porta a un risparmio concreto.</p></div>
</div>
<h2>Domande frequenti sui voli per Kangiqsujuaq</h2>
<div class=""cpv-faq"">
  <details><summary>Qual e il modo migliore per cercare voli per Kangiqsujuaq?</summary><p>Confronta piu aeroporti italiani, prova date flessibili e verifica anche partenze infrasettimanali per migliorare le possibilita di risparmio.</p></details>
  <details><summary>Meglio volo diretto o con scalo?</summary><p>Per tratte medio-brevi il diretto e spesso la scelta piu comoda, mentre su alcune rotte uno scalo puo ridurre il prezzo finale.</p></details>
  <details><summary>Quando controllare i prezzi per Kangiqsujuaq?</summary><p>Vale la pena iniziare a monitorare la rotta in anticipo e verificare con regolarita i giorni piu vicini alla partenza ideale.</p></details>
</div>","Voli per citta|Voli intercontinentali",city,YWB,/voli-per/kangiqsujuaq/,"Voli per Kangiqsujuaq (YWB): offerte e guide | ConfrontaPrezziVoli","Trova voli per Kangiqsujuaq dai principali aeroporti italiani. Tariffe indicative da EUR 134 e consigli per scegliere il periodo migliore.","voli per Kangiqsujuaq",cities,"Mese tipicamente conveniente: agosto"
post,publish,"Voli per Kangirsuk (YKG): offerte, compagnie e periodo migliore per prenotare",voli-per-kangirsuk-ykg,"Confronta voli per Kangirsuk dai principali aeroporti italiani. Scopri prezzi indicativi, compagnie e consigli utili per organizzare la partenza.","<div class=""cpv-landing-note"">
  <p><strong>Perche cercare voli per Kangirsuk qui.</strong> Questa pagina raccoglie un quadro rapido delle partenze italiane piu interessanti per Kangirsuk, con tariffe indicative e consigli per scegliere il periodo piu vantaggioso.</p>
</div>
<div class=""cpv-stat-grid"">
  <div class=""cpv-stat""><strong>EUR 44</strong><span>Prezzo indicativo da monitorare dalle principali aree aeroportuali italiane.</span></div>
  <div class=""cpv-stat""><strong>febbraio</strong><span>Periodo spesso interessante per tenere sotto controllo la rotta.</span></div>
  <div class=""cpv-stat""><strong>9</strong><span>Aeroporti italiani prioritari da confrontare per questa destinazione.</span></div>
</div>
<h2>Offerte voli per Kangirsuk</h2>
<p>Per trovare il miglior equilibrio tra prezzo, durata e comfort, conviene verificare piu aeroporti di partenza italiani e confrontare giorni feriali e weekend.</p>
<table>
  <thead>
    <tr><th>Partenza</th><th>Prezzo da</th><th>Durata indicativa</th><th>Mese da monitorare</th></tr>
  </thead>
  <tbody>
    <tr><td>Leonardo da Vinci-Fiumicino Airport (FCO)</td><td>EUR 140</td><td>1h 10</td><td>febbraio</td></tr><tr><td>Ciampino-G. B. Pastine International Airport (CIA)</td><td>EUR 172</td><td>2h 30</td><td>ottobre</td></tr><tr><td>Milano Malpensa Airport (MXP)</td><td>EUR 103</td><td>3h 00</td><td>gennaio</td></tr><tr><td>Orio al Serio International Airport (BGY)</td><td>EUR 77</td><td>9h 40</td><td>novembre</td></tr><tr><td>Milano Linate Airport (LIN)</td><td>EUR 96</td><td>1h 50</td><td>giugno</td></tr><tr><td>Naples International Airport (NAP)</td><td>EUR 105</td><td>5h 20</td><td>marzo</td></tr><tr><td>Venice Marco Polo Airport (VCE)</td><td>EUR 65</td><td>2h 40</td><td>novembre</td></tr><tr><td>Catania-Fontanarossa Airport (CTA)</td><td>EUR 171</td><td>2h 20</td><td>settembre</td></tr><tr><td>Guglielmo Marconi Airport (BLQ)</td><td>EUR 135</td><td>10h 20</td><td>settembre</td></tr>
  </tbody>
</table>
<h2>Aeroporti italiani da cui conviene partire</h2>
<div class=""cpv-chip-list""><span class=""cpv-chip"">Leonardo da Vinci-Fiumicino Airport</span><span class=""cpv-chip"">Ciampino-G. B. Pastine International Airport</span><span class=""cpv-chip"">Milano Malpensa Airport</span><span class=""cpv-chip"">Orio al Serio International Airport</span><span class=""cpv-chip"">Milano Linate Airport</span><span class=""cpv-chip"">Naples International Airport</span></div>
<div class=""cpv-landing-grid"">
  <div class=""cpv-landing-card""><strong>City break</strong><p>Se Kangirsuk e una meta urbana, le partenze del venerdi e del sabato sono spesso le piu monitorate.</p></div>
  <div class=""cpv-landing-card""><strong>Viaggi stagionali</strong><p>In alcuni periodi dell'anno le tariffe possono variare molto, soprattutto vicino ai ponti e alle festivita.</p></div>
  <div class=""cpv-landing-card""><strong>Confronto rapido</strong><p>Valuta aeroporti maggiori e secondari per capire se un piccolo spostamento porta a un risparmio concreto.</p></div>
</div>
<h2>Domande frequenti sui voli per Kangirsuk</h2>
<div class=""cpv-faq"">
  <details><summary>Qual e il modo migliore per cercare voli per Kangirsuk?</summary><p>Confronta piu aeroporti italiani, prova date flessibili e verifica anche partenze infrasettimanali per migliorare le possibilita di risparmio.</p></details>
  <details><summary>Meglio volo diretto o con scalo?</summary><p>Per tratte medio-brevi il diretto e spesso la scelta piu comoda, mentre su alcune rotte uno scalo puo ridurre il prezzo finale.</p></details>
  <details><summary>Quando controllare i prezzi per Kangirsuk?</summary><p>Vale la pena iniziare a monitorare la rotta in anticipo e verificare con regolarita i giorni piu vicini alla partenza ideale.</p></details>
</div>","Voli per citta|Voli intercontinentali",city,YKG,/voli-per/kangirsuk/,"Voli per Kangirsuk (YKG): offerte e guide | ConfrontaPrezziVoli","Trova voli per Kangirsuk dai principali aeroporti italiani. Tariffe indicative da EUR 44 e consigli per scegliere il periodo migliore.","voli per Kangirsuk",cities,"Mese tipicamente conveniente: febbraio"
post,publish,"Voli per Kannur (CNN): offerte, compagnie e periodo migliore per prenotare",voli-per-kannur-cnn,"Confronta voli per Kannur dai principali aeroporti italiani. Scopri prezzi indicativi, compagnie e consigli utili per organizzare la partenza.","<div class=""cpv-landing-note"">
  <p><strong>Perche cercare voli per Kannur qui.</strong> Questa pagina raccoglie un quadro rapido delle partenze italiane piu interessanti per Kannur, con tariffe indicative e consigli per scegliere il periodo piu vantaggioso.</p>
</div>
<div class=""cpv-stat-grid"">
  <div class=""cpv-stat""><strong>EUR 37</strong><span>Prezzo indicativo da monitorare dalle principali aree aeroportuali italiane.</span></div>
  <div class=""cpv-stat""><strong>luglio</strong><span>Periodo spesso interessante per tenere sotto controllo la rotta.</span></div>
  <div class=""cpv-stat""><strong>9</strong><span>Aeroporti italiani prioritari da confrontare per questa destinazione.</span></div>
</div>
<h2>Offerte voli per Kannur</h2>
<p>Per trovare il miglior equilibrio tra prezzo, durata e comfort, conviene verificare piu aeroporti di partenza italiani e confrontare giorni feriali e weekend.</p>
<table>
  <thead>
    <tr><th>Partenza</th><th>Prezzo da</th><th>Durata indicativa</th><th>Mese da monitorare</th></tr>
  </thead>
  <tbody>
    <tr><td>Leonardo da Vinci-Fiumicino Airport (FCO)</td><td>EUR 153</td><td>9h 20</td><td>marzo</td></tr><tr><td>Ciampino-G. B. Pastine International Airport (CIA)</td><td>EUR 109</td><td>4h 00</td><td>luglio</td></tr><tr><td>Milano Malpensa Airport (MXP)</td><td>EUR 26</td><td>1h 10</td><td>agosto</td></tr><tr><td>Orio al Serio International Airport (BGY)</td><td>EUR 28</td><td>7h 30</td><td>ottobre</td></tr><tr><td>Milano Linate Airport (LIN)</td><td>EUR 29</td><td>8h 40</td><td>novembre</td></tr><tr><td>Naples International Airport (NAP)</td><td>EUR 52</td><td>4h 30</td><td>ottobre</td></tr><tr><td>Venice Marco Polo Airport (VCE)</td><td>EUR 196</td><td>8h 30</td><td>ottobre</td></tr><tr><td>Catania-Fontanarossa Airport (CTA)</td><td>EUR 118</td><td>5h 30</td><td>aprile</td></tr><tr><td>Guglielmo Marconi Airport (BLQ)</td><td>EUR 126</td><td>1h 50</td><td>dicembre</td></tr>
  </tbody>
</table>
<h2>Aeroporti italiani da cui conviene partire</h2>
<div class=""cpv-chip-list""><span class=""cpv-chip"">Leonardo da Vinci-Fiumicino Airport</span><span class=""cpv-chip"">Ciampino-G. B. Pastine International Airport</span><span class=""cpv-chip"">Milano Malpensa Airport</span><span class=""cpv-chip"">Orio al Serio International Airport</span><span class=""cpv-chip"">Milano Linate Airport</span><span class=""cpv-chip"">Naples International Airport</span></div>
<div class=""cpv-landing-grid"">
  <div class=""cpv-landing-card""><strong>City break</strong><p>Se Kannur e una meta urbana, le partenze del venerdi e del sabato sono spesso le piu monitorate.</p></div>
  <div class=""cpv-landing-card""><strong>Viaggi stagionali</strong><p>In alcuni periodi dell'anno le tariffe possono variare molto, soprattutto vicino ai ponti e alle festivita.</p></div>
  <div class=""cpv-landing-card""><strong>Confronto rapido</strong><p>Valuta aeroporti maggiori e secondari per capire se un piccolo spostamento porta a un risparmio concreto.</p></div>
</div>
<h2>Domande frequenti sui voli per Kannur</h2>
<div class=""cpv-faq"">
  <details><summary>Qual e il modo migliore per cercare voli per Kannur?</summary><p>Confronta piu aeroporti italiani, prova date flessibili e verifica anche partenze infrasettimanali per migliorare le possibilita di risparmio.</p></details>
  <details><summary>Meglio volo diretto o con scalo?</summary><p>Per tratte medio-brevi il diretto e spesso la scelta piu comoda, mentre su alcune rotte uno scalo puo ridurre il prezzo finale.</p></details>
  <details><summary>Quando controllare i prezzi per Kannur?</summary><p>Vale la pena iniziare a monitorare la rotta in anticipo e verificare con regolarita i giorni piu vicini alla partenza ideale.</p></details>
</div>","Voli per citta|Voli intercontinentali",city,CNN,/voli-per/kannur/,"Voli per Kannur (CNN): offerte e guide | ConfrontaPrezziVoli","Trova voli per Kannur dai principali aeroporti italiani. Tariffe indicative da EUR 37 e consigli per scegliere il periodo migliore.","voli per Kannur",cities,"Mese tipicamente conveniente: luglio"
post,publish,"Voli per Kano (KAN): offerte, compagnie e periodo migliore per prenotare",voli-per-kano-kan,"Confronta voli per Kano dai principali aeroporti italiani. Scopri prezzi indicativi, compagnie e consigli utili per organizzare la partenza.","<div class=""cpv-landing-note"">
  <p><strong>Perche cercare voli per Kano qui.</strong> Questa pagina raccoglie un quadro rapido delle partenze italiane piu interessanti per Kano, con tariffe indicative e consigli per scegliere il periodo piu vantaggioso.</p>
</div>
<div class=""cpv-stat-grid"">
  <div class=""cpv-stat""><strong>EUR 160</strong><span>Prezzo indicativo da monitorare dalle principali aree aeroportuali italiane.</span></div>
  <div class=""cpv-stat""><strong>ottobre</strong><span>Periodo spesso interessante per tenere sotto controllo la rotta.</span></div>
  <div class=""cpv-stat""><strong>9</strong><span>Aeroporti italiani prioritari da confrontare per questa destinazione.</span></div>
</div>
<h2>Offerte voli per Kano</h2>
<p>Per trovare il miglior equilibrio tra prezzo, durata e comfort, conviene verificare piu aeroporti di partenza italiani e confrontare giorni feriali e weekend.</p>
<table>
  <thead>
    <tr><th>Partenza</th><th>Prezzo da</th><th>Durata indicativa</th><th>Mese da monitorare</th></tr>
  </thead>
  <tbody>
    <tr><td>Leonardo da Vinci-Fiumicino Airport (FCO)</td><td>EUR 116</td><td>4h 10</td><td>febbraio</td></tr><tr><td>Ciampino-G. B. Pastine International Airport (CIA)</td><td>EUR 100</td><td>7h 30</td><td>ottobre</td></tr><tr><td>Milano Malpensa Airport (MXP)</td><td>EUR 59</td><td>9h 40</td><td>maggio</td></tr><tr><td>Orio al Serio International Airport (BGY)</td><td>EUR 97</td><td>3h 00</td><td>luglio</td></tr><tr><td>Milano Linate Airport (LIN)</td><td>EUR 120</td><td>5h 50</td><td>giugno</td></tr><tr><td>Naples International Airport (NAP)</td><td>EUR 129</td><td>2h 20</td><td>marzo</td></tr><tr><td>Venice Marco Polo Airport (VCE)</td><td>EUR 61</td><td>11h 00</td><td>luglio</td></tr><tr><td>Catania-Fontanarossa Airport (CTA)</td><td>EUR 91</td><td>1h 00</td><td>gennaio</td></tr><tr><td>Guglielmo Marconi Airport (BLQ)</td><td>EUR 31</td><td>8h 00</td><td>gennaio</td></tr>
  </tbody>
</table>
<h2>Aeroporti italiani da cui conviene partire</h2>
<div class=""cpv-chip-list""><span class=""cpv-chip"">Leonardo da Vinci-Fiumicino Airport</span><span class=""cpv-chip"">Ciampino-G. B. Pastine International Airport</span><span class=""cpv-chip"">Milano Malpensa Airport</span><span class=""cpv-chip"">Orio al Serio International Airport</span><span class=""cpv-chip"">Milano Linate Airport</span><span class=""cpv-chip"">Naples International Airport</span></div>
<div class=""cpv-landing-grid"">
  <div class=""cpv-landing-card""><strong>City break</strong><p>Se Kano e una meta urbana, le partenze del venerdi e del sabato sono spesso le piu monitorate.</p></div>
  <div class=""cpv-landing-card""><strong>Viaggi stagionali</strong><p>In alcuni periodi dell'anno le tariffe possono variare molto, soprattutto vicino ai ponti e alle festivita.</p></div>
  <div class=""cpv-landing-card""><strong>Confronto rapido</strong><p>Valuta aeroporti maggiori e secondari per capire se un piccolo spostamento porta a un risparmio concreto.</p></div>
</div>
<h2>Domande frequenti sui voli per Kano</h2>
<div class=""cpv-faq"">
  <details><summary>Qual e il modo migliore per cercare voli per Kano?</summary><p>Confronta piu aeroporti italiani, prova date flessibili e verifica anche partenze infrasettimanali per migliorare le possibilita di risparmio.</p></details>
  <details><summary>Meglio volo diretto o con scalo?</summary><p>Per tratte medio-brevi il diretto e spesso la scelta piu comoda, mentre su alcune rotte uno scalo puo ridurre il prezzo finale.</p></details>
  <details><summary>Quando controllare i prezzi per Kano?</summary><p>Vale la pena iniziare a monitorare la rotta in anticipo e verificare con regolarita i giorni piu vicini alla partenza ideale.</p></details>
</div>","Voli per citta|Voli intercontinentali",city,KAN,/voli-per/kano/,"Voli per Kano (KAN): offerte e guide | ConfrontaPrezziVoli","Trova voli per Kano dai principali aeroporti italiani. Tariffe indicative da EUR 160 e consigli per scegliere il periodo migliore.","voli per Kano",cities,"Mese tipicamente conveniente: ottobre"
post,publish,"Voli per Kanpur (KNU): offerte, compagnie e periodo migliore per prenotare",voli-per-kanpur-knu,"Confronta voli per Kanpur dai principali aeroporti italiani. Scopri prezzi indicativi, compagnie e consigli utili per organizzare la partenza.","<div class=""cpv-landing-note"">
  <p><strong>Perche cercare voli per Kanpur qui.</strong> Questa pagina raccoglie un quadro rapido delle partenze italiane piu interessanti per Kanpur, con tariffe indicative e consigli per scegliere il periodo piu vantaggioso.</p>
</div>
<div class=""cpv-stat-grid"">
  <div class=""cpv-stat""><strong>EUR 169</strong><span>Prezzo indicativo da monitorare dalle principali aree aeroportuali italiane.</span></div>
  <div class=""cpv-stat""><strong>luglio</strong><span>Periodo spesso interessante per tenere sotto controllo la rotta.</span></div>
  <div class=""cpv-stat""><strong>9</strong><span>Aeroporti italiani prioritari da confrontare per questa destinazione.</span></div>
</div>
<h2>Offerte voli per Kanpur</h2>
<p>Per trovare il miglior equilibrio tra prezzo, durata e comfort, conviene verificare piu aeroporti di partenza italiani e confrontare giorni feriali e weekend.</p>
<table>
  <thead>
    <tr><th>Partenza</th><th>Prezzo da</th><th>Durata indicativa</th><th>Mese da monitorare</th></tr>
  </thead>
  <tbody>
    <tr><td>Leonardo da Vinci-Fiumicino Airport (FCO)</td><td>EUR 109</td><td>9h 00</td><td>luglio</td></tr><tr><td>Ciampino-G. B. Pastine International Airport (CIA)</td><td>EUR 97</td><td>2h 00</td><td>luglio</td></tr><tr><td>Milano Malpensa Airport (MXP)</td><td>EUR 78</td><td>3h 50</td><td>dicembre</td></tr><tr><td>Orio al Serio International Airport (BGY)</td><td>EUR 132</td><td>3h 50</td><td>giugno</td></tr><tr><td>Milano Linate Airport (LIN)</td><td>EUR 161</td><td>3h 40</td><td>novembre</td></tr><tr><td>Naples International Airport (NAP)</td><td>EUR 68</td><td>1h 10</td><td>febbraio</td></tr><tr><td>Venice Marco Polo Airport (VCE)</td><td>EUR 120</td><td>4h 50</td><td>giugno</td></tr><tr><td>Catania-Fontanarossa Airport (CTA)</td><td>EUR 150</td><td>8h 50</td><td>dicembre</td></tr><tr><td>Guglielmo Marconi Airport (BLQ)</td><td>EUR 114</td><td>3h 50</td><td>dicembre</td></tr>
  </tbody>
</table>
<h2>Aeroporti italiani da cui conviene partire</h2>
<div class=""cpv-chip-list""><span class=""cpv-chip"">Leonardo da Vinci-Fiumicino Airport</span><span class=""cpv-chip"">Ciampino-G. B. Pastine International Airport</span><span class=""cpv-chip"">Milano Malpensa Airport</span><span class=""cpv-chip"">Orio al Serio International Airport</span><span class=""cpv-chip"">Milano Linate Airport</span><span class=""cpv-chip"">Naples International Airport</span></div>
<div class=""cpv-landing-grid"">
  <div class=""cpv-landing-card""><strong>City break</strong><p>Se Kanpur e una meta urbana, le partenze del venerdi e del sabato sono spesso le piu monitorate.</p></div>
  <div class=""cpv-landing-card""><strong>Viaggi stagionali</strong><p>In alcuni periodi dell'anno le tariffe possono variare molto, soprattutto vicino ai ponti e alle festivita.</p></div>
  <div class=""cpv-landing-card""><strong>Confronto rapido</strong><p>Valuta aeroporti maggiori e secondari per capire se un piccolo spostamento porta a un risparmio concreto.</p></div>
</div>
<h2>Domande frequenti sui voli per Kanpur</h2>
<div class=""cpv-faq"">
  <details><summary>Qual e il modo migliore per cercare voli per Kanpur?</summary><p>Confronta piu aeroporti italiani, prova date flessibili e verifica anche partenze infrasettimanali per migliorare le possibilita di risparmio.</p></details>
  <details><summary>Meglio volo diretto o con scalo?</summary><p>Per tratte medio-brevi il diretto e spesso la scelta piu comoda, mentre su alcune rotte uno scalo puo ridurre il prezzo finale.</p></details>
  <details><summary>Quando controllare i prezzi per Kanpur?</summary><p>Vale la pena iniziare a monitorare la rotta in anticipo e verificare con regolarita i giorni piu vicini alla partenza ideale.</p></details>
</div>","Voli per citta|Voli intercontinentali",city,KNU,/voli-per/kanpur/,"Voli per Kanpur (KNU): offerte e guide | ConfrontaPrezziVoli","Trova voli per Kanpur dai principali aeroporti italiani. Tariffe indicative da EUR 169 e consigli per scegliere il periodo migliore.","voli per Kanpur",cities,"Mese tipicamente conveniente: luglio"
post,publish,"Voli per Kansas City (MKC): offerte, compagnie e periodo migliore per prenotare",voli-per-kansas-city-mkc,"Confronta voli per Kansas City dai principali aeroporti italiani. Scopri prezzi indicativi, compagnie e consigli utili per organizzare la partenza.","<div class=""cpv-landing-note"">
  <p><strong>Perche cercare voli per Kansas City qui.</strong> Questa pagina raccoglie un quadro rapido delle partenze italiane piu interessanti per Kansas City, con tariffe indicative e consigli per scegliere il periodo piu vantaggioso.</p>
</div>
<div class=""cpv-stat-grid"">
  <div class=""cpv-stat""><strong>EUR 55</strong><span>Prezzo indicativo da monitorare dalle principali aree aeroportuali italiane.</span></div>
  <div class=""cpv-stat""><strong>gennaio</strong><span>Periodo spesso interessante per tenere sotto controllo la rotta.</span></div>
  <div class=""cpv-stat""><strong>9</strong><span>Aeroporti italiani prioritari da confrontare per questa destinazione.</span></div>
</div>
<h2>Offerte voli per Kansas City</h2>
<p>Per trovare il miglior equilibrio tra prezzo, durata e comfort, conviene verificare piu aeroporti di partenza italiani e confrontare giorni feriali e weekend.</p>
<table>
  <thead>
    <tr><th>Partenza</th><th>Prezzo da</th><th>Durata indicativa</th><th>Mese da monitorare</th></tr>
  </thead>
  <tbody>
    <tr><td>Leonardo da Vinci-Fiumicino Airport (FCO)</td><td>EUR 187</td><td>11h 00</td><td>gennaio</td></tr><tr><td>Ciampino-G. B. Pastine International Airport (CIA)</td><td>EUR 127</td><td>5h 00</td><td>gennaio</td></tr><tr><td>Milano Malpensa Airport (MXP)</td><td>EUR 132</td><td>11h 50</td><td>giugno</td></tr><tr><td>Orio al Serio International Airport (BGY)</td><td>EUR 126</td><td>9h 50</td><td>dicembre</td></tr><tr><td>Milano Linate Airport (LIN)</td><td>EUR 131</td><td>9h 40</td><td>maggio</td></tr><tr><td>Naples International Airport (NAP)</td><td>EUR 50</td><td>11h 10</td><td>agosto</td></tr><tr><td>Venice Marco Polo Airport (VCE)</td><td>EUR 122</td><td>3h 10</td><td>agosto</td></tr><tr><td>Catania-Fontanarossa Airport (CTA)</td><td>EUR 164</td><td>8h 10</td><td>febbraio</td></tr><tr><td>Guglielmo Marconi Airport (BLQ)</td><td>EUR 160</td><td>7h 30</td><td>ottobre</td></tr>
  </tbody>
</table>
<h2>Aeroporti italiani da cui conviene partire</h2>
<div class=""cpv-chip-list""><span class=""cpv-chip"">Leonardo da Vinci-Fiumicino Airport</span><span class=""cpv-chip"">Ciampino-G. B. Pastine International Airport</span><span class=""cpv-chip"">Milano Malpensa Airport</span><span class=""cpv-chip"">Orio al Serio International Airport</span><span class=""cpv-chip"">Milano Linate Airport</span><span class=""cpv-chip"">Naples International Airport</span></div>
<div class=""cpv-landing-grid"">
  <div class=""cpv-landing-card""><strong>City break</strong><p>Se Kansas City e una meta urbana, le partenze del venerdi e del sabato sono spesso le piu monitorate.</p></div>
  <div class=""cpv-landing-card""><strong>Viaggi stagionali</strong><p>In alcuni periodi dell'anno le tariffe possono variare molto, soprattutto vicino ai ponti e alle festivita.</p></div>
  <div class=""cpv-landing-card""><strong>Confronto rapido</strong><p>Valuta aeroporti maggiori e secondari per capire se un piccolo spostamento porta a un risparmio concreto.</p></div>
</div>
<h2>Domande frequenti sui voli per Kansas City</h2>
<div class=""cpv-faq"">
  <details><summary>Qual e il modo migliore per cercare voli per Kansas City?</summary><p>Confronta piu aeroporti italiani, prova date flessibili e verifica anche partenze infrasettimanali per migliorare le possibilita di risparmio.</p></details>
  <details><summary>Meglio volo diretto o con scalo?</summary><p>Per tratte medio-brevi il diretto e spesso la scelta piu comoda, mentre su alcune rotte uno scalo puo ridurre il prezzo finale.</p></details>
  <details><summary>Quando controllare i prezzi per Kansas City?</summary><p>Vale la pena iniziare a monitorare la rotta in anticipo e verificare con regolarita i giorni piu vicini alla partenza ideale.</p></details>
</div>","Voli per citta|Voli intercontinentali",city,MKC,/voli-per/kansas-city/,"Voli per Kansas City (MKC): offerte e guide | ConfrontaPrezziVoli","Trova voli per Kansas City dai principali aeroporti italiani. Tariffe indicative da EUR 55 e consigli per scegliere il periodo migliore.","voli per Kansas City",cities,"Mese tipicamente conveniente: gennaio"
post,publish,"Voli per Kaohsiung (KHH): offerte, compagnie e periodo migliore per prenotare",voli-per-kaohsiung-khh,"Confronta voli per Kaohsiung dai principali aeroporti italiani. Scopri prezzi indicativi, compagnie e consigli utili per organizzare la partenza.","<div class=""cpv-landing-note"">
  <p><strong>Perche cercare voli per Kaohsiung qui.</strong> Questa pagina raccoglie un quadro rapido delle partenze italiane piu interessanti per Kaohsiung, con tariffe indicative e consigli per scegliere il periodo piu vantaggioso.</p>
</div>
<div class=""cpv-stat-grid"">
  <div class=""cpv-stat""><strong>EUR 140</strong><span>Prezzo indicativo da monitorare dalle principali aree aeroportuali italiane.</span></div>
  <div class=""cpv-stat""><strong>febbraio</strong><span>Periodo spesso interessante per tenere sotto controllo la rotta.</span></div>
  <div class=""cpv-stat""><strong>9</strong><span>Aeroporti italiani prioritari da confrontare per questa destinazione.</span></div>
</div>
<h2>Offerte voli per Kaohsiung</h2>
<p>Per trovare il miglior equilibrio tra prezzo, durata e comfort, conviene verificare piu aeroporti di partenza italiani e confrontare giorni feriali e weekend.</p>
<table>
  <thead>
    <tr><th>Partenza</th><th>Prezzo da</th><th>Durata indicativa</th><th>Mese da monitorare</th></tr>
  </thead>
  <tbody>
    <tr><td>Leonardo da Vinci-Fiumicino Airport (FCO)</td><td>EUR 128</td><td>8h 10</td><td>febbraio</td></tr><tr><td>Ciampino-G. B. Pastine International Airport (CIA)</td><td>EUR 56</td><td>9h 10</td><td>febbraio</td></tr><tr><td>Milano Malpensa Airport (MXP)</td><td>EUR 99</td><td>8h 20</td><td>settembre</td></tr><tr><td>Orio al Serio International Airport (BGY)</td><td>EUR 177</td><td>4h 20</td><td>marzo</td></tr><tr><td>Milano Linate Airport (LIN)</td><td>EUR 68</td><td>5h 10</td><td>febbraio</td></tr><tr><td>Naples International Airport (NAP)</td><td>EUR 161</td><td>2h 40</td><td>novembre</td></tr><tr><td>Venice Marco Polo Airport (VCE)</td><td>EUR 97</td><td>7h 00</td><td>luglio</td></tr><tr><td>Catania-Fontanarossa Airport (CTA)</td><td>EUR 179</td><td>4h 40</td><td>maggio</td></tr><tr><td>Guglielmo Marconi Airport (BLQ)</td><td>EUR 139</td><td>11h 00</td><td>gennaio</td></tr>
  </tbody>
</table>
<h2>Aeroporti italiani da cui conviene partire</h2>
<div class=""cpv-chip-list""><span class=""cpv-chip"">Leonardo da Vinci-Fiumicino Airport</span><span class=""cpv-chip"">Ciampino-G. B. Pastine International Airport</span><span class=""cpv-chip"">Milano Malpensa Airport</span><span class=""cpv-chip"">Orio al Serio International Airport</span><span class=""cpv-chip"">Milano Linate Airport</span><span class=""cpv-chip"">Naples International Airport</span></div>
<div class=""cpv-landing-grid"">
  <div class=""cpv-landing-card""><strong>City break</strong><p>Se Kaohsiung e una meta urbana, le partenze del venerdi e del sabato sono spesso le piu monitorate.</p></div>
  <div class=""cpv-landing-card""><strong>Viaggi stagionali</strong><p>In alcuni periodi dell'anno le tariffe possono variare molto, soprattutto vicino ai ponti e alle festivita.</p></div>
  <div class=""cpv-landing-card""><strong>Confronto rapido</strong><p>Valuta aeroporti maggiori e secondari per capire se un piccolo spostamento porta a un risparmio concreto.</p></div>
</div>
<h2>Domande frequenti sui voli per Kaohsiung</h2>
<div class=""cpv-faq"">
  <details><summary>Qual e il modo migliore per cercare voli per Kaohsiung?</summary><p>Confronta piu aeroporti italiani, prova date flessibili e verifica anche partenze infrasettimanali per migliorare le possibilita di risparmio.</p></details>
  <details><summary>Meglio volo diretto o con scalo?</summary><p>Per tratte medio-brevi il diretto e spesso la scelta piu comoda, mentre su alcune rotte uno scalo puo ridurre il prezzo finale.</p></details>
  <details><summary>Quando controllare i prezzi per Kaohsiung?</summary><p>Vale la pena iniziare a monitorare la rotta in anticipo e verificare con regolarita i giorni piu vicini alla partenza ideale.</p></details>
</div>","Voli per citta|Voli intercontinentali",city,KHH,/voli-per/kaohsiung/,"Voli per Kaohsiung (KHH): offerte e guide | ConfrontaPrezziVoli","Trova voli per Kaohsiung dai principali aeroporti italiani. Tariffe indicative da EUR 140 e consigli per scegliere il periodo migliore.","voli per Kaohsiung",cities,"Mese tipicamente conveniente: febbraio"
post,publish,"Voli per Kapalua (JHM): offerte, compagnie e periodo migliore per prenotare",voli-per-kapalua-jhm,"Confronta voli per Kapalua dai principali aeroporti italiani. Scopri prezzi indicativi, compagnie e consigli utili per organizzare la partenza.","<div class=""cpv-landing-note"">
  <p><strong>Perche cercare voli per Kapalua qui.</strong> Questa pagina raccoglie un quadro rapido delle partenze italiane piu interessanti per Kapalua, con tariffe indicative e consigli per scegliere il periodo piu vantaggioso.</p>
</div>
<div class=""cpv-stat-grid"">
  <div class=""cpv-stat""><strong>EUR 28</strong><span>Prezzo indicativo da monitorare dalle principali aree aeroportuali italiane.</span></div>
  <div class=""cpv-stat""><strong>ottobre</strong><span>Periodo spesso interessante per tenere sotto controllo la rotta.</span></div>
  <div class=""cpv-stat""><strong>9</strong><span>Aeroporti italiani prioritari da confrontare per questa destinazione.</span></div>
</div>
<h2>Offerte voli per Kapalua</h2>
<p>Per trovare il miglior equilibrio tra prezzo, durata e comfort, conviene verificare piu aeroporti di partenza italiani e confrontare giorni feriali e weekend.</p>
<table>
  <thead>
    <tr><th>Partenza</th><th>Prezzo da</th><th>Durata indicativa</th><th>Mese da monitorare</th></tr>
  </thead>
  <tbody>
    <tr><td>Leonardo da Vinci-Fiumicino Airport (FCO)</td><td>EUR 80</td><td>9h 10</td><td>febbraio</td></tr><tr><td>Ciampino-G. B. Pastine International Airport (CIA)</td><td>EUR 88</td><td>1h 30</td><td>ottobre</td></tr><tr><td>Milano Malpensa Airport (MXP)</td><td>EUR 31</td><td>8h 00</td><td>gennaio</td></tr><tr><td>Orio al Serio International Airport (BGY)</td><td>EUR 145</td><td>6h 00</td><td>luglio</td></tr><tr><td>Milano Linate Airport (LIN)</td><td>EUR 72</td><td>7h 50</td><td>giugno</td></tr><tr><td>Naples International Airport (NAP)</td><td>EUR 101</td><td>10h 40</td><td>novembre</td></tr><tr><td>Venice Marco Polo Airport (VCE)</td><td>EUR 41</td><td>5h 40</td><td>novembre</td></tr><tr><td>Catania-Fontanarossa Airport (CTA)</td><td>EUR 143</td><td>10h 40</td><td>maggio</td></tr><tr><td>Guglielmo Marconi Airport (BLQ)</td><td>EUR 27</td><td>8h 20</td><td>settembre</td></tr>
  </tbody>
</table>
<h2>Aeroporti italiani da cui conviene partire</h2>
<div class=""cpv-chip-list""><span class=""cpv-chip"">Leonardo da Vinci-Fiumicino Airport</span><span class=""cpv-chip"">Ciampino-G. B. Pastine International Airport</span><span class=""cpv-chip"">Milano Malpensa Airport</span><span class=""cpv-chip"">Orio al Serio International Airport</span><span class=""cpv-chip"">Milano Linate Airport</span><span class=""cpv-chip"">Naples International Airport</span></div>
<div class=""cpv-landing-grid"">
  <div class=""cpv-landing-card""><strong>City break</strong><p>Se Kapalua e una meta urbana, le partenze del venerdi e del sabato sono spesso le piu monitorate.</p></div>
  <div class=""cpv-landing-card""><strong>Viaggi stagionali</strong><p>In alcuni periodi dell'anno le tariffe possono variare molto, soprattutto vicino ai ponti e alle festivita.</p></div>
  <div class=""cpv-landing-card""><strong>Confronto rapido</strong><p>Valuta aeroporti maggiori e secondari per capire se un piccolo spostamento porta a un risparmio concreto.</p></div>
</div>
<h2>Domande frequenti sui voli per Kapalua</h2>
<div class=""cpv-faq"">
  <details><summary>Qual e il modo migliore per cercare voli per Kapalua?</summary><p>Confronta piu aeroporti italiani, prova date flessibili e verifica anche partenze infrasettimanali per migliorare le possibilita di risparmio.</p></details>
  <details><summary>Meglio volo diretto o con scalo?</summary><p>Per tratte medio-brevi il diretto e spesso la scelta piu comoda, mentre su alcune rotte uno scalo puo ridurre il prezzo finale.</p></details>
  <details><summary>Quando controllare i prezzi per Kapalua?</summary><p>Vale la pena iniziare a monitorare la rotta in anticipo e verificare con regolarita i giorni piu vicini alla partenza ideale.</p></details>
</div>","Voli per citta|Voli intercontinentali",city,JHM,/voli-per/kapalua/,"Voli per Kapalua (JHM): offerte e guide | ConfrontaPrezziVoli","Trova voli per Kapalua dai principali aeroporti italiani. Tariffe indicative da EUR 28 e consigli per scegliere il periodo migliore.","voli per Kapalua",cities,"Mese tipicamente conveniente: ottobre"
post,publish,"Voli per Kapuskasing (YYU): offerte, compagnie e periodo migliore per prenotare",voli-per-kapuskasing-yyu,"Confronta voli per Kapuskasing dai principali aeroporti italiani. Scopri prezzi indicativi, compagnie e consigli utili per organizzare la partenza.","<div class=""cpv-landing-note"">
  <p><strong>Perche cercare voli per Kapuskasing qui.</strong> Questa pagina raccoglie un quadro rapido delle partenze italiane piu interessanti per Kapuskasing, con tariffe indicative e consigli per scegliere il periodo piu vantaggioso.</p>
</div>
<div class=""cpv-stat-grid"">
  <div class=""cpv-stat""><strong>EUR 45</strong><span>Prezzo indicativo da monitorare dalle principali aree aeroportuali italiane.</span></div>
  <div class=""cpv-stat""><strong>marzo</strong><span>Periodo spesso interessante per tenere sotto controllo la rotta.</span></div>
  <div class=""cpv-stat""><strong>9</strong><span>Aeroporti italiani prioritari da confrontare per questa destinazione.</span></div>
</div>
<h2>Offerte voli per Kapuskasing</h2>
<p>Per trovare il miglior equilibrio tra prezzo, durata e comfort, conviene verificare piu aeroporti di partenza italiani e confrontare giorni feriali e weekend.</p>
<table>
  <thead>
    <tr><th>Partenza</th><th>Prezzo da</th><th>Durata indicativa</th><th>Mese da monitorare</th></tr>
  </thead>
  <tbody>
    <tr><td>Leonardo da Vinci-Fiumicino Airport (FCO)</td><td>EUR 85</td><td>7h 00</td><td>luglio</td></tr><tr><td>Ciampino-G. B. Pastine International Airport (CIA)</td><td>EUR 177</td><td>7h 20</td><td>marzo</td></tr><tr><td>Milano Malpensa Airport (MXP)</td><td>EUR 46</td><td>5h 30</td><td>aprile</td></tr><tr><td>Orio al Serio International Airport (BGY)</td><td>EUR 52</td><td>5h 30</td><td>ottobre</td></tr><tr><td>Milano Linate Airport (LIN)</td><td>EUR 101</td><td>9h 40</td><td>novembre</td></tr><tr><td>Naples International Airport (NAP)</td><td>EUR 160</td><td>6h 30</td><td>ottobre</td></tr><tr><td>Venice Marco Polo Airport (VCE)</td><td>EUR 56</td><td>2h 10</td><td>febbraio</td></tr><tr><td>Catania-Fontanarossa Airport (CTA)</td><td>EUR 134</td><td>6h 10</td><td>agosto</td></tr><tr><td>Guglielmo Marconi Airport (BLQ)</td><td>EUR 126</td><td>4h 50</td><td>dicembre</td></tr>
  </tbody>
</table>
<h2>Aeroporti italiani da cui conviene partire</h2>
<div class=""cpv-chip-list""><span class=""cpv-chip"">Leonardo da Vinci-Fiumicino Airport</span><span class=""cpv-chip"">Ciampino-G. B. Pastine International Airport</span><span class=""cpv-chip"">Milano Malpensa Airport</span><span class=""cpv-chip"">Orio al Serio International Airport</span><span class=""cpv-chip"">Milano Linate Airport</span><span class=""cpv-chip"">Naples International Airport</span></div>
<div class=""cpv-landing-grid"">
  <div class=""cpv-landing-card""><strong>City break</strong><p>Se Kapuskasing e una meta urbana, le partenze del venerdi e del sabato sono spesso le piu monitorate.</p></div>
  <div class=""cpv-landing-card""><strong>Viaggi stagionali</strong><p>In alcuni periodi dell'anno le tariffe possono variare molto, soprattutto vicino ai ponti e alle festivita.</p></div>
  <div class=""cpv-landing-card""><strong>Confronto rapido</strong><p>Valuta aeroporti maggiori e secondari per capire se un piccolo spostamento porta a un risparmio concreto.</p></div>
</div>
<h2>Domande frequenti sui voli per Kapuskasing</h2>
<div class=""cpv-faq"">
  <details><summary>Qual e il modo migliore per cercare voli per Kapuskasing?</summary><p>Confronta piu aeroporti italiani, prova date flessibili e verifica anche partenze infrasettimanali per migliorare le possibilita di risparmio.</p></details>
  <details><summary>Meglio volo diretto o con scalo?</summary><p>Per tratte medio-brevi il diretto e spesso la scelta piu comoda, mentre su alcune rotte uno scalo puo ridurre il prezzo finale.</p></details>
  <details><summary>Quando controllare i prezzi per Kapuskasing?</summary><p>Vale la pena iniziare a monitorare la rotta in anticipo e verificare con regolarita i giorni piu vicini alla partenza ideale.</p></details>
</div>","Voli per citta|Voli intercontinentali",city,YYU,/voli-per/kapuskasing/,"Voli per Kapuskasing (YYU): offerte e guide | ConfrontaPrezziVoli","Trova voli per Kapuskasing dai principali aeroporti italiani. Tariffe indicative da EUR 45 e consigli per scegliere il periodo migliore.","voli per Kapuskasing",cities,"Mese tipicamente conveniente: marzo"
post,publish,"Voli per Karachi (KHI): offerte, compagnie e periodo migliore per prenotare",voli-per-karachi-khi,"Confronta voli per Karachi dai principali aeroporti italiani. Scopri prezzi indicativi, compagnie e consigli utili per organizzare la partenza.","<div class=""cpv-landing-note"">
  <p><strong>Perche cercare voli per Karachi qui.</strong> Questa pagina raccoglie un quadro rapido delle partenze italiane piu interessanti per Karachi, con tariffe indicative e consigli per scegliere il periodo piu vantaggioso.</p>
</div>
<div class=""cpv-stat-grid"">
  <div class=""cpv-stat""><strong>EUR 182</strong><span>Prezzo indicativo da monitorare dalle principali aree aeroportuali italiane.</span></div>
  <div class=""cpv-stat""><strong>agosto</strong><span>Periodo spesso interessante per tenere sotto controllo la rotta.</span></div>
  <div class=""cpv-stat""><strong>9</strong><span>Aeroporti italiani prioritari da confrontare per questa destinazione.</span></div>
</div>
<h2>Offerte voli per Karachi</h2>
<p>Per trovare il miglior equilibrio tra prezzo, durata e comfort, conviene verificare piu aeroporti di partenza italiani e confrontare giorni feriali e weekend.</p>
<table>
  <thead>
    <tr><th>Partenza</th><th>Prezzo da</th><th>Durata indicativa</th><th>Mese da monitorare</th></tr>
  </thead>
  <tbody>
    <tr><td>Leonardo da Vinci-Fiumicino Airport (FCO)</td><td>EUR 46</td><td>2h 30</td><td>aprile</td></tr><tr><td>Ciampino-G. B. Pastine International Airport (CIA)</td><td>EUR 106</td><td>6h 30</td><td>aprile</td></tr><tr><td>Milano Malpensa Airport (MXP)</td><td>EUR 161</td><td>9h 40</td><td>novembre</td></tr><tr><td>Orio al Serio International Airport (BGY)</td><td>EUR 95</td><td>6h 40</td><td>maggio</td></tr><tr><td>Milano Linate Airport (LIN)</td><td>EUR 182</td><td>8h 10</td><td>agosto</td></tr><tr><td>Naples International Airport (NAP)</td><td>EUR 151</td><td>2h 00</td><td>gennaio</td></tr><tr><td>Venice Marco Polo Airport (VCE)</td><td>EUR 163</td><td>2h 00</td><td>gennaio</td></tr><tr><td>Catania-Fontanarossa Airport (CTA)</td><td>EUR 89</td><td>11h 40</td><td>novembre</td></tr><tr><td>Guglielmo Marconi Airport (BLQ)</td><td>EUR 21</td><td>4h 20</td><td>marzo</td></tr>
  </tbody>
</table>
<h2>Aeroporti italiani da cui conviene partire</h2>
<div class=""cpv-chip-list""><span class=""cpv-chip"">Leonardo da Vinci-Fiumicino Airport</span><span class=""cpv-chip"">Ciampino-G. B. Pastine International Airport</span><span class=""cpv-chip"">Milano Malpensa Airport</span><span class=""cpv-chip"">Orio al Serio International Airport</span><span class=""cpv-chip"">Milano Linate Airport</span><span class=""cpv-chip"">Naples International Airport</span></div>
<div class=""cpv-landing-grid"">
  <div class=""cpv-landing-card""><strong>City break</strong><p>Se Karachi e una meta urbana, le partenze del venerdi e del sabato sono spesso le piu monitorate.</p></div>
  <div class=""cpv-landing-card""><strong>Viaggi stagionali</strong><p>In alcuni periodi dell'anno le tariffe possono variare molto, soprattutto vicino ai ponti e alle festivita.</p></div>
  <div class=""cpv-landing-card""><strong>Confronto rapido</strong><p>Valuta aeroporti maggiori e secondari per capire se un piccolo spostamento porta a un risparmio concreto.</p></div>
</div>
<h2>Domande frequenti sui voli per Karachi</h2>
<div class=""cpv-faq"">
  <details><summary>Qual e il modo migliore per cercare voli per Karachi?</summary><p>Confronta piu aeroporti italiani, prova date flessibili e verifica anche partenze infrasettimanali per migliorare le possibilita di risparmio.</p></details>
  <details><summary>Meglio volo diretto o con scalo?</summary><p>Per tratte medio-brevi il diretto e spesso la scelta piu comoda, mentre su alcune rotte uno scalo puo ridurre il prezzo finale.</p></details>
  <details><summary>Quando controllare i prezzi per Karachi?</summary><p>Vale la pena iniziare a monitorare la rotta in anticipo e verificare con regolarita i giorni piu vicini alla partenza ideale.</p></details>
</div>","Voli per citta|Voli intercontinentali",city,KHI,/voli-per/karachi/,"Voli per Karachi (KHI): offerte e guide | ConfrontaPrezziVoli","Trova voli per Karachi dai principali aeroporti italiani. Tariffe indicative da EUR 182 e consigli per scegliere il periodo migliore.","voli per Karachi",cities,"Mese tipicamente conveniente: agosto"
post,publish,"Voli per Karaganda (KGF): offerte, compagnie e periodo migliore per prenotare",voli-per-karaganda-kgf,"Confronta voli per Karaganda dai principali aeroporti italiani. Scopri prezzi indicativi, compagnie e consigli utili per organizzare la partenza.","<div class=""cpv-landing-note"">
  <p><strong>Perche cercare voli per Karaganda qui.</strong> Questa pagina raccoglie un quadro rapido delle partenze italiane piu interessanti per Karaganda, con tariffe indicative e consigli per scegliere il periodo piu vantaggioso.</p>
</div>
<div class=""cpv-stat-grid"">
  <div class=""cpv-stat""><strong>EUR 124</strong><span>Prezzo indicativo da monitorare dalle principali aree aeroportuali italiane.</span></div>
  <div class=""cpv-stat""><strong>ottobre</strong><span>Periodo spesso interessante per tenere sotto controllo la rotta.</span></div>
  <div class=""cpv-stat""><strong>9</strong><span>Aeroporti italiani prioritari da confrontare per questa destinazione.</span></div>
</div>
<h2>Offerte voli per Karaganda</h2>
<p>Per trovare il miglior equilibrio tra prezzo, durata e comfort, conviene verificare piu aeroporti di partenza italiani e confrontare giorni feriali e weekend.</p>
<table>
  <thead>
    <tr><th>Partenza</th><th>Prezzo da</th><th>Durata indicativa</th><th>Mese da monitorare</th></tr>
  </thead>
  <tbody>
    <tr><td>Leonardo da Vinci-Fiumicino Airport (FCO)</td><td>EUR 164</td><td>1h 10</td><td>febbraio</td></tr><tr><td>Ciampino-G. B. Pastine International Airport (CIA)</td><td>EUR 20</td><td>5h 10</td><td>febbraio</td></tr><tr><td>Milano Malpensa Airport (MXP)</td><td>EUR 99</td><td>10h 20</td><td>settembre</td></tr><tr><td>Orio al Serio International Airport (BGY)</td><td>EUR 157</td><td>1h 00</td><td>luglio</td></tr><tr><td>Milano Linate Airport (LIN)</td><td>EUR 196</td><td>4h 30</td><td>ottobre</td></tr><tr><td>Naples International Airport (NAP)</td><td>EUR 57</td><td>11h 20</td><td>marzo</td></tr><tr><td>Venice Marco Polo Airport (VCE)</td><td>EUR 105</td><td>6h 20</td><td>marzo</td></tr><tr><td>Catania-Fontanarossa Airport (CTA)</td><td>EUR 95</td><td>10h 40</td><td>maggio</td></tr><tr><td>Guglielmo Marconi Airport (BLQ)</td><td>EUR 55</td><td>9h 00</td><td>gennaio</td></tr>
  </tbody>
</table>
<h2>Aeroporti italiani da cui conviene partire</h2>
<div class=""cpv-chip-list""><span class=""cpv-chip"">Leonardo da Vinci-Fiumicino Airport</span><span class=""cpv-chip"">Ciampino-G. B. Pastine International Airport</span><span class=""cpv-chip"">Milano Malpensa Airport</span><span class=""cpv-chip"">Orio al Serio International Airport</span><span class=""cpv-chip"">Milano Linate Airport</span><span class=""cpv-chip"">Naples International Airport</span></div>
<div class=""cpv-landing-grid"">
  <div class=""cpv-landing-card""><strong>City break</strong><p>Se Karaganda e una meta urbana, le partenze del venerdi e del sabato sono spesso le piu monitorate.</p></div>
  <div class=""cpv-landing-card""><strong>Viaggi stagionali</strong><p>In alcuni periodi dell'anno le tariffe possono variare molto, soprattutto vicino ai ponti e alle festivita.</p></div>
  <div class=""cpv-landing-card""><strong>Confronto rapido</strong><p>Valuta aeroporti maggiori e secondari per capire se un piccolo spostamento porta a un risparmio concreto.</p></div>
</div>
<h2>Domande frequenti sui voli per Karaganda</h2>
<div class=""cpv-faq"">
  <details><summary>Qual e il modo migliore per cercare voli per Karaganda?</summary><p>Confronta piu aeroporti italiani, prova date flessibili e verifica anche partenze infrasettimanali per migliorare le possibilita di risparmio.</p></details>
  <details><summary>Meglio volo diretto o con scalo?</summary><p>Per tratte medio-brevi il diretto e spesso la scelta piu comoda, mentre su alcune rotte uno scalo puo ridurre il prezzo finale.</p></details>
  <details><summary>Quando controllare i prezzi per Karaganda?</summary><p>Vale la pena iniziare a monitorare la rotta in anticipo e verificare con regolarita i giorni piu vicini alla partenza ideale.</p></details>
</div>","Voli per citta|Voli intercontinentali",city,KGF,/voli-per/karaganda/,"Voli per Karaganda (KGF): offerte e guide | ConfrontaPrezziVoli","Trova voli per Karaganda dai principali aeroporti italiani. Tariffe indicative da EUR 124 e consigli per scegliere il periodo migliore.","voli per Karaganda",cities,"Mese tipicamente conveniente: ottobre"
post,publish,"Voli per Karakol (IKG): offerte, compagnie e periodo migliore per prenotare",voli-per-karakol-ikg,"Confronta voli per Karakol dai principali aeroporti italiani. Scopri prezzi indicativi, compagnie e consigli utili per organizzare la partenza.","<div class=""cpv-landing-note"">
  <p><strong>Perche cercare voli per Karakol qui.</strong> Questa pagina raccoglie un quadro rapido delle partenze italiane piu interessanti per Karakol, con tariffe indicative e consigli per scegliere il periodo piu vantaggioso.</p>
</div>
<div class=""cpv-stat-grid"">
  <div class=""cpv-stat""><strong>EUR 180</strong><span>Prezzo indicativo da monitorare dalle principali aree aeroportuali italiane.</span></div>
  <div class=""cpv-stat""><strong>giugno</strong><span>Periodo spesso interessante per tenere sotto controllo la rotta.</span></div>
  <div class=""cpv-stat""><strong>9</strong><span>Aeroporti italiani prioritari da confrontare per questa destinazione.</span></div>
</div>
<h2>Offerte voli per Karakol</h2>
<p>Per trovare il miglior equilibrio tra prezzo, durata e comfort, conviene verificare piu aeroporti di partenza italiani e confrontare giorni feriali e weekend.</p>
<table>
  <thead>
    <tr><th>Partenza</th><th>Prezzo da</th><th>Durata indicativa</th><th>Mese da monitorare</th></tr>
  </thead>
  <tbody>
    <tr><td>Leonardo da Vinci-Fiumicino Airport (FCO)</td><td>EUR 60</td><td>11h 50</td><td>giugno</td></tr><tr><td>Ciampino-G. B. Pastine International Airport (CIA)</td><td>EUR 108</td><td>7h 50</td><td>giugno</td></tr><tr><td>Milano Malpensa Airport (MXP)</td><td>EUR 55</td><td>8h 00</td><td>gennaio</td></tr><tr><td>Orio al Serio International Airport (BGY)</td><td>EUR 129</td><td>11h 20</td><td>marzo</td></tr><tr><td>Milano Linate Airport (LIN)</td><td>EUR 184</td><td>7h 30</td><td>ottobre</td></tr><tr><td>Naples International Airport (NAP)</td><td>EUR 77</td><td>6h 40</td><td>novembre</td></tr><tr><td>Venice Marco Polo Airport (VCE)</td><td>EUR 177</td><td>9h 20</td><td>marzo</td></tr><tr><td>Catania-Fontanarossa Airport (CTA)</td><td>EUR 75</td><td>1h 20</td><td>settembre</td></tr><tr><td>Guglielmo Marconi Airport (BLQ)</td><td>EUR 119</td><td>5h 40</td><td>maggio</td></tr>
  </tbody>
</table>
<h2>Aeroporti italiani da cui conviene partire</h2>
<div class=""cpv-chip-list""><span class=""cpv-chip"">Leonardo da Vinci-Fiumicino Airport</span><span class=""cpv-chip"">Ciampino-G. B. Pastine International Airport</span><span class=""cpv-chip"">Milano Malpensa Airport</span><span class=""cpv-chip"">Orio al Serio International Airport</span><span class=""cpv-chip"">Milano Linate Airport</span><span class=""cpv-chip"">Naples International Airport</span></div>
<div class=""cpv-landing-grid"">
  <div class=""cpv-landing-card""><strong>City break</strong><p>Se Karakol e una meta urbana, le partenze del venerdi e del sabato sono spesso le piu monitorate.</p></div>
  <div class=""cpv-landing-card""><strong>Viaggi stagionali</strong><p>In alcuni periodi dell'anno le tariffe possono variare molto, soprattutto vicino ai ponti e alle festivita.</p></div>
  <div class=""cpv-landing-card""><strong>Confronto rapido</strong><p>Valuta aeroporti maggiori e secondari per capire se un piccolo spostamento porta a un risparmio concreto.</p></div>
</div>
<h2>Domande frequenti sui voli per Karakol</h2>
<div class=""cpv-faq"">
  <details><summary>Qual e il modo migliore per cercare voli per Karakol?</summary><p>Confronta piu aeroporti italiani, prova date flessibili e verifica anche partenze infrasettimanali per migliorare le possibilita di risparmio.</p></details>
  <details><summary>Meglio volo diretto o con scalo?</summary><p>Per tratte medio-brevi il diretto e spesso la scelta piu comoda, mentre su alcune rotte uno scalo puo ridurre il prezzo finale.</p></details>
  <details><summary>Quando controllare i prezzi per Karakol?</summary><p>Vale la pena iniziare a monitorare la rotta in anticipo e verificare con regolarita i giorni piu vicini alla partenza ideale.</p></details>
</div>","Voli per citta|Voli intercontinentali",city,IKG,/voli-per/karakol/,"Voli per Karakol (IKG): offerte e guide | ConfrontaPrezziVoli","Trova voli per Karakol dai principali aeroporti italiani. Tariffe indicative da EUR 180 e consigli per scegliere il periodo migliore.","voli per Karakol",cities,"Mese tipicamente conveniente: giugno"
post,publish,"Voli per Karamay (KRY): offerte, compagnie e periodo migliore per prenotare",voli-per-karamay-kry,"Confronta voli per Karamay dai principali aeroporti italiani. Scopri prezzi indicativi, compagnie e consigli utili per organizzare la partenza.","<div class=""cpv-landing-note"">
  <p><strong>Perche cercare voli per Karamay qui.</strong> Questa pagina raccoglie un quadro rapido delle partenze italiane piu interessanti per Karamay, con tariffe indicative e consigli per scegliere il periodo piu vantaggioso.</p>
</div>
<div class=""cpv-stat-grid"">
  <div class=""cpv-stat""><strong>EUR 175</strong><span>Prezzo indicativo da monitorare dalle principali aree aeroportuali italiane.</span></div>
  <div class=""cpv-stat""><strong>gennaio</strong><span>Periodo spesso interessante per tenere sotto controllo la rotta.</span></div>
  <div class=""cpv-stat""><strong>9</strong><span>Aeroporti italiani prioritari da confrontare per questa destinazione.</span></div>
</div>
<h2>Offerte voli per Karamay</h2>
<p>Per trovare il miglior equilibrio tra prezzo, durata e comfort, conviene verificare piu aeroporti di partenza italiani e confrontare giorni feriali e weekend.</p>
<table>
  <thead>
    <tr><th>Partenza</th><th>Prezzo da</th><th>Durata indicativa</th><th>Mese da monitorare</th></tr>
  </thead>
  <tbody>
    <tr><td>Leonardo da Vinci-Fiumicino Airport (FCO)</td><td>EUR 87</td><td>8h 20</td><td>settembre</td></tr><tr><td>Ciampino-G. B. Pastine International Airport (CIA)</td><td>EUR 31</td><td>2h 00</td><td>gennaio</td></tr><tr><td>Milano Malpensa Airport (MXP)</td><td>EUR 96</td><td>9h 50</td><td>giugno</td></tr><tr><td>Orio al Serio International Airport (BGY)</td><td>EUR 178</td><td>5h 30</td><td>aprile</td></tr><tr><td>Milano Linate Airport (LIN)</td><td>EUR 195</td><td>11h 20</td><td>settembre</td></tr><tr><td>Naples International Airport (NAP)</td><td>EUR 86</td><td>9h 10</td><td>agosto</td></tr><tr><td>Venice Marco Polo Airport (VCE)</td><td>EUR 162</td><td>2h 50</td><td>dicembre</td></tr><tr><td>Catania-Fontanarossa Airport (CTA)</td><td>EUR 24</td><td>4h 50</td><td>giugno</td></tr><tr><td>Guglielmo Marconi Airport (BLQ)</td><td>EUR 196</td><td>1h 30</td><td>ottobre</td></tr>
  </tbody>
</table>
<h2>Aeroporti italiani da cui conviene partire</h2>
<div class=""cpv-chip-list""><span class=""cpv-chip"">Leonardo da Vinci-Fiumicino Airport</span><span class=""cpv-chip"">Ciampino-G. B. Pastine International Airport</span><span class=""cpv-chip"">Milano Malpensa Airport</span><span class=""cpv-chip"">Orio al Serio International Airport</span><span class=""cpv-chip"">Milano Linate Airport</span><span class=""cpv-chip"">Naples International Airport</span></div>
<div class=""cpv-landing-grid"">
  <div class=""cpv-landing-card""><strong>City break</strong><p>Se Karamay e una meta urbana, le partenze del venerdi e del sabato sono spesso le piu monitorate.</p></div>
  <div class=""cpv-landing-card""><strong>Viaggi stagionali</strong><p>In alcuni periodi dell'anno le tariffe possono variare molto, soprattutto vicino ai ponti e alle festivita.</p></div>
  <div class=""cpv-landing-card""><strong>Confronto rapido</strong><p>Valuta aeroporti maggiori e secondari per capire se un piccolo spostamento porta a un risparmio concreto.</p></div>
</div>
<h2>Domande frequenti sui voli per Karamay</h2>
<div class=""cpv-faq"">
  <details><summary>Qual e il modo migliore per cercare voli per Karamay?</summary><p>Confronta piu aeroporti italiani, prova date flessibili e verifica anche partenze infrasettimanali per migliorare le possibilita di risparmio.</p></details>
  <details><summary>Meglio volo diretto o con scalo?</summary><p>Per tratte medio-brevi il diretto e spesso la scelta piu comoda, mentre su alcune rotte uno scalo puo ridurre il prezzo finale.</p></details>
  <details><summary>Quando controllare i prezzi per Karamay?</summary><p>Vale la pena iniziare a monitorare la rotta in anticipo e verificare con regolarita i giorni piu vicini alla partenza ideale.</p></details>
</div>","Voli per citta|Voli intercontinentali",city,KRY,/voli-per/karamay/,"Voli per Karamay (KRY): offerte e guide | ConfrontaPrezziVoli","Trova voli per Karamay dai principali aeroporti italiani. Tariffe indicative da EUR 175 e consigli per scegliere il periodo migliore.","voli per Karamay",cities,"Mese tipicamente conveniente: gennaio"
post,publish,"Voli per Kardla (KDL): offerte, compagnie e periodo migliore per prenotare",voli-per-kardla-kdl,"Confronta voli per Kardla dai principali aeroporti italiani. Scopri prezzi indicativi, compagnie e consigli utili per organizzare la partenza.","<div class=""cpv-landing-note"">
  <p><strong>Perche cercare voli per Kardla qui.</strong> Questa pagina raccoglie un quadro rapido delle partenze italiane piu interessanti per Kardla, con tariffe indicative e consigli per scegliere il periodo piu vantaggioso.</p>
</div>
<div class=""cpv-stat-grid"">
  <div class=""cpv-stat""><strong>EUR 35</strong><span>Prezzo indicativo da monitorare dalle principali aree aeroportuali italiane.</span></div>
  <div class=""cpv-stat""><strong>maggio</strong><span>Periodo spesso interessante per tenere sotto controllo la rotta.</span></div>
  <div class=""cpv-stat""><strong>9</strong><span>Aeroporti italiani prioritari da confrontare per questa destinazione.</span></div>
</div>
<h2>Offerte voli per Kardla</h2>
<p>Per trovare il miglior equilibrio tra prezzo, durata e comfort, conviene verificare piu aeroporti di partenza italiani e confrontare giorni feriali e weekend.</p>
<table>
  <thead>
    <tr><th>Partenza</th><th>Prezzo da</th><th>Durata indicativa</th><th>Mese da monitorare</th></tr>
  </thead>
  <tbody>
    <tr><td>Leonardo da Vinci-Fiumicino Airport (FCO)</td><td>EUR 135</td><td>3h 20</td><td>settembre</td></tr><tr><td>Ciampino-G. B. Pastine International Airport (CIA)</td><td>EUR 191</td><td>1h 40</td><td>maggio</td></tr><tr><td>Milano Malpensa Airport (MXP)</td><td>EUR 192</td><td>11h 50</td><td>giugno</td></tr><tr><td>Orio al Serio International Airport (BGY)</td><td>EUR 138</td><td>2h 50</td><td>dicembre</td></tr><tr><td>Milano Linate Airport (LIN)</td><td>EUR 91</td><td>6h 00</td><td>gennaio</td></tr><tr><td>Naples International Airport (NAP)</td><td>EUR 166</td><td>5h 30</td><td>aprile</td></tr><tr><td>Venice Marco Polo Airport (VCE)</td><td>EUR 82</td><td>5h 30</td><td>aprile</td></tr><tr><td>Catania-Fontanarossa Airport (CTA)</td><td>EUR 52</td><td>1h 30</td><td>ottobre</td></tr><tr><td>Guglielmo Marconi Airport (BLQ)</td><td>EUR 160</td><td>6h 30</td><td>ottobre</td></tr>
  </tbody>
</table>
<h2>Aeroporti italiani da cui conviene partire</h2>
<div class=""cpv-chip-list""><span class=""cpv-chip"">Leonardo da Vinci-Fiumicino Airport</span><span class=""cpv-chip"">Ciampino-G. B. Pastine International Airport</span><span class=""cpv-chip"">Milano Malpensa Airport</span><span class=""cpv-chip"">Orio al Serio International Airport</span><span class=""cpv-chip"">Milano Linate Airport</span><span class=""cpv-chip"">Naples International Airport</span></div>
<div class=""cpv-landing-grid"">
  <div class=""cpv-landing-card""><strong>City break</strong><p>Se Kardla e una meta urbana, le partenze del venerdi e del sabato sono spesso le piu monitorate.</p></div>
  <div class=""cpv-landing-card""><strong>Viaggi stagionali</strong><p>In alcuni periodi dell'anno le tariffe possono variare molto, soprattutto vicino ai ponti e alle festivita.</p></div>
  <div class=""cpv-landing-card""><strong>Confronto rapido</strong><p>Valuta aeroporti maggiori e secondari per capire se un piccolo spostamento porta a un risparmio concreto.</p></div>
</div>
<h2>Domande frequenti sui voli per Kardla</h2>
<div class=""cpv-faq"">
  <details><summary>Qual e il modo migliore per cercare voli per Kardla?</summary><p>Confronta piu aeroporti italiani, prova date flessibili e verifica anche partenze infrasettimanali per migliorare le possibilita di risparmio.</p></details>
  <details><summary>Meglio volo diretto o con scalo?</summary><p>Per tratte medio-brevi il diretto e spesso la scelta piu comoda, mentre su alcune rotte uno scalo puo ridurre il prezzo finale.</p></details>
  <details><summary>Quando controllare i prezzi per Kardla?</summary><p>Vale la pena iniziare a monitorare la rotta in anticipo e verificare con regolarita i giorni piu vicini alla partenza ideale.</p></details>
</div>","Voli per citta|Voli in Europa",city,KDL,/voli-per/kardla/,"Voli per Kardla (KDL): offerte e guide | ConfrontaPrezziVoli","Trova voli per Kardla dai principali aeroporti italiani. Tariffe indicative da EUR 35 e consigli per scegliere il periodo migliore.","voli per Kardla",cities,"Mese tipicamente conveniente: maggio"
post,publish,"Voli per Karlovy Vary (KLV): offerte, compagnie e periodo migliore per prenotare",voli-per-karlovy-vary-klv,"Confronta voli per Karlovy Vary dai principali aeroporti italiani. Scopri prezzi indicativi, compagnie e consigli utili per organizzare la partenza.","<div class=""cpv-landing-note"">
  <p><strong>Perche cercare voli per Karlovy Vary qui.</strong> Questa pagina raccoglie un quadro rapido delle partenze italiane piu interessanti per Karlovy Vary, con tariffe indicative e consigli per scegliere il periodo piu vantaggioso.</p>
</div>
<div class=""cpv-stat-grid"">
  <div class=""cpv-stat""><strong>EUR 161</strong><span>Prezzo indicativo da monitorare dalle principali aree aeroportuali italiane.</span></div>
  <div class=""cpv-stat""><strong>novembre</strong><span>Periodo spesso interessante per tenere sotto controllo la rotta.</span></div>
  <div class=""cpv-stat""><strong>9</strong><span>Aeroporti italiani prioritari da confrontare per questa destinazione.</span></div>
</div>
<h2>Offerte voli per Karlovy Vary</h2>
<p>Per trovare il miglior equilibrio tra prezzo, durata e comfort, conviene verificare piu aeroporti di partenza italiani e confrontare giorni feriali e weekend.</p>
<table>
  <thead>
    <tr><th>Partenza</th><th>Prezzo da</th><th>Durata indicativa</th><th>Mese da monitorare</th></tr>
  </thead>
  <tbody>
    <tr><td>Leonardo da Vinci-Fiumicino Airport (FCO)</td><td>EUR 33</td><td>9h 20</td><td>marzo</td></tr><tr><td>Ciampino-G. B. Pastine International Airport (CIA)</td><td>EUR 133</td><td>11h 00</td><td>luglio</td></tr><tr><td>Milano Malpensa Airport (MXP)</td><td>EUR 126</td><td>8h 50</td><td>dicembre</td></tr><tr><td>Orio al Serio International Airport (BGY)</td><td>EUR 180</td><td>10h 50</td><td>giugno</td></tr><tr><td>Milano Linate Airport (LIN)</td><td>EUR 69</td><td>3h 20</td><td>marzo</td></tr><tr><td>Naples International Airport (NAP)</td><td>EUR 160</td><td>8h 30</td><td>ottobre</td></tr><tr><td>Venice Marco Polo Airport (VCE)</td><td>EUR 116</td><td>11h 10</td><td>febbraio</td></tr><tr><td>Catania-Fontanarossa Airport (CTA)</td><td>EUR 110</td><td>10h 10</td><td>agosto</td></tr><tr><td>Guglielmo Marconi Airport (BLQ)</td><td>EUR 118</td><td>6h 30</td><td>aprile</td></tr>
  </tbody>
</table>
<h2>Aeroporti italiani da cui conviene partire</h2>
<div class=""cpv-chip-list""><span class=""cpv-chip"">Leonardo da Vinci-Fiumicino Airport</span><span class=""cpv-chip"">Ciampino-G. B. Pastine International Airport</span><span class=""cpv-chip"">Milano Malpensa Airport</span><span class=""cpv-chip"">Orio al Serio International Airport</span><span class=""cpv-chip"">Milano Linate Airport</span><span class=""cpv-chip"">Naples International Airport</span></div>
<div class=""cpv-landing-grid"">
  <div class=""cpv-landing-card""><strong>City break</strong><p>Se Karlovy Vary e una meta urbana, le partenze del venerdi e del sabato sono spesso le piu monitorate.</p></div>
  <div class=""cpv-landing-card""><strong>Viaggi stagionali</strong><p>In alcuni periodi dell'anno le tariffe possono variare molto, soprattutto vicino ai ponti e alle festivita.</p></div>
  <div class=""cpv-landing-card""><strong>Confronto rapido</strong><p>Valuta aeroporti maggiori e secondari per capire se un piccolo spostamento porta a un risparmio concreto.</p></div>
</div>
<h2>Domande frequenti sui voli per Karlovy Vary</h2>
<div class=""cpv-faq"">
  <details><summary>Qual e il modo migliore per cercare voli per Karlovy Vary?</summary><p>Confronta piu aeroporti italiani, prova date flessibili e verifica anche partenze infrasettimanali per migliorare le possibilita di risparmio.</p></details>
  <details><summary>Meglio volo diretto o con scalo?</summary><p>Per tratte medio-brevi il diretto e spesso la scelta piu comoda, mentre su alcune rotte uno scalo puo ridurre il prezzo finale.</p></details>
  <details><summary>Quando controllare i prezzi per Karlovy Vary?</summary><p>Vale la pena iniziare a monitorare la rotta in anticipo e verificare con regolarita i giorni piu vicini alla partenza ideale.</p></details>
</div>","Voli per citta|Voli in Europa",city,KLV,/voli-per/karlovy-vary/,"Voli per Karlovy Vary (KLV): offerte e guide | ConfrontaPrezziVoli","Trova voli per Karlovy Vary dai principali aeroporti italiani. Tariffe indicative da EUR 161 e consigli per scegliere il periodo migliore.","voli per Karlovy Vary",cities,"Mese tipicamente conveniente: novembre"
post,publish,"Voli per Karlsruhe/Baden Baden (FKB): offerte, compagnie e periodo migliore per prenotare",voli-per-karlsruhe-baden-baden-fkb,"Confronta voli per Karlsruhe/Baden Baden dai principali aeroporti italiani. Scopri prezzi indicativi, compagnie e consigli utili per organizzare la partenza.","<div class=""cpv-landing-note"">
  <p><strong>Perche cercare voli per Karlsruhe/Baden Baden qui.</strong> Questa pagina raccoglie un quadro rapido delle partenze italiane piu interessanti per Karlsruhe/Baden Baden, con tariffe indicative e consigli per scegliere il periodo piu vantaggioso.</p>
</div>
<div class=""cpv-stat-grid"">
  <div class=""cpv-stat""><strong>EUR 142</strong><span>Prezzo indicativo da monitorare dalle principali aree aeroportuali italiane.</span></div>
  <div class=""cpv-stat""><strong>aprile</strong><span>Periodo spesso interessante per tenere sotto controllo la rotta.</span></div>
  <div class=""cpv-stat""><strong>9</strong><span>Aeroporti italiani prioritari da confrontare per questa destinazione.</span></div>
</div>
<h2>Offerte voli per Karlsruhe/Baden Baden</h2>
<p>Per trovare il miglior equilibrio tra prezzo, durata e comfort, conviene verificare piu aeroporti di partenza italiani e confrontare giorni feriali e weekend.</p>
<table>
  <thead>
    <tr><th>Partenza</th><th>Prezzo da</th><th>Durata indicativa</th><th>Mese da monitorare</th></tr>
  </thead>
  <tbody>
    <tr><td>Leonardo da Vinci-Fiumicino Airport (FCO)</td><td>EUR 142</td><td>3h 30</td><td>aprile</td></tr><tr><td>Ciampino-G. B. Pastine International Airport (CIA)</td><td>EUR 90</td><td>4h 50</td><td>dicembre</td></tr><tr><td>Milano Malpensa Airport (MXP)</td><td>EUR 145</td><td>11h 00</td><td>luglio</td></tr><tr><td>Orio al Serio International Airport (BGY)</td><td>EUR 47</td><td>9h 40</td><td>maggio</td></tr><tr><td>Milano Linate Airport (LIN)</td><td>EUR 22</td><td>2h 30</td><td>aprile</td></tr><tr><td>Naples International Airport (NAP)</td><td>EUR 83</td><td>1h 40</td><td>maggio</td></tr><tr><td>Venice Marco Polo Airport (VCE)</td><td>EUR 151</td><td>9h 00</td><td>gennaio</td></tr><tr><td>Catania-Fontanarossa Airport (CTA)</td><td>EUR 73</td><td>11h 00</td><td>luglio</td></tr><tr><td>Guglielmo Marconi Airport (BLQ)</td><td>EUR 181</td><td>9h 00</td><td>luglio</td></tr>
  </tbody>
</table>
<h2>Aeroporti italiani da cui conviene partire</h2>
<div class=""cpv-chip-list""><span class=""cpv-chip"">Leonardo da Vinci-Fiumicino Airport</span><span class=""cpv-chip"">Ciampino-G. B. Pastine International Airport</span><span class=""cpv-chip"">Milano Malpensa Airport</span><span class=""cpv-chip"">Orio al Serio International Airport</span><span class=""cpv-chip"">Milano Linate Airport</span><span class=""cpv-chip"">Naples International Airport</span></div>
<div class=""cpv-landing-grid"">
  <div class=""cpv-landing-card""><strong>City break</strong><p>Se Karlsruhe/Baden Baden e una meta urbana, le partenze del venerdi e del sabato sono spesso le piu monitorate.</p></div>
  <div class=""cpv-landing-card""><strong>Viaggi stagionali</strong><p>In alcuni periodi dell'anno le tariffe possono variare molto, soprattutto vicino ai ponti e alle festivita.</p></div>
  <div class=""cpv-landing-card""><strong>Confronto rapido</strong><p>Valuta aeroporti maggiori e secondari per capire se un piccolo spostamento porta a un risparmio concreto.</p></div>
</div>
<h2>Domande frequenti sui voli per Karlsruhe/Baden Baden</h2>
<div class=""cpv-faq"">
  <details><summary>Qual e il modo migliore per cercare voli per Karlsruhe/Baden Baden?</summary><p>Confronta piu aeroporti italiani, prova date flessibili e verifica anche partenze infrasettimanali per migliorare le possibilita di risparmio.</p></details>
  <details><summary>Meglio volo diretto o con scalo?</summary><p>Per tratte medio-brevi il diretto e spesso la scelta piu comoda, mentre su alcune rotte uno scalo puo ridurre il prezzo finale.</p></details>
  <details><summary>Quando controllare i prezzi per Karlsruhe/Baden Baden?</summary><p>Vale la pena iniziare a monitorare la rotta in anticipo e verificare con regolarita i giorni piu vicini alla partenza ideale.</p></details>
</div>","Voli per citta|Voli in Europa",city,FKB,/voli-per/karlsruhe-baden-baden/,"Voli per Karlsruhe/Baden Baden (FKB): offerte e guide | ConfrontaPrezziVoli","Trova voli per Karlsruhe/Baden Baden dai principali aeroporti italiani. Tariffe indicative da EUR 142 e consigli per scegliere il periodo migliore.","voli per Karlsruhe/Baden Baden",cities,"Mese tipicamente conveniente: aprile"
post,publish,"Voli per Karlstad (KSD): offerte, compagnie e periodo migliore per prenotare",voli-per-karlstad-ksd,"Confronta voli per Karlstad dai principali aeroporti italiani. Scopri prezzi indicativi, compagnie e consigli utili per organizzare la partenza.","<div class=""cpv-landing-note"">
  <p><strong>Perche cercare voli per Karlstad qui.</strong> Questa pagina raccoglie un quadro rapido delle partenze italiane piu interessanti per Karlstad, con tariffe indicative e consigli per scegliere il periodo piu vantaggioso.</p>
</div>
<div class=""cpv-stat-grid"">
  <div class=""cpv-stat""><strong>EUR 107</strong><span>Prezzo indicativo da monitorare dalle principali aree aeroportuali italiane.</span></div>
  <div class=""cpv-stat""><strong>maggio</strong><span>Periodo spesso interessante per tenere sotto controllo la rotta.</span></div>
  <div class=""cpv-stat""><strong>9</strong><span>Aeroporti italiani prioritari da confrontare per questa destinazione.</span></div>
</div>
<h2>Offerte voli per Karlstad</h2>
<p>Per trovare il miglior equilibrio tra prezzo, durata e comfort, conviene verificare piu aeroporti di partenza italiani e confrontare giorni feriali e weekend.</p>
<table>
  <thead>
    <tr><th>Partenza</th><th>Prezzo da</th><th>Durata indicativa</th><th>Mese da monitorare</th></tr>
  </thead>
  <tbody>
    <tr><td>Leonardo da Vinci-Fiumicino Airport (FCO)</td><td>EUR 147</td><td>8h 20</td><td>settembre</td></tr><tr><td>Ciampino-G. B. Pastine International Airport (CIA)</td><td>EUR 119</td><td>6h 40</td><td>maggio</td></tr><tr><td>Milano Malpensa Airport (MXP)</td><td>EUR 168</td><td>2h 50</td><td>giugno</td></tr><tr><td>Orio al Serio International Airport (BGY)</td><td>EUR 118</td><td>9h 30</td><td>aprile</td></tr><tr><td>Milano Linate Airport (LIN)</td><td>EUR 19</td><td>8h 00</td><td>gennaio</td></tr><tr><td>Naples International Airport (NAP)</td><td>EUR 182</td><td>9h 10</td><td>agosto</td></tr><tr><td>Venice Marco Polo Airport (VCE)</td><td>EUR 162</td><td>8h 50</td><td>dicembre</td></tr><tr><td>Catania-Fontanarossa Airport (CTA)</td><td>EUR 80</td><td>5h 10</td><td>febbraio</td></tr><tr><td>Guglielmo Marconi Airport (BLQ)</td><td>EUR 192</td><td>6h 50</td><td>giugno</td></tr>
  </tbody>
</table>
<h2>Aeroporti italiani da cui conviene partire</h2>
<div class=""cpv-chip-list""><span class=""cpv-chip"">Leonardo da Vinci-Fiumicino Airport</span><span class=""cpv-chip"">Ciampino-G. B. Pastine International Airport</span><span class=""cpv-chip"">Milano Malpensa Airport</span><span class=""cpv-chip"">Orio al Serio International Airport</span><span class=""cpv-chip"">Milano Linate Airport</span><span class=""cpv-chip"">Naples International Airport</span></div>
<div class=""cpv-landing-grid"">
  <div class=""cpv-landing-card""><strong>City break</strong><p>Se Karlstad e una meta urbana, le partenze del venerdi e del sabato sono spesso le piu monitorate.</p></div>
  <div class=""cpv-landing-card""><strong>Viaggi stagionali</strong><p>In alcuni periodi dell'anno le tariffe possono variare molto, soprattutto vicino ai ponti e alle festivita.</p></div>
  <div class=""cpv-landing-card""><strong>Confronto rapido</strong><p>Valuta aeroporti maggiori e secondari per capire se un piccolo spostamento porta a un risparmio concreto.</p></div>
</div>
<h2>Domande frequenti sui voli per Karlstad</h2>
<div class=""cpv-faq"">
  <details><summary>Qual e il modo migliore per cercare voli per Karlstad?</summary><p>Confronta piu aeroporti italiani, prova date flessibili e verifica anche partenze infrasettimanali per migliorare le possibilita di risparmio.</p></details>
  <details><summary>Meglio volo diretto o con scalo?</summary><p>Per tratte medio-brevi il diretto e spesso la scelta piu comoda, mentre su alcune rotte uno scalo puo ridurre il prezzo finale.</p></details>
  <details><summary>Quando controllare i prezzi per Karlstad?</summary><p>Vale la pena iniziare a monitorare la rotta in anticipo e verificare con regolarita i giorni piu vicini alla partenza ideale.</p></details>
</div>","Voli per citta|Voli in Europa",city,KSD,/voli-per/karlstad/,"Voli per Karlstad (KSD): offerte e guide | ConfrontaPrezziVoli","Trova voli per Karlstad dai principali aeroporti italiani. Tariffe indicative da EUR 107 e consigli per scegliere il periodo migliore.","voli per Karlstad",cities,"Mese tipicamente conveniente: maggio"
post,publish,"Voli per Karpathos (AOK): offerte, compagnie e periodo migliore per prenotare",voli-per-karpathos-aok,"Confronta voli per Karpathos dai principali aeroporti italiani. Scopri prezzi indicativi, compagnie e consigli utili per organizzare la partenza.","<div class=""cpv-landing-note"">
  <p><strong>Perche cercare voli per Karpathos qui.</strong> Questa pagina raccoglie un quadro rapido delle partenze italiane piu interessanti per Karpathos, con tariffe indicative e consigli per scegliere il periodo piu vantaggioso.</p>
</div>
<div class=""cpv-stat-grid"">
  <div class=""cpv-stat""><strong>EUR 153</strong><span>Prezzo indicativo da monitorare dalle principali aree aeroportuali italiane.</span></div>
  <div class=""cpv-stat""><strong>marzo</strong><span>Periodo spesso interessante per tenere sotto controllo la rotta.</span></div>
  <div class=""cpv-stat""><strong>9</strong><span>Aeroporti italiani prioritari da confrontare per questa destinazione.</span></div>
</div>
<h2>Offerte voli per Karpathos</h2>
<p>Per trovare il miglior equilibrio tra prezzo, durata e comfort, conviene verificare piu aeroporti di partenza italiani e confrontare giorni feriali e weekend.</p>
<table>
  <thead>
    <tr><th>Partenza</th><th>Prezzo da</th><th>Durata indicativa</th><th>Mese da monitorare</th></tr>
  </thead>
  <tbody>
    <tr><td>Leonardo da Vinci-Fiumicino Airport (FCO)</td><td>EUR 21</td><td>5h 20</td><td>marzo</td></tr><tr><td>Ciampino-G. B. Pastine International Airport (CIA)</td><td>EUR 33</td><td>11h 20</td><td>marzo</td></tr><tr><td>Milano Malpensa Airport (MXP)</td><td>EUR 98</td><td>9h 10</td><td>agosto</td></tr><tr><td>Orio al Serio International Airport (BGY)</td><td>EUR 104</td><td>4h 10</td><td>febbraio</td></tr><tr><td>Milano Linate Airport (LIN)</td><td>EUR 181</td><td>11h 00</td><td>luglio</td></tr><tr><td>Naples International Airport (NAP)</td><td>EUR 140</td><td>10h 10</td><td>febbraio</td></tr><tr><td>Venice Marco Polo Airport (VCE)</td><td>EUR 196</td><td>9h 30</td><td>ottobre</td></tr><tr><td>Catania-Fontanarossa Airport (CTA)</td><td>EUR 138</td><td>7h 50</td><td>dicembre</td></tr><tr><td>Guglielmo Marconi Airport (BLQ)</td><td>EUR 34</td><td>3h 30</td><td>aprile</td></tr>
  </tbody>
</table>
<h2>Aeroporti italiani da cui conviene partire</h2>
<div class=""cpv-chip-list""><span class=""cpv-chip"">Leonardo da Vinci-Fiumicino Airport</span><span class=""cpv-chip"">Ciampino-G. B. Pastine International Airport</span><span class=""cpv-chip"">Milano Malpensa Airport</span><span class=""cpv-chip"">Orio al Serio International Airport</span><span class=""cpv-chip"">Milano Linate Airport</span><span class=""cpv-chip"">Naples International Airport</span></div>
<div class=""cpv-landing-grid"">
  <div class=""cpv-landing-card""><strong>City break</strong><p>Se Karpathos e una meta urbana, le partenze del venerdi e del sabato sono spesso le piu monitorate.</p></div>
  <div class=""cpv-landing-card""><strong>Viaggi stagionali</strong><p>In alcuni periodi dell'anno le tariffe possono variare molto, soprattutto vicino ai ponti e alle festivita.</p></div>
  <div class=""cpv-landing-card""><strong>Confronto rapido</strong><p>Valuta aeroporti maggiori e secondari per capire se un piccolo spostamento porta a un risparmio concreto.</p></div>
</div>
<h2>Domande frequenti sui voli per Karpathos</h2>
<div class=""cpv-faq"">
  <details><summary>Qual e il modo migliore per cercare voli per Karpathos?</summary><p>Confronta piu aeroporti italiani, prova date flessibili e verifica anche partenze infrasettimanali per migliorare le possibilita di risparmio.</p></details>
  <details><summary>Meglio volo diretto o con scalo?</summary><p>Per tratte medio-brevi il diretto e spesso la scelta piu comoda, mentre su alcune rotte uno scalo puo ridurre il prezzo finale.</p></details>
  <details><summary>Quando controllare i prezzi per Karpathos?</summary><p>Vale la pena iniziare a monitorare la rotta in anticipo e verificare con regolarita i giorni piu vicini alla partenza ideale.</p></details>
</div>","Voli per citta|Voli in Europa",city,AOK,/voli-per/karpathos/,"Voli per Karpathos (AOK): offerte e guide | ConfrontaPrezziVoli","Trova voli per Karpathos dai principali aeroporti italiani. Tariffe indicative da EUR 153 e consigli per scegliere il periodo migliore.","voli per Karpathos",cities,"Mese tipicamente conveniente: marzo"
post,publish,"Voli per Karratha (KTA): offerte, compagnie e periodo migliore per prenotare",voli-per-karratha-kta,"Confronta voli per Karratha dai principali aeroporti italiani. Scopri prezzi indicativi, compagnie e consigli utili per organizzare la partenza.","<div class=""cpv-landing-note"">
  <p><strong>Perche cercare voli per Karratha qui.</strong> Questa pagina raccoglie un quadro rapido delle partenze italiane piu interessanti per Karratha, con tariffe indicative e consigli per scegliere il periodo piu vantaggioso.</p>
</div>
<div class=""cpv-stat-grid"">
  <div class=""cpv-stat""><strong>EUR 131</strong><span>Prezzo indicativo da monitorare dalle principali aree aeroportuali italiane.</span></div>
  <div class=""cpv-stat""><strong>maggio</strong><span>Periodo spesso interessante per tenere sotto controllo la rotta.</span></div>
  <div class=""cpv-stat""><strong>9</strong><span>Aeroporti italiani prioritari da confrontare per questa destinazione.</span></div>
</div>
<h2>Offerte voli per Karratha</h2>
<p>Per trovare il miglior equilibrio tra prezzo, durata e comfort, conviene verificare piu aeroporti di partenza italiani e confrontare giorni feriali e weekend.</p>
<table>
  <thead>
    <tr><th>Partenza</th><th>Prezzo da</th><th>Durata indicativa</th><th>Mese da monitorare</th></tr>
  </thead>
  <tbody>
    <tr><td>Leonardo da Vinci-Fiumicino Airport (FCO)</td><td>EUR 79</td><td>10h 00</td><td>gennaio</td></tr><tr><td>Ciampino-G. B. Pastine International Airport (CIA)</td><td>EUR 31</td><td>7h 00</td><td>gennaio</td></tr><tr><td>Milano Malpensa Airport (MXP)</td><td>EUR 104</td><td>5h 10</td><td>febbraio</td></tr><tr><td>Orio al Serio International Airport (BGY)</td><td>EUR 134</td><td>8h 10</td><td>agosto</td></tr><tr><td>Milano Linate Airport (LIN)</td><td>EUR 167</td><td>9h 40</td><td>maggio</td></tr><tr><td>Naples International Airport (NAP)</td><td>EUR 70</td><td>10h 30</td><td>aprile</td></tr><tr><td>Venice Marco Polo Airport (VCE)</td><td>EUR 178</td><td>2h 30</td><td>aprile</td></tr><tr><td>Catania-Fontanarossa Airport (CTA)</td><td>EUR 188</td><td>8h 10</td><td>febbraio</td></tr><tr><td>Guglielmo Marconi Airport (BLQ)</td><td>EUR 96</td><td>4h 50</td><td>giugno</td></tr>
  </tbody>
</table>
<h2>Aeroporti italiani da cui conviene partire</h2>
<div class=""cpv-chip-list""><span class=""cpv-chip"">Leonardo da Vinci-Fiumicino Airport</span><span class=""cpv-chip"">Ciampino-G. B. Pastine International Airport</span><span class=""cpv-chip"">Milano Malpensa Airport</span><span class=""cpv-chip"">Orio al Serio International Airport</span><span class=""cpv-chip"">Milano Linate Airport</span><span class=""cpv-chip"">Naples International Airport</span></div>
<div class=""cpv-landing-grid"">
  <div class=""cpv-landing-card""><strong>City break</strong><p>Se Karratha e una meta urbana, le partenze del venerdi e del sabato sono spesso le piu monitorate.</p></div>
  <div class=""cpv-landing-card""><strong>Viaggi stagionali</strong><p>In alcuni periodi dell'anno le tariffe possono variare molto, soprattutto vicino ai ponti e alle festivita.</p></div>
  <div class=""cpv-landing-card""><strong>Confronto rapido</strong><p>Valuta aeroporti maggiori e secondari per capire se un piccolo spostamento porta a un risparmio concreto.</p></div>
</div>
<h2>Domande frequenti sui voli per Karratha</h2>
<div class=""cpv-faq"">
  <details><summary>Qual e il modo migliore per cercare voli per Karratha?</summary><p>Confronta piu aeroporti italiani, prova date flessibili e verifica anche partenze infrasettimanali per migliorare le possibilita di risparmio.</p></details>
  <details><summary>Meglio volo diretto o con scalo?</summary><p>Per tratte medio-brevi il diretto e spesso la scelta piu comoda, mentre su alcune rotte uno scalo puo ridurre il prezzo finale.</p></details>
  <details><summary>Quando controllare i prezzi per Karratha?</summary><p>Vale la pena iniziare a monitorare la rotta in anticipo e verificare con regolarita i giorni piu vicini alla partenza ideale.</p></details>
</div>","Voli per citta|Voli intercontinentali",city,KTA,/voli-per/karratha/,"Voli per Karratha (KTA): offerte e guide | ConfrontaPrezziVoli","Trova voli per Karratha dai principali aeroporti italiani. Tariffe indicative da EUR 131 e consigli per scegliere il periodo migliore.","voli per Karratha",cities,"Mese tipicamente conveniente: maggio"
post,publish,"Voli per Kars (KSY): offerte, compagnie e periodo migliore per prenotare",voli-per-kars-ksy,"Confronta voli per Kars dai principali aeroporti italiani. Scopri prezzi indicativi, compagnie e consigli utili per organizzare la partenza.","<div class=""cpv-landing-note"">
  <p><strong>Perche cercare voli per Kars qui.</strong> Questa pagina raccoglie un quadro rapido delle partenze italiane piu interessanti per Kars, con tariffe indicative e consigli per scegliere il periodo piu vantaggioso.</p>
</div>
<div class=""cpv-stat-grid"">
  <div class=""cpv-stat""><strong>EUR 56</strong><span>Prezzo indicativo da monitorare dalle principali aree aeroportuali italiane.</span></div>
  <div class=""cpv-stat""><strong>febbraio</strong><span>Periodo spesso interessante per tenere sotto controllo la rotta.</span></div>
  <div class=""cpv-stat""><strong>9</strong><span>Aeroporti italiani prioritari da confrontare per questa destinazione.</span></div>
</div>
<h2>Offerte voli per Kars</h2>
<p>Per trovare il miglior equilibrio tra prezzo, durata e comfort, conviene verificare piu aeroporti di partenza italiani e confrontare giorni feriali e weekend.</p>
<table>
  <thead>
    <tr><th>Partenza</th><th>Prezzo da</th><th>Durata indicativa</th><th>Mese da monitorare</th></tr>
  </thead>
  <tbody>
    <tr><td>Leonardo da Vinci-Fiumicino Airport (FCO)</td><td>EUR 96</td><td>6h 50</td><td>giugno</td></tr><tr><td>Ciampino-G. B. Pastine International Airport (CIA)</td><td>EUR 180</td><td>1h 50</td><td>giugno</td></tr><tr><td>Milano Malpensa Airport (MXP)</td><td>EUR 187</td><td>6h 00</td><td>gennaio</td></tr><tr><td>Orio al Serio International Airport (BGY)</td><td>EUR 145</td><td>5h 00</td><td>luglio</td></tr><tr><td>Milano Linate Airport (LIN)</td><td>EUR 180</td><td>1h 50</td><td>giugno</td></tr><tr><td>Naples International Airport (NAP)</td><td>EUR 21</td><td>9h 20</td><td>marzo</td></tr><tr><td>Venice Marco Polo Airport (VCE)</td><td>EUR 181</td><td>3h 00</td><td>luglio</td></tr><tr><td>Catania-Fontanarossa Airport (CTA)</td><td>EUR 119</td><td>1h 40</td><td>maggio</td></tr><tr><td>Guglielmo Marconi Airport (BLQ)</td><td>EUR 111</td><td>3h 20</td><td>settembre</td></tr>
  </tbody>
</table>
<h2>Aeroporti italiani da cui conviene partire</h2>
<div class=""cpv-chip-list""><span class=""cpv-chip"">Leonardo da Vinci-Fiumicino Airport</span><span class=""cpv-chip"">Ciampino-G. B. Pastine International Airport</span><span class=""cpv-chip"">Milano Malpensa Airport</span><span class=""cpv-chip"">Orio al Serio International Airport</span><span class=""cpv-chip"">Milano Linate Airport</span><span class=""cpv-chip"">Naples International Airport</span></div>
<div class=""cpv-landing-grid"">
  <div class=""cpv-landing-card""><strong>City break</strong><p>Se Kars e una meta urbana, le partenze del venerdi e del sabato sono spesso le piu monitorate.</p></div>
  <div class=""cpv-landing-card""><strong>Viaggi stagionali</strong><p>In alcuni periodi dell'anno le tariffe possono variare molto, soprattutto vicino ai ponti e alle festivita.</p></div>
  <div class=""cpv-landing-card""><strong>Confronto rapido</strong><p>Valuta aeroporti maggiori e secondari per capire se un piccolo spostamento porta a un risparmio concreto.</p></div>
</div>
<h2>Domande frequenti sui voli per Kars</h2>
<div class=""cpv-faq"">
  <details><summary>Qual e il modo migliore per cercare voli per Kars?</summary><p>Confronta piu aeroporti italiani, prova date flessibili e verifica anche partenze infrasettimanali per migliorare le possibilita di risparmio.</p></details>
  <details><summary>Meglio volo diretto o con scalo?</summary><p>Per tratte medio-brevi il diretto e spesso la scelta piu comoda, mentre su alcune rotte uno scalo puo ridurre il prezzo finale.</p></details>
  <details><summary>Quando controllare i prezzi per Kars?</summary><p>Vale la pena iniziare a monitorare la rotta in anticipo e verificare con regolarita i giorni piu vicini alla partenza ideale.</p></details>
</div>","Voli per citta|Voli in Europa",city,KSY,/voli-per/kars/,"Voli per Kars (KSY): offerte e guide | ConfrontaPrezziVoli","Trova voli per Kars dai principali aeroporti italiani. Tariffe indicative da EUR 56 e consigli per scegliere il periodo migliore.","voli per Kars",cities,"Mese tipicamente conveniente: febbraio"
post,publish,"Voli per Karshi (KSQ): offerte, compagnie e periodo migliore per prenotare",voli-per-karshi-ksq,"Confronta voli per Karshi dai principali aeroporti italiani. Scopri prezzi indicativi, compagnie e consigli utili per organizzare la partenza.","<div class=""cpv-landing-note"">
  <p><strong>Perche cercare voli per Karshi qui.</strong> Questa pagina raccoglie un quadro rapido delle partenze italiane piu interessanti per Karshi, con tariffe indicative e consigli per scegliere il periodo piu vantaggioso.</p>
</div>
<div class=""cpv-stat-grid"">
  <div class=""cpv-stat""><strong>EUR 86</strong><span>Prezzo indicativo da monitorare dalle principali aree aeroportuali italiane.</span></div>
  <div class=""cpv-stat""><strong>agosto</strong><span>Periodo spesso interessante per tenere sotto controllo la rotta.</span></div>
  <div class=""cpv-stat""><strong>9</strong><span>Aeroporti italiani prioritari da confrontare per questa destinazione.</span></div>
</div>
<h2>Offerte voli per Karshi</h2>
<p>Per trovare il miglior equilibrio tra prezzo, durata e comfort, conviene verificare piu aeroporti di partenza italiani e confrontare giorni feriali e weekend.</p>
<table>
  <thead>
    <tr><th>Partenza</th><th>Prezzo da</th><th>Durata indicativa</th><th>Mese da monitorare</th></tr>
  </thead>
  <tbody>
    <tr><td>Leonardo da Vinci-Fiumicino Airport (FCO)</td><td>EUR 166</td><td>1h 30</td><td>aprile</td></tr><tr><td>Ciampino-G. B. Pastine International Airport (CIA)</td><td>EUR 98</td><td>7h 10</td><td>agosto</td></tr><tr><td>Milano Malpensa Airport (MXP)</td><td>EUR 85</td><td>7h 00</td><td>luglio</td></tr><tr><td>Orio al Serio International Airport (BGY)</td><td>EUR 119</td><td>8h 40</td><td>maggio</td></tr><tr><td>Milano Linate Airport (LIN)</td><td>EUR 170</td><td>7h 10</td><td>agosto</td></tr><tr><td>Naples International Airport (NAP)</td><td>EUR 127</td><td>8h 00</td><td>gennaio</td></tr><tr><td>Venice Marco Polo Airport (VCE)</td><td>EUR 151</td><td>2h 00</td><td>gennaio</td></tr><tr><td>Catania-Fontanarossa Airport (CTA)</td><td>EUR 33</td><td>6h 20</td><td>marzo</td></tr><tr><td>Guglielmo Marconi Airport (BLQ)</td><td>EUR 121</td><td>1h 00</td><td>luglio</td></tr>
  </tbody>
</table>
<h2>Aeroporti italiani da cui conviene partire</h2>
<div class=""cpv-chip-list""><span class=""cpv-chip"">Leonardo da Vinci-Fiumicino Airport</span><span class=""cpv-chip"">Ciampino-G. B. Pastine International Airport</span><span class=""cpv-chip"">Milano Malpensa Airport</span><span class=""cpv-chip"">Orio al Serio International Airport</span><span class=""cpv-chip"">Milano Linate Airport</span><span class=""cpv-chip"">Naples International Airport</span></div>
<div class=""cpv-landing-grid"">
  <div class=""cpv-landing-card""><strong>City break</strong><p>Se Karshi e una meta urbana, le partenze del venerdi e del sabato sono spesso le piu monitorate.</p></div>
  <div class=""cpv-landing-card""><strong>Viaggi stagionali</strong><p>In alcuni periodi dell'anno le tariffe possono variare molto, soprattutto vicino ai ponti e alle festivita.</p></div>
  <div class=""cpv-landing-card""><strong>Confronto rapido</strong><p>Valuta aeroporti maggiori e secondari per capire se un piccolo spostamento porta a un risparmio concreto.</p></div>
</div>
<h2>Domande frequenti sui voli per Karshi</h2>
<div class=""cpv-faq"">
  <details><summary>Qual e il modo migliore per cercare voli per Karshi?</summary><p>Confronta piu aeroporti italiani, prova date flessibili e verifica anche partenze infrasettimanali per migliorare le possibilita di risparmio.</p></details>
  <details><summary>Meglio volo diretto o con scalo?</summary><p>Per tratte medio-brevi il diretto e spesso la scelta piu comoda, mentre su alcune rotte uno scalo puo ridurre il prezzo finale.</p></details>
  <details><summary>Quando controllare i prezzi per Karshi?</summary><p>Vale la pena iniziare a monitorare la rotta in anticipo e verificare con regolarita i giorni piu vicini alla partenza ideale.</p></details>
</div>","Voli per citta|Voli intercontinentali",city,KSQ,/voli-per/karshi/,"Voli per Karshi (KSQ): offerte e guide | ConfrontaPrezziVoli","Trova voli per Karshi dai principali aeroporti italiani. Tariffe indicative da EUR 86 e consigli per scegliere il periodo migliore.","voli per Karshi",cities,"Mese tipicamente conveniente: agosto"
post,publish,"Voli per Karumba (KRB): offerte, compagnie e periodo migliore per prenotare",voli-per-karumba-krb,"Confronta voli per Karumba dai principali aeroporti italiani. Scopri prezzi indicativi, compagnie e consigli utili per organizzare la partenza.","<div class=""cpv-landing-note"">
  <p><strong>Perche cercare voli per Karumba qui.</strong> Questa pagina raccoglie un quadro rapido delle partenze italiane piu interessanti per Karumba, con tariffe indicative e consigli per scegliere il periodo piu vantaggioso.</p>
</div>
<div class=""cpv-stat-grid"">
  <div class=""cpv-stat""><strong>EUR 39</strong><span>Prezzo indicativo da monitorare dalle principali aree aeroportuali italiane.</span></div>
  <div class=""cpv-stat""><strong>settembre</strong><span>Periodo spesso interessante per tenere sotto controllo la rotta.</span></div>
  <div class=""cpv-stat""><strong>9</strong><span>Aeroporti italiani prioritari da confrontare per questa destinazione.</span></div>
</div>
<h2>Offerte voli per Karumba</h2>
<p>Per trovare il miglior equilibrio tra prezzo, durata e comfort, conviene verificare piu aeroporti di partenza italiani e confrontare giorni feriali e weekend.</p>
<table>
  <thead>
    <tr><th>Partenza</th><th>Prezzo da</th><th>Durata indicativa</th><th>Mese da monitorare</th></tr>
  </thead>
  <tbody>
    <tr><td>Leonardo da Vinci-Fiumicino Airport (FCO)</td><td>EUR 63</td><td>4h 20</td><td>settembre</td></tr><tr><td>Ciampino-G. B. Pastine International Airport (CIA)</td><td>EUR 51</td><td>5h 20</td><td>settembre</td></tr><tr><td>Milano Malpensa Airport (MXP)</td><td>EUR 104</td><td>3h 10</td><td>febbraio</td></tr><tr><td>Orio al Serio International Airport (BGY)</td><td>EUR 86</td><td>11h 10</td><td>agosto</td></tr><tr><td>Milano Linate Airport (LIN)</td><td>EUR 103</td><td>2h 00</td><td>gennaio</td></tr><tr><td>Naples International Airport (NAP)</td><td>EUR 34</td><td>5h 30</td><td>aprile</td></tr><tr><td>Venice Marco Polo Airport (VCE)</td><td>EUR 106</td><td>1h 30</td><td>aprile</td></tr><tr><td>Catania-Fontanarossa Airport (CTA)</td><td>EUR 32</td><td>1h 10</td><td>febbraio</td></tr><tr><td>Guglielmo Marconi Airport (BLQ)</td><td>EUR 28</td><td>3h 30</td><td>ottobre</td></tr>
  </tbody>
</table>
<h2>Aeroporti italiani da cui conviene partire</h2>
<div class=""cpv-chip-list""><span class=""cpv-chip"">Leonardo da Vinci-Fiumicino Airport</span><span class=""cpv-chip"">Ciampino-G. B. Pastine International Airport</span><span class=""cpv-chip"">Milano Malpensa Airport</span><span class=""cpv-chip"">Orio al Serio International Airport</span><span class=""cpv-chip"">Milano Linate Airport</span><span class=""cpv-chip"">Naples International Airport</span></div>
<div class=""cpv-landing-grid"">
  <div class=""cpv-landing-card""><strong>City break</strong><p>Se Karumba e una meta urbana, le partenze del venerdi e del sabato sono spesso le piu monitorate.</p></div>
  <div class=""cpv-landing-card""><strong>Viaggi stagionali</strong><p>In alcuni periodi dell'anno le tariffe possono variare molto, soprattutto vicino ai ponti e alle festivita.</p></div>
  <div class=""cpv-landing-card""><strong>Confronto rapido</strong><p>Valuta aeroporti maggiori e secondari per capire se un piccolo spostamento porta a un risparmio concreto.</p></div>
</div>
<h2>Domande frequenti sui voli per Karumba</h2>
<div class=""cpv-faq"">
  <details><summary>Qual e il modo migliore per cercare voli per Karumba?</summary><p>Confronta piu aeroporti italiani, prova date flessibili e verifica anche partenze infrasettimanali per migliorare le possibilita di risparmio.</p></details>
  <details><summary>Meglio volo diretto o con scalo?</summary><p>Per tratte medio-brevi il diretto e spesso la scelta piu comoda, mentre su alcune rotte uno scalo puo ridurre il prezzo finale.</p></details>
  <details><summary>Quando controllare i prezzi per Karumba?</summary><p>Vale la pena iniziare a monitorare la rotta in anticipo e verificare con regolarita i giorni piu vicini alla partenza ideale.</p></details>
</div>","Voli per citta|Voli intercontinentali",city,KRB,/voli-per/karumba/,"Voli per Karumba (KRB): offerte e guide | ConfrontaPrezziVoli","Trova voli per Karumba dai principali aeroporti italiani. Tariffe indicative da EUR 39 e consigli per scegliere il periodo migliore.","voli per Karumba",cities,"Mese tipicamente conveniente: settembre"
post,publish,"Voli per Karup (KRP): offerte, compagnie e periodo migliore per prenotare",voli-per-karup-krp,"Confronta voli per Karup dai principali aeroporti italiani. Scopri prezzi indicativi, compagnie e consigli utili per organizzare la partenza.","<div class=""cpv-landing-note"">
  <p><strong>Perche cercare voli per Karup qui.</strong> Questa pagina raccoglie un quadro rapido delle partenze italiane piu interessanti per Karup, con tariffe indicative e consigli per scegliere il periodo piu vantaggioso.</p>
</div>
<div class=""cpv-stat-grid"">
  <div class=""cpv-stat""><strong>EUR 79</strong><span>Prezzo indicativo da monitorare dalle principali aree aeroportuali italiane.</span></div>
  <div class=""cpv-stat""><strong>gennaio</strong><span>Periodo spesso interessante per tenere sotto controllo la rotta.</span></div>
  <div class=""cpv-stat""><strong>9</strong><span>Aeroporti italiani prioritari da confrontare per questa destinazione.</span></div>
</div>
<h2>Offerte voli per Karup</h2>
<p>Per trovare il miglior equilibrio tra prezzo, durata e comfort, conviene verificare piu aeroporti di partenza italiani e confrontare giorni feriali e weekend.</p>
<table>
  <thead>
    <tr><th>Partenza</th><th>Prezzo da</th><th>Durata indicativa</th><th>Mese da monitorare</th></tr>
  </thead>
  <tbody>
    <tr><td>Leonardo da Vinci-Fiumicino Airport (FCO)</td><td>EUR 71</td><td>9h 40</td><td>maggio</td></tr><tr><td>Ciampino-G. B. Pastine International Airport (CIA)</td><td>EUR 95</td><td>11h 40</td><td>maggio</td></tr><tr><td>Milano Malpensa Airport (MXP)</td><td>EUR 188</td><td>3h 10</td><td>febbraio</td></tr><tr><td>Orio al Serio International Airport (BGY)</td><td>EUR 150</td><td>9h 50</td><td>dicembre</td></tr><tr><td>Milano Linate Airport (LIN)</td><td>EUR 127</td><td>9h 00</td><td>gennaio</td></tr><tr><td>Naples International Airport (NAP)</td><td>EUR 50</td><td>8h 10</td><td>agosto</td></tr><tr><td>Venice Marco Polo Airport (VCE)</td><td>EUR 138</td><td>10h 50</td><td>dicembre</td></tr><tr><td>Catania-Fontanarossa Airport (CTA)</td><td>EUR 48</td><td>8h 50</td><td>giugno</td></tr><tr><td>Guglielmo Marconi Airport (BLQ)</td><td>EUR 136</td><td>1h 30</td><td>ottobre</td></tr>
  </tbody>
</table>
<h2>Aeroporti italiani da cui conviene partire</h2>
<div class=""cpv-chip-list""><span class=""cpv-chip"">Leonardo da Vinci-Fiumicino Airport</span><span class=""cpv-chip"">Ciampino-G. B. Pastine International Airport</span><span class=""cpv-chip"">Milano Malpensa Airport</span><span class=""cpv-chip"">Orio al Serio International Airport</span><span class=""cpv-chip"">Milano Linate Airport</span><span class=""cpv-chip"">Naples International Airport</span></div>
<div class=""cpv-landing-grid"">
  <div class=""cpv-landing-card""><strong>City break</strong><p>Se Karup e una meta urbana, le partenze del venerdi e del sabato sono spesso le piu monitorate.</p></div>
  <div class=""cpv-landing-card""><strong>Viaggi stagionali</strong><p>In alcuni periodi dell'anno le tariffe possono variare molto, soprattutto vicino ai ponti e alle festivita.</p></div>
  <div class=""cpv-landing-card""><strong>Confronto rapido</strong><p>Valuta aeroporti maggiori e secondari per capire se un piccolo spostamento porta a un risparmio concreto.</p></div>
</div>
<h2>Domande frequenti sui voli per Karup</h2>
<div class=""cpv-faq"">
  <details><summary>Qual e il modo migliore per cercare voli per Karup?</summary><p>Confronta piu aeroporti italiani, prova date flessibili e verifica anche partenze infrasettimanali per migliorare le possibilita di risparmio.</p></details>
  <details><summary>Meglio volo diretto o con scalo?</summary><p>Per tratte medio-brevi il diretto e spesso la scelta piu comoda, mentre su alcune rotte uno scalo puo ridurre il prezzo finale.</p></details>
  <details><summary>Quando controllare i prezzi per Karup?</summary><p>Vale la pena iniziare a monitorare la rotta in anticipo e verificare con regolarita i giorni piu vicini alla partenza ideale.</p></details>
</div>","Voli per citta|Voli in Europa",city,KRP,/voli-per/karup/,"Voli per Karup (KRP): offerte e guide | ConfrontaPrezziVoli","Trova voli per Karup dai principali aeroporti italiani. Tariffe indicative da EUR 79 e consigli per scegliere il periodo migliore.","voli per Karup",cities,"Mese tipicamente conveniente: gennaio"
post,publish,"Voli per Kasama (KAA): offerte, compagnie e periodo migliore per prenotare",voli-per-kasama-kaa,"Confronta voli per Kasama dai principali aeroporti italiani. Scopri prezzi indicativi, compagnie e consigli utili per organizzare la partenza.","<div class=""cpv-landing-note"">
  <p><strong>Perche cercare voli per Kasama qui.</strong> Questa pagina raccoglie un quadro rapido delle partenze italiane piu interessanti per Kasama, con tariffe indicative e consigli per scegliere il periodo piu vantaggioso.</p>
</div>
<div class=""cpv-stat-grid"">
  <div class=""cpv-stat""><strong>EUR 103</strong><span>Prezzo indicativo da monitorare dalle principali aree aeroportuali italiane.</span></div>
  <div class=""cpv-stat""><strong>gennaio</strong><span>Periodo spesso interessante per tenere sotto controllo la rotta.</span></div>
  <div class=""cpv-stat""><strong>9</strong><span>Aeroporti italiani prioritari da confrontare per questa destinazione.</span></div>
</div>
<h2>Offerte voli per Kasama</h2>
<p>Per trovare il miglior equilibrio tra prezzo, durata e comfort, conviene verificare piu aeroporti di partenza italiani e confrontare giorni feriali e weekend.</p>
<table>
  <thead>
    <tr><th>Partenza</th><th>Prezzo da</th><th>Durata indicativa</th><th>Mese da monitorare</th></tr>
  </thead>
  <tbody>
    <tr><td>Leonardo da Vinci-Fiumicino Airport (FCO)</td><td>EUR 67</td><td>4h 00</td><td>gennaio</td></tr><tr><td>Ciampino-G. B. Pastine International Airport (CIA)</td><td>EUR 119</td><td>9h 40</td><td>maggio</td></tr><tr><td>Milano Malpensa Airport (MXP)</td><td>EUR 136</td><td>10h 30</td><td>ottobre</td></tr><tr><td>Orio al Serio International Airport (BGY)</td><td>EUR 34</td><td>7h 30</td><td>aprile</td></tr><tr><td>Milano Linate Airport (LIN)</td><td>EUR 167</td><td>11h 40</td><td>maggio</td></tr><tr><td>Naples International Airport (NAP)</td><td>EUR 58</td><td>5h 30</td><td>aprile</td></tr><tr><td>Venice Marco Polo Airport (VCE)</td><td>EUR 46</td><td>10h 30</td><td>aprile</td></tr><tr><td>Catania-Fontanarossa Airport (CTA)</td><td>EUR 80</td><td>5h 10</td><td>febbraio</td></tr><tr><td>Guglielmo Marconi Airport (BLQ)</td><td>EUR 56</td><td>3h 10</td><td>febbraio</td></tr>
  </tbody>
</table>
<h2>Aeroporti italiani da cui conviene partire</h2>
<div class=""cpv-chip-list""><span class=""cpv-chip"">Leonardo da Vinci-Fiumicino Airport</span><span class=""cpv-chip"">Ciampino-G. B. Pastine International Airport</span><span class=""cpv-chip"">Milano Malpensa Airport</span><span class=""cpv-chip"">Orio al Serio International Airport</span><span class=""cpv-chip"">Milano Linate Airport</span><span class=""cpv-chip"">Naples International Airport</span></div>
<div class=""cpv-landing-grid"">
  <div class=""cpv-landing-card""><strong>City break</strong><p>Se Kasama e una meta urbana, le partenze del venerdi e del sabato sono spesso le piu monitorate.</p></div>
  <div class=""cpv-landing-card""><strong>Viaggi stagionali</strong><p>In alcuni periodi dell'anno le tariffe possono variare molto, soprattutto vicino ai ponti e alle festivita.</p></div>
  <div class=""cpv-landing-card""><strong>Confronto rapido</strong><p>Valuta aeroporti maggiori e secondari per capire se un piccolo spostamento porta a un risparmio concreto.</p></div>
</div>
<h2>Domande frequenti sui voli per Kasama</h2>
<div class=""cpv-faq"">
  <details><summary>Qual e il modo migliore per cercare voli per Kasama?</summary><p>Confronta piu aeroporti italiani, prova date flessibili e verifica anche partenze infrasettimanali per migliorare le possibilita di risparmio.</p></details>
  <details><summary>Meglio volo diretto o con scalo?</summary><p>Per tratte medio-brevi il diretto e spesso la scelta piu comoda, mentre su alcune rotte uno scalo puo ridurre il prezzo finale.</p></details>
  <details><summary>Quando controllare i prezzi per Kasama?</summary><p>Vale la pena iniziare a monitorare la rotta in anticipo e verificare con regolarita i giorni piu vicini alla partenza ideale.</p></details>
</div>","Voli per citta|Voli intercontinentali",city,KAA,/voli-per/kasama/,"Voli per Kasama (KAA): offerte e guide | ConfrontaPrezziVoli","Trova voli per Kasama dai principali aeroporti italiani. Tariffe indicative da EUR 103 e consigli per scegliere il periodo migliore.","voli per Kasama",cities,"Mese tipicamente conveniente: gennaio"
post,publish,"Voli per Kasane (BBK): offerte, compagnie e periodo migliore per prenotare",voli-per-kasane-bbk,"Confronta voli per Kasane dai principali aeroporti italiani. Scopri prezzi indicativi, compagnie e consigli utili per organizzare la partenza.","<div class=""cpv-landing-note"">
  <p><strong>Perche cercare voli per Kasane qui.</strong> Questa pagina raccoglie un quadro rapido delle partenze italiane piu interessanti per Kasane, con tariffe indicative e consigli per scegliere il periodo piu vantaggioso.</p>
</div>
<div class=""cpv-stat-grid"">
  <div class=""cpv-stat""><strong>EUR 189</strong><span>Prezzo indicativo da monitorare dalle principali aree aeroportuali italiane.</span></div>
  <div class=""cpv-stat""><strong>marzo</strong><span>Periodo spesso interessante per tenere sotto controllo la rotta.</span></div>
  <div class=""cpv-stat""><strong>9</strong><span>Aeroporti italiani prioritari da confrontare per questa destinazione.</span></div>
</div>
<h2>Offerte voli per Kasane</h2>
<p>Per trovare il miglior equilibrio tra prezzo, durata e comfort, conviene verificare piu aeroporti di partenza italiani e confrontare giorni feriali e weekend.</p>
<table>
  <thead>
    <tr><th>Partenza</th><th>Prezzo da</th><th>Durata indicativa</th><th>Mese da monitorare</th></tr>
  </thead>
  <tbody>
    <tr><td>Leonardo da Vinci-Fiumicino Airport (FCO)</td><td>EUR 65</td><td>2h 40</td><td>novembre</td></tr><tr><td>Ciampino-G. B. Pastine International Airport (CIA)</td><td>EUR 189</td><td>8h 20</td><td>marzo</td></tr><tr><td>Milano Malpensa Airport (MXP)</td><td>EUR 158</td><td>1h 10</td><td>agosto</td></tr><tr><td>Orio al Serio International Airport (BGY)</td><td>EUR 152</td><td>8h 10</td><td>febbraio</td></tr><tr><td>Milano Linate Airport (LIN)</td><td>EUR 177</td><td>8h 20</td><td>marzo</td></tr><tr><td>Naples International Airport (NAP)</td><td>EUR 192</td><td>9h 50</td><td>giugno</td></tr><tr><td>Venice Marco Polo Airport (VCE)</td><td>EUR 116</td><td>6h 10</td><td>febbraio</td></tr><tr><td>Catania-Fontanarossa Airport (CTA)</td><td>EUR 182</td><td>2h 10</td><td>agosto</td></tr><tr><td>Guglielmo Marconi Airport (BLQ)</td><td>EUR 106</td><td>7h 30</td><td>aprile</td></tr>
  </tbody>
</table>
<h2>Aeroporti italiani da cui conviene partire</h2>
<div class=""cpv-chip-list""><span class=""cpv-chip"">Leonardo da Vinci-Fiumicino Airport</span><span class=""cpv-chip"">Ciampino-G. B. Pastine International Airport</span><span class=""cpv-chip"">Milano Malpensa Airport</span><span class=""cpv-chip"">Orio al Serio International Airport</span><span class=""cpv-chip"">Milano Linate Airport</span><span class=""cpv-chip"">Naples International Airport</span></div>
<div class=""cpv-landing-grid"">
  <div class=""cpv-landing-card""><strong>City break</strong><p>Se Kasane e una meta urbana, le partenze del venerdi e del sabato sono spesso le piu monitorate.</p></div>
  <div class=""cpv-landing-card""><strong>Viaggi stagionali</strong><p>In alcuni periodi dell'anno le tariffe possono variare molto, soprattutto vicino ai ponti e alle festivita.</p></div>
  <div class=""cpv-landing-card""><strong>Confronto rapido</strong><p>Valuta aeroporti maggiori e secondari per capire se un piccolo spostamento porta a un risparmio concreto.</p></div>
</div>
<h2>Domande frequenti sui voli per Kasane</h2>
<div class=""cpv-faq"">
  <details><summary>Qual e il modo migliore per cercare voli per Kasane?</summary><p>Confronta piu aeroporti italiani, prova date flessibili e verifica anche partenze infrasettimanali per migliorare le possibilita di risparmio.</p></details>
  <details><summary>Meglio volo diretto o con scalo?</summary><p>Per tratte medio-brevi il diretto e spesso la scelta piu comoda, mentre su alcune rotte uno scalo puo ridurre il prezzo finale.</p></details>
  <details><summary>Quando controllare i prezzi per Kasane?</summary><p>Vale la pena iniziare a monitorare la rotta in anticipo e verificare con regolarita i giorni piu vicini alla partenza ideale.</p></details>
</div>","Voli per citta|Voli intercontinentali",city,BBK,/voli-per/kasane/,"Voli per Kasane (BBK): offerte e guide | ConfrontaPrezziVoli","Trova voli per Kasane dai principali aeroporti italiani. Tariffe indicative da EUR 189 e consigli per scegliere il periodo migliore.","voli per Kasane",cities,"Mese tipicamente conveniente: marzo"
post,publish,"Voli per Kasese (KSE): offerte, compagnie e periodo migliore per prenotare",voli-per-kasese-kse,"Confronta voli per Kasese dai principali aeroporti italiani. Scopri prezzi indicativi, compagnie e consigli utili per organizzare la partenza.","<div class=""cpv-landing-note"">
  <p><strong>Perche cercare voli per Kasese qui.</strong> Questa pagina raccoglie un quadro rapido delle partenze italiane piu interessanti per Kasese, con tariffe indicative e consigli per scegliere il periodo piu vantaggioso.</p>
</div>
<div class=""cpv-stat-grid"">
  <div class=""cpv-stat""><strong>EUR 129</strong><span>Prezzo indicativo da monitorare dalle principali aree aeroportuali italiane.</span></div>
  <div class=""cpv-stat""><strong>marzo</strong><span>Periodo spesso interessante per tenere sotto controllo la rotta.</span></div>
  <div class=""cpv-stat""><strong>9</strong><span>Aeroporti italiani prioritari da confrontare per questa destinazione.</span></div>
</div>
<h2>Offerte voli per Kasese</h2>
<p>Per trovare il miglior equilibrio tra prezzo, durata e comfort, conviene verificare piu aeroporti di partenza italiani e confrontare giorni feriali e weekend.</p>
<table>
  <thead>
    <tr><th>Partenza</th><th>Prezzo da</th><th>Durata indicativa</th><th>Mese da monitorare</th></tr>
  </thead>
  <tbody>
    <tr><td>Leonardo da Vinci-Fiumicino Airport (FCO)</td><td>EUR 173</td><td>7h 40</td><td>novembre</td></tr><tr><td>Ciampino-G. B. Pastine International Airport (CIA)</td><td>EUR 125</td><td>2h 40</td><td>novembre</td></tr><tr><td>Milano Malpensa Airport (MXP)</td><td>EUR 70</td><td>11h 30</td><td>aprile</td></tr><tr><td>Orio al Serio International Airport (BGY)</td><td>EUR 144</td><td>5h 50</td><td>giugno</td></tr><tr><td>Milano Linate Airport (LIN)</td><td>EUR 25</td><td>6h 00</td><td>luglio</td></tr><tr><td>Naples International Airport (NAP)</td><td>EUR 164</td><td>1h 10</td><td>febbraio</td></tr><tr><td>Venice Marco Polo Airport (VCE)</td><td>EUR 28</td><td>6h 30</td><td>ottobre</td></tr><tr><td>Catania-Fontanarossa Airport (CTA)</td><td>EUR 178</td><td>9h 30</td><td>aprile</td></tr><tr><td>Guglielmo Marconi Airport (BLQ)</td><td>EUR 182</td><td>4h 10</td><td>agosto</td></tr>
  </tbody>
</table>
<h2>Aeroporti italiani da cui conviene partire</h2>
<div class=""cpv-chip-list""><span class=""cpv-chip"">Leonardo da Vinci-Fiumicino Airport</span><span class=""cpv-chip"">Ciampino-G. B. Pastine International Airport</span><span class=""cpv-chip"">Milano Malpensa Airport</span><span class=""cpv-chip"">Orio al Serio International Airport</span><span class=""cpv-chip"">Milano Linate Airport</span><span class=""cpv-chip"">Naples International Airport</span></div>
<div class=""cpv-landing-grid"">
  <div class=""cpv-landing-card""><strong>City break</strong><p>Se Kasese e una meta urbana, le partenze del venerdi e del sabato sono spesso le piu monitorate.</p></div>
  <div class=""cpv-landing-card""><strong>Viaggi stagionali</strong><p>In alcuni periodi dell'anno le tariffe possono variare molto, soprattutto vicino ai ponti e alle festivita.</p></div>
  <div class=""cpv-landing-card""><strong>Confronto rapido</strong><p>Valuta aeroporti maggiori e secondari per capire se un piccolo spostamento porta a un risparmio concreto.</p></div>
</div>
<h2>Domande frequenti sui voli per Kasese</h2>
<div class=""cpv-faq"">
  <details><summary>Qual e il modo migliore per cercare voli per Kasese?</summary><p>Confronta piu aeroporti italiani, prova date flessibili e verifica anche partenze infrasettimanali per migliorare le possibilita di risparmio.</p></details>
  <details><summary>Meglio volo diretto o con scalo?</summary><p>Per tratte medio-brevi il diretto e spesso la scelta piu comoda, mentre su alcune rotte uno scalo puo ridurre il prezzo finale.</p></details>
  <details><summary>Quando controllare i prezzi per Kasese?</summary><p>Vale la pena iniziare a monitorare la rotta in anticipo e verificare con regolarita i giorni piu vicini alla partenza ideale.</p></details>
</div>","Voli per citta|Voli intercontinentali",city,KSE,/voli-per/kasese/,"Voli per Kasese (KSE): offerte e guide | ConfrontaPrezziVoli","Trova voli per Kasese dai principali aeroporti italiani. Tariffe indicative da EUR 129 e consigli per scegliere il periodo migliore.","voli per Kasese",cities,"Mese tipicamente conveniente: marzo"
post,publish,"Voli per Kashechewan (ZKE): offerte, compagnie e periodo migliore per prenotare",voli-per-kashechewan-zke,"Confronta voli per Kashechewan dai principali aeroporti italiani. Scopri prezzi indicativi, compagnie e consigli utili per organizzare la partenza.","<div class=""cpv-landing-note"">
  <p><strong>Perche cercare voli per Kashechewan qui.</strong> Questa pagina raccoglie un quadro rapido delle partenze italiane piu interessanti per Kashechewan, con tariffe indicative e consigli per scegliere il periodo piu vantaggioso.</p>
</div>
<div class=""cpv-stat-grid"">
  <div class=""cpv-stat""><strong>EUR 107</strong><span>Prezzo indicativo da monitorare dalle principali aree aeroportuali italiane.</span></div>
  <div class=""cpv-stat""><strong>maggio</strong><span>Periodo spesso interessante per tenere sotto controllo la rotta.</span></div>
  <div class=""cpv-stat""><strong>9</strong><span>Aeroporti italiani prioritari da confrontare per questa destinazione.</span></div>
</div>
<h2>Offerte voli per Kashechewan</h2>
<p>Per trovare il miglior equilibrio tra prezzo, durata e comfort, conviene verificare piu aeroporti di partenza italiani e confrontare giorni feriali e weekend.</p>
<table>
  <thead>
    <tr><th>Partenza</th><th>Prezzo da</th><th>Durata indicativa</th><th>Mese da monitorare</th></tr>
  </thead>
  <tbody>
    <tr><td>Leonardo da Vinci-Fiumicino Airport (FCO)</td><td>EUR 151</td><td>2h 00</td><td>gennaio</td></tr><tr><td>Ciampino-G. B. Pastine International Airport (CIA)</td><td>EUR 171</td><td>11h 20</td><td>settembre</td></tr><tr><td>Milano Malpensa Airport (MXP)</td><td>EUR 84</td><td>4h 50</td><td>giugno</td></tr><tr><td>Orio al Serio International Airport (BGY)</td><td>EUR 178</td><td>2h 30</td><td>aprile</td></tr><tr><td>Milano Linate Airport (LIN)</td><td>EUR 91</td><td>8h 00</td><td>gennaio</td></tr><tr><td>Naples International Airport (NAP)</td><td>EUR 58</td><td>9h 30</td><td>aprile</td></tr><tr><td>Venice Marco Polo Airport (VCE)</td><td>EUR 86</td><td>6h 10</td><td>agosto</td></tr><tr><td>Catania-Fontanarossa Airport (CTA)</td><td>EUR 108</td><td>9h 50</td><td>giugno</td></tr><tr><td>Guglielmo Marconi Airport (BLQ)</td><td>EUR 168</td><td>8h 50</td><td>giugno</td></tr>
  </tbody>
</table>
<h2>Aeroporti italiani da cui conviene partire</h2>
<div class=""cpv-chip-list""><span class=""cpv-chip"">Leonardo da Vinci-Fiumicino Airport</span><span class=""cpv-chip"">Ciampino-G. B. Pastine International Airport</span><span class=""cpv-chip"">Milano Malpensa Airport</span><span class=""cpv-chip"">Orio al Serio International Airport</span><span class=""cpv-chip"">Milano Linate Airport</span><span class=""cpv-chip"">Naples International Airport</span></div>
<div class=""cpv-landing-grid"">
  <div class=""cpv-landing-card""><strong>City break</strong><p>Se Kashechewan e una meta urbana, le partenze del venerdi e del sabato sono spesso le piu monitorate.</p></div>
  <div class=""cpv-landing-card""><strong>Viaggi stagionali</strong><p>In alcuni periodi dell'anno le tariffe possono variare molto, soprattutto vicino ai ponti e alle festivita.</p></div>
  <div class=""cpv-landing-card""><strong>Confronto rapido</strong><p>Valuta aeroporti maggiori e secondari per capire se un piccolo spostamento porta a un risparmio concreto.</p></div>
</div>
<h2>Domande frequenti sui voli per Kashechewan</h2>
<div class=""cpv-faq"">
  <details><summary>Qual e il modo migliore per cercare voli per Kashechewan?</summary><p>Confronta piu aeroporti italiani, prova date flessibili e verifica anche partenze infrasettimanali per migliorare le possibilita di risparmio.</p></details>
  <details><summary>Meglio volo diretto o con scalo?</summary><p>Per tratte medio-brevi il diretto e spesso la scelta piu comoda, mentre su alcune rotte uno scalo puo ridurre il prezzo finale.</p></details>
  <details><summary>Quando controllare i prezzi per Kashechewan?</summary><p>Vale la pena iniziare a monitorare la rotta in anticipo e verificare con regolarita i giorni piu vicini alla partenza ideale.</p></details>
</div>","Voli per citta|Voli intercontinentali",city,ZKE,/voli-per/kashechewan/,"Voli per Kashechewan (ZKE): offerte e guide | ConfrontaPrezziVoli","Trova voli per Kashechewan dai principali aeroporti italiani. Tariffe indicative da EUR 107 e consigli per scegliere il periodo migliore.","voli per Kashechewan",cities,"Mese tipicamente conveniente: maggio"
post,publish,"Voli per Kashi (KHG): offerte, compagnie e periodo migliore per prenotare",voli-per-kashi-khg,"Confronta voli per Kashi dai principali aeroporti italiani. Scopri prezzi indicativi, compagnie e consigli utili per organizzare la partenza.","<div class=""cpv-landing-note"">
  <p><strong>Perche cercare voli per Kashi qui.</strong> Questa pagina raccoglie un quadro rapido delle partenze italiane piu interessanti per Kashi, con tariffe indicative e consigli per scegliere il periodo piu vantaggioso.</p>
</div>
<div class=""cpv-stat-grid"">
  <div class=""cpv-stat""><strong>EUR 59</strong><span>Prezzo indicativo da monitorare dalle principali aree aeroportuali italiane.</span></div>
  <div class=""cpv-stat""><strong>maggio</strong><span>Periodo spesso interessante per tenere sotto controllo la rotta.</span></div>
  <div class=""cpv-stat""><strong>9</strong><span>Aeroporti italiani prioritari da confrontare per questa destinazione.</span></div>
</div>
<h2>Offerte voli per Kashi</h2>
<p>Per trovare il miglior equilibrio tra prezzo, durata e comfort, conviene verificare piu aeroporti di partenza italiani e confrontare giorni feriali e weekend.</p>
<table>
  <thead>
    <tr><th>Partenza</th><th>Prezzo da</th><th>Durata indicativa</th><th>Mese da monitorare</th></tr>
  </thead>
  <tbody>
    <tr><td>Leonardo da Vinci-Fiumicino Airport (FCO)</td><td>EUR 31</td><td>5h 00</td><td>gennaio</td></tr><tr><td>Ciampino-G. B. Pastine International Airport (CIA)</td><td>EUR 47</td><td>1h 40</td><td>maggio</td></tr><tr><td>Milano Malpensa Airport (MXP)</td><td>EUR 84</td><td>2h 50</td><td>giugno</td></tr><tr><td>Orio al Serio International Airport (BGY)</td><td>EUR 178</td><td>9h 30</td><td>aprile</td></tr><tr><td>Milano Linate Airport (LIN)</td><td>EUR 183</td><td>9h 20</td><td>settembre</td></tr><tr><td>Naples International Airport (NAP)</td><td>EUR 74</td><td>5h 10</td><td>agosto</td></tr><tr><td>Venice Marco Polo Airport (VCE)</td><td>EUR 146</td><td>7h 10</td><td>agosto</td></tr><tr><td>Catania-Fontanarossa Airport (CTA)</td><td>EUR 80</td><td>2h 10</td><td>febbraio</td></tr><tr><td>Guglielmo Marconi Airport (BLQ)</td><td>EUR 28</td><td>10h 30</td><td>ottobre</td></tr>
  </tbody>
</table>
<h2>Aeroporti italiani da cui conviene partire</h2>
<div class=""cpv-chip-list""><span class=""cpv-chip"">Leonardo da Vinci-Fiumicino Airport</span><span class=""cpv-chip"">Ciampino-G. B. Pastine International Airport</span><span class=""cpv-chip"">Milano Malpensa Airport</span><span class=""cpv-chip"">Orio al Serio International Airport</span><span class=""cpv-chip"">Milano Linate Airport</span><span class=""cpv-chip"">Naples International Airport</span></div>
<div class=""cpv-landing-grid"">
  <div class=""cpv-landing-card""><strong>City break</strong><p>Se Kashi e una meta urbana, le partenze del venerdi e del sabato sono spesso le piu monitorate.</p></div>
  <div class=""cpv-landing-card""><strong>Viaggi stagionali</strong><p>In alcuni periodi dell'anno le tariffe possono variare molto, soprattutto vicino ai ponti e alle festivita.</p></div>
  <div class=""cpv-landing-card""><strong>Confronto rapido</strong><p>Valuta aeroporti maggiori e secondari per capire se un piccolo spostamento porta a un risparmio concreto.</p></div>
</div>
<h2>Domande frequenti sui voli per Kashi</h2>
<div class=""cpv-faq"">
  <details><summary>Qual e il modo migliore per cercare voli per Kashi?</summary><p>Confronta piu aeroporti italiani, prova date flessibili e verifica anche partenze infrasettimanali per migliorare le possibilita di risparmio.</p></details>
  <details><summary>Meglio volo diretto o con scalo?</summary><p>Per tratte medio-brevi il diretto e spesso la scelta piu comoda, mentre su alcune rotte uno scalo puo ridurre il prezzo finale.</p></details>
  <details><summary>Quando controllare i prezzi per Kashi?</summary><p>Vale la pena iniziare a monitorare la rotta in anticipo e verificare con regolarita i giorni piu vicini alla partenza ideale.</p></details>
</div>","Voli per citta|Voli intercontinentali",city,KHG,/voli-per/kashi/,"Voli per Kashi (KHG): offerte e guide | ConfrontaPrezziVoli","Trova voli per Kashi dai principali aeroporti italiani. Tariffe indicative da EUR 59 e consigli per scegliere il periodo migliore.","voli per Kashi",cities,"Mese tipicamente conveniente: maggio"
post,publish,"Voli per Kasigluk (KUK): offerte, compagnie e periodo migliore per prenotare",voli-per-kasigluk-kuk,"Confronta voli per Kasigluk dai principali aeroporti italiani. Scopri prezzi indicativi, compagnie e consigli utili per organizzare la partenza.","<div class=""cpv-landing-note"">
  <p><strong>Perche cercare voli per Kasigluk qui.</strong> Questa pagina raccoglie un quadro rapido delle partenze italiane piu interessanti per Kasigluk, con tariffe indicative e consigli per scegliere il periodo piu vantaggioso.</p>
</div>
<div class=""cpv-stat-grid"">
  <div class=""cpv-stat""><strong>EUR 70</strong><span>Prezzo indicativo da monitorare dalle principali aree aeroportuali italiane.</span></div>
  <div class=""cpv-stat""><strong>aprile</strong><span>Periodo spesso interessante per tenere sotto controllo la rotta.</span></div>
  <div class=""cpv-stat""><strong>9</strong><span>Aeroporti italiani prioritari da confrontare per questa destinazione.</span></div>
</div>
<h2>Offerte voli per Kasigluk</h2>
<p>Per trovare il miglior equilibrio tra prezzo, durata e comfort, conviene verificare piu aeroporti di partenza italiani e confrontare giorni feriali e weekend.</p>
<table>
  <thead>
    <tr><th>Partenza</th><th>Prezzo da</th><th>Durata indicativa</th><th>Mese da monitorare</th></tr>
  </thead>
  <tbody>
    <tr><td>Leonardo da Vinci-Fiumicino Airport (FCO)</td><td>EUR 74</td><td>11h 10</td><td>agosto</td></tr><tr><td>Ciampino-G. B. Pastine International Airport (CIA)</td><td>EUR 134</td><td>10h 10</td><td>agosto</td></tr><tr><td>Milano Malpensa Airport (MXP)</td><td>EUR 185</td><td>4h 40</td><td>novembre</td></tr><tr><td>Orio al Serio International Airport (BGY)</td><td>EUR 111</td><td>4h 20</td><td>settembre</td></tr><tr><td>Milano Linate Airport (LIN)</td><td>EUR 170</td><td>11h 10</td><td>agosto</td></tr><tr><td>Naples International Airport (NAP)</td><td>EUR 159</td><td>7h 20</td><td>settembre</td></tr><tr><td>Venice Marco Polo Airport (VCE)</td><td>EUR 87</td><td>1h 20</td><td>settembre</td></tr><tr><td>Catania-Fontanarossa Airport (CTA)</td><td>EUR 197</td><td>8h 40</td><td>novembre</td></tr><tr><td>Guglielmo Marconi Airport (BLQ)</td><td>EUR 173</td><td>5h 40</td><td>novembre</td></tr>
  </tbody>
</table>
<h2>Aeroporti italiani da cui conviene partire</h2>
<div class=""cpv-chip-list""><span class=""cpv-chip"">Leonardo da Vinci-Fiumicino Airport</span><span class=""cpv-chip"">Ciampino-G. B. Pastine International Airport</span><span class=""cpv-chip"">Milano Malpensa Airport</span><span class=""cpv-chip"">Orio al Serio International Airport</span><span class=""cpv-chip"">Milano Linate Airport</span><span class=""cpv-chip"">Naples International Airport</span></div>
<div class=""cpv-landing-grid"">
  <div class=""cpv-landing-card""><strong>City break</strong><p>Se Kasigluk e una meta urbana, le partenze del venerdi e del sabato sono spesso le piu monitorate.</p></div>
  <div class=""cpv-landing-card""><strong>Viaggi stagionali</strong><p>In alcuni periodi dell'anno le tariffe possono variare molto, soprattutto vicino ai ponti e alle festivita.</p></div>
  <div class=""cpv-landing-card""><strong>Confronto rapido</strong><p>Valuta aeroporti maggiori e secondari per capire se un piccolo spostamento porta a un risparmio concreto.</p></div>
</div>
<h2>Domande frequenti sui voli per Kasigluk</h2>
<div class=""cpv-faq"">
  <details><summary>Qual e il modo migliore per cercare voli per Kasigluk?</summary><p>Confronta piu aeroporti italiani, prova date flessibili e verifica anche partenze infrasettimanali per migliorare le possibilita di risparmio.</p></details>
  <details><summary>Meglio volo diretto o con scalo?</summary><p>Per tratte medio-brevi il diretto e spesso la scelta piu comoda, mentre su alcune rotte uno scalo puo ridurre il prezzo finale.</p></details>
  <details><summary>Quando controllare i prezzi per Kasigluk?</summary><p>Vale la pena iniziare a monitorare la rotta in anticipo e verificare con regolarita i giorni piu vicini alla partenza ideale.</p></details>
</div>","Voli per citta|Voli intercontinentali",city,KUK,/voli-per/kasigluk/,"Voli per Kasigluk (KUK): offerte e guide | ConfrontaPrezziVoli","Trova voli per Kasigluk dai principali aeroporti italiani. Tariffe indicative da EUR 70 e consigli per scegliere il periodo migliore.","voli per Kasigluk",cities,"Mese tipicamente conveniente: aprile"
post,publish,"Voli per Kasos Island (KSJ): offerte, compagnie e periodo migliore per prenotare",voli-per-kasos-island-ksj,"Confronta voli per Kasos Island dai principali aeroporti italiani. Scopri prezzi indicativi, compagnie e consigli utili per organizzare la partenza.","<div class=""cpv-landing-note"">
  <p><strong>Perche cercare voli per Kasos Island qui.</strong> Questa pagina raccoglie un quadro rapido delle partenze italiane piu interessanti per Kasos Island, con tariffe indicative e consigli per scegliere il periodo piu vantaggioso.</p>
</div>
<div class=""cpv-stat-grid"">
  <div class=""cpv-stat""><strong>EUR 170</strong><span>Prezzo indicativo da monitorare dalle principali aree aeroportuali italiane.</span></div>
  <div class=""cpv-stat""><strong>agosto</strong><span>Periodo spesso interessante per tenere sotto controllo la rotta.</span></div>
  <div class=""cpv-stat""><strong>9</strong><span>Aeroporti italiani prioritari da confrontare per questa destinazione.</span></div>
</div>
<h2>Offerte voli per Kasos Island</h2>
<p>Per trovare il miglior equilibrio tra prezzo, durata e comfort, conviene verificare piu aeroporti di partenza italiani e confrontare giorni feriali e weekend.</p>
<table>
  <thead>
    <tr><th>Partenza</th><th>Prezzo da</th><th>Durata indicativa</th><th>Mese da monitorare</th></tr>
  </thead>
  <tbody>
    <tr><td>Leonardo da Vinci-Fiumicino Airport (FCO)</td><td>EUR 42</td><td>10h 50</td><td>dicembre</td></tr><tr><td>Ciampino-G. B. Pastine International Airport (CIA)</td><td>EUR 114</td><td>1h 50</td><td>dicembre</td></tr><tr><td>Milano Malpensa Airport (MXP)</td><td>EUR 193</td><td>11h 00</td><td>luglio</td></tr><tr><td>Orio al Serio International Airport (BGY)</td><td>EUR 191</td><td>6h 40</td><td>maggio</td></tr><tr><td>Milano Linate Airport (LIN)</td><td>EUR 102</td><td>1h 50</td><td>dicembre</td></tr><tr><td>Naples International Airport (NAP)</td><td>EUR 107</td><td>4h 40</td><td>maggio</td></tr><tr><td>Venice Marco Polo Airport (VCE)</td><td>EUR 151</td><td>5h 00</td><td>gennaio</td></tr><tr><td>Catania-Fontanarossa Airport (CTA)</td><td>EUR 49</td><td>4h 00</td><td>luglio</td></tr><tr><td>Guglielmo Marconi Airport (BLQ)</td><td>EUR 129</td><td>4h 20</td><td>marzo</td></tr>
  </tbody>
</table>
<h2>Aeroporti italiani da cui conviene partire</h2>
<div class=""cpv-chip-list""><span class=""cpv-chip"">Leonardo da Vinci-Fiumicino Airport</span><span class=""cpv-chip"">Ciampino-G. B. Pastine International Airport</span><span class=""cpv-chip"">Milano Malpensa Airport</span><span class=""cpv-chip"">Orio al Serio International Airport</span><span class=""cpv-chip"">Milano Linate Airport</span><span class=""cpv-chip"">Naples International Airport</span></div>
<div class=""cpv-landing-grid"">
  <div class=""cpv-landing-card""><strong>City break</strong><p>Se Kasos Island e una meta urbana, le partenze del venerdi e del sabato sono spesso le piu monitorate.</p></div>
  <div class=""cpv-landing-card""><strong>Viaggi stagionali</strong><p>In alcuni periodi dell'anno le tariffe possono variare molto, soprattutto vicino ai ponti e alle festivita.</p></div>
  <div class=""cpv-landing-card""><strong>Confronto rapido</strong><p>Valuta aeroporti maggiori e secondari per capire se un piccolo spostamento porta a un risparmio concreto.</p></div>
</div>
<h2>Domande frequenti sui voli per Kasos Island</h2>
<div class=""cpv-faq"">
  <details><summary>Qual e il modo migliore per cercare voli per Kasos Island?</summary><p>Confronta piu aeroporti italiani, prova date flessibili e verifica anche partenze infrasettimanali per migliorare le possibilita di risparmio.</p></details>
  <details><summary>Meglio volo diretto o con scalo?</summary><p>Per tratte medio-brevi il diretto e spesso la scelta piu comoda, mentre su alcune rotte uno scalo puo ridurre il prezzo finale.</p></details>
  <details><summary>Quando controllare i prezzi per Kasos Island?</summary><p>Vale la pena iniziare a monitorare la rotta in anticipo e verificare con regolarita i giorni piu vicini alla partenza ideale.</p></details>
</div>","Voli per citta|Voli in Europa",city,KSJ,/voli-per/kasos-island/,"Voli per Kasos Island (KSJ): offerte e guide | ConfrontaPrezziVoli","Trova voli per Kasos Island dai principali aeroporti italiani. Tariffe indicative da EUR 170 e consigli per scegliere il periodo migliore.","voli per Kasos Island",cities,"Mese tipicamente conveniente: agosto"
post,publish,"Voli per Kassala (KSL): offerte, compagnie e periodo migliore per prenotare",voli-per-kassala-ksl,"Confronta voli per Kassala dai principali aeroporti italiani. Scopri prezzi indicativi, compagnie e consigli utili per organizzare la partenza.","<div class=""cpv-landing-note"">
  <p><strong>Perche cercare voli per Kassala qui.</strong> Questa pagina raccoglie un quadro rapido delle partenze italiane piu interessanti per Kassala, con tariffe indicative e consigli per scegliere il periodo piu vantaggioso.</p>
</div>
<div class=""cpv-stat-grid"">
  <div class=""cpv-stat""><strong>EUR 173</strong><span>Prezzo indicativo da monitorare dalle principali aree aeroportuali italiane.</span></div>
  <div class=""cpv-stat""><strong>novembre</strong><span>Periodo spesso interessante per tenere sotto controllo la rotta.</span></div>
  <div class=""cpv-stat""><strong>9</strong><span>Aeroporti italiani prioritari da confrontare per questa destinazione.</span></div>
</div>
<h2>Offerte voli per Kassala</h2>
<p>Per trovare il miglior equilibrio tra prezzo, durata e comfort, conviene verificare piu aeroporti di partenza italiani e confrontare giorni feriali e weekend.</p>
<table>
  <thead>
    <tr><th>Partenza</th><th>Prezzo da</th><th>Durata indicativa</th><th>Mese da monitorare</th></tr>
  </thead>
  <tbody>
    <tr><td>Leonardo da Vinci-Fiumicino Airport (FCO)</td><td>EUR 161</td><td>10h 40</td><td>novembre</td></tr><tr><td>Ciampino-G. B. Pastine International Airport (CIA)</td><td>EUR 109</td><td>3h 00</td><td>luglio</td></tr><tr><td>Milano Malpensa Airport (MXP)</td><td>EUR 22</td><td>3h 30</td><td>aprile</td></tr><tr><td>Orio al Serio International Airport (BGY)</td><td>EUR 164</td><td>3h 10</td><td>febbraio</td></tr><tr><td>Milano Linate Airport (LIN)</td><td>EUR 145</td><td>3h 00</td><td>luglio</td></tr><tr><td>Naples International Airport (NAP)</td><td>EUR 156</td><td>5h 50</td><td>giugno</td></tr><tr><td>Venice Marco Polo Airport (VCE)</td><td>EUR 24</td><td>9h 50</td><td>giugno</td></tr><tr><td>Catania-Fontanarossa Airport (CTA)</td><td>EUR 74</td><td>8h 10</td><td>agosto</td></tr><tr><td>Guglielmo Marconi Airport (BLQ)</td><td>EUR 66</td><td>4h 50</td><td>dicembre</td></tr>
  </tbody>
</table>
<h2>Aeroporti italiani da cui conviene partire</h2>
<div class=""cpv-chip-list""><span class=""cpv-chip"">Leonardo da Vinci-Fiumicino Airport</span><span class=""cpv-chip"">Ciampino-G. B. Pastine International Airport</span><span class=""cpv-chip"">Milano Malpensa Airport</span><span class=""cpv-chip"">Orio al Serio International Airport</span><span class=""cpv-chip"">Milano Linate Airport</span><span class=""cpv-chip"">Naples International Airport</span></div>
<div class=""cpv-landing-grid"">
  <div class=""cpv-landing-card""><strong>City break</strong><p>Se Kassala e una meta urbana, le partenze del venerdi e del sabato sono spesso le piu monitorate.</p></div>
  <div class=""cpv-landing-card""><strong>Viaggi stagionali</strong><p>In alcuni periodi dell'anno le tariffe possono variare molto, soprattutto vicino ai ponti e alle festivita.</p></div>
  <div class=""cpv-landing-card""><strong>Confronto rapido</strong><p>Valuta aeroporti maggiori e secondari per capire se un piccolo spostamento porta a un risparmio concreto.</p></div>
</div>
<h2>Domande frequenti sui voli per Kassala</h2>
<div class=""cpv-faq"">
  <details><summary>Qual e il modo migliore per cercare voli per Kassala?</summary><p>Confronta piu aeroporti italiani, prova date flessibili e verifica anche partenze infrasettimanali per migliorare le possibilita di risparmio.</p></details>
  <details><summary>Meglio volo diretto o con scalo?</summary><p>Per tratte medio-brevi il diretto e spesso la scelta piu comoda, mentre su alcune rotte uno scalo puo ridurre il prezzo finale.</p></details>
  <details><summary>Quando controllare i prezzi per Kassala?</summary><p>Vale la pena iniziare a monitorare la rotta in anticipo e verificare con regolarita i giorni piu vicini alla partenza ideale.</p></details>
</div>","Voli per citta|Voli intercontinentali",city,KSL,/voli-per/kassala/,"Voli per Kassala (KSL): offerte e guide | ConfrontaPrezziVoli","Trova voli per Kassala dai principali aeroporti italiani. Tariffe indicative da EUR 173 e consigli per scegliere il periodo migliore.","voli per Kassala",cities,"Mese tipicamente conveniente: novembre"
post,publish,"Voli per Kassel (KSF): offerte, compagnie e periodo migliore per prenotare",voli-per-kassel-ksf,"Confronta voli per Kassel dai principali aeroporti italiani. Scopri prezzi indicativi, compagnie e consigli utili per organizzare la partenza.","<div class=""cpv-landing-note"">
  <p><strong>Perche cercare voli per Kassel qui.</strong> Questa pagina raccoglie un quadro rapido delle partenze italiane piu interessanti per Kassel, con tariffe indicative e consigli per scegliere il periodo piu vantaggioso.</p>
</div>
<div class=""cpv-stat-grid"">
  <div class=""cpv-stat""><strong>EUR 171</strong><span>Prezzo indicativo da monitorare dalle principali aree aeroportuali italiane.</span></div>
  <div class=""cpv-stat""><strong>settembre</strong><span>Periodo spesso interessante per tenere sotto controllo la rotta.</span></div>
  <div class=""cpv-stat""><strong>9</strong><span>Aeroporti italiani prioritari da confrontare per questa destinazione.</span></div>
</div>
<h2>Offerte voli per Kassel</h2>
<p>Per trovare il miglior equilibrio tra prezzo, durata e comfort, conviene verificare piu aeroporti di partenza italiani e confrontare giorni feriali e weekend.</p>
<table>
  <thead>
    <tr><th>Partenza</th><th>Prezzo da</th><th>Durata indicativa</th><th>Mese da monitorare</th></tr>
  </thead>
  <tbody>
    <tr><td>Leonardo da Vinci-Fiumicino Airport (FCO)</td><td>EUR 75</td><td>3h 20</td><td>settembre</td></tr><tr><td>Ciampino-G. B. Pastine International Airport (CIA)</td><td>EUR 179</td><td>10h 40</td><td>maggio</td></tr><tr><td>Milano Malpensa Airport (MXP)</td><td>EUR 132</td><td>10h 50</td><td>giugno</td></tr><tr><td>Orio al Serio International Airport (BGY)</td><td>EUR 138</td><td>1h 50</td><td>dicembre</td></tr><tr><td>Milano Linate Airport (LIN)</td><td>EUR 19</td><td>10h 00</td><td>gennaio</td></tr><tr><td>Naples International Airport (NAP)</td><td>EUR 110</td><td>3h 10</td><td>agosto</td></tr><tr><td>Venice Marco Polo Airport (VCE)</td><td>EUR 66</td><td>7h 50</td><td>dicembre</td></tr><tr><td>Catania-Fontanarossa Airport (CTA)</td><td>EUR 188</td><td>2h 10</td><td>febbraio</td></tr><tr><td>Guglielmo Marconi Airport (BLQ)</td><td>EUR 136</td><td>4h 30</td><td>ottobre</td></tr>
  </tbody>
</table>
<h2>Aeroporti italiani da cui conviene partire</h2>
<div class=""cpv-chip-list""><span class=""cpv-chip"">Leonardo da Vinci-Fiumicino Airport</span><span class=""cpv-chip"">Ciampino-G. B. Pastine International Airport</span><span class=""cpv-chip"">Milano Malpensa Airport</span><span class=""cpv-chip"">Orio al Serio International Airport</span><span class=""cpv-chip"">Milano Linate Airport</span><span class=""cpv-chip"">Naples International Airport</span></div>
<div class=""cpv-landing-grid"">
  <div class=""cpv-landing-card""><strong>City break</strong><p>Se Kassel e una meta urbana, le partenze del venerdi e del sabato sono spesso le piu monitorate.</p></div>
  <div class=""cpv-landing-card""><strong>Viaggi stagionali</strong><p>In alcuni periodi dell'anno le tariffe possono variare molto, soprattutto vicino ai ponti e alle festivita.</p></div>
  <div class=""cpv-landing-card""><strong>Confronto rapido</strong><p>Valuta aeroporti maggiori e secondari per capire se un piccolo spostamento porta a un risparmio concreto.</p></div>
</div>
<h2>Domande frequenti sui voli per Kassel</h2>
<div class=""cpv-faq"">
  <details><summary>Qual e il modo migliore per cercare voli per Kassel?</summary><p>Confronta piu aeroporti italiani, prova date flessibili e verifica anche partenze infrasettimanali per migliorare le possibilita di risparmio.</p></details>
  <details><summary>Meglio volo diretto o con scalo?</summary><p>Per tratte medio-brevi il diretto e spesso la scelta piu comoda, mentre su alcune rotte uno scalo puo ridurre il prezzo finale.</p></details>
  <details><summary>Quando controllare i prezzi per Kassel?</summary><p>Vale la pena iniziare a monitorare la rotta in anticipo e verificare con regolarita i giorni piu vicini alla partenza ideale.</p></details>
</div>","Voli per citta|Voli in Europa",city,KSF,/voli-per/kassel/,"Voli per Kassel (KSF): offerte e guide | ConfrontaPrezziVoli","Trova voli per Kassel dai principali aeroporti italiani. Tariffe indicative da EUR 171 e consigli per scegliere il periodo migliore.","voli per Kassel",cities,"Mese tipicamente conveniente: settembre"
post,publish,"Voli per Kastamonu (KFS): offerte, compagnie e periodo migliore per prenotare",voli-per-kastamonu-kfs,"Confronta voli per Kastamonu dai principali aeroporti italiani. Scopri prezzi indicativi, compagnie e consigli utili per organizzare la partenza.","<div class=""cpv-landing-note"">
  <p><strong>Perche cercare voli per Kastamonu qui.</strong> Questa pagina raccoglie un quadro rapido delle partenze italiane piu interessanti per Kastamonu, con tariffe indicative e consigli per scegliere il periodo piu vantaggioso.</p>
</div>
<div class=""cpv-stat-grid"">
  <div class=""cpv-stat""><strong>EUR 182</strong><span>Prezzo indicativo da monitorare dalle principali aree aeroportuali italiane.</span></div>
  <div class=""cpv-stat""><strong>agosto</strong><span>Periodo spesso interessante per tenere sotto controllo la rotta.</span></div>
  <div class=""cpv-stat""><strong>9</strong><span>Aeroporti italiani prioritari da confrontare per questa destinazione.</span></div>
</div>
<h2>Offerte voli per Kastamonu</h2>
<p>Per trovare il miglior equilibrio tra prezzo, durata e comfort, conviene verificare piu aeroporti di partenza italiani e confrontare giorni feriali e weekend.</p>
<table>
  <thead>
    <tr><th>Partenza</th><th>Prezzo da</th><th>Durata indicativa</th><th>Mese da monitorare</th></tr>
  </thead>
  <tbody>
    <tr><td>Leonardo da Vinci-Fiumicino Airport (FCO)</td><td>EUR 46</td><td>5h 30</td><td>aprile</td></tr><tr><td>Ciampino-G. B. Pastine International Airport (CIA)</td><td>EUR 118</td><td>3h 30</td><td>aprile</td></tr><tr><td>Milano Malpensa Airport (MXP)</td><td>EUR 121</td><td>2h 00</td><td>luglio</td></tr><tr><td>Orio al Serio International Airport (BGY)</td><td>EUR 155</td><td>9h 40</td><td>maggio</td></tr><tr><td>Milano Linate Airport (LIN)</td><td>EUR 166</td><td>4h 30</td><td>aprile</td></tr><tr><td>Naples International Airport (NAP)</td><td>EUR 59</td><td>2h 40</td><td>maggio</td></tr><tr><td>Venice Marco Polo Airport (VCE)</td><td>EUR 179</td><td>3h 40</td><td>maggio</td></tr><tr><td>Catania-Fontanarossa Airport (CTA)</td><td>EUR 97</td><td>9h 00</td><td>luglio</td></tr><tr><td>Guglielmo Marconi Airport (BLQ)</td><td>EUR 157</td><td>4h 00</td><td>luglio</td></tr>
  </tbody>
</table>
<h2>Aeroporti italiani da cui conviene partire</h2>
<div class=""cpv-chip-list""><span class=""cpv-chip"">Leonardo da Vinci-Fiumicino Airport</span><span class=""cpv-chip"">Ciampino-G. B. Pastine International Airport</span><span class=""cpv-chip"">Milano Malpensa Airport</span><span class=""cpv-chip"">Orio al Serio International Airport</span><span class=""cpv-chip"">Milano Linate Airport</span><span class=""cpv-chip"">Naples International Airport</span></div>
<div class=""cpv-landing-grid"">
  <div class=""cpv-landing-card""><strong>City break</strong><p>Se Kastamonu e una meta urbana, le partenze del venerdi e del sabato sono spesso le piu monitorate.</p></div>
  <div class=""cpv-landing-card""><strong>Viaggi stagionali</strong><p>In alcuni periodi dell'anno le tariffe possono variare molto, soprattutto vicino ai ponti e alle festivita.</p></div>
  <div class=""cpv-landing-card""><strong>Confronto rapido</strong><p>Valuta aeroporti maggiori e secondari per capire se un piccolo spostamento porta a un risparmio concreto.</p></div>
</div>
<h2>Domande frequenti sui voli per Kastamonu</h2>
<div class=""cpv-faq"">
  <details><summary>Qual e il modo migliore per cercare voli per Kastamonu?</summary><p>Confronta piu aeroporti italiani, prova date flessibili e verifica anche partenze infrasettimanali per migliorare le possibilita di risparmio.</p></details>
  <details><summary>Meglio volo diretto o con scalo?</summary><p>Per tratte medio-brevi il diretto e spesso la scelta piu comoda, mentre su alcune rotte uno scalo puo ridurre il prezzo finale.</p></details>
  <details><summary>Quando controllare i prezzi per Kastamonu?</summary><p>Vale la pena iniziare a monitorare la rotta in anticipo e verificare con regolarita i giorni piu vicini alla partenza ideale.</p></details>
</div>","Voli per citta|Voli in Europa",city,KFS,/voli-per/kastamonu/,"Voli per Kastamonu (KFS): offerte e guide | ConfrontaPrezziVoli","Trova voli per Kastamonu dai principali aeroporti italiani. Tariffe indicative da EUR 182 e consigli per scegliere il periodo migliore.","voli per Kastamonu",cities,"Mese tipicamente conveniente: agosto"
post,publish,"Voli per Kastellorizo (KZS): offerte, compagnie e periodo migliore per prenotare",voli-per-kastellorizo-kzs,"Confronta voli per Kastellorizo dai principali aeroporti italiani. Scopri prezzi indicativi, compagnie e consigli utili per organizzare la partenza.","<div class=""cpv-landing-note"">
  <p><strong>Perche cercare voli per Kastellorizo qui.</strong> Questa pagina raccoglie un quadro rapido delle partenze italiane piu interessanti per Kastellorizo, con tariffe indicative e consigli per scegliere il periodo piu vantaggioso.</p>
</div>
<div class=""cpv-stat-grid"">
  <div class=""cpv-stat""><strong>EUR 77</strong><span>Prezzo indicativo da monitorare dalle principali aree aeroportuali italiane.</span></div>
  <div class=""cpv-stat""><strong>novembre</strong><span>Periodo spesso interessante per tenere sotto controllo la rotta.</span></div>
  <div class=""cpv-stat""><strong>9</strong><span>Aeroporti italiani prioritari da confrontare per questa destinazione.</span></div>
</div>
<h2>Offerte voli per Kastellorizo</h2>
<p>Per trovare il miglior equilibrio tra prezzo, durata e comfort, conviene verificare piu aeroporti di partenza italiani e confrontare giorni feriali e weekend.</p>
<table>
  <thead>
    <tr><th>Partenza</th><th>Prezzo da</th><th>Durata indicativa</th><th>Mese da monitorare</th></tr>
  </thead>
  <tbody>
    <tr><td>Leonardo da Vinci-Fiumicino Airport (FCO)</td><td>EUR 109</td><td>7h 00</td><td>luglio</td></tr><tr><td>Ciampino-G. B. Pastine International Airport (CIA)</td><td>EUR 157</td><td>5h 00</td><td>luglio</td></tr><tr><td>Milano Malpensa Airport (MXP)</td><td>EUR 62</td><td>7h 10</td><td>agosto</td></tr><tr><td>Orio al Serio International Airport (BGY)</td><td>EUR 164</td><td>7h 10</td><td>febbraio</td></tr><tr><td>Milano Linate Airport (LIN)</td><td>EUR 193</td><td>1h 00</td><td>luglio</td></tr><tr><td>Naples International Airport (NAP)</td><td>EUR 76</td><td>10h 30</td><td>ottobre</td></tr><tr><td>Venice Marco Polo Airport (VCE)</td><td>EUR 196</td><td>2h 30</td><td>ottobre</td></tr><tr><td>Catania-Fontanarossa Airport (CTA)</td><td>EUR 174</td><td>7h 50</td><td>dicembre</td></tr><tr><td>Guglielmo Marconi Airport (BLQ)</td><td>EUR 86</td><td>11h 10</td><td>agosto</td></tr>
  </tbody>
</table>
<h2>Aeroporti italiani da cui conviene partire</h2>
<div class=""cpv-chip-list""><span class=""cpv-chip"">Leonardo da Vinci-Fiumicino Airport</span><span class=""cpv-chip"">Ciampino-G. B. Pastine International Airport</span><span class=""cpv-chip"">Milano Malpensa Airport</span><span class=""cpv-chip"">Orio al Serio International Airport</span><span class=""cpv-chip"">Milano Linate Airport</span><span class=""cpv-chip"">Naples International Airport</span></div>
<div class=""cpv-landing-grid"">
  <div class=""cpv-landing-card""><strong>City break</strong><p>Se Kastellorizo e una meta urbana, le partenze del venerdi e del sabato sono spesso le piu monitorate.</p></div>
  <div class=""cpv-landing-card""><strong>Viaggi stagionali</strong><p>In alcuni periodi dell'anno le tariffe possono variare molto, soprattutto vicino ai ponti e alle festivita.</p></div>
  <div class=""cpv-landing-card""><strong>Confronto rapido</strong><p>Valuta aeroporti maggiori e secondari per capire se un piccolo spostamento porta a un risparmio concreto.</p></div>
</div>
<h2>Domande frequenti sui voli per Kastellorizo</h2>
<div class=""cpv-faq"">
  <details><summary>Qual e il modo migliore per cercare voli per Kastellorizo?</summary><p>Confronta piu aeroporti italiani, prova date flessibili e verifica anche partenze infrasettimanali per migliorare le possibilita di risparmio.</p></details>
  <details><summary>Meglio volo diretto o con scalo?</summary><p>Per tratte medio-brevi il diretto e spesso la scelta piu comoda, mentre su alcune rotte uno scalo puo ridurre il prezzo finale.</p></details>
  <details><summary>Quando controllare i prezzi per Kastellorizo?</summary><p>Vale la pena iniziare a monitorare la rotta in anticipo e verificare con regolarita i giorni piu vicini alla partenza ideale.</p></details>
</div>","Voli per citta|Voli in Europa",city,KZS,/voli-per/kastellorizo/,"Voli per Kastellorizo (KZS): offerte e guide | ConfrontaPrezziVoli","Trova voli per Kastellorizo dai principali aeroporti italiani. Tariffe indicative da EUR 77 e consigli per scegliere il periodo migliore.","voli per Kastellorizo",cities,"Mese tipicamente conveniente: novembre"
post,publish,"Voli per Kastoria (KSO): offerte, compagnie e periodo migliore per prenotare",voli-per-kastoria-kso,"Confronta voli per Kastoria dai principali aeroporti italiani. Scopri prezzi indicativi, compagnie e consigli utili per organizzare la partenza.","<div class=""cpv-landing-note"">
  <p><strong>Perche cercare voli per Kastoria qui.</strong> Questa pagina raccoglie un quadro rapido delle partenze italiane piu interessanti per Kastoria, con tariffe indicative e consigli per scegliere il periodo piu vantaggioso.</p>
</div>
<div class=""cpv-stat-grid"">
  <div class=""cpv-stat""><strong>EUR 19</strong><span>Prezzo indicativo da monitorare dalle principali aree aeroportuali italiane.</span></div>
  <div class=""cpv-stat""><strong>gennaio</strong><span>Periodo spesso interessante per tenere sotto controllo la rotta.</span></div>
  <div class=""cpv-stat""><strong>9</strong><span>Aeroporti italiani prioritari da confrontare per questa destinazione.</span></div>
</div>
<h2>Offerte voli per Kastoria</h2>
<p>Per trovare il miglior equilibrio tra prezzo, durata e comfort, conviene verificare piu aeroporti di partenza italiani e confrontare giorni feriali e weekend.</p>
<table>
  <thead>
    <tr><th>Partenza</th><th>Prezzo da</th><th>Durata indicativa</th><th>Mese da monitorare</th></tr>
  </thead>
  <tbody>
    <tr><td>Leonardo da Vinci-Fiumicino Airport (FCO)</td><td>EUR 19</td><td>8h 00</td><td>gennaio</td></tr><tr><td>Ciampino-G. B. Pastine International Airport (CIA)</td><td>EUR 59</td><td>3h 40</td><td>maggio</td></tr><tr><td>Milano Malpensa Airport (MXP)</td><td>EUR 168</td><td>8h 50</td><td>giugno</td></tr><tr><td>Orio al Serio International Airport (BGY)</td><td>EUR 90</td><td>6h 50</td><td>dicembre</td></tr><tr><td>Milano Linate Airport (LIN)</td><td>EUR 51</td><td>11h 20</td><td>settembre</td></tr><tr><td>Naples International Airport (NAP)</td><td>EUR 90</td><td>9h 50</td><td>dicembre</td></tr><tr><td>Venice Marco Polo Airport (VCE)</td><td>EUR 146</td><td>9h 10</td><td>agosto</td></tr><tr><td>Catania-Fontanarossa Airport (CTA)</td><td>EUR 164</td><td>10h 10</td><td>febbraio</td></tr><tr><td>Guglielmo Marconi Airport (BLQ)</td><td>EUR 32</td><td>10h 10</td><td>febbraio</td></tr>
  </tbody>
</table>
<h2>Aeroporti italiani da cui conviene partire</h2>
<div class=""cpv-chip-list""><span class=""cpv-chip"">Leonardo da Vinci-Fiumicino Airport</span><span class=""cpv-chip"">Ciampino-G. B. Pastine International Airport</span><span class=""cpv-chip"">Milano Malpensa Airport</span><span class=""cpv-chip"">Orio al Serio International Airport</span><span class=""cpv-chip"">Milano Linate Airport</span><span class=""cpv-chip"">Naples International Airport</span></div>
<div class=""cpv-landing-grid"">
  <div class=""cpv-landing-card""><strong>City break</strong><p>Se Kastoria e una meta urbana, le partenze del venerdi e del sabato sono spesso le piu monitorate.</p></div>
  <div class=""cpv-landing-card""><strong>Viaggi stagionali</strong><p>In alcuni periodi dell'anno le tariffe possono variare molto, soprattutto vicino ai ponti e alle festivita.</p></div>
  <div class=""cpv-landing-card""><strong>Confronto rapido</strong><p>Valuta aeroporti maggiori e secondari per capire se un piccolo spostamento porta a un risparmio concreto.</p></div>
</div>
<h2>Domande frequenti sui voli per Kastoria</h2>
<div class=""cpv-faq"">
  <details><summary>Qual e il modo migliore per cercare voli per Kastoria?</summary><p>Confronta piu aeroporti italiani, prova date flessibili e verifica anche partenze infrasettimanali per migliorare le possibilita di risparmio.</p></details>
  <details><summary>Meglio volo diretto o con scalo?</summary><p>Per tratte medio-brevi il diretto e spesso la scelta piu comoda, mentre su alcune rotte uno scalo puo ridurre il prezzo finale.</p></details>
  <details><summary>Quando controllare i prezzi per Kastoria?</summary><p>Vale la pena iniziare a monitorare la rotta in anticipo e verificare con regolarita i giorni piu vicini alla partenza ideale.</p></details>
</div>","Voli per citta|Voli in Europa",city,KSO,/voli-per/kastoria/,"Voli per Kastoria (KSO): offerte e guide | ConfrontaPrezziVoli","Trova voli per Kastoria dai principali aeroporti italiani. Tariffe indicative da EUR 19 e consigli per scegliere il periodo migliore.","voli per Kastoria",cities,"Mese tipicamente conveniente: gennaio"
post,publish,"Voli per Katherine (KTR): offerte, compagnie e periodo migliore per prenotare",voli-per-katherine-ktr,"Confronta voli per Katherine dai principali aeroporti italiani. Scopri prezzi indicativi, compagnie e consigli utili per organizzare la partenza.","<div class=""cpv-landing-note"">
  <p><strong>Perche cercare voli per Katherine qui.</strong> Questa pagina raccoglie un quadro rapido delle partenze italiane piu interessanti per Katherine, con tariffe indicative e consigli per scegliere il periodo piu vantaggioso.</p>
</div>
<div class=""cpv-stat-grid"">
  <div class=""cpv-stat""><strong>EUR 45</strong><span>Prezzo indicativo da monitorare dalle principali aree aeroportuali italiane.</span></div>
  <div class=""cpv-stat""><strong>marzo</strong><span>Periodo spesso interessante per tenere sotto controllo la rotta.</span></div>
  <div class=""cpv-stat""><strong>9</strong><span>Aeroporti italiani prioritari da confrontare per questa destinazione.</span></div>
</div>
<h2>Offerte voli per Katherine</h2>
<p>Per trovare il miglior equilibrio tra prezzo, durata e comfort, conviene verificare piu aeroporti di partenza italiani e confrontare giorni feriali e weekend.</p>
<table>
  <thead>
    <tr><th>Partenza</th><th>Prezzo da</th><th>Durata indicativa</th><th>Mese da monitorare</th></tr>
  </thead>
  <tbody>
    <tr><td>Leonardo da Vinci-Fiumicino Airport (FCO)</td><td>EUR 133</td><td>10h 00</td><td>luglio</td></tr><tr><td>Ciampino-G. B. Pastine International Airport (CIA)</td><td>EUR 117</td><td>11h 20</td><td>marzo</td></tr><tr><td>Milano Malpensa Airport (MXP)</td><td>EUR 138</td><td>2h 50</td><td>dicembre</td></tr><tr><td>Orio al Serio International Airport (BGY)</td><td>EUR 144</td><td>7h 50</td><td>giugno</td></tr><tr><td>Milano Linate Airport (LIN)</td><td>EUR 137</td><td>6h 40</td><td>novembre</td></tr><tr><td>Naples International Airport (NAP)</td><td>EUR 60</td><td>3h 50</td><td>giugno</td></tr><tr><td>Venice Marco Polo Airport (VCE)</td><td>EUR 128</td><td>5h 10</td><td>febbraio</td></tr><tr><td>Catania-Fontanarossa Airport (CTA)</td><td>EUR 102</td><td>10h 50</td><td>dicembre</td></tr><tr><td>Guglielmo Marconi Airport (BLQ)</td><td>EUR 70</td><td>10h 30</td><td>aprile</td></tr>
  </tbody>
</table>
<h2>Aeroporti italiani da cui conviene partire</h2>
<div class=""cpv-chip-list""><span class=""cpv-chip"">Leonardo da Vinci-Fiumicino Airport</span><span class=""cpv-chip"">Ciampino-G. B. Pastine International Airport</span><span class=""cpv-chip"">Milano Malpensa Airport</span><span class=""cpv-chip"">Orio al Serio International Airport</span><span class=""cpv-chip"">Milano Linate Airport</span><span class=""cpv-chip"">Naples International Airport</span></div>
<div class=""cpv-landing-grid"">
  <div class=""cpv-landing-card""><strong>City break</strong><p>Se Katherine e una meta urbana, le partenze del venerdi e del sabato sono spesso le piu monitorate.</p></div>
  <div class=""cpv-landing-card""><strong>Viaggi stagionali</strong><p>In alcuni periodi dell'anno le tariffe possono variare molto, soprattutto vicino ai ponti e alle festivita.</p></div>
  <div class=""cpv-landing-card""><strong>Confronto rapido</strong><p>Valuta aeroporti maggiori e secondari per capire se un piccolo spostamento porta a un risparmio concreto.</p></div>
</div>
<h2>Domande frequenti sui voli per Katherine</h2>
<div class=""cpv-faq"">
  <details><summary>Qual e il modo migliore per cercare voli per Katherine?</summary><p>Confronta piu aeroporti italiani, prova date flessibili e verifica anche partenze infrasettimanali per migliorare le possibilita di risparmio.</p></details>
  <details><summary>Meglio volo diretto o con scalo?</summary><p>Per tratte medio-brevi il diretto e spesso la scelta piu comoda, mentre su alcune rotte uno scalo puo ridurre il prezzo finale.</p></details>
  <details><summary>Quando controllare i prezzi per Katherine?</summary><p>Vale la pena iniziare a monitorare la rotta in anticipo e verificare con regolarita i giorni piu vicini alla partenza ideale.</p></details>
</div>","Voli per citta|Voli intercontinentali",city,KTR,/voli-per/katherine/,"Voli per Katherine (KTR): offerte e guide | ConfrontaPrezziVoli","Trova voli per Katherine dai principali aeroporti italiani. Tariffe indicative da EUR 45 e consigli per scegliere il periodo migliore.","voli per Katherine",cities,"Mese tipicamente conveniente: marzo"
post,publish,"Voli per Kathmandu (KTM): offerte, compagnie e periodo migliore per prenotare",voli-per-kathmandu-ktm,"Confronta voli per Kathmandu dai principali aeroporti italiani. Scopri prezzi indicativi, compagnie e consigli utili per organizzare la partenza.","<div class=""cpv-landing-note"">
  <p><strong>Perche cercare voli per Kathmandu qui.</strong> Questa pagina raccoglie un quadro rapido delle partenze italiane piu interessanti per Kathmandu, con tariffe indicative e consigli per scegliere il periodo piu vantaggioso.</p>
</div>
<div class=""cpv-stat-grid"">
  <div class=""cpv-stat""><strong>EUR 110</strong><span>Prezzo indicativo da monitorare dalle principali aree aeroportuali italiane.</span></div>
  <div class=""cpv-stat""><strong>agosto</strong><span>Periodo spesso interessante per tenere sotto controllo la rotta.</span></div>
  <div class=""cpv-stat""><strong>9</strong><span>Aeroporti italiani prioritari da confrontare per questa destinazione.</span></div>
</div>
<h2>Offerte voli per Kathmandu</h2>
<p>Per trovare il miglior equilibrio tra prezzo, durata e comfort, conviene verificare piu aeroporti di partenza italiani e confrontare giorni feriali e weekend.</p>
<table>
  <thead>
    <tr><th>Partenza</th><th>Prezzo da</th><th>Durata indicativa</th><th>Mese da monitorare</th></tr>
  </thead>
  <tbody>
    <tr><td>Leonardo da Vinci-Fiumicino Airport (FCO)</td><td>EUR 198</td><td>1h 50</td><td>dicembre</td></tr><tr><td>Ciampino-G. B. Pastine International Airport (CIA)</td><td>EUR 170</td><td>8h 10</td><td>agosto</td></tr><tr><td>Milano Malpensa Airport (MXP)</td><td>EUR 193</td><td>11h 00</td><td>luglio</td></tr><tr><td>Orio al Serio International Airport (BGY)</td><td>EUR 39</td><td>5h 20</td><td>settembre</td></tr><tr><td>Milano Linate Airport (LIN)</td><td>EUR 42</td><td>6h 50</td><td>dicembre</td></tr><tr><td>Naples International Airport (NAP)</td><td>EUR 167</td><td>11h 40</td><td>maggio</td></tr><tr><td>Venice Marco Polo Airport (VCE)</td><td>EUR 111</td><td>5h 20</td><td>settembre</td></tr><tr><td>Catania-Fontanarossa Airport (CTA)</td><td>EUR 69</td><td>11h 20</td><td>marzo</td></tr><tr><td>Guglielmo Marconi Airport (BLQ)</td><td>EUR 113</td><td>3h 40</td><td>novembre</td></tr>
  </tbody>
</table>
<h2>Aeroporti italiani da cui conviene partire</h2>
<div class=""cpv-chip-list""><span class=""cpv-chip"">Leonardo da Vinci-Fiumicino Airport</span><span class=""cpv-chip"">Ciampino-G. B. Pastine International Airport</span><span class=""cpv-chip"">Milano Malpensa Airport</span><span class=""cpv-chip"">Orio al Serio International Airport</span><span class=""cpv-chip"">Milano Linate Airport</span><span class=""cpv-chip"">Naples International Airport</span></div>
<div class=""cpv-landing-grid"">
  <div class=""cpv-landing-card""><strong>City break</strong><p>Se Kathmandu e una meta urbana, le partenze del venerdi e del sabato sono spesso le piu monitorate.</p></div>
  <div class=""cpv-landing-card""><strong>Viaggi stagionali</strong><p>In alcuni periodi dell'anno le tariffe possono variare molto, soprattutto vicino ai ponti e alle festivita.</p></div>
  <div class=""cpv-landing-card""><strong>Confronto rapido</strong><p>Valuta aeroporti maggiori e secondari per capire se un piccolo spostamento porta a un risparmio concreto.</p></div>
</div>
<h2>Domande frequenti sui voli per Kathmandu</h2>
<div class=""cpv-faq"">
  <details><summary>Qual e il modo migliore per cercare voli per Kathmandu?</summary><p>Confronta piu aeroporti italiani, prova date flessibili e verifica anche partenze infrasettimanali per migliorare le possibilita di risparmio.</p></details>
  <details><summary>Meglio volo diretto o con scalo?</summary><p>Per tratte medio-brevi il diretto e spesso la scelta piu comoda, mentre su alcune rotte uno scalo puo ridurre il prezzo finale.</p></details>
  <details><summary>Quando controllare i prezzi per Kathmandu?</summary><p>Vale la pena iniziare a monitorare la rotta in anticipo e verificare con regolarita i giorni piu vicini alla partenza ideale.</p></details>
</div>","Voli per citta|Voli intercontinentali",city,KTM,/voli-per/kathmandu/,"Voli per Kathmandu (KTM): offerte e guide | ConfrontaPrezziVoli","Trova voli per Kathmandu dai principali aeroporti italiani. Tariffe indicative da EUR 110 e consigli per scegliere il periodo migliore.","voli per Kathmandu",cities,"Mese tipicamente conveniente: agosto"
post,publish,"Voli per Katowice (KTW): offerte, compagnie e periodo migliore per prenotare",voli-per-katowice-ktw,"Confronta voli per Katowice dai principali aeroporti italiani. Scopri prezzi indicativi, compagnie e consigli utili per organizzare la partenza.","<div class=""cpv-landing-note"">
  <p><strong>Perche cercare voli per Katowice qui.</strong> Questa pagina raccoglie un quadro rapido delle partenze italiane piu interessanti per Katowice, con tariffe indicative e consigli per scegliere il periodo piu vantaggioso.</p>
</div>
<div class=""cpv-stat-grid"">
  <div class=""cpv-stat""><strong>EUR 184</strong><span>Prezzo indicativo da monitorare dalle principali aree aeroportuali italiane.</span></div>
  <div class=""cpv-stat""><strong>ottobre</strong><span>Periodo spesso interessante per tenere sotto controllo la rotta.</span></div>
  <div class=""cpv-stat""><strong>9</strong><span>Aeroporti italiani prioritari da confrontare per questa destinazione.</span></div>
</div>
<h2>Offerte voli per Katowice</h2>
<p>Per trovare il miglior equilibrio tra prezzo, durata e comfort, conviene verificare piu aeroporti di partenza italiani e confrontare giorni feriali e weekend.</p>
<table>
  <thead>
    <tr><th>Partenza</th><th>Prezzo da</th><th>Durata indicativa</th><th>Mese da monitorare</th></tr>
  </thead>
  <tbody>
    <tr><td>Leonardo da Vinci-Fiumicino Airport (FCO)</td><td>EUR 148</td><td>3h 30</td><td>ottobre</td></tr><tr><td>Ciampino-G. B. Pastine International Airport (CIA)</td><td>EUR 148</td><td>7h 30</td><td>ottobre</td></tr><tr><td>Milano Malpensa Airport (MXP)</td><td>EUR 143</td><td>8h 40</td><td>maggio</td></tr><tr><td>Orio al Serio International Airport (BGY)</td><td>EUR 73</td><td>1h 00</td><td>luglio</td></tr><tr><td>Milano Linate Airport (LIN)</td><td>EUR 88</td><td>2h 30</td><td>ottobre</td></tr><tr><td>Naples International Airport (NAP)</td><td>EUR 97</td><td>4h 00</td><td>luglio</td></tr><tr><td>Venice Marco Polo Airport (VCE)</td><td>EUR 153</td><td>3h 20</td><td>marzo</td></tr><tr><td>Catania-Fontanarossa Airport (CTA)</td><td>EUR 155</td><td>9h 40</td><td>maggio</td></tr><tr><td>Guglielmo Marconi Airport (BLQ)</td><td>EUR 75</td><td>7h 20</td><td>settembre</td></tr>
  </tbody>
</table>
<h2>Aeroporti italiani da cui conviene partire</h2>
<div class=""cpv-chip-list""><span class=""cpv-chip"">Leonardo da Vinci-Fiumicino Airport</span><span class=""cpv-chip"">Ciampino-G. B. Pastine International Airport</span><span class=""cpv-chip"">Milano Malpensa Airport</span><span class=""cpv-chip"">Orio al Serio International Airport</span><span class=""cpv-chip"">Milano Linate Airport</span><span class=""cpv-chip"">Naples International Airport</span></div>
<div class=""cpv-landing-grid"">
  <div class=""cpv-landing-card""><strong>City break</strong><p>Se Katowice e una meta urbana, le partenze del venerdi e del sabato sono spesso le piu monitorate.</p></div>
  <div class=""cpv-landing-card""><strong>Viaggi stagionali</strong><p>In alcuni periodi dell'anno le tariffe possono variare molto, soprattutto vicino ai ponti e alle festivita.</p></div>
  <div class=""cpv-landing-card""><strong>Confronto rapido</strong><p>Valuta aeroporti maggiori e secondari per capire se un piccolo spostamento porta a un risparmio concreto.</p></div>
</div>
<h2>Domande frequenti sui voli per Katowice</h2>
<div class=""cpv-faq"">
  <details><summary>Qual e il modo migliore per cercare voli per Katowice?</summary><p>Confronta piu aeroporti italiani, prova date flessibili e verifica anche partenze infrasettimanali per migliorare le possibilita di risparmio.</p></details>
  <details><summary>Meglio volo diretto o con scalo?</summary><p>Per tratte medio-brevi il diretto e spesso la scelta piu comoda, mentre su alcune rotte uno scalo puo ridurre il prezzo finale.</p></details>
  <details><summary>Quando controllare i prezzi per Katowice?</summary><p>Vale la pena iniziare a monitorare la rotta in anticipo e verificare con regolarita i giorni piu vicini alla partenza ideale.</p></details>
</div>","Voli per citta|Voli in Europa",city,KTW,/voli-per/katowice/,"Voli per Katowice (KTW): offerte e guide | ConfrontaPrezziVoli","Trova voli per Katowice dai principali aeroporti italiani. Tariffe indicative da EUR 184 e consigli per scegliere il periodo migliore.","voli per Katowice",cities,"Mese tipicamente conveniente: ottobre"
post,publish,"Voli per Katsina (DKA): offerte, compagnie e periodo migliore per prenotare",voli-per-katsina-dka,"Confronta voli per Katsina dai principali aeroporti italiani. Scopri prezzi indicativi, compagnie e consigli utili per organizzare la partenza.","<div class=""cpv-landing-note"">
  <p><strong>Perche cercare voli per Katsina qui.</strong> Questa pagina raccoglie un quadro rapido delle partenze italiane piu interessanti per Katsina, con tariffe indicative e consigli per scegliere il periodo piu vantaggioso.</p>
</div>
<div class=""cpv-stat-grid"">
  <div class=""cpv-stat""><strong>EUR 98</strong><span>Prezzo indicativo da monitorare dalle principali aree aeroportuali italiane.</span></div>
  <div class=""cpv-stat""><strong>agosto</strong><span>Periodo spesso interessante per tenere sotto controllo la rotta.</span></div>
  <div class=""cpv-stat""><strong>9</strong><span>Aeroporti italiani prioritari da confrontare per questa destinazione.</span></div>
</div>
<h2>Offerte voli per Katsina</h2>
<p>Per trovare il miglior equilibrio tra prezzo, durata e comfort, conviene verificare piu aeroporti di partenza italiani e confrontare giorni feriali e weekend.</p>
<table>
  <thead>
    <tr><th>Partenza</th><th>Prezzo da</th><th>Durata indicativa</th><th>Mese da monitorare</th></tr>
  </thead>
  <tbody>
    <tr><td>Leonardo da Vinci-Fiumicino Airport (FCO)</td><td>EUR 138</td><td>11h 50</td><td>dicembre</td></tr><tr><td>Ciampino-G. B. Pastine International Airport (CIA)</td><td>EUR 22</td><td>2h 30</td><td>aprile</td></tr><tr><td>Milano Malpensa Airport (MXP)</td><td>EUR 161</td><td>10h 40</td><td>novembre</td></tr><tr><td>Orio al Serio International Airport (BGY)</td><td>EUR 83</td><td>1h 40</td><td>maggio</td></tr><tr><td>Milano Linate Airport (LIN)</td><td>EUR 66</td><td>9h 50</td><td>dicembre</td></tr><tr><td>Naples International Airport (NAP)</td><td>EUR 143</td><td>8h 40</td><td>maggio</td></tr><tr><td>Venice Marco Polo Airport (VCE)</td><td>EUR 59</td><td>9h 40</td><td>maggio</td></tr><tr><td>Catania-Fontanarossa Airport (CTA)</td><td>EUR 33</td><td>6h 20</td><td>marzo</td></tr><tr><td>Guglielmo Marconi Airport (BLQ)</td><td>EUR 37</td><td>1h 00</td><td>luglio</td></tr>
  </tbody>
</table>
<h2>Aeroporti italiani da cui conviene partire</h2>
<div class=""cpv-chip-list""><span class=""cpv-chip"">Leonardo da Vinci-Fiumicino Airport</span><span class=""cpv-chip"">Ciampino-G. B. Pastine International Airport</span><span class=""cpv-chip"">Milano Malpensa Airport</span><span class=""cpv-chip"">Orio al Serio International Airport</span><span class=""cpv-chip"">Milano Linate Airport</span><span class=""cpv-chip"">Naples International Airport</span></div>
<div class=""cpv-landing-grid"">
  <div class=""cpv-landing-card""><strong>City break</strong><p>Se Katsina e una meta urbana, le partenze del venerdi e del sabato sono spesso le piu monitorate.</p></div>
  <div class=""cpv-landing-card""><strong>Viaggi stagionali</strong><p>In alcuni periodi dell'anno le tariffe possono variare molto, soprattutto vicino ai ponti e alle festivita.</p></div>
  <div class=""cpv-landing-card""><strong>Confronto rapido</strong><p>Valuta aeroporti maggiori e secondari per capire se un piccolo spostamento porta a un risparmio concreto.</p></div>
</div>
<h2>Domande frequenti sui voli per Katsina</h2>
<div class=""cpv-faq"">
  <details><summary>Qual e il modo migliore per cercare voli per Katsina?</summary><p>Confronta piu aeroporti italiani, prova date flessibili e verifica anche partenze infrasettimanali per migliorare le possibilita di risparmio.</p></details>
  <details><summary>Meglio volo diretto o con scalo?</summary><p>Per tratte medio-brevi il diretto e spesso la scelta piu comoda, mentre su alcune rotte uno scalo puo ridurre il prezzo finale.</p></details>
  <details><summary>Quando controllare i prezzi per Katsina?</summary><p>Vale la pena iniziare a monitorare la rotta in anticipo e verificare con regolarita i giorni piu vicini alla partenza ideale.</p></details>
</div>","Voli per citta|Voli intercontinentali",city,DKA,/voli-per/katsina/,"Voli per Katsina (DKA): offerte e guide | ConfrontaPrezziVoli","Trova voli per Katsina dai principali aeroporti italiani. Tariffe indicative da EUR 98 e consigli per scegliere il periodo migliore.","voli per Katsina",cities,"Mese tipicamente conveniente: agosto"
post,publish,"Voli per Kau (KAZ): offerte, compagnie e periodo migliore per prenotare",voli-per-kau-kaz,"Confronta voli per Kau dai principali aeroporti italiani. Scopri prezzi indicativi, compagnie e consigli utili per organizzare la partenza.","<div class=""cpv-landing-note"">
  <p><strong>Perche cercare voli per Kau qui.</strong> Questa pagina raccoglie un quadro rapido delle partenze italiane piu interessanti per Kau, con tariffe indicative e consigli per scegliere il periodo piu vantaggioso.</p>
</div>
<div class=""cpv-stat-grid"">
  <div class=""cpv-stat""><strong>EUR 83</strong><span>Prezzo indicativo da monitorare dalle principali aree aeroportuali italiane.</span></div>
  <div class=""cpv-stat""><strong>maggio</strong><span>Periodo spesso interessante per tenere sotto controllo la rotta.</span></div>
  <div class=""cpv-stat""><strong>9</strong><span>Aeroporti italiani prioritari da confrontare per questa destinazione.</span></div>
</div>
<h2>Offerte voli per Kau</h2>
<p>Per trovare il miglior equilibrio tra prezzo, durata e comfort, conviene verificare piu aeroporti di partenza italiani e confrontare giorni feriali e weekend.</p>
<table>
  <thead>
    <tr><th>Partenza</th><th>Prezzo da</th><th>Durata indicativa</th><th>Mese da monitorare</th></tr>
  </thead>
  <tbody>
    <tr><td>Leonardo da Vinci-Fiumicino Airport (FCO)</td><td>EUR 183</td><td>9h 20</td><td>settembre</td></tr><tr><td>Ciampino-G. B. Pastine International Airport (CIA)</td><td>EUR 31</td><td>5h 00</td><td>gennaio</td></tr><tr><td>Milano Malpensa Airport (MXP)</td><td>EUR 24</td><td>8h 50</td><td>giugno</td></tr><tr><td>Orio al Serio International Airport (BGY)</td><td>EUR 98</td><td>5h 10</td><td>agosto</td></tr><tr><td>Milano Linate Airport (LIN)</td><td>EUR 107</td><td>5h 40</td><td>maggio</td></tr><tr><td>Naples International Airport (NAP)</td><td>EUR 86</td><td>5h 10</td><td>agosto</td></tr><tr><td>Venice Marco Polo Airport (VCE)</td><td>EUR 38</td><td>2h 10</td><td>agosto</td></tr><tr><td>Catania-Fontanarossa Airport (CTA)</td><td>EUR 52</td><td>5h 30</td><td>ottobre</td></tr><tr><td>Guglielmo Marconi Airport (BLQ)</td><td>EUR 172</td><td>3h 30</td><td>ottobre</td></tr>
  </tbody>
</table>
<h2>Aeroporti italiani da cui conviene partire</h2>
<div class=""cpv-chip-list""><span class=""cpv-chip"">Leonardo da Vinci-Fiumicino Airport</span><span class=""cpv-chip"">Ciampino-G. B. Pastine International Airport</span><span class=""cpv-chip"">Milano Malpensa Airport</span><span class=""cpv-chip"">Orio al Serio International Airport</span><span class=""cpv-chip"">Milano Linate Airport</span><span class=""cpv-chip"">Naples International Airport</span></div>
<div class=""cpv-landing-grid"">
  <div class=""cpv-landing-card""><strong>City break</strong><p>Se Kau e una meta urbana, le partenze del venerdi e del sabato sono spesso le piu monitorate.</p></div>
  <div class=""cpv-landing-card""><strong>Viaggi stagionali</strong><p>In alcuni periodi dell'anno le tariffe possono variare molto, soprattutto vicino ai ponti e alle festivita.</p></div>
  <div class=""cpv-landing-card""><strong>Confronto rapido</strong><p>Valuta aeroporti maggiori e secondari per capire se un piccolo spostamento porta a un risparmio concreto.</p></div>
</div>
<h2>Domande frequenti sui voli per Kau</h2>
<div class=""cpv-faq"">
  <details><summary>Qual e il modo migliore per cercare voli per Kau?</summary><p>Confronta piu aeroporti italiani, prova date flessibili e verifica anche partenze infrasettimanali per migliorare le possibilita di risparmio.</p></details>
  <details><summary>Meglio volo diretto o con scalo?</summary><p>Per tratte medio-brevi il diretto e spesso la scelta piu comoda, mentre su alcune rotte uno scalo puo ridurre il prezzo finale.</p></details>
  <details><summary>Quando controllare i prezzi per Kau?</summary><p>Vale la pena iniziare a monitorare la rotta in anticipo e verificare con regolarita i giorni piu vicini alla partenza ideale.</p></details>
</div>","Voli per citta|Voli intercontinentali",city,KAZ,/voli-per/kau/,"Voli per Kau (KAZ): offerte e guide | ConfrontaPrezziVoli","Trova voli per Kau dai principali aeroporti italiani. Tariffe indicative da EUR 83 e consigli per scegliere il periodo migliore.","voli per Kau",cities,"Mese tipicamente conveniente: maggio"
post,publish,"Voli per Kauai Island (LIH): offerte, compagnie e periodo migliore per prenotare",voli-per-kauai-island-lih,"Confronta voli per Kauai Island dai principali aeroporti italiani. Scopri prezzi indicativi, compagnie e consigli utili per organizzare la partenza.","<div class=""cpv-landing-note"">
  <p><strong>Perche cercare voli per Kauai Island qui.</strong> Questa pagina raccoglie un quadro rapido delle partenze italiane piu interessanti per Kauai Island, con tariffe indicative e consigli per scegliere il periodo piu vantaggioso.</p>
</div>
<div class=""cpv-stat-grid"">
  <div class=""cpv-stat""><strong>EUR 52</strong><span>Prezzo indicativo da monitorare dalle principali aree aeroportuali italiane.</span></div>
  <div class=""cpv-stat""><strong>ottobre</strong><span>Periodo spesso interessante per tenere sotto controllo la rotta.</span></div>
  <div class=""cpv-stat""><strong>9</strong><span>Aeroporti italiani prioritari da confrontare per questa destinazione.</span></div>
</div>
<h2>Offerte voli per Kauai Island</h2>
<p>Per trovare il miglior equilibrio tra prezzo, durata e comfort, conviene verificare piu aeroporti di partenza italiani e confrontare giorni feriali e weekend.</p>
<table>
  <thead>
    <tr><th>Partenza</th><th>Prezzo da</th><th>Durata indicativa</th><th>Mese da monitorare</th></tr>
  </thead>
  <tbody>
    <tr><td>Leonardo da Vinci-Fiumicino Airport (FCO)</td><td>EUR 172</td><td>10h 30</td><td>ottobre</td></tr><tr><td>Ciampino-G. B. Pastine International Airport (CIA)</td><td>EUR 84</td><td>2h 50</td><td>giugno</td></tr><tr><td>Milano Malpensa Airport (MXP)</td><td>EUR 115</td><td>10h 00</td><td>gennaio</td></tr><tr><td>Orio al Serio International Airport (BGY)</td><td>EUR 53</td><td>3h 40</td><td>novembre</td></tr><tr><td>Milano Linate Airport (LIN)</td><td>EUR 132</td><td>10h 50</td><td>giugno</td></tr><tr><td>Naples International Airport (NAP)</td><td>EUR 161</td><td>9h 40</td><td>novembre</td></tr><tr><td>Venice Marco Polo Airport (VCE)</td><td>EUR 81</td><td>11h 20</td><td>marzo</td></tr><tr><td>Catania-Fontanarossa Airport (CTA)</td><td>EUR 67</td><td>2h 00</td><td>gennaio</td></tr><tr><td>Guglielmo Marconi Airport (BLQ)</td><td>EUR 103</td><td>2h 00</td><td>gennaio</td></tr>
  </tbody>
</table>
<h2>Aeroporti italiani da cui conviene partire</h2>
<div class=""cpv-chip-list""><span class=""cpv-chip"">Leonardo da Vinci-Fiumicino Airport</span><span class=""cpv-chip"">Ciampino-G. B. Pastine International Airport</span><span class=""cpv-chip"">Milano Malpensa Airport</span><span class=""cpv-chip"">Orio al Serio International Airport</span><span class=""cpv-chip"">Milano Linate Airport</span><span class=""cpv-chip"">Naples International Airport</span></div>
<div class=""cpv-landing-grid"">
  <div class=""cpv-landing-card""><strong>City break</strong><p>Se Kauai Island e una meta urbana, le partenze del venerdi e del sabato sono spesso le piu monitorate.</p></div>
  <div class=""cpv-landing-card""><strong>Viaggi stagionali</strong><p>In alcuni periodi dell'anno le tariffe possono variare molto, soprattutto vicino ai ponti e alle festivita.</p></div>
  <div class=""cpv-landing-card""><strong>Confronto rapido</strong><p>Valuta aeroporti maggiori e secondari per capire se un piccolo spostamento porta a un risparmio concreto.</p></div>
</div>
<h2>Domande frequenti sui voli per Kauai Island</h2>
<div class=""cpv-faq"">
  <details><summary>Qual e il modo migliore per cercare voli per Kauai Island?</summary><p>Confronta piu aeroporti italiani, prova date flessibili e verifica anche partenze infrasettimanali per migliorare le possibilita di risparmio.</p></details>
  <details><summary>Meglio volo diretto o con scalo?</summary><p>Per tratte medio-brevi il diretto e spesso la scelta piu comoda, mentre su alcune rotte uno scalo puo ridurre il prezzo finale.</p></details>
  <details><summary>Quando controllare i prezzi per Kauai Island?</summary><p>Vale la pena iniziare a monitorare la rotta in anticipo e verificare con regolarita i giorni piu vicini alla partenza ideale.</p></details>
</div>","Voli per citta|Voli intercontinentali",city,LIH,/voli-per/kauai-island/,"Voli per Kauai Island (LIH): offerte e guide | ConfrontaPrezziVoli","Trova voli per Kauai Island dai principali aeroporti italiani. Tariffe indicative da EUR 52 e consigli per scegliere il periodo migliore.","voli per Kauai Island",cities,"Mese tipicamente conveniente: ottobre"
post,publish,"Voli per Kauehi (KHZ): offerte, compagnie e periodo migliore per prenotare",voli-per-kauehi-khz,"Confronta voli per Kauehi dai principali aeroporti italiani. Scopri prezzi indicativi, compagnie e consigli utili per organizzare la partenza.","<div class=""cpv-landing-note"">
  <p><strong>Perche cercare voli per Kauehi qui.</strong> Questa pagina raccoglie un quadro rapido delle partenze italiane piu interessanti per Kauehi, con tariffe indicative e consigli per scegliere il periodo piu vantaggioso.</p>
</div>
<div class=""cpv-stat-grid"">
  <div class=""cpv-stat""><strong>EUR 52</strong><span>Prezzo indicativo da monitorare dalle principali aree aeroportuali italiane.</span></div>
  <div class=""cpv-stat""><strong>ottobre</strong><span>Periodo spesso interessante per tenere sotto controllo la rotta.</span></div>
  <div class=""cpv-stat""><strong>9</strong><span>Aeroporti italiani prioritari da confrontare per questa destinazione.</span></div>
</div>
<h2>Offerte voli per Kauehi</h2>
<p>Per trovare il miglior equilibrio tra prezzo, durata e comfort, conviene verificare piu aeroporti di partenza italiani e confrontare giorni feriali e weekend.</p>
<table>
  <thead>
    <tr><th>Partenza</th><th>Prezzo da</th><th>Durata indicativa</th><th>Mese da monitorare</th></tr>
  </thead>
  <tbody>
    <tr><td>Leonardo da Vinci-Fiumicino Airport (FCO)</td><td>EUR 64</td><td>4h 30</td><td>ottobre</td></tr><tr><td>Ciampino-G. B. Pastine International Airport (CIA)</td><td>EUR 64</td><td>2h 30</td><td>ottobre</td></tr><tr><td>Milano Malpensa Airport (MXP)</td><td>EUR 163</td><td>11h 00</td><td>gennaio</td></tr><tr><td>Orio al Serio International Airport (BGY)</td><td>EUR 85</td><td>10h 00</td><td>luglio</td></tr><tr><td>Milano Linate Airport (LIN)</td><td>EUR 68</td><td>10h 10</td><td>febbraio</td></tr><tr><td>Naples International Airport (NAP)</td><td>EUR 61</td><td>2h 00</td><td>luglio</td></tr><tr><td>Venice Marco Polo Airport (VCE)</td><td>EUR 173</td><td>9h 40</td><td>novembre</td></tr><tr><td>Catania-Fontanarossa Airport (CTA)</td><td>EUR 23</td><td>6h 40</td><td>maggio</td></tr><tr><td>Guglielmo Marconi Airport (BLQ)</td><td>EUR 119</td><td>11h 40</td><td>maggio</td></tr>
  </tbody>
</table>
<h2>Aeroporti italiani da cui conviene partire</h2>
<div class=""cpv-chip-list""><span class=""cpv-chip"">Leonardo da Vinci-Fiumicino Airport</span><span class=""cpv-chip"">Ciampino-G. B. Pastine International Airport</span><span class=""cpv-chip"">Milano Malpensa Airport</span><span class=""cpv-chip"">Orio al Serio International Airport</span><span class=""cpv-chip"">Milano Linate Airport</span><span class=""cpv-chip"">Naples International Airport</span></div>
<div class=""cpv-landing-grid"">
  <div class=""cpv-landing-card""><strong>City break</strong><p>Se Kauehi e una meta urbana, le partenze del venerdi e del sabato sono spesso le piu monitorate.</p></div>
  <div class=""cpv-landing-card""><strong>Viaggi stagionali</strong><p>In alcuni periodi dell'anno le tariffe possono variare molto, soprattutto vicino ai ponti e alle festivita.</p></div>
  <div class=""cpv-landing-card""><strong>Confronto rapido</strong><p>Valuta aeroporti maggiori e secondari per capire se un piccolo spostamento porta a un risparmio concreto.</p></div>
</div>
<h2>Domande frequenti sui voli per Kauehi</h2>
<div class=""cpv-faq"">
  <details><summary>Qual e il modo migliore per cercare voli per Kauehi?</summary><p>Confronta piu aeroporti italiani, prova date flessibili e verifica anche partenze infrasettimanali per migliorare le possibilita di risparmio.</p></details>
  <details><summary>Meglio volo diretto o con scalo?</summary><p>Per tratte medio-brevi il diretto e spesso la scelta piu comoda, mentre su alcune rotte uno scalo puo ridurre il prezzo finale.</p></details>
  <details><summary>Quando controllare i prezzi per Kauehi?</summary><p>Vale la pena iniziare a monitorare la rotta in anticipo e verificare con regolarita i giorni piu vicini alla partenza ideale.</p></details>
</div>","Voli per citta|Voli intercontinentali",city,KHZ,/voli-per/kauehi/,"Voli per Kauehi (KHZ): offerte e guide | ConfrontaPrezziVoli","Trova voli per Kauehi dai principali aeroporti italiani. Tariffe indicative da EUR 52 e consigli per scegliere il periodo migliore.","voli per Kauehi",cities,"Mese tipicamente conveniente: ottobre"
post,publish,"Voli per Kaukura Atoll (KKR): offerte, compagnie e periodo migliore per prenotare",voli-per-kaukura-atoll-kkr,"Confronta voli per Kaukura Atoll dai principali aeroporti italiani. Scopri prezzi indicativi, compagnie e consigli utili per organizzare la partenza.","<div class=""cpv-landing-note"">
  <p><strong>Perche cercare voli per Kaukura Atoll qui.</strong> Questa pagina raccoglie un quadro rapido delle partenze italiane piu interessanti per Kaukura Atoll, con tariffe indicative e consigli per scegliere il periodo piu vantaggioso.</p>
</div>
<div class=""cpv-stat-grid"">
  <div class=""cpv-stat""><strong>EUR 119</strong><span>Prezzo indicativo da monitorare dalle principali aree aeroportuali italiane.</span></div>
  <div class=""cpv-stat""><strong>maggio</strong><span>Periodo spesso interessante per tenere sotto controllo la rotta.</span></div>
  <div class=""cpv-stat""><strong>9</strong><span>Aeroporti italiani prioritari da confrontare per questa destinazione.</span></div>
</div>
<h2>Offerte voli per Kaukura Atoll</h2>
<p>Per trovare il miglior equilibrio tra prezzo, durata e comfort, conviene verificare piu aeroporti di partenza italiani e confrontare giorni feriali e weekend.</p>
<table>
  <thead>
    <tr><th>Partenza</th><th>Prezzo da</th><th>Durata indicativa</th><th>Mese da monitorare</th></tr>
  </thead>
  <tbody>
    <tr><td>Leonardo da Vinci-Fiumicino Airport (FCO)</td><td>EUR 67</td><td>9h 00</td><td>gennaio</td></tr><tr><td>Ciampino-G. B. Pastine International Airport (CIA)</td><td>EUR 143</td><td>9h 40</td><td>maggio</td></tr><tr><td>Milano Malpensa Airport (MXP)</td><td>EUR 120</td><td>3h 50</td><td>giugno</td></tr><tr><td>Orio al Serio International Airport (BGY)</td><td>EUR 126</td><td>3h 50</td><td>dicembre</td></tr><tr><td>Milano Linate Airport (LIN)</td><td>EUR 143</td><td>6h 40</td><td>maggio</td></tr><tr><td>Naples International Airport (NAP)</td><td>EUR 186</td><td>5h 50</td><td>dicembre</td></tr><tr><td>Venice Marco Polo Airport (VCE)</td><td>EUR 114</td><td>10h 50</td><td>dicembre</td></tr><tr><td>Catania-Fontanarossa Airport (CTA)</td><td>EUR 180</td><td>5h 50</td><td>giugno</td></tr><tr><td>Guglielmo Marconi Airport (BLQ)</td><td>EUR 136</td><td>10h 30</td><td>ottobre</td></tr>
  </tbody>
</table>
<h2>Aeroporti italiani da cui conviene partire</h2>
<div class=""cpv-chip-list""><span class=""cpv-chip"">Leonardo da Vinci-Fiumicino Airport</span><span class=""cpv-chip"">Ciampino-G. B. Pastine International Airport</span><span class=""cpv-chip"">Milano Malpensa Airport</span><span class=""cpv-chip"">Orio al Serio International Airport</span><span class=""cpv-chip"">Milano Linate Airport</span><span class=""cpv-chip"">Naples International Airport</span></div>
<div class=""cpv-landing-grid"">
  <div class=""cpv-landing-card""><strong>City break</strong><p>Se Kaukura Atoll e una meta urbana, le partenze del venerdi e del sabato sono spesso le piu monitorate.</p></div>
  <div class=""cpv-landing-card""><strong>Viaggi stagionali</strong><p>In alcuni periodi dell'anno le tariffe possono variare molto, soprattutto vicino ai ponti e alle festivita.</p></div>
  <div class=""cpv-landing-card""><strong>Confronto rapido</strong><p>Valuta aeroporti maggiori e secondari per capire se un piccolo spostamento porta a un risparmio concreto.</p></div>
</div>
<h2>Domande frequenti sui voli per Kaukura Atoll</h2>
<div class=""cpv-faq"">
  <details><summary>Qual e il modo migliore per cercare voli per Kaukura Atoll?</summary><p>Confronta piu aeroporti italiani, prova date flessibili e verifica anche partenze infrasettimanali per migliorare le possibilita di risparmio.</p></details>
  <details><summary>Meglio volo diretto o con scalo?</summary><p>Per tratte medio-brevi il diretto e spesso la scelta piu comoda, mentre su alcune rotte uno scalo puo ridurre il prezzo finale.</p></details>
  <details><summary>Quando controllare i prezzi per Kaukura Atoll?</summary><p>Vale la pena iniziare a monitorare la rotta in anticipo e verificare con regolarita i giorni piu vicini alla partenza ideale.</p></details>
</div>","Voli per citta|Voli intercontinentali",city,KKR,/voli-per/kaukura-atoll/,"Voli per Kaukura Atoll (KKR): offerte e guide | ConfrontaPrezziVoli","Trova voli per Kaukura Atoll dai principali aeroporti italiani. Tariffe indicative da EUR 119 e consigli per scegliere il periodo migliore.","voli per Kaukura Atoll",cities,"Mese tipicamente conveniente: maggio"
post,publish,"Voli per Kaunas (KUN): offerte, compagnie e periodo migliore per prenotare",voli-per-kaunas-kun,"Confronta voli per Kaunas dai principali aeroporti italiani. Scopri prezzi indicativi, compagnie e consigli utili per organizzare la partenza.","<div class=""cpv-landing-note"">
  <p><strong>Perche cercare voli per Kaunas qui.</strong> Questa pagina raccoglie un quadro rapido delle partenze italiane piu interessanti per Kaunas, con tariffe indicative e consigli per scegliere il periodo piu vantaggioso.</p>
</div>
<div class=""cpv-stat-grid"">
  <div class=""cpv-stat""><strong>EUR 35</strong><span>Prezzo indicativo da monitorare dalle principali aree aeroportuali italiane.</span></div>
  <div class=""cpv-stat""><strong>maggio</strong><span>Periodo spesso interessante per tenere sotto controllo la rotta.</span></div>
  <div class=""cpv-stat""><strong>9</strong><span>Aeroporti italiani prioritari da confrontare per questa destinazione.</span></div>
</div>
<h2>Offerte voli per Kaunas</h2>
<p>Per trovare il miglior equilibrio tra prezzo, durata e comfort, conviene verificare piu aeroporti di partenza italiani e confrontare giorni feriali e weekend.</p>
<table>
  <thead>
    <tr><th>Partenza</th><th>Prezzo da</th><th>Durata indicativa</th><th>Mese da monitorare</th></tr>
  </thead>
  <tbody>
    <tr><td>Leonardo da Vinci-Fiumicino Airport (FCO)</td><td>EUR 187</td><td>11h 00</td><td>gennaio</td></tr><tr><td>Ciampino-G. B. Pastine International Airport (CIA)</td><td>EUR 187</td><td>1h 00</td><td>gennaio</td></tr><tr><td>Milano Malpensa Airport (MXP)</td><td>EUR 40</td><td>11h 30</td><td>ottobre</td></tr><tr><td>Orio al Serio International Airport (BGY)</td><td>EUR 30</td><td>6h 50</td><td>dicembre</td></tr><tr><td>Milano Linate Airport (LIN)</td><td>EUR 59</td><td>10h 40</td><td>maggio</td></tr><tr><td>Naples International Airport (NAP)</td><td>EUR 22</td><td>11h 30</td><td>aprile</td></tr><tr><td>Venice Marco Polo Airport (VCE)</td><td>EUR 122</td><td>9h 10</td><td>agosto</td></tr><tr><td>Catania-Fontanarossa Airport (CTA)</td><td>EUR 36</td><td>3h 50</td><td>giugno</td></tr><tr><td>Guglielmo Marconi Airport (BLQ)</td><td>EUR 68</td><td>11h 10</td><td>febbraio</td></tr>
  </tbody>
</table>
<h2>Aeroporti italiani da cui conviene partire</h2>
<div class=""cpv-chip-list""><span class=""cpv-chip"">Leonardo da Vinci-Fiumicino Airport</span><span class=""cpv-chip"">Ciampino-G. B. Pastine International Airport</span><span class=""cpv-chip"">Milano Malpensa Airport</span><span class=""cpv-chip"">Orio al Serio International Airport</span><span class=""cpv-chip"">Milano Linate Airport</span><span class=""cpv-chip"">Naples International Airport</span></div>
<div class=""cpv-landing-grid"">
  <div class=""cpv-landing-card""><strong>City break</strong><p>Se Kaunas e una meta urbana, le partenze del venerdi e del sabato sono spesso le piu monitorate.</p></div>
  <div class=""cpv-landing-card""><strong>Viaggi stagionali</strong><p>In alcuni periodi dell'anno le tariffe possono variare molto, soprattutto vicino ai ponti e alle festivita.</p></div>
  <div class=""cpv-landing-card""><strong>Confronto rapido</strong><p>Valuta aeroporti maggiori e secondari per capire se un piccolo spostamento porta a un risparmio concreto.</p></div>
</div>
<h2>Domande frequenti sui voli per Kaunas</h2>
<div class=""cpv-faq"">
  <details><summary>Qual e il modo migliore per cercare voli per Kaunas?</summary><p>Confronta piu aeroporti italiani, prova date flessibili e verifica anche partenze infrasettimanali per migliorare le possibilita di risparmio.</p></details>
  <details><summary>Meglio volo diretto o con scalo?</summary><p>Per tratte medio-brevi il diretto e spesso la scelta piu comoda, mentre su alcune rotte uno scalo puo ridurre il prezzo finale.</p></details>
  <details><summary>Quando controllare i prezzi per Kaunas?</summary><p>Vale la pena iniziare a monitorare la rotta in anticipo e verificare con regolarita i giorni piu vicini alla partenza ideale.</p></details>
</div>","Voli per citta|Voli in Europa",city,KUN,/voli-per/kaunas/,"Voli per Kaunas (KUN): offerte e guide | ConfrontaPrezziVoli","Trova voli per Kaunas dai principali aeroporti italiani. Tariffe indicative da EUR 35 e consigli per scegliere il periodo migliore.","voli per Kaunas",cities,"Mese tipicamente conveniente: maggio"
post,publish,"Voli per Kavala (KVA): offerte, compagnie e periodo migliore per prenotare",voli-per-kavala-kva,"Confronta voli per Kavala dai principali aeroporti italiani. Scopri prezzi indicativi, compagnie e consigli utili per organizzare la partenza.","<div class=""cpv-landing-note"">
  <p><strong>Perche cercare voli per Kavala qui.</strong> Questa pagina raccoglie un quadro rapido delle partenze italiane piu interessanti per Kavala, con tariffe indicative e consigli per scegliere il periodo piu vantaggioso.</p>
</div>
<div class=""cpv-stat-grid"">
  <div class=""cpv-stat""><strong>EUR 113</strong><span>Prezzo indicativo da monitorare dalle principali aree aeroportuali italiane.</span></div>
  <div class=""cpv-stat""><strong>novembre</strong><span>Periodo spesso interessante per tenere sotto controllo la rotta.</span></div>
  <div class=""cpv-stat""><strong>9</strong><span>Aeroporti italiani prioritari da confrontare per questa destinazione.</span></div>
</div>
<h2>Offerte voli per Kavala</h2>
<p>Per trovare il miglior equilibrio tra prezzo, durata e comfort, conviene verificare piu aeroporti di partenza italiani e confrontare giorni feriali e weekend.</p>
<table>
  <thead>
    <tr><th>Partenza</th><th>Prezzo da</th><th>Durata indicativa</th><th>Mese da monitorare</th></tr>
  </thead>
  <tbody>
    <tr><td>Leonardo da Vinci-Fiumicino Airport (FCO)</td><td>EUR 145</td><td>9h 00</td><td>luglio</td></tr><tr><td>Ciampino-G. B. Pastine International Airport (CIA)</td><td>EUR 45</td><td>2h 20</td><td>marzo</td></tr><tr><td>Milano Malpensa Airport (MXP)</td><td>EUR 94</td><td>4h 30</td><td>aprile</td></tr><tr><td>Orio al Serio International Airport (BGY)</td><td>EUR 164</td><td>11h 10</td><td>febbraio</td></tr><tr><td>Milano Linate Airport (LIN)</td><td>EUR 197</td><td>8h 40</td><td>novembre</td></tr><tr><td>Naples International Airport (NAP)</td><td>EUR 144</td><td>4h 50</td><td>giugno</td></tr><tr><td>Venice Marco Polo Airport (VCE)</td><td>EUR 64</td><td>8h 30</td><td>ottobre</td></tr><tr><td>Catania-Fontanarossa Airport (CTA)</td><td>EUR 114</td><td>1h 50</td><td>dicembre</td></tr><tr><td>Guglielmo Marconi Airport (BLQ)</td><td>EUR 70</td><td>4h 30</td><td>aprile</td></tr>
  </tbody>
</table>
<h2>Aeroporti italiani da cui conviene partire</h2>
<div class=""cpv-chip-list""><span class=""cpv-chip"">Leonardo da Vinci-Fiumicino Airport</span><span class=""cpv-chip"">Ciampino-G. B. Pastine International Airport</span><span class=""cpv-chip"">Milano Malpensa Airport</span><span class=""cpv-chip"">Orio al Serio International Airport</span><span class=""cpv-chip"">Milano Linate Airport</span><span class=""cpv-chip"">Naples International Airport</span></div>
<div class=""cpv-landing-grid"">
  <div class=""cpv-landing-card""><strong>City break</strong><p>Se Kavala e una meta urbana, le partenze del venerdi e del sabato sono spesso le piu monitorate.</p></div>
  <div class=""cpv-landing-card""><strong>Viaggi stagionali</strong><p>In alcuni periodi dell'anno le tariffe possono variare molto, soprattutto vicino ai ponti e alle festivita.</p></div>
  <div class=""cpv-landing-card""><strong>Confronto rapido</strong><p>Valuta aeroporti maggiori e secondari per capire se un piccolo spostamento porta a un risparmio concreto.</p></div>
</div>
<h2>Domande frequenti sui voli per Kavala</h2>
<div class=""cpv-faq"">
  <details><summary>Qual e il modo migliore per cercare voli per Kavala?</summary><p>Confronta piu aeroporti italiani, prova date flessibili e verifica anche partenze infrasettimanali per migliorare le possibilita di risparmio.</p></details>
  <details><summary>Meglio volo diretto o con scalo?</summary><p>Per tratte medio-brevi il diretto e spesso la scelta piu comoda, mentre su alcune rotte uno scalo puo ridurre il prezzo finale.</p></details>
  <details><summary>Quando controllare i prezzi per Kavala?</summary><p>Vale la pena iniziare a monitorare la rotta in anticipo e verificare con regolarita i giorni piu vicini alla partenza ideale.</p></details>
</div>","Voli per citta|Voli in Europa",city,KVA,/voli-per/kavala/,"Voli per Kavala (KVA): offerte e guide | ConfrontaPrezziVoli","Trova voli per Kavala dai principali aeroporti italiani. Tariffe indicative da EUR 113 e consigli per scegliere il periodo migliore.","voli per Kavala",cities,"Mese tipicamente conveniente: novembre"
post,publish,"Voli per Kavalerovo (KVR): offerte, compagnie e periodo migliore per prenotare",voli-per-kavalerovo-kvr,"Confronta voli per Kavalerovo dai principali aeroporti italiani. Scopri prezzi indicativi, compagnie e consigli utili per organizzare la partenza.","<div class=""cpv-landing-note"">
  <p><strong>Perche cercare voli per Kavalerovo qui.</strong> Questa pagina raccoglie un quadro rapido delle partenze italiane piu interessanti per Kavalerovo, con tariffe indicative e consigli per scegliere il periodo piu vantaggioso.</p>
</div>
<div class=""cpv-stat-grid"">
  <div class=""cpv-stat""><strong>EUR 39</strong><span>Prezzo indicativo da monitorare dalle principali aree aeroportuali italiane.</span></div>
  <div class=""cpv-stat""><strong>settembre</strong><span>Periodo spesso interessante per tenere sotto controllo la rotta.</span></div>
  <div class=""cpv-stat""><strong>9</strong><span>Aeroporti italiani prioritari da confrontare per questa destinazione.</span></div>
</div>
<h2>Offerte voli per Kavalerovo</h2>
<p>Per trovare il miglior equilibrio tra prezzo, durata e comfort, conviene verificare piu aeroporti di partenza italiani e confrontare giorni feriali e weekend.</p>
<table>
  <thead>
    <tr><th>Partenza</th><th>Prezzo da</th><th>Durata indicativa</th><th>Mese da monitorare</th></tr>
  </thead>
  <tbody>
    <tr><td>Leonardo da Vinci-Fiumicino Airport (FCO)</td><td>EUR 95</td><td>9h 40</td><td>maggio</td></tr><tr><td>Ciampino-G. B. Pastine International Airport (CIA)</td><td>EUR 71</td><td>11h 40</td><td>maggio</td></tr><tr><td>Milano Malpensa Airport (MXP)</td><td>EUR 116</td><td>9h 10</td><td>febbraio</td></tr><tr><td>Orio al Serio International Airport (BGY)</td><td>EUR 142</td><td>2h 30</td><td>aprile</td></tr><tr><td>Milano Linate Airport (LIN)</td><td>EUR 147</td><td>8h 20</td><td>settembre</td></tr><tr><td>Naples International Airport (NAP)</td><td>EUR 198</td><td>5h 50</td><td>dicembre</td></tr><tr><td>Venice Marco Polo Airport (VCE)</td><td>EUR 38</td><td>10h 10</td><td>agosto</td></tr><tr><td>Catania-Fontanarossa Airport (CTA)</td><td>EUR 148</td><td>8h 30</td><td>ottobre</td></tr><tr><td>Guglielmo Marconi Airport (BLQ)</td><td>EUR 120</td><td>10h 50</td><td>giugno</td></tr>
  </tbody>
</table>
<h2>Aeroporti italiani da cui conviene partire</h2>
<div class=""cpv-chip-list""><span class=""cpv-chip"">Leonardo da Vinci-Fiumicino Airport</span><span class=""cpv-chip"">Ciampino-G. B. Pastine International Airport</span><span class=""cpv-chip"">Milano Malpensa Airport</span><span class=""cpv-chip"">Orio al Serio International Airport</span><span class=""cpv-chip"">Milano Linate Airport</span><span class=""cpv-chip"">Naples International Airport</span></div>
<div class=""cpv-landing-grid"">
  <div class=""cpv-landing-card""><strong>City break</strong><p>Se Kavalerovo e una meta urbana, le partenze del venerdi e del sabato sono spesso le piu monitorate.</p></div>
  <div class=""cpv-landing-card""><strong>Viaggi stagionali</strong><p>In alcuni periodi dell'anno le tariffe possono variare molto, soprattutto vicino ai ponti e alle festivita.</p></div>
  <div class=""cpv-landing-card""><strong>Confronto rapido</strong><p>Valuta aeroporti maggiori e secondari per capire se un piccolo spostamento porta a un risparmio concreto.</p></div>
</div>
<h2>Domande frequenti sui voli per Kavalerovo</h2>
<div class=""cpv-faq"">
  <details><summary>Qual e il modo migliore per cercare voli per Kavalerovo?</summary><p>Confronta piu aeroporti italiani, prova date flessibili e verifica anche partenze infrasettimanali per migliorare le possibilita di risparmio.</p></details>
  <details><summary>Meglio volo diretto o con scalo?</summary><p>Per tratte medio-brevi il diretto e spesso la scelta piu comoda, mentre su alcune rotte uno scalo puo ridurre il prezzo finale.</p></details>
  <details><summary>Quando controllare i prezzi per Kavalerovo?</summary><p>Vale la pena iniziare a monitorare la rotta in anticipo e verificare con regolarita i giorni piu vicini alla partenza ideale.</p></details>
</div>","Voli per citta|Voli intercontinentali",city,KVR,/voli-per/kavalerovo/,"Voli per Kavalerovo (KVR): offerte e guide | ConfrontaPrezziVoli","Trova voli per Kavalerovo dai principali aeroporti italiani. Tariffe indicative da EUR 39 e consigli per scegliere il periodo migliore.","voli per Kavalerovo",cities,"Mese tipicamente conveniente: settembre"
post,publish,"Voli per Kavieng (KVG): offerte, compagnie e periodo migliore per prenotare",voli-per-kavieng-kvg,"Confronta voli per Kavieng dai principali aeroporti italiani. Scopri prezzi indicativi, compagnie e consigli utili per organizzare la partenza.","<div class=""cpv-landing-note"">
  <p><strong>Perche cercare voli per Kavieng qui.</strong> Questa pagina raccoglie un quadro rapido delle partenze italiane piu interessanti per Kavieng, con tariffe indicative e consigli per scegliere il periodo piu vantaggioso.</p>
</div>
<div class=""cpv-stat-grid"">
  <div class=""cpv-stat""><strong>EUR 42</strong><span>Prezzo indicativo da monitorare dalle principali aree aeroportuali italiane.</span></div>
  <div class=""cpv-stat""><strong>dicembre</strong><span>Periodo spesso interessante per tenere sotto controllo la rotta.</span></div>
  <div class=""cpv-stat""><strong>9</strong><span>Aeroporti italiani prioritari da confrontare per questa destinazione.</span></div>
</div>
<h2>Offerte voli per Kavieng</h2>
<p>Per trovare il miglior equilibrio tra prezzo, durata e comfort, conviene verificare piu aeroporti di partenza italiani e confrontare giorni feriali e weekend.</p>
<table>
  <thead>
    <tr><th>Partenza</th><th>Prezzo da</th><th>Durata indicativa</th><th>Mese da monitorare</th></tr>
  </thead>
  <tbody>
    <tr><td>Leonardo da Vinci-Fiumicino Airport (FCO)</td><td>EUR 138</td><td>3h 50</td><td>dicembre</td></tr><tr><td>Ciampino-G. B. Pastine International Airport (CIA)</td><td>EUR 194</td><td>11h 10</td><td>agosto</td></tr><tr><td>Milano Malpensa Airport (MXP)</td><td>EUR 109</td><td>1h 00</td><td>luglio</td></tr><tr><td>Orio al Serio International Airport (BGY)</td><td>EUR 167</td><td>2h 40</td><td>maggio</td></tr><tr><td>Milano Linate Airport (LIN)</td><td>EUR 98</td><td>4h 10</td><td>agosto</td></tr><tr><td>Naples International Airport (NAP)</td><td>EUR 123</td><td>1h 20</td><td>settembre</td></tr><tr><td>Venice Marco Polo Airport (VCE)</td><td>EUR 195</td><td>1h 20</td><td>settembre</td></tr><tr><td>Catania-Fontanarossa Airport (CTA)</td><td>EUR 93</td><td>5h 20</td><td>marzo</td></tr><tr><td>Guglielmo Marconi Airport (BLQ)</td><td>EUR 193</td><td>4h 00</td><td>luglio</td></tr>
  </tbody>
</table>
<h2>Aeroporti italiani da cui conviene partire</h2>
<div class=""cpv-chip-list""><span class=""cpv-chip"">Leonardo da Vinci-Fiumicino Airport</span><span class=""cpv-chip"">Ciampino-G. B. Pastine International Airport</span><span class=""cpv-chip"">Milano Malpensa Airport</span><span class=""cpv-chip"">Orio al Serio International Airport</span><span class=""cpv-chip"">Milano Linate Airport</span><span class=""cpv-chip"">Naples International Airport</span></div>
<div class=""cpv-landing-grid"">
  <div class=""cpv-landing-card""><strong>City break</strong><p>Se Kavieng e una meta urbana, le partenze del venerdi e del sabato sono spesso le piu monitorate.</p></div>
  <div class=""cpv-landing-card""><strong>Viaggi stagionali</strong><p>In alcuni periodi dell'anno le tariffe possono variare molto, soprattutto vicino ai ponti e alle festivita.</p></div>
  <div class=""cpv-landing-card""><strong>Confronto rapido</strong><p>Valuta aeroporti maggiori e secondari per capire se un piccolo spostamento porta a un risparmio concreto.</p></div>
</div>
<h2>Domande frequenti sui voli per Kavieng</h2>
<div class=""cpv-faq"">
  <details><summary>Qual e il modo migliore per cercare voli per Kavieng?</summary><p>Confronta piu aeroporti italiani, prova date flessibili e verifica anche partenze infrasettimanali per migliorare le possibilita di risparmio.</p></details>
  <details><summary>Meglio volo diretto o con scalo?</summary><p>Per tratte medio-brevi il diretto e spesso la scelta piu comoda, mentre su alcune rotte uno scalo puo ridurre il prezzo finale.</p></details>
  <details><summary>Quando controllare i prezzi per Kavieng?</summary><p>Vale la pena iniziare a monitorare la rotta in anticipo e verificare con regolarita i giorni piu vicini alla partenza ideale.</p></details>
</div>","Voli per citta|Voli intercontinentali",city,KVG,/voli-per/kavieng/,"Voli per Kavieng (KVG): offerte e guide | ConfrontaPrezziVoli","Trova voli per Kavieng dai principali aeroporti italiani. Tariffe indicative da EUR 42 e consigli per scegliere il periodo migliore.","voli per Kavieng",cities,"Mese tipicamente conveniente: dicembre"
post,publish,"Voli per Kawthaung (KAW): offerte, compagnie e periodo migliore per prenotare",voli-per-kawthaung-kaw,"Confronta voli per Kawthaung dai principali aeroporti italiani. Scopri prezzi indicativi, compagnie e consigli utili per organizzare la partenza.","<div class=""cpv-landing-note"">
  <p><strong>Perche cercare voli per Kawthaung qui.</strong> Questa pagina raccoglie un quadro rapido delle partenze italiane piu interessanti per Kawthaung, con tariffe indicative e consigli per scegliere il periodo piu vantaggioso.</p>
</div>
<div class=""cpv-stat-grid"">
  <div class=""cpv-stat""><strong>EUR 80</strong><span>Prezzo indicativo da monitorare dalle principali aree aeroportuali italiane.</span></div>
  <div class=""cpv-stat""><strong>febbraio</strong><span>Periodo spesso interessante per tenere sotto controllo la rotta.</span></div>
  <div class=""cpv-stat""><strong>9</strong><span>Aeroporti italiani prioritari da confrontare per questa destinazione.</span></div>
</div>
<h2>Offerte voli per Kawthaung</h2>
<p>Per trovare il miglior equilibrio tra prezzo, durata e comfort, conviene verificare piu aeroporti di partenza italiani e confrontare giorni feriali e weekend.</p>
<table>
  <thead>
    <tr><th>Partenza</th><th>Prezzo da</th><th>Durata indicativa</th><th>Mese da monitorare</th></tr>
  </thead>
  <tbody>
    <tr><td>Leonardo da Vinci-Fiumicino Airport (FCO)</td><td>EUR 112</td><td>2h 30</td><td>ottobre</td></tr><tr><td>Ciampino-G. B. Pastine International Airport (CIA)</td><td>EUR 188</td><td>10h 10</td><td>febbraio</td></tr><tr><td>Milano Malpensa Airport (MXP)</td><td>EUR 103</td><td>10h 00</td><td>gennaio</td></tr><tr><td>Orio al Serio International Airport (BGY)</td><td>EUR 41</td><td>4h 40</td><td>novembre</td></tr><tr><td>Milano Linate Airport (LIN)</td><td>EUR 120</td><td>5h 50</td><td>giugno</td></tr><tr><td>Naples International Airport (NAP)</td><td>EUR 57</td><td>7h 20</td><td>marzo</td></tr><tr><td>Venice Marco Polo Airport (VCE)</td><td>EUR 149</td><td>10h 40</td><td>novembre</td></tr><tr><td>Catania-Fontanarossa Airport (CTA)</td><td>EUR 183</td><td>7h 20</td><td>settembre</td></tr><tr><td>Guglielmo Marconi Airport (BLQ)</td><td>EUR 39</td><td>1h 20</td><td>settembre</td></tr>
  </tbody>
</table>
<h2>Aeroporti italiani da cui conviene partire</h2>
<div class=""cpv-chip-list""><span class=""cpv-chip"">Leonardo da Vinci-Fiumicino Airport</span><span class=""cpv-chip"">Ciampino-G. B. Pastine International Airport</span><span class=""cpv-chip"">Milano Malpensa Airport</span><span class=""cpv-chip"">Orio al Serio International Airport</span><span class=""cpv-chip"">Milano Linate Airport</span><span class=""cpv-chip"">Naples International Airport</span></div>
<div class=""cpv-landing-grid"">
  <div class=""cpv-landing-card""><strong>City break</strong><p>Se Kawthaung e una meta urbana, le partenze del venerdi e del sabato sono spesso le piu monitorate.</p></div>
  <div class=""cpv-landing-card""><strong>Viaggi stagionali</strong><p>In alcuni periodi dell'anno le tariffe possono variare molto, soprattutto vicino ai ponti e alle festivita.</p></div>
  <div class=""cpv-landing-card""><strong>Confronto rapido</strong><p>Valuta aeroporti maggiori e secondari per capire se un piccolo spostamento porta a un risparmio concreto.</p></div>
</div>
<h2>Domande frequenti sui voli per Kawthaung</h2>
<div class=""cpv-faq"">
  <details><summary>Qual e il modo migliore per cercare voli per Kawthaung?</summary><p>Confronta piu aeroporti italiani, prova date flessibili e verifica anche partenze infrasettimanali per migliorare le possibilita di risparmio.</p></details>
  <details><summary>Meglio volo diretto o con scalo?</summary><p>Per tratte medio-brevi il diretto e spesso la scelta piu comoda, mentre su alcune rotte uno scalo puo ridurre il prezzo finale.</p></details>
  <details><summary>Quando controllare i prezzi per Kawthaung?</summary><p>Vale la pena iniziare a monitorare la rotta in anticipo e verificare con regolarita i giorni piu vicini alla partenza ideale.</p></details>
</div>","Voli per citta|Voli intercontinentali",city,KAW,/voli-per/kawthaung/,"Voli per Kawthaung (KAW): offerte e guide | ConfrontaPrezziVoli","Trova voli per Kawthaung dai principali aeroporti italiani. Tariffe indicative da EUR 80 e consigli per scegliere il periodo migliore.","voli per Kawthaung",cities,"Mese tipicamente conveniente: febbraio"
post,publish,"Voli per Kayseri (ASR): offerte, compagnie e periodo migliore per prenotare",voli-per-kayseri-asr,"Confronta voli per Kayseri dai principali aeroporti italiani. Scopri prezzi indicativi, compagnie e consigli utili per organizzare la partenza.","<div class=""cpv-landing-note"">
  <p><strong>Perche cercare voli per Kayseri qui.</strong> Questa pagina raccoglie un quadro rapido delle partenze italiane piu interessanti per Kayseri, con tariffe indicative e consigli per scegliere il periodo piu vantaggioso.</p>
</div>
<div class=""cpv-stat-grid"">
  <div class=""cpv-stat""><strong>EUR 62</strong><span>Prezzo indicativo da monitorare dalle principali aree aeroportuali italiane.</span></div>
  <div class=""cpv-stat""><strong>agosto</strong><span>Periodo spesso interessante per tenere sotto controllo la rotta.</span></div>
  <div class=""cpv-stat""><strong>9</strong><span>Aeroporti italiani prioritari da confrontare per questa destinazione.</span></div>
</div>
<h2>Offerte voli per Kayseri</h2>
<p>Per trovare il miglior equilibrio tra prezzo, durata e comfort, conviene verificare piu aeroporti di partenza italiani e confrontare giorni feriali e weekend.</p>
<table>
  <thead>
    <tr><th>Partenza</th><th>Prezzo da</th><th>Durata indicativa</th><th>Mese da monitorare</th></tr>
  </thead>
  <tbody>
    <tr><td>Leonardo da Vinci-Fiumicino Airport (FCO)</td><td>EUR 150</td><td>1h 50</td><td>dicembre</td></tr><tr><td>Ciampino-G. B. Pastine International Airport (CIA)</td><td>EUR 126</td><td>6h 50</td><td>dicembre</td></tr><tr><td>Milano Malpensa Airport (MXP)</td><td>EUR 157</td><td>5h 00</td><td>luglio</td></tr><tr><td>Orio al Serio International Airport (BGY)</td><td>EUR 179</td><td>9h 40</td><td>maggio</td></tr><tr><td>Milano Linate Airport (LIN)</td><td>EUR 166</td><td>4h 30</td><td>aprile</td></tr><tr><td>Naples International Airport (NAP)</td><td>EUR 79</td><td>2h 00</td><td>gennaio</td></tr><tr><td>Venice Marco Polo Airport (VCE)</td><td>EUR 191</td><td>5h 40</td><td>maggio</td></tr><tr><td>Catania-Fontanarossa Airport (CTA)</td><td>EUR 157</td><td>10h 00</td><td>luglio</td></tr><tr><td>Guglielmo Marconi Airport (BLQ)</td><td>EUR 177</td><td>8h 20</td><td>marzo</td></tr>
  </tbody>
</table>
<h2>Aeroporti italiani da cui conviene partire</h2>
<div class=""cpv-chip-list""><span class=""cpv-chip"">Leonardo da Vinci-Fiumicino Airport</span><span class=""cpv-chip"">Ciampino-G. B. Pastine International Airport</span><span class=""cpv-chip"">Milano Malpensa Airport</span><span class=""cpv-chip"">Orio al Serio International Airport</span><span class=""cpv-chip"">Milano Linate Airport</span><span class=""cpv-chip"">Naples International Airport</span></div>
<div class=""cpv-landing-grid"">
  <div class=""cpv-landing-card""><strong>City break</strong><p>Se Kayseri e una meta urbana, le partenze del venerdi e del sabato sono spesso le piu monitorate.</p></div>
  <div class=""cpv-landing-card""><strong>Viaggi stagionali</strong><p>In alcuni periodi dell'anno le tariffe possono variare molto, soprattutto vicino ai ponti e alle festivita.</p></div>
  <div class=""cpv-landing-card""><strong>Confronto rapido</strong><p>Valuta aeroporti maggiori e secondari per capire se un piccolo spostamento porta a un risparmio concreto.</p></div>
</div>
<h2>Domande frequenti sui voli per Kayseri</h2>
<div class=""cpv-faq"">
  <details><summary>Qual e il modo migliore per cercare voli per Kayseri?</summary><p>Confronta piu aeroporti italiani, prova date flessibili e verifica anche partenze infrasettimanali per migliorare le possibilita di risparmio.</p></details>
  <details><summary>Meglio volo diretto o con scalo?</summary><p>Per tratte medio-brevi il diretto e spesso la scelta piu comoda, mentre su alcune rotte uno scalo puo ridurre il prezzo finale.</p></details>
  <details><summary>Quando controllare i prezzi per Kayseri?</summary><p>Vale la pena iniziare a monitorare la rotta in anticipo e verificare con regolarita i giorni piu vicini alla partenza ideale.</p></details>
</div>","Voli per citta|Voli in Europa",city,ASR,/voli-per/kayseri/,"Voli per Kayseri (ASR): offerte e guide | ConfrontaPrezziVoli","Trova voli per Kayseri dai principali aeroporti italiani. Tariffe indicative da EUR 62 e consigli per scegliere il periodo migliore.","voli per Kayseri",cities,"Mese tipicamente conveniente: agosto"
post,publish,"Voli per Kazachinskoye (КЗЧ): offerte, compagnie e periodo migliore per prenotare",voli-per-kazachinskoye-КЗЧ,"Confronta voli per Kazachinskoye dai principali aeroporti italiani. Scopri prezzi indicativi, compagnie e consigli utili per organizzare la partenza.","<div class=""cpv-landing-note"">
  <p><strong>Perche cercare voli per Kazachinskoye qui.</strong> Questa pagina raccoglie un quadro rapido delle partenze italiane piu interessanti per Kazachinskoye, con tariffe indicative e consigli per scegliere il periodo piu vantaggioso.</p>
</div>
<div class=""cpv-stat-grid"">
  <div class=""cpv-stat""><strong>EUR 187</strong><span>Prezzo indicativo da monitorare dalle principali aree aeroportuali italiane.</span></div>
  <div class=""cpv-stat""><strong>gennaio</strong><span>Periodo spesso interessante per tenere sotto controllo la rotta.</span></div>
  <div class=""cpv-stat""><strong>9</strong><span>Aeroporti italiani prioritari da confrontare per questa destinazione.</span></div>
</div>
<h2>Offerte voli per Kazachinskoye</h2>
<p>Per trovare il miglior equilibrio tra prezzo, durata e comfort, conviene verificare piu aeroporti di partenza italiani e confrontare giorni feriali e weekend.</p>
<table>
  <thead>
    <tr><th>Partenza</th><th>Prezzo da</th><th>Durata indicativa</th><th>Mese da monitorare</th></tr>
  </thead>
  <tbody>
    <tr><td>Leonardo da Vinci-Fiumicino Airport (FCO)</td><td>EUR 165</td><td>9h 20</td><td>marzo</td></tr><tr><td>Ciampino-G. B. Pastine International Airport (CIA)</td><td>EUR 129</td><td>5h 20</td><td>marzo</td></tr><tr><td>Milano Malpensa Airport (MXP)</td><td>EUR 197</td><td>9h 40</td><td>novembre</td></tr><tr><td>Orio al Serio International Airport (BGY)</td><td>EUR 143</td><td>9h 40</td><td>maggio</td></tr><tr><td>Milano Linate Airport (LIN)</td><td>EUR 38</td><td>3h 10</td><td>agosto</td></tr><tr><td>Naples International Airport (NAP)</td><td>EUR 190</td><td>1h 30</td><td>aprile</td></tr><tr><td>Venice Marco Polo Airport (VCE)</td><td>EUR 177</td><td>3h 20</td><td>marzo</td></tr><tr><td>Catania-Fontanarossa Airport (CTA)</td><td>EUR 55</td><td>4h 00</td><td>gennaio</td></tr><tr><td>Guglielmo Marconi Airport (BLQ)</td><td>EUR 191</td><td>9h 40</td><td>maggio</td></tr>
  </tbody>
</table>
<h2>Aeroporti italiani da cui conviene partire</h2>
<div class=""cpv-chip-list""><span class=""cpv-chip"">Leonardo da Vinci-Fiumicino Airport</span><span class=""cpv-chip"">Ciampino-G. B. Pastine International Airport</span><span class=""cpv-chip"">Milano Malpensa Airport</span><span class=""cpv-chip"">Orio al Serio International Airport</span><span class=""cpv-chip"">Milano Linate Airport</span><span class=""cpv-chip"">Naples International Airport</span></div>
<div class=""cpv-landing-grid"">
  <div class=""cpv-landing-card""><strong>City break</strong><p>Se Kazachinskoye e una meta urbana, le partenze del venerdi e del sabato sono spesso le piu monitorate.</p></div>
  <div class=""cpv-landing-card""><strong>Viaggi stagionali</strong><p>In alcuni periodi dell'anno le tariffe possono variare molto, soprattutto vicino ai ponti e alle festivita.</p></div>
  <div class=""cpv-landing-card""><strong>Confronto rapido</strong><p>Valuta aeroporti maggiori e secondari per capire se un piccolo spostamento porta a un risparmio concreto.</p></div>
</div>
<h2>Domande frequenti sui voli per Kazachinskoye</h2>
<div class=""cpv-faq"">
  <details><summary>Qual e il modo migliore per cercare voli per Kazachinskoye?</summary><p>Confronta piu aeroporti italiani, prova date flessibili e verifica anche partenze infrasettimanali per migliorare le possibilita di risparmio.</p></details>
  <details><summary>Meglio volo diretto o con scalo?</summary><p>Per tratte medio-brevi il diretto e spesso la scelta piu comoda, mentre su alcune rotte uno scalo puo ridurre il prezzo finale.</p></details>
  <details><summary>Quando controllare i prezzi per Kazachinskoye?</summary><p>Vale la pena iniziare a monitorare la rotta in anticipo e verificare con regolarita i giorni piu vicini alla partenza ideale.</p></details>
</div>","Voli per citta|Voli intercontinentali",city,КЗЧ,/voli-per/kazachinskoye/,"Voli per Kazachinskoye (КЗЧ): offerte e guide | ConfrontaPrezziVoli","Trova voli per Kazachinskoye dai principali aeroporti italiani. Tariffe indicative da EUR 187 e consigli per scegliere il periodo migliore.","voli per Kazachinskoye",cities,"Mese tipicamente conveniente: gennaio"
post,publish,"Voli per Kazan (KZN): offerte, compagnie e periodo migliore per prenotare",voli-per-kazan-kzn,"Confronta voli per Kazan dai principali aeroporti italiani. Scopri prezzi indicativi, compagnie e consigli utili per organizzare la partenza.","<div class=""cpv-landing-note"">
  <p><strong>Perche cercare voli per Kazan qui.</strong> Questa pagina raccoglie un quadro rapido delle partenze italiane piu interessanti per Kazan, con tariffe indicative e consigli per scegliere il periodo piu vantaggioso.</p>
</div>
<div class=""cpv-stat-grid"">
  <div class=""cpv-stat""><strong>EUR 142</strong><span>Prezzo indicativo da monitorare dalle principali aree aeroportuali italiane.</span></div>
  <div class=""cpv-stat""><strong>aprile</strong><span>Periodo spesso interessante per tenere sotto controllo la rotta.</span></div>
  <div class=""cpv-stat""><strong>9</strong><span>Aeroporti italiani prioritari da confrontare per questa destinazione.</span></div>
</div>
<h2>Offerte voli per Kazan</h2>
<p>Per trovare il miglior equilibrio tra prezzo, durata e comfort, conviene verificare piu aeroporti di partenza italiani e confrontare giorni feriali e weekend.</p>
<table>
  <thead>
    <tr><th>Partenza</th><th>Prezzo da</th><th>Durata indicativa</th><th>Mese da monitorare</th></tr>
  </thead>
  <tbody>
    <tr><td>Leonardo da Vinci-Fiumicino Airport (FCO)</td><td>EUR 150</td><td>8h 50</td><td>dicembre</td></tr><tr><td>Ciampino-G. B. Pastine International Airport (CIA)</td><td>EUR 34</td><td>4h 30</td><td>aprile</td></tr><tr><td>Milano Malpensa Airport (MXP)</td><td>EUR 197</td><td>4h 40</td><td>novembre</td></tr><tr><td>Orio al Serio International Airport (BGY)</td><td>EUR 147</td><td>2h 20</td><td>settembre</td></tr><tr><td>Milano Linate Airport (LIN)</td><td>EUR 70</td><td>11h 30</td><td>aprile</td></tr><tr><td>Naples International Airport (NAP)</td><td>EUR 115</td><td>1h 00</td><td>gennaio</td></tr><tr><td>Venice Marco Polo Airport (VCE)</td><td>EUR 139</td><td>8h 00</td><td>gennaio</td></tr><tr><td>Catania-Fontanarossa Airport (CTA)</td><td>EUR 21</td><td>11h 20</td><td>marzo</td></tr><tr><td>Guglielmo Marconi Airport (BLQ)</td><td>EUR 153</td><td>9h 20</td><td>marzo</td></tr>
  </tbody>
</table>
<h2>Aeroporti italiani da cui conviene partire</h2>
<div class=""cpv-chip-list""><span class=""cpv-chip"">Leonardo da Vinci-Fiumicino Airport</span><span class=""cpv-chip"">Ciampino-G. B. Pastine International Airport</span><span class=""cpv-chip"">Milano Malpensa Airport</span><span class=""cpv-chip"">Orio al Serio International Airport</span><span class=""cpv-chip"">Milano Linate Airport</span><span class=""cpv-chip"">Naples International Airport</span></div>
<div class=""cpv-landing-grid"">
  <div class=""cpv-landing-card""><strong>City break</strong><p>Se Kazan e una meta urbana, le partenze del venerdi e del sabato sono spesso le piu monitorate.</p></div>
  <div class=""cpv-landing-card""><strong>Viaggi stagionali</strong><p>In alcuni periodi dell'anno le tariffe possono variare molto, soprattutto vicino ai ponti e alle festivita.</p></div>
  <div class=""cpv-landing-card""><strong>Confronto rapido</strong><p>Valuta aeroporti maggiori e secondari per capire se un piccolo spostamento porta a un risparmio concreto.</p></div>
</div>
<h2>Domande frequenti sui voli per Kazan</h2>
<div class=""cpv-faq"">
  <details><summary>Qual e il modo migliore per cercare voli per Kazan?</summary><p>Confronta piu aeroporti italiani, prova date flessibili e verifica anche partenze infrasettimanali per migliorare le possibilita di risparmio.</p></details>
  <details><summary>Meglio volo diretto o con scalo?</summary><p>Per tratte medio-brevi il diretto e spesso la scelta piu comoda, mentre su alcune rotte uno scalo puo ridurre il prezzo finale.</p></details>
  <details><summary>Quando controllare i prezzi per Kazan?</summary><p>Vale la pena iniziare a monitorare la rotta in anticipo e verificare con regolarita i giorni piu vicini alla partenza ideale.</p></details>
</div>","Voli per citta|Voli intercontinentali",city,KZN,/voli-per/kazan/,"Voli per Kazan (KZN): offerte e guide | ConfrontaPrezziVoli","Trova voli per Kazan dai principali aeroporti italiani. Tariffe indicative da EUR 142 e consigli per scegliere il periodo migliore.","voli per Kazan",cities,"Mese tipicamente conveniente: aprile"
post,publish,"Voli per Kazarman (КЗМ): offerte, compagnie e periodo migliore per prenotare",voli-per-kazarman-КЗМ,"Confronta voli per Kazarman dai principali aeroporti italiani. Scopri prezzi indicativi, compagnie e consigli utili per organizzare la partenza.","<div class=""cpv-landing-note"">
  <p><strong>Perche cercare voli per Kazarman qui.</strong> Questa pagina raccoglie un quadro rapido delle partenze italiane piu interessanti per Kazarman, con tariffe indicative e consigli per scegliere il periodo piu vantaggioso.</p>
</div>
<div class=""cpv-stat-grid"">
  <div class=""cpv-stat""><strong>EUR 151</strong><span>Prezzo indicativo da monitorare dalle principali aree aeroportuali italiane.</span></div>
  <div class=""cpv-stat""><strong>gennaio</strong><span>Periodo spesso interessante per tenere sotto controllo la rotta.</span></div>
  <div class=""cpv-stat""><strong>9</strong><span>Aeroporti italiani prioritari da confrontare per questa destinazione.</span></div>
</div>
<h2>Offerte voli per Kazarman</h2>
<p>Per trovare il miglior equilibrio tra prezzo, durata e comfort, conviene verificare piu aeroporti di partenza italiani e confrontare giorni feriali e weekend.</p>
<table>
  <thead>
    <tr><th>Partenza</th><th>Prezzo da</th><th>Durata indicativa</th><th>Mese da monitorare</th></tr>
  </thead>
  <tbody>
    <tr><td>Leonardo da Vinci-Fiumicino Airport (FCO)</td><td>EUR 101</td><td>2h 40</td><td>novembre</td></tr><tr><td>Ciampino-G. B. Pastine International Airport (CIA)</td><td>EUR 173</td><td>8h 40</td><td>novembre</td></tr><tr><td>Milano Malpensa Airport (MXP)</td><td>EUR 121</td><td>2h 00</td><td>luglio</td></tr><tr><td>Orio al Serio International Airport (BGY)</td><td>EUR 99</td><td>7h 20</td><td>settembre</td></tr><tr><td>Milano Linate Airport (LIN)</td><td>EUR 46</td><td>8h 30</td><td>aprile</td></tr><tr><td>Naples International Airport (NAP)</td><td>EUR 146</td><td>6h 10</td><td>agosto</td></tr><tr><td>Venice Marco Polo Airport (VCE)</td><td>EUR 165</td><td>4h 20</td><td>marzo</td></tr><tr><td>Catania-Fontanarossa Airport (CTA)</td><td>EUR 51</td><td>4h 20</td><td>settembre</td></tr><tr><td>Guglielmo Marconi Airport (BLQ)</td><td>EUR 127</td><td>8h 00</td><td>gennaio</td></tr>
  </tbody>
</table>
<h2>Aeroporti italiani da cui conviene partire</h2>
<div class=""cpv-chip-list""><span class=""cpv-chip"">Leonardo da Vinci-Fiumicino Airport</span><span class=""cpv-chip"">Ciampino-G. B. Pastine International Airport</span><span class=""cpv-chip"">Milano Malpensa Airport</span><span class=""cpv-chip"">Orio al Serio International Airport</span><span class=""cpv-chip"">Milano Linate Airport</span><span class=""cpv-chip"">Naples International Airport</span></div>
<div class=""cpv-landing-grid"">
  <div class=""cpv-landing-card""><strong>City break</strong><p>Se Kazarman e una meta urbana, le partenze del venerdi e del sabato sono spesso le piu monitorate.</p></div>
  <div class=""cpv-landing-card""><strong>Viaggi stagionali</strong><p>In alcuni periodi dell'anno le tariffe possono variare molto, soprattutto vicino ai ponti e alle festivita.</p></div>
  <div class=""cpv-landing-card""><strong>Confronto rapido</strong><p>Valuta aeroporti maggiori e secondari per capire se un piccolo spostamento porta a un risparmio concreto.</p></div>
</div>
<h2>Domande frequenti sui voli per Kazarman</h2>
<div class=""cpv-faq"">
  <details><summary>Qual e il modo migliore per cercare voli per Kazarman?</summary><p>Confronta piu aeroporti italiani, prova date flessibili e verifica anche partenze infrasettimanali per migliorare le possibilita di risparmio.</p></details>
  <details><summary>Meglio volo diretto o con scalo?</summary><p>Per tratte medio-brevi il diretto e spesso la scelta piu comoda, mentre su alcune rotte uno scalo puo ridurre il prezzo finale.</p></details>
  <details><summary>Quando controllare i prezzi per Kazarman?</summary><p>Vale la pena iniziare a monitorare la rotta in anticipo e verificare con regolarita i giorni piu vicini alla partenza ideale.</p></details>
</div>","Voli per citta|Voli intercontinentali",city,КЗМ,/voli-per/kazarman/,"Voli per Kazarman (КЗМ): offerte e guide | ConfrontaPrezziVoli","Trova voli per Kazarman dai principali aeroporti italiani. Tariffe indicative da EUR 151 e consigli per scegliere il periodo migliore.","voli per Kazarman",cities,"Mese tipicamente conveniente: gennaio"
post,publish,"Voli per Kearney (EAR): offerte, compagnie e periodo migliore per prenotare",voli-per-kearney-ear,"Confronta voli per Kearney dai principali aeroporti italiani. Scopri prezzi indicativi, compagnie e consigli utili per organizzare la partenza.","<div class=""cpv-landing-note"">
  <p><strong>Perche cercare voli per Kearney qui.</strong> Questa pagina raccoglie un quadro rapido delle partenze italiane piu interessanti per Kearney, con tariffe indicative e consigli per scegliere il periodo piu vantaggioso.</p>
</div>
<div class=""cpv-stat-grid"">
  <div class=""cpv-stat""><strong>EUR 59</strong><span>Prezzo indicativo da monitorare dalle principali aree aeroportuali italiane.</span></div>
  <div class=""cpv-stat""><strong>maggio</strong><span>Periodo spesso interessante per tenere sotto controllo la rotta.</span></div>
  <div class=""cpv-stat""><strong>9</strong><span>Aeroporti italiani prioritari da confrontare per questa destinazione.</span></div>
</div>
<h2>Offerte voli per Kearney</h2>
<p>Per trovare il miglior equilibrio tra prezzo, durata e comfort, conviene verificare piu aeroporti di partenza italiani e confrontare giorni feriali e weekend.</p>
<table>
  <thead>
    <tr><th>Partenza</th><th>Prezzo da</th><th>Durata indicativa</th><th>Mese da monitorare</th></tr>
  </thead>
  <tbody>
    <tr><td>Leonardo da Vinci-Fiumicino Airport (FCO)</td><td>EUR 63</td><td>2h 20</td><td>settembre</td></tr><tr><td>Ciampino-G. B. Pastine International Airport (CIA)</td><td>EUR 191</td><td>11h 40</td><td>maggio</td></tr><tr><td>Milano Malpensa Airport (MXP)</td><td>EUR 188</td><td>8h 10</td><td>febbraio</td></tr><tr><td>Orio al Serio International Airport (BGY)</td><td>EUR 170</td><td>8h 10</td><td>agosto</td></tr><tr><td>Milano Linate Airport (LIN)</td><td>EUR 143</td><td>3h 40</td><td>maggio</td></tr><tr><td>Naples International Airport (NAP)</td><td>EUR 138</td><td>4h 50</td><td>dicembre</td></tr><tr><td>Venice Marco Polo Airport (VCE)</td><td>EUR 134</td><td>1h 10</td><td>agosto</td></tr><tr><td>Catania-Fontanarossa Airport (CTA)</td><td>EUR 136</td><td>9h 30</td><td>ottobre</td></tr><tr><td>Guglielmo Marconi Airport (BLQ)</td><td>EUR 188</td><td>5h 10</td><td>febbraio</td></tr>
  </tbody>
</table>
<h2>Aeroporti italiani da cui conviene partire</h2>
<div class=""cpv-chip-list""><span class=""cpv-chip"">Leonardo da Vinci-Fiumicino Airport</span><span class=""cpv-chip"">Ciampino-G. B. Pastine International Airport</span><span class=""cpv-chip"">Milano Malpensa Airport</span><span class=""cpv-chip"">Orio al Serio International Airport</span><span class=""cpv-chip"">Milano Linate Airport</span><span class=""cpv-chip"">Naples International Airport</span></div>
<div class=""cpv-landing-grid"">
  <div class=""cpv-landing-card""><strong>City break</strong><p>Se Kearney e una meta urbana, le partenze del venerdi e del sabato sono spesso le piu monitorate.</p></div>
  <div class=""cpv-landing-card""><strong>Viaggi stagionali</strong><p>In alcuni periodi dell'anno le tariffe possono variare molto, soprattutto vicino ai ponti e alle festivita.</p></div>
  <div class=""cpv-landing-card""><strong>Confronto rapido</strong><p>Valuta aeroporti maggiori e secondari per capire se un piccolo spostamento porta a un risparmio concreto.</p></div>
</div>
<h2>Domande frequenti sui voli per Kearney</h2>
<div class=""cpv-faq"">
  <details><summary>Qual e il modo migliore per cercare voli per Kearney?</summary><p>Confronta piu aeroporti italiani, prova date flessibili e verifica anche partenze infrasettimanali per migliorare le possibilita di risparmio.</p></details>
  <details><summary>Meglio volo diretto o con scalo?</summary><p>Per tratte medio-brevi il diretto e spesso la scelta piu comoda, mentre su alcune rotte uno scalo puo ridurre il prezzo finale.</p></details>
  <details><summary>Quando controllare i prezzi per Kearney?</summary><p>Vale la pena iniziare a monitorare la rotta in anticipo e verificare con regolarita i giorni piu vicini alla partenza ideale.</p></details>
</div>","Voli per citta|Voli intercontinentali",city,EAR,/voli-per/kearney/,"Voli per Kearney (EAR): offerte e guide | ConfrontaPrezziVoli","Trova voli per Kearney dai principali aeroporti italiani. Tariffe indicative da EUR 59 e consigli per scegliere il periodo migliore.","voli per Kearney",cities,"Mese tipicamente conveniente: maggio"
post,publish,"Voli per Kefallinia (EFL): offerte, compagnie e periodo migliore per prenotare",voli-per-kefallinia-efl,"Confronta voli per Kefallinia dai principali aeroporti italiani. Scopri prezzi indicativi, compagnie e consigli utili per organizzare la partenza.","<div class=""cpv-landing-note"">
  <p><strong>Perche cercare voli per Kefallinia qui.</strong> Questa pagina raccoglie un quadro rapido delle partenze italiane piu interessanti per Kefallinia, con tariffe indicative e consigli per scegliere il periodo piu vantaggioso.</p>
</div>
<div class=""cpv-stat-grid"">
  <div class=""cpv-stat""><strong>EUR 139</strong><span>Prezzo indicativo da monitorare dalle principali aree aeroportuali italiane.</span></div>
  <div class=""cpv-stat""><strong>gennaio</strong><span>Periodo spesso interessante per tenere sotto controllo la rotta.</span></div>
  <div class=""cpv-stat""><strong>9</strong><span>Aeroporti italiani prioritari da confrontare per questa destinazione.</span></div>
</div>
<h2>Offerte voli per Kefallinia</h2>
<p>Per trovare il miglior equilibrio tra prezzo, durata e comfort, conviene verificare piu aeroporti di partenza italiani e confrontare giorni feriali e weekend.</p>
<table>
  <thead>
    <tr><th>Partenza</th><th>Prezzo da</th><th>Durata indicativa</th><th>Mese da monitorare</th></tr>
  </thead>
  <tbody>
    <tr><td>Leonardo da Vinci-Fiumicino Airport (FCO)</td><td>EUR 111</td><td>10h 20</td><td>settembre</td></tr><tr><td>Ciampino-G. B. Pastine International Airport (CIA)</td><td>EUR 127</td><td>3h 00</td><td>gennaio</td></tr><tr><td>Milano Malpensa Airport (MXP)</td><td>EUR 184</td><td>4h 30</td><td>ottobre</td></tr><tr><td>Orio al Serio International Airport (BGY)</td><td>EUR 94</td><td>10h 30</td><td>aprile</td></tr><tr><td>Milano Linate Airport (LIN)</td><td>EUR 183</td><td>9h 20</td><td>settembre</td></tr><tr><td>Naples International Airport (NAP)</td><td>EUR 130</td><td>4h 30</td><td>aprile</td></tr><tr><td>Venice Marco Polo Airport (VCE)</td><td>EUR 154</td><td>3h 30</td><td>aprile</td></tr><tr><td>Catania-Fontanarossa Airport (CTA)</td><td>EUR 164</td><td>4h 10</td><td>febbraio</td></tr><tr><td>Guglielmo Marconi Airport (BLQ)</td><td>EUR 40</td><td>9h 30</td><td>ottobre</td></tr>
  </tbody>
</table>
<h2>Aeroporti italiani da cui conviene partire</h2>
<div class=""cpv-chip-list""><span class=""cpv-chip"">Leonardo da Vinci-Fiumicino Airport</span><span class=""cpv-chip"">Ciampino-G. B. Pastine International Airport</span><span class=""cpv-chip"">Milano Malpensa Airport</span><span class=""cpv-chip"">Orio al Serio International Airport</span><span class=""cpv-chip"">Milano Linate Airport</span><span class=""cpv-chip"">Naples International Airport</span></div>
<div class=""cpv-landing-grid"">
  <div class=""cpv-landing-card""><strong>City break</strong><p>Se Kefallinia e una meta urbana, le partenze del venerdi e del sabato sono spesso le piu monitorate.</p></div>
  <div class=""cpv-landing-card""><strong>Viaggi stagionali</strong><p>In alcuni periodi dell'anno le tariffe possono variare molto, soprattutto vicino ai ponti e alle festivita.</p></div>
  <div class=""cpv-landing-card""><strong>Confronto rapido</strong><p>Valuta aeroporti maggiori e secondari per capire se un piccolo spostamento porta a un risparmio concreto.</p></div>
</div>
<h2>Domande frequenti sui voli per Kefallinia</h2>
<div class=""cpv-faq"">
  <details><summary>Qual e il modo migliore per cercare voli per Kefallinia?</summary><p>Confronta piu aeroporti italiani, prova date flessibili e verifica anche partenze infrasettimanali per migliorare le possibilita di risparmio.</p></details>
  <details><summary>Meglio volo diretto o con scalo?</summary><p>Per tratte medio-brevi il diretto e spesso la scelta piu comoda, mentre su alcune rotte uno scalo puo ridurre il prezzo finale.</p></details>
  <details><summary>Quando controllare i prezzi per Kefallinia?</summary><p>Vale la pena iniziare a monitorare la rotta in anticipo e verificare con regolarita i giorni piu vicini alla partenza ideale.</p></details>
</div>","Voli per citta|Voli in Europa",city,EFL,/voli-per/kefallinia/,"Voli per Kefallinia (EFL): offerte e guide | ConfrontaPrezziVoli","Trova voli per Kefallinia dai principali aeroporti italiani. Tariffe indicative da EUR 139 e consigli per scegliere il periodo migliore.","voli per Kefallinia",cities,"Mese tipicamente conveniente: gennaio"
post,publish,"Voli per Kelly Bar (KEU): offerte, compagnie e periodo migliore per prenotare",voli-per-kelly-bar-keu,"Confronta voli per Kelly Bar dai principali aeroporti italiani. Scopri prezzi indicativi, compagnie e consigli utili per organizzare la partenza.","<div class=""cpv-landing-note"">
  <p><strong>Perche cercare voli per Kelly Bar qui.</strong> Questa pagina raccoglie un quadro rapido delle partenze italiane piu interessanti per Kelly Bar, con tariffe indicative e consigli per scegliere il periodo piu vantaggioso.</p>
</div>
<div class=""cpv-stat-grid"">
  <div class=""cpv-stat""><strong>EUR 156</strong><span>Prezzo indicativo da monitorare dalle principali aree aeroportuali italiane.</span></div>
  <div class=""cpv-stat""><strong>giugno</strong><span>Periodo spesso interessante per tenere sotto controllo la rotta.</span></div>
  <div class=""cpv-stat""><strong>9</strong><span>Aeroporti italiani prioritari da confrontare per questa destinazione.</span></div>
</div>
<h2>Offerte voli per Kelly Bar</h2>
<p>Per trovare il miglior equilibrio tra prezzo, durata e comfort, conviene verificare piu aeroporti di partenza italiani e confrontare giorni feriali e weekend.</p>
<table>
  <thead>
    <tr><th>Partenza</th><th>Prezzo da</th><th>Durata indicativa</th><th>Mese da monitorare</th></tr>
  </thead>
  <tbody>
    <tr><td>Leonardo da Vinci-Fiumicino Airport (FCO)</td><td>EUR 88</td><td>1h 30</td><td>ottobre</td></tr><tr><td>Ciampino-G. B. Pastine International Airport (CIA)</td><td>EUR 40</td><td>8h 30</td><td>ottobre</td></tr><tr><td>Milano Malpensa Airport (MXP)</td><td>EUR 71</td><td>10h 40</td><td>maggio</td></tr><tr><td>Orio al Serio International Airport (BGY)</td><td>EUR 73</td><td>1h 00</td><td>luglio</td></tr><tr><td>Milano Linate Airport (LIN)</td><td>EUR 68</td><td>6h 10</td><td>febbraio</td></tr><tr><td>Naples International Airport (NAP)</td><td>EUR 65</td><td>9h 40</td><td>novembre</td></tr><tr><td>Venice Marco Polo Airport (VCE)</td><td>EUR 61</td><td>1h 00</td><td>luglio</td></tr><tr><td>Catania-Fontanarossa Airport (CTA)</td><td>EUR 47</td><td>10h 40</td><td>maggio</td></tr><tr><td>Guglielmo Marconi Airport (BLQ)</td><td>EUR 19</td><td>6h 00</td><td>gennaio</td></tr>
  </tbody>
</table>
<h2>Aeroporti italiani da cui conviene partire</h2>
<div class=""cpv-chip-list""><span class=""cpv-chip"">Leonardo da Vinci-Fiumicino Airport</span><span class=""cpv-chip"">Ciampino-G. B. Pastine International Airport</span><span class=""cpv-chip"">Milano Malpensa Airport</span><span class=""cpv-chip"">Orio al Serio International Airport</span><span class=""cpv-chip"">Milano Linate Airport</span><span class=""cpv-chip"">Naples International Airport</span></div>
<div class=""cpv-landing-grid"">
  <div class=""cpv-landing-card""><strong>City break</strong><p>Se Kelly Bar e una meta urbana, le partenze del venerdi e del sabato sono spesso le piu monitorate.</p></div>
  <div class=""cpv-landing-card""><strong>Viaggi stagionali</strong><p>In alcuni periodi dell'anno le tariffe possono variare molto, soprattutto vicino ai ponti e alle festivita.</p></div>
  <div class=""cpv-landing-card""><strong>Confronto rapido</strong><p>Valuta aeroporti maggiori e secondari per capire se un piccolo spostamento porta a un risparmio concreto.</p></div>
</div>
<h2>Domande frequenti sui voli per Kelly Bar</h2>
<div class=""cpv-faq"">
  <details><summary>Qual e il modo migliore per cercare voli per Kelly Bar?</summary><p>Confronta piu aeroporti italiani, prova date flessibili e verifica anche partenze infrasettimanali per migliorare le possibilita di risparmio.</p></details>
  <details><summary>Meglio volo diretto o con scalo?</summary><p>Per tratte medio-brevi il diretto e spesso la scelta piu comoda, mentre su alcune rotte uno scalo puo ridurre il prezzo finale.</p></details>
  <details><summary>Quando controllare i prezzi per Kelly Bar?</summary><p>Vale la pena iniziare a monitorare la rotta in anticipo e verificare con regolarita i giorni piu vicini alla partenza ideale.</p></details>
</div>","Voli per citta|Voli intercontinentali",city,KEU,/voli-per/kelly-bar/,"Voli per Kelly Bar (KEU): offerte e guide | ConfrontaPrezziVoli","Trova voli per Kelly Bar dai principali aeroporti italiani. Tariffe indicative da EUR 156 e consigli per scegliere il periodo migliore.","voli per Kelly Bar",cities,"Mese tipicamente conveniente: giugno"
post,publish,"Voli per Kelowna (YLW): offerte, compagnie e periodo migliore per prenotare",voli-per-kelowna-ylw,"Confronta voli per Kelowna dai principali aeroporti italiani. Scopri prezzi indicativi, compagnie e consigli utili per organizzare la partenza.","<div class=""cpv-landing-note"">
  <p><strong>Perche cercare voli per Kelowna qui.</strong> Questa pagina raccoglie un quadro rapido delle partenze italiane piu interessanti per Kelowna, con tariffe indicative e consigli per scegliere il periodo piu vantaggioso.</p>
</div>
<div class=""cpv-stat-grid"">
  <div class=""cpv-stat""><strong>EUR 57</strong><span>Prezzo indicativo da monitorare dalle principali aree aeroportuali italiane.</span></div>
  <div class=""cpv-stat""><strong>marzo</strong><span>Periodo spesso interessante per tenere sotto controllo la rotta.</span></div>
  <div class=""cpv-stat""><strong>9</strong><span>Aeroporti italiani prioritari da confrontare per questa destinazione.</span></div>
</div>
<h2>Offerte voli per Kelowna</h2>
<p>Per trovare il miglior equilibrio tra prezzo, durata e comfort, conviene verificare piu aeroporti di partenza italiani e confrontare giorni feriali e weekend.</p>
<table>
  <thead>
    <tr><th>Partenza</th><th>Prezzo da</th><th>Durata indicativa</th><th>Mese da monitorare</th></tr>
  </thead>
  <tbody>
    <tr><td>Leonardo da Vinci-Fiumicino Airport (FCO)</td><td>EUR 117</td><td>8h 20</td><td>marzo</td></tr><tr><td>Ciampino-G. B. Pastine International Airport (CIA)</td><td>EUR 177</td><td>2h 20</td><td>marzo</td></tr><tr><td>Milano Malpensa Airport (MXP)</td><td>EUR 126</td><td>1h 50</td><td>dicembre</td></tr><tr><td>Orio al Serio International Airport (BGY)</td><td>EUR 20</td><td>9h 10</td><td>febbraio</td></tr><tr><td>Milano Linate Airport (LIN)</td><td>EUR 157</td><td>1h 00</td><td>luglio</td></tr><tr><td>Naples International Airport (NAP)</td><td>EUR 112</td><td>7h 30</td><td>ottobre</td></tr><tr><td>Venice Marco Polo Airport (VCE)</td><td>EUR 20</td><td>2h 10</td><td>febbraio</td></tr><tr><td>Catania-Fontanarossa Airport (CTA)</td><td>EUR 82</td><td>10h 30</td><td>aprile</td></tr><tr><td>Guglielmo Marconi Airport (BLQ)</td><td>EUR 46</td><td>8h 30</td><td>aprile</td></tr>
  </tbody>
</table>
<h2>Aeroporti italiani da cui conviene partire</h2>
<div class=""cpv-chip-list""><span class=""cpv-chip"">Leonardo da Vinci-Fiumicino Airport</span><span class=""cpv-chip"">Ciampino-G. B. Pastine International Airport</span><span class=""cpv-chip"">Milano Malpensa Airport</span><span class=""cpv-chip"">Orio al Serio International Airport</span><span class=""cpv-chip"">Milano Linate Airport</span><span class=""cpv-chip"">Naples International Airport</span></div>
<div class=""cpv-landing-grid"">
  <div class=""cpv-landing-card""><strong>City break</strong><p>Se Kelowna e una meta urbana, le partenze del venerdi e del sabato sono spesso le piu monitorate.</p></div>
  <div class=""cpv-landing-card""><strong>Viaggi stagionali</strong><p>In alcuni periodi dell'anno le tariffe possono variare molto, soprattutto vicino ai ponti e alle festivita.</p></div>
  <div class=""cpv-landing-card""><strong>Confronto rapido</strong><p>Valuta aeroporti maggiori e secondari per capire se un piccolo spostamento porta a un risparmio concreto.</p></div>
</div>
<h2>Domande frequenti sui voli per Kelowna</h2>
<div class=""cpv-faq"">
  <details><summary>Qual e il modo migliore per cercare voli per Kelowna?</summary><p>Confronta piu aeroporti italiani, prova date flessibili e verifica anche partenze infrasettimanali per migliorare le possibilita di risparmio.</p></details>
  <details><summary>Meglio volo diretto o con scalo?</summary><p>Per tratte medio-brevi il diretto e spesso la scelta piu comoda, mentre su alcune rotte uno scalo puo ridurre il prezzo finale.</p></details>
  <details><summary>Quando controllare i prezzi per Kelowna?</summary><p>Vale la pena iniziare a monitorare la rotta in anticipo e verificare con regolarita i giorni piu vicini alla partenza ideale.</p></details>
</div>","Voli per citta|Voli intercontinentali",city,YLW,/voli-per/kelowna/,"Voli per Kelowna (YLW): offerte e guide | ConfrontaPrezziVoli","Trova voli per Kelowna dai principali aeroporti italiani. Tariffe indicative da EUR 57 e consigli per scegliere il periodo migliore.","voli per Kelowna",cities,"Mese tipicamente conveniente: marzo"
post,publish,"Voli per Kemerovo (KEJ): offerte, compagnie e periodo migliore per prenotare",voli-per-kemerovo-kej,"Confronta voli per Kemerovo dai principali aeroporti italiani. Scopri prezzi indicativi, compagnie e consigli utili per organizzare la partenza.","<div class=""cpv-landing-note"">
  <p><strong>Perche cercare voli per Kemerovo qui.</strong> Questa pagina raccoglie un quadro rapido delle partenze italiane piu interessanti per Kemerovo, con tariffe indicative e consigli per scegliere il periodo piu vantaggioso.</p>
</div>
<div class=""cpv-stat-grid"">
  <div class=""cpv-stat""><strong>EUR 31</strong><span>Prezzo indicativo da monitorare dalle principali aree aeroportuali italiane.</span></div>
  <div class=""cpv-stat""><strong>gennaio</strong><span>Periodo spesso interessante per tenere sotto controllo la rotta.</span></div>
  <div class=""cpv-stat""><strong>9</strong><span>Aeroporti italiani prioritari da confrontare per questa destinazione.</span></div>
</div>
<h2>Offerte voli per Kemerovo</h2>
<p>Per trovare il miglior equilibrio tra prezzo, durata e comfort, conviene verificare piu aeroporti di partenza italiani e confrontare giorni feriali e weekend.</p>
<table>
  <thead>
    <tr><th>Partenza</th><th>Prezzo da</th><th>Durata indicativa</th><th>Mese da monitorare</th></tr>
  </thead>
  <tbody>
    <tr><td>Leonardo da Vinci-Fiumicino Airport (FCO)</td><td>EUR 83</td><td>8h 40</td><td>maggio</td></tr><tr><td>Ciampino-G. B. Pastine International Airport (CIA)</td><td>EUR 47</td><td>9h 40</td><td>maggio</td></tr><tr><td>Milano Malpensa Airport (MXP)</td><td>EUR 152</td><td>2h 10</td><td>febbraio</td></tr><tr><td>Orio al Serio International Airport (BGY)</td><td>EUR 74</td><td>6h 10</td><td>agosto</td></tr><tr><td>Milano Linate Airport (LIN)</td><td>EUR 99</td><td>3h 20</td><td>settembre</td></tr><tr><td>Naples International Airport (NAP)</td><td>EUR 182</td><td>11h 10</td><td>agosto</td></tr><tr><td>Venice Marco Polo Airport (VCE)</td><td>EUR 50</td><td>7h 10</td><td>agosto</td></tr><tr><td>Catania-Fontanarossa Airport (CTA)</td><td>EUR 108</td><td>3h 50</td><td>giugno</td></tr><tr><td>Guglielmo Marconi Airport (BLQ)</td><td>EUR 20</td><td>1h 10</td><td>febbraio</td></tr>
  </tbody>
</table>
<h2>Aeroporti italiani da cui conviene partire</h2>
<div class=""cpv-chip-list""><span class=""cpv-chip"">Leonardo da Vinci-Fiumicino Airport</span><span class=""cpv-chip"">Ciampino-G. B. Pastine International Airport</span><span class=""cpv-chip"">Milano Malpensa Airport</span><span class=""cpv-chip"">Orio al Serio International Airport</span><span class=""cpv-chip"">Milano Linate Airport</span><span class=""cpv-chip"">Naples International Airport</span></div>
<div class=""cpv-landing-grid"">
  <div class=""cpv-landing-card""><strong>City break</strong><p>Se Kemerovo e una meta urbana, le partenze del venerdi e del sabato sono spesso le piu monitorate.</p></div>
  <div class=""cpv-landing-card""><strong>Viaggi stagionali</strong><p>In alcuni periodi dell'anno le tariffe possono variare molto, soprattutto vicino ai ponti e alle festivita.</p></div>
  <div class=""cpv-landing-card""><strong>Confronto rapido</strong><p>Valuta aeroporti maggiori e secondari per capire se un piccolo spostamento porta a un risparmio concreto.</p></div>
</div>
<h2>Domande frequenti sui voli per Kemerovo</h2>
<div class=""cpv-faq"">
  <details><summary>Qual e il modo migliore per cercare voli per Kemerovo?</summary><p>Confronta piu aeroporti italiani, prova date flessibili e verifica anche partenze infrasettimanali per migliorare le possibilita di risparmio.</p></details>
  <details><summary>Meglio volo diretto o con scalo?</summary><p>Per tratte medio-brevi il diretto e spesso la scelta piu comoda, mentre su alcune rotte uno scalo puo ridurre il prezzo finale.</p></details>
  <details><summary>Quando controllare i prezzi per Kemerovo?</summary><p>Vale la pena iniziare a monitorare la rotta in anticipo e verificare con regolarita i giorni piu vicini alla partenza ideale.</p></details>
</div>","Voli per citta|Voli intercontinentali",city,KEJ,/voli-per/kemerovo/,"Voli per Kemerovo (KEJ): offerte e guide | ConfrontaPrezziVoli","Trova voli per Kemerovo dai principali aeroporti italiani. Tariffe indicative da EUR 31 e consigli per scegliere il periodo migliore.","voli per Kemerovo",cities,"Mese tipicamente conveniente: gennaio"
post,publish,"Voli per Kemi/Tornio (KEM): offerte, compagnie e periodo migliore per prenotare",voli-per-kemi-tornio-kem,"Confronta voli per Kemi/Tornio dai principali aeroporti italiani. Scopri prezzi indicativi, compagnie e consigli utili per organizzare la partenza.","<div class=""cpv-landing-note"">
  <p><strong>Perche cercare voli per Kemi/Tornio qui.</strong> Questa pagina raccoglie un quadro rapido delle partenze italiane piu interessanti per Kemi/Tornio, con tariffe indicative e consigli per scegliere il periodo piu vantaggioso.</p>
</div>
<div class=""cpv-stat-grid"">
  <div class=""cpv-stat""><strong>EUR 178</strong><span>Prezzo indicativo da monitorare dalle principali aree aeroportuali italiane.</span></div>
  <div class=""cpv-stat""><strong>aprile</strong><span>Periodo spesso interessante per tenere sotto controllo la rotta.</span></div>
  <div class=""cpv-stat""><strong>9</strong><span>Aeroporti italiani prioritari da confrontare per questa destinazione.</span></div>
</div>
<h2>Offerte voli per Kemi/Tornio</h2>
<p>Per trovare il miglior equilibrio tra prezzo, durata e comfort, conviene verificare piu aeroporti di partenza italiani e confrontare giorni feriali e weekend.</p>
<table>
  <thead>
    <tr><th>Partenza</th><th>Prezzo da</th><th>Durata indicativa</th><th>Mese da monitorare</th></tr>
  </thead>
  <tbody>
    <tr><td>Leonardo da Vinci-Fiumicino Airport (FCO)</td><td>EUR 90</td><td>11h 50</td><td>dicembre</td></tr><tr><td>Ciampino-G. B. Pastine International Airport (CIA)</td><td>EUR 118</td><td>6h 30</td><td>aprile</td></tr><tr><td>Milano Malpensa Airport (MXP)</td><td>EUR 133</td><td>7h 00</td><td>luglio</td></tr><tr><td>Orio al Serio International Airport (BGY)</td><td>EUR 119</td><td>8h 40</td><td>maggio</td></tr><tr><td>Milano Linate Airport (LIN)</td><td>EUR 150</td><td>6h 50</td><td>dicembre</td></tr><tr><td>Naples International Airport (NAP)</td><td>EUR 23</td><td>7h 40</td><td>maggio</td></tr><tr><td>Venice Marco Polo Airport (VCE)</td><td>EUR 131</td><td>5h 40</td><td>maggio</td></tr><tr><td>Catania-Fontanarossa Airport (CTA)</td><td>EUR 145</td><td>2h 00</td><td>luglio</td></tr><tr><td>Guglielmo Marconi Airport (BLQ)</td><td>EUR 125</td><td>4h 40</td><td>novembre</td></tr>
  </tbody>
</table>
<h2>Aeroporti italiani da cui conviene partire</h2>
<div class=""cpv-chip-list""><span class=""cpv-chip"">Leonardo da Vinci-Fiumicino Airport</span><span class=""cpv-chip"">Ciampino-G. B. Pastine International Airport</span><span class=""cpv-chip"">Milano Malpensa Airport</span><span class=""cpv-chip"">Orio al Serio International Airport</span><span class=""cpv-chip"">Milano Linate Airport</span><span class=""cpv-chip"">Naples International Airport</span></div>
<div class=""cpv-landing-grid"">
  <div class=""cpv-landing-card""><strong>City break</strong><p>Se Kemi/Tornio e una meta urbana, le partenze del venerdi e del sabato sono spesso le piu monitorate.</p></div>
  <div class=""cpv-landing-card""><strong>Viaggi stagionali</strong><p>In alcuni periodi dell'anno le tariffe possono variare molto, soprattutto vicino ai ponti e alle festivita.</p></div>
  <div class=""cpv-landing-card""><strong>Confronto rapido</strong><p>Valuta aeroporti maggiori e secondari per capire se un piccolo spostamento porta a un risparmio concreto.</p></div>
</div>
<h2>Domande frequenti sui voli per Kemi/Tornio</h2>
<div class=""cpv-faq"">
  <details><summary>Qual e il modo migliore per cercare voli per Kemi/Tornio?</summary><p>Confronta piu aeroporti italiani, prova date flessibili e verifica anche partenze infrasettimanali per migliorare le possibilita di risparmio.</p></details>
  <details><summary>Meglio volo diretto o con scalo?</summary><p>Per tratte medio-brevi il diretto e spesso la scelta piu comoda, mentre su alcune rotte uno scalo puo ridurre il prezzo finale.</p></details>
  <details><summary>Quando controllare i prezzi per Kemi/Tornio?</summary><p>Vale la pena iniziare a monitorare la rotta in anticipo e verificare con regolarita i giorni piu vicini alla partenza ideale.</p></details>
</div>","Voli per citta|Voli in Europa",city,KEM,/voli-per/kemi-tornio/,"Voli per Kemi/Tornio (KEM): offerte e guide | ConfrontaPrezziVoli","Trova voli per Kemi/Tornio dai principali aeroporti italiani. Tariffe indicative da EUR 178 e consigli per scegliere il periodo migliore.","voli per Kemi/Tornio",cities,"Mese tipicamente conveniente: aprile"
post,publish,"Voli per Kenai (ENA): offerte, compagnie e periodo migliore per prenotare",voli-per-kenai-ena,"Confronta voli per Kenai dai principali aeroporti italiani. Scopri prezzi indicativi, compagnie e consigli utili per organizzare la partenza.","<div class=""cpv-landing-note"">
  <p><strong>Perche cercare voli per Kenai qui.</strong> Questa pagina raccoglie un quadro rapido delle partenze italiane piu interessanti per Kenai, con tariffe indicative e consigli per scegliere il periodo piu vantaggioso.</p>
</div>
<div class=""cpv-stat-grid"">
  <div class=""cpv-stat""><strong>EUR 80</strong><span>Prezzo indicativo da monitorare dalle principali aree aeroportuali italiane.</span></div>
  <div class=""cpv-stat""><strong>febbraio</strong><span>Periodo spesso interessante per tenere sotto controllo la rotta.</span></div>
  <div class=""cpv-stat""><strong>9</strong><span>Aeroporti italiani prioritari da confrontare per questa destinazione.</span></div>
</div>
<h2>Offerte voli per Kenai</h2>
<p>Per trovare il miglior equilibrio tra prezzo, durata e comfort, conviene verificare piu aeroporti di partenza italiani e confrontare giorni feriali e weekend.</p>
<table>
  <thead>
    <tr><th>Partenza</th><th>Prezzo da</th><th>Durata indicativa</th><th>Mese da monitorare</th></tr>
  </thead>
  <tbody>
    <tr><td>Leonardo da Vinci-Fiumicino Airport (FCO)</td><td>EUR 72</td><td>1h 50</td><td>giugno</td></tr><tr><td>Ciampino-G. B. Pastine International Airport (CIA)</td><td>EUR 44</td><td>10h 10</td><td>febbraio</td></tr><tr><td>Milano Malpensa Airport (MXP)</td><td>EUR 71</td><td>3h 40</td><td>maggio</td></tr><tr><td>Orio al Serio International Airport (BGY)</td><td>EUR 109</td><td>5h 00</td><td>luglio</td></tr><tr><td>Milano Linate Airport (LIN)</td><td>EUR 76</td><td>8h 30</td><td>ottobre</td></tr><tr><td>Naples International Airport (NAP)</td><td>EUR 77</td><td>5h 40</td><td>novembre</td></tr><tr><td>Venice Marco Polo Airport (VCE)</td><td>EUR 165</td><td>8h 20</td><td>marzo</td></tr><tr><td>Catania-Fontanarossa Airport (CTA)</td><td>EUR 139</td><td>10h 00</td><td>gennaio</td></tr><tr><td>Guglielmo Marconi Airport (BLQ)</td><td>EUR 183</td><td>11h 20</td><td>settembre</td></tr>
  </tbody>
</table>
<h2>Aeroporti italiani da cui conviene partire</h2>
<div class=""cpv-chip-list""><span class=""cpv-chip"">Leonardo da Vinci-Fiumicino Airport</span><span class=""cpv-chip"">Ciampino-G. B. Pastine International Airport</span><span class=""cpv-chip"">Milano Malpensa Airport</span><span class=""cpv-chip"">Orio al Serio International Airport</span><span class=""cpv-chip"">Milano Linate Airport</span><span class=""cpv-chip"">Naples International Airport</span></div>
<div class=""cpv-landing-grid"">
  <div class=""cpv-landing-card""><strong>City break</strong><p>Se Kenai e una meta urbana, le partenze del venerdi e del sabato sono spesso le piu monitorate.</p></div>
  <div class=""cpv-landing-card""><strong>Viaggi stagionali</strong><p>In alcuni periodi dell'anno le tariffe possono variare molto, soprattutto vicino ai ponti e alle festivita.</p></div>
  <div class=""cpv-landing-card""><strong>Confronto rapido</strong><p>Valuta aeroporti maggiori e secondari per capire se un piccolo spostamento porta a un risparmio concreto.</p></div>
</div>
<h2>Domande frequenti sui voli per Kenai</h2>
<div class=""cpv-faq"">
  <details><summary>Qual e il modo migliore per cercare voli per Kenai?</summary><p>Confronta piu aeroporti italiani, prova date flessibili e verifica anche partenze infrasettimanali per migliorare le possibilita di risparmio.</p></details>
  <details><summary>Meglio volo diretto o con scalo?</summary><p>Per tratte medio-brevi il diretto e spesso la scelta piu comoda, mentre su alcune rotte uno scalo puo ridurre il prezzo finale.</p></details>
  <details><summary>Quando controllare i prezzi per Kenai?</summary><p>Vale la pena iniziare a monitorare la rotta in anticipo e verificare con regolarita i giorni piu vicini alla partenza ideale.</p></details>
</div>","Voli per citta|Voli intercontinentali",city,ENA,/voli-per/kenai/,"Voli per Kenai (ENA): offerte e guide | ConfrontaPrezziVoli","Trova voli per Kenai dai principali aeroporti italiani. Tariffe indicative da EUR 80 e consigli per scegliere il periodo migliore.","voli per Kenai",cities,"Mese tipicamente conveniente: febbraio"
post,publish,"Voli per Kendari (KDI): offerte, compagnie e periodo migliore per prenotare",voli-per-kendari-kdi,"Confronta voli per Kendari dai principali aeroporti italiani. Scopri prezzi indicativi, compagnie e consigli utili per organizzare la partenza.","<div class=""cpv-landing-note"">
  <p><strong>Perche cercare voli per Kendari qui.</strong> Questa pagina raccoglie un quadro rapido delle partenze italiane piu interessanti per Kendari, con tariffe indicative e consigli per scegliere il periodo piu vantaggioso.</p>
</div>
<div class=""cpv-stat-grid"">
  <div class=""cpv-stat""><strong>EUR 118</strong><span>Prezzo indicativo da monitorare dalle principali aree aeroportuali italiane.</span></div>
  <div class=""cpv-stat""><strong>aprile</strong><span>Periodo spesso interessante per tenere sotto controllo la rotta.</span></div>
  <div class=""cpv-stat""><strong>9</strong><span>Aeroporti italiani prioritari da confrontare per questa destinazione.</span></div>
</div>
<h2>Offerte voli per Kendari</h2>
<p>Per trovare il miglior equilibrio tra prezzo, durata e comfort, conviene verificare piu aeroporti di partenza italiani e confrontare giorni feriali e weekend.</p>
<table>
  <thead>
    <tr><th>Partenza</th><th>Prezzo da</th><th>Durata indicativa</th><th>Mese da monitorare</th></tr>
  </thead>
  <tbody>
    <tr><td>Leonardo da Vinci-Fiumicino Airport (FCO)</td><td>EUR 150</td><td>7h 50</td><td>dicembre</td></tr><tr><td>Ciampino-G. B. Pastine International Airport (CIA)</td><td>EUR 34</td><td>9h 30</td><td>aprile</td></tr><tr><td>Milano Malpensa Airport (MXP)</td><td>EUR 53</td><td>3h 40</td><td>novembre</td></tr><tr><td>Orio al Serio International Airport (BGY)</td><td>EUR 87</td><td>9h 20</td><td>settembre</td></tr><tr><td>Milano Linate Airport (LIN)</td><td>EUR 102</td><td>4h 50</td><td>dicembre</td></tr><tr><td>Naples International Airport (NAP)</td><td>EUR 167</td><td>5h 40</td><td>maggio</td></tr><tr><td>Venice Marco Polo Airport (VCE)</td><td>EUR 179</td><td>3h 40</td><td>maggio</td></tr><tr><td>Catania-Fontanarossa Airport (CTA)</td><td>EUR 69</td><td>1h 20</td><td>marzo</td></tr><tr><td>Guglielmo Marconi Airport (BLQ)</td><td>EUR 121</td><td>2h 00</td><td>luglio</td></tr>
  </tbody>
</table>
<h2>Aeroporti italiani da cui conviene partire</h2>
<div class=""cpv-chip-list""><span class=""cpv-chip"">Leonardo da Vinci-Fiumicino Airport</span><span class=""cpv-chip"">Ciampino-G. B. Pastine International Airport</span><span class=""cpv-chip"">Milano Malpensa Airport</span><span class=""cpv-chip"">Orio al Serio International Airport</span><span class=""cpv-chip"">Milano Linate Airport</span><span class=""cpv-chip"">Naples International Airport</span></div>
<div class=""cpv-landing-grid"">
  <div class=""cpv-landing-card""><strong>City break</strong><p>Se Kendari e una meta urbana, le partenze del venerdi e del sabato sono spesso le piu monitorate.</p></div>
  <div class=""cpv-landing-card""><strong>Viaggi stagionali</strong><p>In alcuni periodi dell'anno le tariffe possono variare molto, soprattutto vicino ai ponti e alle festivita.</p></div>
  <div class=""cpv-landing-card""><strong>Confronto rapido</strong><p>Valuta aeroporti maggiori e secondari per capire se un piccolo spostamento porta a un risparmio concreto.</p></div>
</div>
<h2>Domande frequenti sui voli per Kendari</h2>
<div class=""cpv-faq"">
  <details><summary>Qual e il modo migliore per cercare voli per Kendari?</summary><p>Confronta piu aeroporti italiani, prova date flessibili e verifica anche partenze infrasettimanali per migliorare le possibilita di risparmio.</p></details>
  <details><summary>Meglio volo diretto o con scalo?</summary><p>Per tratte medio-brevi il diretto e spesso la scelta piu comoda, mentre su alcune rotte uno scalo puo ridurre il prezzo finale.</p></details>
  <details><summary>Quando controllare i prezzi per Kendari?</summary><p>Vale la pena iniziare a monitorare la rotta in anticipo e verificare con regolarita i giorni piu vicini alla partenza ideale.</p></details>
</div>","Voli per citta|Voli intercontinentali",city,KDI,/voli-per/kendari/,"Voli per Kendari (KDI): offerte e guide | ConfrontaPrezziVoli","Trova voli per Kendari dai principali aeroporti italiani. Tariffe indicative da EUR 118 e consigli per scegliere il periodo migliore.","voli per Kendari",cities,"Mese tipicamente conveniente: aprile"
post,publish,"Voli per Keng Tung (KET): offerte, compagnie e periodo migliore per prenotare",voli-per-keng-tung-ket,"Confronta voli per Keng Tung dai principali aeroporti italiani. Scopri prezzi indicativi, compagnie e consigli utili per organizzare la partenza.","<div class=""cpv-landing-note"">
  <p><strong>Perche cercare voli per Keng Tung qui.</strong> Questa pagina raccoglie un quadro rapido delle partenze italiane piu interessanti per Keng Tung, con tariffe indicative e consigli per scegliere il periodo piu vantaggioso.</p>
</div>
<div class=""cpv-stat-grid"">
  <div class=""cpv-stat""><strong>EUR 190</strong><span>Prezzo indicativo da monitorare dalle principali aree aeroportuali italiane.</span></div>
  <div class=""cpv-stat""><strong>aprile</strong><span>Periodo spesso interessante per tenere sotto controllo la rotta.</span></div>
  <div class=""cpv-stat""><strong>9</strong><span>Aeroporti italiani prioritari da confrontare per questa destinazione.</span></div>
</div>
<h2>Offerte voli per Keng Tung</h2>
<p>Per trovare il miglior equilibrio tra prezzo, durata e comfort, conviene verificare piu aeroporti di partenza italiani e confrontare giorni feriali e weekend.</p>
<table>
  <thead>
    <tr><th>Partenza</th><th>Prezzo da</th><th>Durata indicativa</th><th>Mese da monitorare</th></tr>
  </thead>
  <tbody>
    <tr><td>Leonardo da Vinci-Fiumicino Airport (FCO)</td><td>EUR 42</td><td>3h 50</td><td>dicembre</td></tr><tr><td>Ciampino-G. B. Pastine International Airport (CIA)</td><td>EUR 98</td><td>11h 10</td><td>agosto</td></tr><tr><td>Milano Malpensa Airport (MXP)</td><td>EUR 81</td><td>11h 20</td><td>marzo</td></tr><tr><td>Orio al Serio International Airport (BGY)</td><td>EUR 43</td><td>5h 00</td><td>gennaio</td></tr><tr><td>Milano Linate Airport (LIN)</td><td>EUR 198</td><td>4h 50</td><td>dicembre</td></tr><tr><td>Naples International Airport (NAP)</td><td>EUR 71</td><td>2h 40</td><td>maggio</td></tr><tr><td>Venice Marco Polo Airport (VCE)</td><td>EUR 195</td><td>1h 20</td><td>settembre</td></tr><tr><td>Catania-Fontanarossa Airport (CTA)</td><td>EUR 197</td><td>3h 40</td><td>novembre</td></tr><tr><td>Guglielmo Marconi Airport (BLQ)</td><td>EUR 117</td><td>7h 20</td><td>marzo</td></tr>
  </tbody>
</table>
<h2>Aeroporti italiani da cui conviene partire</h2>
<div class=""cpv-chip-list""><span class=""cpv-chip"">Leonardo da Vinci-Fiumicino Airport</span><span class=""cpv-chip"">Ciampino-G. B. Pastine International Airport</span><span class=""cpv-chip"">Milano Malpensa Airport</span><span class=""cpv-chip"">Orio al Serio International Airport</span><span class=""cpv-chip"">Milano Linate Airport</span><span class=""cpv-chip"">Naples International Airport</span></div>
<div class=""cpv-landing-grid"">
  <div class=""cpv-landing-card""><strong>City break</strong><p>Se Keng Tung e una meta urbana, le partenze del venerdi e del sabato sono spesso le piu monitorate.</p></div>
  <div class=""cpv-landing-card""><strong>Viaggi stagionali</strong><p>In alcuni periodi dell'anno le tariffe possono variare molto, soprattutto vicino ai ponti e alle festivita.</p></div>
  <div class=""cpv-landing-card""><strong>Confronto rapido</strong><p>Valuta aeroporti maggiori e secondari per capire se un piccolo spostamento porta a un risparmio concreto.</p></div>
</div>
<h2>Domande frequenti sui voli per Keng Tung</h2>
<div class=""cpv-faq"">
  <details><summary>Qual e il modo migliore per cercare voli per Keng Tung?</summary><p>Confronta piu aeroporti italiani, prova date flessibili e verifica anche partenze infrasettimanali per migliorare le possibilita di risparmio.</p></details>
  <details><summary>Meglio volo diretto o con scalo?</summary><p>Per tratte medio-brevi il diretto e spesso la scelta piu comoda, mentre su alcune rotte uno scalo puo ridurre il prezzo finale.</p></details>
  <details><summary>Quando controllare i prezzi per Keng Tung?</summary><p>Vale la pena iniziare a monitorare la rotta in anticipo e verificare con regolarita i giorni piu vicini alla partenza ideale.</p></details>
</div>","Voli per citta|Voli intercontinentali",city,KET,/voli-per/keng-tung/,"Voli per Keng Tung (KET): offerte e guide | ConfrontaPrezziVoli","Trova voli per Keng Tung dai principali aeroporti italiani. Tariffe indicative da EUR 190 e consigli per scegliere il periodo migliore.","voli per Keng Tung",cities,"Mese tipicamente conveniente: aprile"
post,publish,"Voli per Kenora (YQK): offerte, compagnie e periodo migliore per prenotare",voli-per-kenora-yqk,"Confronta voli per Kenora dai principali aeroporti italiani. Scopri prezzi indicativi, compagnie e consigli utili per organizzare la partenza.","<div class=""cpv-landing-note"">
  <p><strong>Perche cercare voli per Kenora qui.</strong> Questa pagina raccoglie un quadro rapido delle partenze italiane piu interessanti per Kenora, con tariffe indicative e consigli per scegliere il periodo piu vantaggioso.</p>
</div>
<div class=""cpv-stat-grid"">
  <div class=""cpv-stat""><strong>EUR 48</strong><span>Prezzo indicativo da monitorare dalle principali aree aeroportuali italiane.</span></div>
  <div class=""cpv-stat""><strong>giugno</strong><span>Periodo spesso interessante per tenere sotto controllo la rotta.</span></div>
  <div class=""cpv-stat""><strong>9</strong><span>Aeroporti italiani prioritari da confrontare per questa destinazione.</span></div>
</div>
<h2>Offerte voli per Kenora</h2>
<p>Per trovare il miglior equilibrio tra prezzo, durata e comfort, conviene verificare piu aeroporti di partenza italiani e confrontare giorni feriali e weekend.</p>
<table>
  <thead>
    <tr><th>Partenza</th><th>Prezzo da</th><th>Durata indicativa</th><th>Mese da monitorare</th></tr>
  </thead>
  <tbody>
    <tr><td>Leonardo da Vinci-Fiumicino Airport (FCO)</td><td>EUR 100</td><td>1h 30</td><td>ottobre</td></tr><tr><td>Ciampino-G. B. Pastine International Airport (CIA)</td><td>EUR 112</td><td>2h 30</td><td>ottobre</td></tr><tr><td>Milano Malpensa Airport (MXP)</td><td>EUR 131</td><td>6h 40</td><td>maggio</td></tr><tr><td>Orio al Serio International Airport (BGY)</td><td>EUR 41</td><td>4h 40</td><td>novembre</td></tr><tr><td>Milano Linate Airport (LIN)</td><td>EUR 196</td><td>10h 30</td><td>ottobre</td></tr><tr><td>Naples International Airport (NAP)</td><td>EUR 181</td><td>2h 00</td><td>luglio</td></tr><tr><td>Venice Marco Polo Airport (VCE)</td><td>EUR 61</td><td>9h 00</td><td>luglio</td></tr><tr><td>Catania-Fontanarossa Airport (CTA)</td><td>EUR 23</td><td>3h 40</td><td>maggio</td></tr><tr><td>Guglielmo Marconi Airport (BLQ)</td><td>EUR 195</td><td>10h 20</td><td>settembre</td></tr>
  </tbody>
</table>
<h2>Aeroporti italiani da cui conviene partire</h2>
<div class=""cpv-chip-list""><span class=""cpv-chip"">Leonardo da Vinci-Fiumicino Airport</span><span class=""cpv-chip"">Ciampino-G. B. Pastine International Airport</span><span class=""cpv-chip"">Milano Malpensa Airport</span><span class=""cpv-chip"">Orio al Serio International Airport</span><span class=""cpv-chip"">Milano Linate Airport</span><span class=""cpv-chip"">Naples International Airport</span></div>
<div class=""cpv-landing-grid"">
  <div class=""cpv-landing-card""><strong>City break</strong><p>Se Kenora e una meta urbana, le partenze del venerdi e del sabato sono spesso le piu monitorate.</p></div>
  <div class=""cpv-landing-card""><strong>Viaggi stagionali</strong><p>In alcuni periodi dell'anno le tariffe possono variare molto, soprattutto vicino ai ponti e alle festivita.</p></div>
  <div class=""cpv-landing-card""><strong>Confronto rapido</strong><p>Valuta aeroporti maggiori e secondari per capire se un piccolo spostamento porta a un risparmio concreto.</p></div>
</div>
<h2>Domande frequenti sui voli per Kenora</h2>
<div class=""cpv-faq"">
  <details><summary>Qual e il modo migliore per cercare voli per Kenora?</summary><p>Confronta piu aeroporti italiani, prova date flessibili e verifica anche partenze infrasettimanali per migliorare le possibilita di risparmio.</p></details>
  <details><summary>Meglio volo diretto o con scalo?</summary><p>Per tratte medio-brevi il diretto e spesso la scelta piu comoda, mentre su alcune rotte uno scalo puo ridurre il prezzo finale.</p></details>
  <details><summary>Quando controllare i prezzi per Kenora?</summary><p>Vale la pena iniziare a monitorare la rotta in anticipo e verificare con regolarita i giorni piu vicini alla partenza ideale.</p></details>
</div>","Voli per citta|Voli intercontinentali",city,YQK,/voli-per/kenora/,"Voli per Kenora (YQK): offerte e guide | ConfrontaPrezziVoli","Trova voli per Kenora dai principali aeroporti italiani. Tariffe indicative da EUR 48 e consigli per scegliere il periodo migliore.","voli per Kenora",cities,"Mese tipicamente conveniente: giugno"
post,publish,"Voli per Keperveyem (KPW): offerte, compagnie e periodo migliore per prenotare",voli-per-keperveyem-kpw,"Confronta voli per Keperveyem dai principali aeroporti italiani. Scopri prezzi indicativi, compagnie e consigli utili per organizzare la partenza.","<div class=""cpv-landing-note"">
  <p><strong>Perche cercare voli per Keperveyem qui.</strong> Questa pagina raccoglie un quadro rapido delle partenze italiane piu interessanti per Keperveyem, con tariffe indicative e consigli per scegliere il periodo piu vantaggioso.</p>
</div>
<div class=""cpv-stat-grid"">
  <div class=""cpv-stat""><strong>EUR 136</strong><span>Prezzo indicativo da monitorare dalle principali aree aeroportuali italiane.</span></div>
  <div class=""cpv-stat""><strong>ottobre</strong><span>Periodo spesso interessante per tenere sotto controllo la rotta.</span></div>
  <div class=""cpv-stat""><strong>9</strong><span>Aeroporti italiani prioritari da confrontare per questa destinazione.</span></div>
</div>
<h2>Offerte voli per Keperveyem</h2>
<p>Per trovare il miglior equilibrio tra prezzo, durata e comfort, conviene verificare piu aeroporti di partenza italiani e confrontare giorni feriali e weekend.</p>
<table>
  <thead>
    <tr><th>Partenza</th><th>Prezzo da</th><th>Durata indicativa</th><th>Mese da monitorare</th></tr>
  </thead>
  <tbody>
    <tr><td>Leonardo da Vinci-Fiumicino Airport (FCO)</td><td>EUR 136</td><td>6h 30</td><td>ottobre</td></tr><tr><td>Ciampino-G. B. Pastine International Airport (CIA)</td><td>EUR 164</td><td>3h 10</td><td>febbraio</td></tr><tr><td>Milano Malpensa Airport (MXP)</td><td>EUR 155</td><td>1h 40</td><td>maggio</td></tr><tr><td>Orio al Serio International Airport (BGY)</td><td>EUR 85</td><td>2h 00</td><td>luglio</td></tr><tr><td>Milano Linate Airport (LIN)</td><td>EUR 84</td><td>5h 50</td><td>giugno</td></tr><tr><td>Naples International Airport (NAP)</td><td>EUR 73</td><td>1h 00</td><td>luglio</td></tr><tr><td>Venice Marco Polo Airport (VCE)</td><td>EUR 77</td><td>9h 40</td><td>novembre</td></tr><tr><td>Catania-Fontanarossa Airport (CTA)</td><td>EUR 127</td><td>4h 00</td><td>gennaio</td></tr><tr><td>Guglielmo Marconi Airport (BLQ)</td><td>EUR 43</td><td>1h 00</td><td>gennaio</td></tr>
  </tbody>
</table>
<h2>Aeroporti italiani da cui conviene partire</h2>
<div class=""cpv-chip-list""><span class=""cpv-chip"">Leonardo da Vinci-Fiumicino Airport</span><span class=""cpv-chip"">Ciampino-G. B. Pastine International Airport</span><span class=""cpv-chip"">Milano Malpensa Airport</span><span class=""cpv-chip"">Orio al Serio International Airport</span><span class=""cpv-chip"">Milano Linate Airport</span><span class=""cpv-chip"">Naples International Airport</span></div>
<div class=""cpv-landing-grid"">
  <div class=""cpv-landing-card""><strong>City break</strong><p>Se Keperveyem e una meta urbana, le partenze del venerdi e del sabato sono spesso le piu monitorate.</p></div>
  <div class=""cpv-landing-card""><strong>Viaggi stagionali</strong><p>In alcuni periodi dell'anno le tariffe possono variare molto, soprattutto vicino ai ponti e alle festivita.</p></div>
  <div class=""cpv-landing-card""><strong>Confronto rapido</strong><p>Valuta aeroporti maggiori e secondari per capire se un piccolo spostamento porta a un risparmio concreto.</p></div>
</div>
<h2>Domande frequenti sui voli per Keperveyem</h2>
<div class=""cpv-faq"">
  <details><summary>Qual e il modo migliore per cercare voli per Keperveyem?</summary><p>Confronta piu aeroporti italiani, prova date flessibili e verifica anche partenze infrasettimanali per migliorare le possibilita di risparmio.</p></details>
  <details><summary>Meglio volo diretto o con scalo?</summary><p>Per tratte medio-brevi il diretto e spesso la scelta piu comoda, mentre su alcune rotte uno scalo puo ridurre il prezzo finale.</p></details>
  <details><summary>Quando controllare i prezzi per Keperveyem?</summary><p>Vale la pena iniziare a monitorare la rotta in anticipo e verificare con regolarita i giorni piu vicini alla partenza ideale.</p></details>
</div>","Voli per citta|Voli intercontinentali",city,KPW,/voli-per/keperveyem/,"Voli per Keperveyem (KPW): offerte e guide | ConfrontaPrezziVoli","Trova voli per Keperveyem dai principali aeroporti italiani. Tariffe indicative da EUR 136 e consigli per scegliere il periodo migliore.","voli per Keperveyem",cities,"Mese tipicamente conveniente: ottobre"
post,publish,"Voli per Kerben (КРФ): offerte, compagnie e periodo migliore per prenotare",voli-per-kerben-КРФ,"Confronta voli per Kerben dai principali aeroporti italiani. Scopri prezzi indicativi, compagnie e consigli utili per organizzare la partenza.","<div class=""cpv-landing-note"">
  <p><strong>Perche cercare voli per Kerben qui.</strong> Questa pagina raccoglie un quadro rapido delle partenze italiane piu interessanti per Kerben, con tariffe indicative e consigli per scegliere il periodo piu vantaggioso.</p>
</div>
<div class=""cpv-stat-grid"">
  <div class=""cpv-stat""><strong>EUR 194</strong><span>Prezzo indicativo da monitorare dalle principali aree aeroportuali italiane.</span></div>
  <div class=""cpv-stat""><strong>agosto</strong><span>Periodo spesso interessante per tenere sotto controllo la rotta.</span></div>
  <div class=""cpv-stat""><strong>9</strong><span>Aeroporti italiani prioritari da confrontare per questa destinazione.</span></div>
</div>
<h2>Offerte voli per Kerben</h2>
<p>Per trovare il miglior equilibrio tra prezzo, durata e comfort, conviene verificare piu aeroporti di partenza italiani e confrontare giorni feriali e weekend.</p>
<table>
  <thead>
    <tr><th>Partenza</th><th>Prezzo da</th><th>Durata indicativa</th><th>Mese da monitorare</th></tr>
  </thead>
  <tbody>
    <tr><td>Leonardo da Vinci-Fiumicino Airport (FCO)</td><td>EUR 172</td><td>3h 30</td><td>ottobre</td></tr><tr><td>Ciampino-G. B. Pastine International Airport (CIA)</td><td>EUR 40</td><td>3h 30</td><td>ottobre</td></tr><tr><td>Milano Malpensa Airport (MXP)</td><td>EUR 112</td><td>9h 30</td><td>ottobre</td></tr><tr><td>Orio al Serio International Airport (BGY)</td><td>EUR 170</td><td>6h 10</td><td>agosto</td></tr><tr><td>Milano Linate Airport (LIN)</td><td>EUR 95</td><td>8h 40</td><td>maggio</td></tr><tr><td>Naples International Airport (NAP)</td><td>EUR 195</td><td>2h 20</td><td>settembre</td></tr><tr><td>Venice Marco Polo Airport (VCE)</td><td>EUR 140</td><td>1h 10</td><td>febbraio</td></tr><tr><td>Catania-Fontanarossa Airport (CTA)</td><td>EUR 142</td><td>1h 30</td><td>aprile</td></tr><tr><td>Guglielmo Marconi Airport (BLQ)</td><td>EUR 178</td><td>2h 30</td><td>aprile</td></tr>
  </tbody>
</table>
<h2>Aeroporti italiani da cui conviene partire</h2>
<div class=""cpv-chip-list""><span class=""cpv-chip"">Leonardo da Vinci-Fiumicino Airport</span><span class=""cpv-chip"">Ciampino-G. B. Pastine International Airport</span><span class=""cpv-chip"">Milano Malpensa Airport</span><span class=""cpv-chip"">Orio al Serio International Airport</span><span class=""cpv-chip"">Milano Linate Airport</span><span class=""cpv-chip"">Naples International Airport</span></div>
<div class=""cpv-landing-grid"">
  <div class=""cpv-landing-card""><strong>City break</strong><p>Se Kerben e una meta urbana, le partenze del venerdi e del sabato sono spesso le piu monitorate.</p></div>
  <div class=""cpv-landing-card""><strong>Viaggi stagionali</strong><p>In alcuni periodi dell'anno le tariffe possono variare molto, soprattutto vicino ai ponti e alle festivita.</p></div>
  <div class=""cpv-landing-card""><strong>Confronto rapido</strong><p>Valuta aeroporti maggiori e secondari per capire se un piccolo spostamento porta a un risparmio concreto.</p></div>
</div>
<h2>Domande frequenti sui voli per Kerben</h2>
<div class=""cpv-faq"">
  <details><summary>Qual e il modo migliore per cercare voli per Kerben?</summary><p>Confronta piu aeroporti italiani, prova date flessibili e verifica anche partenze infrasettimanali per migliorare le possibilita di risparmio.</p></details>
  <details><summary>Meglio volo diretto o con scalo?</summary><p>Per tratte medio-brevi il diretto e spesso la scelta piu comoda, mentre su alcune rotte uno scalo puo ridurre il prezzo finale.</p></details>
  <details><summary>Quando controllare i prezzi per Kerben?</summary><p>Vale la pena iniziare a monitorare la rotta in anticipo e verificare con regolarita i giorni piu vicini alla partenza ideale.</p></details>
</div>","Voli per citta|Voli intercontinentali",city,КРФ,/voli-per/kerben/,"Voli per Kerben (КРФ): offerte e guide | ConfrontaPrezziVoli","Trova voli per Kerben dai principali aeroporti italiani. Tariffe indicative da EUR 194 e consigli per scegliere il periodo migliore.","voli per Kerben",cities,"Mese tipicamente conveniente: agosto"
post,publish,"Voli per Kerikeri (KKE): offerte, compagnie e periodo migliore per prenotare",voli-per-kerikeri-kke,"Confronta voli per Kerikeri dai principali aeroporti italiani. Scopri prezzi indicativi, compagnie e consigli utili per organizzare la partenza.","<div class=""cpv-landing-note"">
  <p><strong>Perche cercare voli per Kerikeri qui.</strong> Questa pagina raccoglie un quadro rapido delle partenze italiane piu interessanti per Kerikeri, con tariffe indicative e consigli per scegliere il periodo piu vantaggioso.</p>
</div>
<div class=""cpv-stat-grid"">
  <div class=""cpv-stat""><strong>EUR 70</strong><span>Prezzo indicativo da monitorare dalle principali aree aeroportuali italiane.</span></div>
  <div class=""cpv-stat""><strong>aprile</strong><span>Periodo spesso interessante per tenere sotto controllo la rotta.</span></div>
  <div class=""cpv-stat""><strong>9</strong><span>Aeroporti italiani prioritari da confrontare per questa destinazione.</span></div>
</div>
<h2>Offerte voli per Kerikeri</h2>
<p>Per trovare il miglior equilibrio tra prezzo, durata e comfort, conviene verificare piu aeroporti di partenza italiani e confrontare giorni feriali e weekend.</p>
<table>
  <thead>
    <tr><th>Partenza</th><th>Prezzo da</th><th>Durata indicativa</th><th>Mese da monitorare</th></tr>
  </thead>
  <tbody>
    <tr><td>Leonardo da Vinci-Fiumicino Airport (FCO)</td><td>EUR 194</td><td>3h 10</td><td>agosto</td></tr><tr><td>Ciampino-G. B. Pastine International Airport (CIA)</td><td>EUR 70</td><td>6h 30</td><td>aprile</td></tr><tr><td>Milano Malpensa Airport (MXP)</td><td>EUR 33</td><td>1h 20</td><td>marzo</td></tr><tr><td>Orio al Serio International Airport (BGY)</td><td>EUR 99</td><td>10h 20</td><td>settembre</td></tr><tr><td>Milano Linate Airport (LIN)</td><td>EUR 166</td><td>10h 30</td><td>aprile</td></tr><tr><td>Naples International Airport (NAP)</td><td>EUR 31</td><td>9h 00</td><td>gennaio</td></tr><tr><td>Venice Marco Polo Airport (VCE)</td><td>EUR 39</td><td>8h 20</td><td>settembre</td></tr><tr><td>Catania-Fontanarossa Airport (CTA)</td><td>EUR 125</td><td>6h 40</td><td>novembre</td></tr><tr><td>Guglielmo Marconi Airport (BLQ)</td><td>EUR 85</td><td>11h 00</td><td>luglio</td></tr>
  </tbody>
</table>
<h2>Aeroporti italiani da cui conviene partire</h2>
<div class=""cpv-chip-list""><span class=""cpv-chip"">Leonardo da Vinci-Fiumicino Airport</span><span class=""cpv-chip"">Ciampino-G. B. Pastine International Airport</span><span class=""cpv-chip"">Milano Malpensa Airport</span><span class=""cpv-chip"">Orio al Serio International Airport</span><span class=""cpv-chip"">Milano Linate Airport</span><span class=""cpv-chip"">Naples International Airport</span></div>
<div class=""cpv-landing-grid"">
  <div class=""cpv-landing-card""><strong>City break</strong><p>Se Kerikeri e una meta urbana, le partenze del venerdi e del sabato sono spesso le piu monitorate.</p></div>
  <div class=""cpv-landing-card""><strong>Viaggi stagionali</strong><p>In alcuni periodi dell'anno le tariffe possono variare molto, soprattutto vicino ai ponti e alle festivita.</p></div>
  <div class=""cpv-landing-card""><strong>Confronto rapido</strong><p>Valuta aeroporti maggiori e secondari per capire se un piccolo spostamento porta a un risparmio concreto.</p></div>
</div>
<h2>Domande frequenti sui voli per Kerikeri</h2>
<div class=""cpv-faq"">
  <details><summary>Qual e il modo migliore per cercare voli per Kerikeri?</summary><p>Confronta piu aeroporti italiani, prova date flessibili e verifica anche partenze infrasettimanali per migliorare le possibilita di risparmio.</p></details>
  <details><summary>Meglio volo diretto o con scalo?</summary><p>Per tratte medio-brevi il diretto e spesso la scelta piu comoda, mentre su alcune rotte uno scalo puo ridurre il prezzo finale.</p></details>
  <details><summary>Quando controllare i prezzi per Kerikeri?</summary><p>Vale la pena iniziare a monitorare la rotta in anticipo e verificare con regolarita i giorni piu vicini alla partenza ideale.</p></details>
</div>","Voli per citta|Voli intercontinentali",city,KKE,/voli-per/kerikeri/,"Voli per Kerikeri (KKE): offerte e guide | ConfrontaPrezziVoli","Trova voli per Kerikeri dai principali aeroporti italiani. Tariffe indicative da EUR 70 e consigli per scegliere il periodo migliore.","voli per Kerikeri",cities,"Mese tipicamente conveniente: aprile"
post,publish,"Voli per Kerkyra (CFU): offerte, compagnie e periodo migliore per prenotare",voli-per-kerkyra-cfu,"Confronta voli per Kerkyra dai principali aeroporti italiani. Scopri prezzi indicativi, compagnie e consigli utili per organizzare la partenza.","<div class=""cpv-landing-note"">
  <p><strong>Perche cercare voli per Kerkyra qui.</strong> Questa pagina raccoglie un quadro rapido delle partenze italiane piu interessanti per Kerkyra, con tariffe indicative e consigli per scegliere il periodo piu vantaggioso.</p>
</div>
<div class=""cpv-stat-grid"">
  <div class=""cpv-stat""><strong>EUR 145</strong><span>Prezzo indicativo da monitorare dalle principali aree aeroportuali italiane.</span></div>
  <div class=""cpv-stat""><strong>luglio</strong><span>Periodo spesso interessante per tenere sotto controllo la rotta.</span></div>
  <div class=""cpv-stat""><strong>9</strong><span>Aeroporti italiani prioritari da confrontare per questa destinazione.</span></div>
</div>
<h2>Offerte voli per Kerkyra</h2>
<p>Per trovare il miglior equilibrio tra prezzo, durata e comfort, conviene verificare piu aeroporti di partenza italiani e confrontare giorni feriali e weekend.</p>
<table>
  <thead>
    <tr><th>Partenza</th><th>Prezzo da</th><th>Durata indicativa</th><th>Mese da monitorare</th></tr>
  </thead>
  <tbody>
    <tr><td>Leonardo da Vinci-Fiumicino Airport (FCO)</td><td>EUR 85</td><td>9h 00</td><td>luglio</td></tr><tr><td>Ciampino-G. B. Pastine International Airport (CIA)</td><td>EUR 145</td><td>1h 00</td><td>luglio</td></tr><tr><td>Milano Malpensa Airport (MXP)</td><td>EUR 38</td><td>7h 10</td><td>agosto</td></tr><tr><td>Orio al Serio International Airport (BGY)</td><td>EUR 152</td><td>7h 10</td><td>febbraio</td></tr><tr><td>Milano Linate Airport (LIN)</td><td>EUR 165</td><td>10h 20</td><td>marzo</td></tr><tr><td>Naples International Airport (NAP)</td><td>EUR 164</td><td>10h 10</td><td>febbraio</td></tr><tr><td>Venice Marco Polo Airport (VCE)</td><td>EUR 60</td><td>6h 50</td><td>giugno</td></tr><tr><td>Catania-Fontanarossa Airport (CTA)</td><td>EUR 174</td><td>4h 50</td><td>dicembre</td></tr><tr><td>Guglielmo Marconi Airport (BLQ)</td><td>EUR 130</td><td>3h 30</td><td>aprile</td></tr>
  </tbody>
</table>
<h2>Aeroporti italiani da cui conviene partire</h2>
<div class=""cpv-chip-list""><span class=""cpv-chip"">Leonardo da Vinci-Fiumicino Airport</span><span class=""cpv-chip"">Ciampino-G. B. Pastine International Airport</span><span class=""cpv-chip"">Milano Malpensa Airport</span><span class=""cpv-chip"">Orio al Serio International Airport</span><span class=""cpv-chip"">Milano Linate Airport</span><span class=""cpv-chip"">Naples International Airport</span></div>
<div class=""cpv-landing-grid"">
  <div class=""cpv-landing-card""><strong>City break</strong><p>Se Kerkyra e una meta urbana, le partenze del venerdi e del sabato sono spesso le piu monitorate.</p></div>
  <div class=""cpv-landing-card""><strong>Viaggi stagionali</strong><p>In alcuni periodi dell'anno le tariffe possono variare molto, soprattutto vicino ai ponti e alle festivita.</p></div>
  <div class=""cpv-landing-card""><strong>Confronto rapido</strong><p>Valuta aeroporti maggiori e secondari per capire se un piccolo spostamento porta a un risparmio concreto.</p></div>
</div>
<h2>Domande frequenti sui voli per Kerkyra</h2>
<div class=""cpv-faq"">
  <details><summary>Qual e il modo migliore per cercare voli per Kerkyra?</summary><p>Confronta piu aeroporti italiani, prova date flessibili e verifica anche partenze infrasettimanali per migliorare le possibilita di risparmio.</p></details>
  <details><summary>Meglio volo diretto o con scalo?</summary><p>Per tratte medio-brevi il diretto e spesso la scelta piu comoda, mentre su alcune rotte uno scalo puo ridurre il prezzo finale.</p></details>
  <details><summary>Quando controllare i prezzi per Kerkyra?</summary><p>Vale la pena iniziare a monitorare la rotta in anticipo e verificare con regolarita i giorni piu vicini alla partenza ideale.</p></details>
</div>","Voli per citta|Voli in Europa",city,CFU,/voli-per/kerkyra/,"Voli per Kerkyra (CFU): offerte e guide | ConfrontaPrezziVoli","Trova voli per Kerkyra dai principali aeroporti italiani. Tariffe indicative da EUR 145 e consigli per scegliere il periodo migliore.","voli per Kerkyra",cities,"Mese tipicamente conveniente: luglio"
post,publish,"Voli per Kerman (KER): offerte, compagnie e periodo migliore per prenotare",voli-per-kerman-ker,"Confronta voli per Kerman dai principali aeroporti italiani. Scopri prezzi indicativi, compagnie e consigli utili per organizzare la partenza.","<div class=""cpv-landing-note"">
  <p><strong>Perche cercare voli per Kerman qui.</strong> Questa pagina raccoglie un quadro rapido delle partenze italiane piu interessanti per Kerman, con tariffe indicative e consigli per scegliere il periodo piu vantaggioso.</p>
</div>
<div class=""cpv-stat-grid"">
  <div class=""cpv-stat""><strong>EUR 161</strong><span>Prezzo indicativo da monitorare dalle principali aree aeroportuali italiane.</span></div>
  <div class=""cpv-stat""><strong>novembre</strong><span>Periodo spesso interessante per tenere sotto controllo la rotta.</span></div>
  <div class=""cpv-stat""><strong>9</strong><span>Aeroporti italiani prioritari da confrontare per questa destinazione.</span></div>
</div>
<h2>Offerte voli per Kerman</h2>
<p>Per trovare il miglior equilibrio tra prezzo, durata e comfort, conviene verificare piu aeroporti di partenza italiani e confrontare giorni feriali e weekend.</p>
<table>
  <thead>
    <tr><th>Partenza</th><th>Prezzo da</th><th>Durata indicativa</th><th>Mese da monitorare</th></tr>
  </thead>
  <tbody>
    <tr><td>Leonardo da Vinci-Fiumicino Airport (FCO)</td><td>EUR 45</td><td>1h 20</td><td>marzo</td></tr><tr><td>Ciampino-G. B. Pastine International Airport (CIA)</td><td>EUR 85</td><td>1h 00</td><td>luglio</td></tr><tr><td>Milano Malpensa Airport (MXP)</td><td>EUR 30</td><td>5h 50</td><td>dicembre</td></tr><tr><td>Orio al Serio International Airport (BGY)</td><td>EUR 36</td><td>4h 50</td><td>giugno</td></tr><tr><td>Milano Linate Airport (LIN)</td><td>EUR 49</td><td>1h 00</td><td>luglio</td></tr><tr><td>Naples International Airport (NAP)</td><td>EUR 108</td><td>3h 50</td><td>giugno</td></tr><tr><td>Venice Marco Polo Airport (VCE)</td><td>EUR 136</td><td>1h 30</td><td>ottobre</td></tr><tr><td>Catania-Fontanarossa Airport (CTA)</td><td>EUR 42</td><td>7h 50</td><td>dicembre</td></tr><tr><td>Guglielmo Marconi Airport (BLQ)</td><td>EUR 130</td><td>4h 30</td><td>aprile</td></tr>
  </tbody>
</table>
<h2>Aeroporti italiani da cui conviene partire</h2>
<div class=""cpv-chip-list""><span class=""cpv-chip"">Leonardo da Vinci-Fiumicino Airport</span><span class=""cpv-chip"">Ciampino-G. B. Pastine International Airport</span><span class=""cpv-chip"">Milano Malpensa Airport</span><span class=""cpv-chip"">Orio al Serio International Airport</span><span class=""cpv-chip"">Milano Linate Airport</span><span class=""cpv-chip"">Naples International Airport</span></div>
<div class=""cpv-landing-grid"">
  <div class=""cpv-landing-card""><strong>City break</strong><p>Se Kerman e una meta urbana, le partenze del venerdi e del sabato sono spesso le piu monitorate.</p></div>
  <div class=""cpv-landing-card""><strong>Viaggi stagionali</strong><p>In alcuni periodi dell'anno le tariffe possono variare molto, soprattutto vicino ai ponti e alle festivita.</p></div>
  <div class=""cpv-landing-card""><strong>Confronto rapido</strong><p>Valuta aeroporti maggiori e secondari per capire se un piccolo spostamento porta a un risparmio concreto.</p></div>
</div>
<h2>Domande frequenti sui voli per Kerman</h2>
<div class=""cpv-faq"">
  <details><summary>Qual e il modo migliore per cercare voli per Kerman?</summary><p>Confronta piu aeroporti italiani, prova date flessibili e verifica anche partenze infrasettimanali per migliorare le possibilita di risparmio.</p></details>
  <details><summary>Meglio volo diretto o con scalo?</summary><p>Per tratte medio-brevi il diretto e spesso la scelta piu comoda, mentre su alcune rotte uno scalo puo ridurre il prezzo finale.</p></details>
  <details><summary>Quando controllare i prezzi per Kerman?</summary><p>Vale la pena iniziare a monitorare la rotta in anticipo e verificare con regolarita i giorni piu vicini alla partenza ideale.</p></details>
</div>","Voli per citta|Voli intercontinentali",city,KER,/voli-per/kerman/,"Voli per Kerman (KER): offerte e guide | ConfrontaPrezziVoli","Trova voli per Kerman dai principali aeroporti italiani. Tariffe indicative da EUR 161 e consigli per scegliere il periodo migliore.","voli per Kerman",cities,"Mese tipicamente conveniente: novembre"
post,publish,"Voli per Kermanshah (KSH): offerte, compagnie e periodo migliore per prenotare",voli-per-kermanshah-ksh,"Confronta voli per Kermanshah dai principali aeroporti italiani. Scopri prezzi indicativi, compagnie e consigli utili per organizzare la partenza.","<div class=""cpv-landing-note"">
  <p><strong>Perche cercare voli per Kermanshah qui.</strong> Questa pagina raccoglie un quadro rapido delle partenze italiane piu interessanti per Kermanshah, con tariffe indicative e consigli per scegliere il periodo piu vantaggioso.</p>
</div>
<div class=""cpv-stat-grid"">
  <div class=""cpv-stat""><strong>EUR 62</strong><span>Prezzo indicativo da monitorare dalle principali aree aeroportuali italiane.</span></div>
  <div class=""cpv-stat""><strong>agosto</strong><span>Periodo spesso interessante per tenere sotto controllo la rotta.</span></div>
  <div class=""cpv-stat""><strong>9</strong><span>Aeroporti italiani prioritari da confrontare per questa destinazione.</span></div>
</div>
<h2>Offerte voli per Kermanshah</h2>
<p>Per trovare il miglior equilibrio tra prezzo, durata e comfort, conviene verificare piu aeroporti di partenza italiani e confrontare giorni feriali e weekend.</p>
<table>
  <thead>
    <tr><th>Partenza</th><th>Prezzo da</th><th>Durata indicativa</th><th>Mese da monitorare</th></tr>
  </thead>
  <tbody>
    <tr><td>Leonardo da Vinci-Fiumicino Airport (FCO)</td><td>EUR 142</td><td>6h 30</td><td>aprile</td></tr><tr><td>Ciampino-G. B. Pastine International Airport (CIA)</td><td>EUR 114</td><td>4h 50</td><td>dicembre</td></tr><tr><td>Milano Malpensa Airport (MXP)</td><td>EUR 185</td><td>11h 40</td><td>novembre</td></tr><tr><td>Orio al Serio International Airport (BGY)</td><td>EUR 95</td><td>5h 40</td><td>maggio</td></tr><tr><td>Milano Linate Airport (LIN)</td><td>EUR 126</td><td>3h 50</td><td>dicembre</td></tr><tr><td>Naples International Airport (NAP)</td><td>EUR 151</td><td>8h 00</td><td>gennaio</td></tr><tr><td>Venice Marco Polo Airport (VCE)</td><td>EUR 55</td><td>2h 00</td><td>gennaio</td></tr><tr><td>Catania-Fontanarossa Airport (CTA)</td><td>EUR 149</td><td>8h 40</td><td>novembre</td></tr><tr><td>Guglielmo Marconi Airport (BLQ)</td><td>EUR 117</td><td>7h 20</td><td>marzo</td></tr>
  </tbody>
</table>
<h2>Aeroporti italiani da cui conviene partire</h2>
<div class=""cpv-chip-list""><span class=""cpv-chip"">Leonardo da Vinci-Fiumicino Airport</span><span class=""cpv-chip"">Ciampino-G. B. Pastine International Airport</span><span class=""cpv-chip"">Milano Malpensa Airport</span><span class=""cpv-chip"">Orio al Serio International Airport</span><span class=""cpv-chip"">Milano Linate Airport</span><span class=""cpv-chip"">Naples International Airport</span></div>
<div class=""cpv-landing-grid"">
  <div class=""cpv-landing-card""><strong>City break</strong><p>Se Kermanshah e una meta urbana, le partenze del venerdi e del sabato sono spesso le piu monitorate.</p></div>
  <div class=""cpv-landing-card""><strong>Viaggi stagionali</strong><p>In alcuni periodi dell'anno le tariffe possono variare molto, soprattutto vicino ai ponti e alle festivita.</p></div>
  <div class=""cpv-landing-card""><strong>Confronto rapido</strong><p>Valuta aeroporti maggiori e secondari per capire se un piccolo spostamento porta a un risparmio concreto.</p></div>
</div>
<h2>Domande frequenti sui voli per Kermanshah</h2>
<div class=""cpv-faq"">
  <details><summary>Qual e il modo migliore per cercare voli per Kermanshah?</summary><p>Confronta piu aeroporti italiani, prova date flessibili e verifica anche partenze infrasettimanali per migliorare le possibilita di risparmio.</p></details>
  <details><summary>Meglio volo diretto o con scalo?</summary><p>Per tratte medio-brevi il diretto e spesso la scelta piu comoda, mentre su alcune rotte uno scalo puo ridurre il prezzo finale.</p></details>
  <details><summary>Quando controllare i prezzi per Kermanshah?</summary><p>Vale la pena iniziare a monitorare la rotta in anticipo e verificare con regolarita i giorni piu vicini alla partenza ideale.</p></details>
</div>","Voli per citta|Voli intercontinentali",city,KSH,/voli-per/kermanshah/,"Voli per Kermanshah (KSH): offerte e guide | ConfrontaPrezziVoli","Trova voli per Kermanshah dai principali aeroporti italiani. Tariffe indicative da EUR 62 e consigli per scegliere il periodo migliore.","voli per Kermanshah",cities,"Mese tipicamente conveniente: agosto"
post,publish,"Voli per Kerry County (KIR): offerte, compagnie e periodo migliore per prenotare",voli-per-kerry-county-kir,"Confronta voli per Kerry County dai principali aeroporti italiani. Scopri prezzi indicativi, compagnie e consigli utili per organizzare la partenza.","<div class=""cpv-landing-note"">
  <p><strong>Perche cercare voli per Kerry County qui.</strong> Questa pagina raccoglie un quadro rapido delle partenze italiane piu interessanti per Kerry County, con tariffe indicative e consigli per scegliere il periodo piu vantaggioso.</p>
</div>
<div class=""cpv-stat-grid"">
  <div class=""cpv-stat""><strong>EUR 161</strong><span>Prezzo indicativo da monitorare dalle principali aree aeroportuali italiane.</span></div>
  <div class=""cpv-stat""><strong>novembre</strong><span>Periodo spesso interessante per tenere sotto controllo la rotta.</span></div>
  <div class=""cpv-stat""><strong>9</strong><span>Aeroporti italiani prioritari da confrontare per questa destinazione.</span></div>
</div>
<h2>Offerte voli per Kerry County</h2>
<p>Per trovare il miglior equilibrio tra prezzo, durata e comfort, conviene verificare piu aeroporti di partenza italiani e confrontare giorni feriali e weekend.</p>
<table>
  <thead>
    <tr><th>Partenza</th><th>Prezzo da</th><th>Durata indicativa</th><th>Mese da monitorare</th></tr>
  </thead>
  <tbody>
    <tr><td>Leonardo da Vinci-Fiumicino Airport (FCO)</td><td>EUR 21</td><td>8h 20</td><td>marzo</td></tr><tr><td>Ciampino-G. B. Pastine International Airport (CIA)</td><td>EUR 113</td><td>6h 40</td><td>novembre</td></tr><tr><td>Milano Malpensa Airport (MXP)</td><td>EUR 58</td><td>11h 30</td><td>aprile</td></tr><tr><td>Orio al Serio International Airport (BGY)</td><td>EUR 36</td><td>2h 50</td><td>giugno</td></tr><tr><td>Milano Linate Airport (LIN)</td><td>EUR 45</td><td>7h 20</td><td>marzo</td></tr><tr><td>Naples International Airport (NAP)</td><td>EUR 124</td><td>2h 30</td><td>ottobre</td></tr><tr><td>Venice Marco Polo Airport (VCE)</td><td>EUR 60</td><td>1h 50</td><td>giugno</td></tr><tr><td>Catania-Fontanarossa Airport (CTA)</td><td>EUR 62</td><td>11h 10</td><td>agosto</td></tr><tr><td>Guglielmo Marconi Airport (BLQ)</td><td>EUR 66</td><td>1h 50</td><td>dicembre</td></tr>
  </tbody>
</table>
<h2>Aeroporti italiani da cui conviene partire</h2>
<div class=""cpv-chip-list""><span class=""cpv-chip"">Leonardo da Vinci-Fiumicino Airport</span><span class=""cpv-chip"">Ciampino-G. B. Pastine International Airport</span><span class=""cpv-chip"">Milano Malpensa Airport</span><span class=""cpv-chip"">Orio al Serio International Airport</span><span class=""cpv-chip"">Milano Linate Airport</span><span class=""cpv-chip"">Naples International Airport</span></div>
<div class=""cpv-landing-grid"">
  <div class=""cpv-landing-card""><strong>City break</strong><p>Se Kerry County e una meta urbana, le partenze del venerdi e del sabato sono spesso le piu monitorate.</p></div>
  <div class=""cpv-landing-card""><strong>Viaggi stagionali</strong><p>In alcuni periodi dell'anno le tariffe possono variare molto, soprattutto vicino ai ponti e alle festivita.</p></div>
  <div class=""cpv-landing-card""><strong>Confronto rapido</strong><p>Valuta aeroporti maggiori e secondari per capire se un piccolo spostamento porta a un risparmio concreto.</p></div>
</div>
<h2>Domande frequenti sui voli per Kerry County</h2>
<div class=""cpv-faq"">
  <details><summary>Qual e il modo migliore per cercare voli per Kerry County?</summary><p>Confronta piu aeroporti italiani, prova date flessibili e verifica anche partenze infrasettimanali per migliorare le possibilita di risparmio.</p></details>
  <details><summary>Meglio volo diretto o con scalo?</summary><p>Per tratte medio-brevi il diretto e spesso la scelta piu comoda, mentre su alcune rotte uno scalo puo ridurre il prezzo finale.</p></details>
  <details><summary>Quando controllare i prezzi per Kerry County?</summary><p>Vale la pena iniziare a monitorare la rotta in anticipo e verificare con regolarita i giorni piu vicini alla partenza ideale.</p></details>
</div>","Voli per citta|Voli in Europa",city,KIR,/voli-per/kerry-county/,"Voli per Kerry County (KIR): offerte e guide | ConfrontaPrezziVoli","Trova voli per Kerry County dai principali aeroporti italiani. Tariffe indicative da EUR 161 e consigli per scegliere il periodo migliore.","voli per Kerry County",cities,"Mese tipicamente conveniente: novembre"
post,publish,"Voli per Kerteh (KTE): offerte, compagnie e periodo migliore per prenotare",voli-per-kerteh-kte,"Confronta voli per Kerteh dai principali aeroporti italiani. Scopri prezzi indicativi, compagnie e consigli utili per organizzare la partenza.","<div class=""cpv-landing-note"">
  <p><strong>Perche cercare voli per Kerteh qui.</strong> Questa pagina raccoglie un quadro rapido delle partenze italiane piu interessanti per Kerteh, con tariffe indicative e consigli per scegliere il periodo piu vantaggioso.</p>
</div>
<div class=""cpv-stat-grid"">
  <div class=""cpv-stat""><strong>EUR 164</strong><span>Prezzo indicativo da monitorare dalle principali aree aeroportuali italiane.</span></div>
  <div class=""cpv-stat""><strong>febbraio</strong><span>Periodo spesso interessante per tenere sotto controllo la rotta.</span></div>
  <div class=""cpv-stat""><strong>9</strong><span>Aeroporti italiani prioritari da confrontare per questa destinazione.</span></div>
</div>
<h2>Offerte voli per Kerteh</h2>
<p>Per trovare il miglior equilibrio tra prezzo, durata e comfort, conviene verificare piu aeroporti di partenza italiani e confrontare giorni feriali e weekend.</p>
<table>
  <thead>
    <tr><th>Partenza</th><th>Prezzo da</th><th>Durata indicativa</th><th>Mese da monitorare</th></tr>
  </thead>
  <tbody>
    <tr><td>Leonardo da Vinci-Fiumicino Airport (FCO)</td><td>EUR 124</td><td>4h 30</td><td>ottobre</td></tr><tr><td>Ciampino-G. B. Pastine International Airport (CIA)</td><td>EUR 132</td><td>2h 50</td><td>giugno</td></tr><tr><td>Milano Malpensa Airport (MXP)</td><td>EUR 175</td><td>10h 00</td><td>gennaio</td></tr><tr><td>Orio al Serio International Airport (BGY)</td><td>EUR 105</td><td>6h 20</td><td>marzo</td></tr><tr><td>Milano Linate Airport (LIN)</td><td>EUR 80</td><td>4h 10</td><td>febbraio</td></tr><tr><td>Naples International Airport (NAP)</td><td>EUR 29</td><td>4h 40</td><td>novembre</td></tr><tr><td>Venice Marco Polo Airport (VCE)</td><td>EUR 65</td><td>1h 40</td><td>novembre</td></tr><tr><td>Catania-Fontanarossa Airport (CTA)</td><td>EUR 39</td><td>10h 20</td><td>settembre</td></tr><tr><td>Guglielmo Marconi Airport (BLQ)</td><td>EUR 107</td><td>7h 40</td><td>maggio</td></tr>
  </tbody>
</table>
<h2>Aeroporti italiani da cui conviene partire</h2>
<div class=""cpv-chip-list""><span class=""cpv-chip"">Leonardo da Vinci-Fiumicino Airport</span><span class=""cpv-chip"">Ciampino-G. B. Pastine International Airport</span><span class=""cpv-chip"">Milano Malpensa Airport</span><span class=""cpv-chip"">Orio al Serio International Airport</span><span class=""cpv-chip"">Milano Linate Airport</span><span class=""cpv-chip"">Naples International Airport</span></div>
<div class=""cpv-landing-grid"">
  <div class=""cpv-landing-card""><strong>City break</strong><p>Se Kerteh e una meta urbana, le partenze del venerdi e del sabato sono spesso le piu monitorate.</p></div>
  <div class=""cpv-landing-card""><strong>Viaggi stagionali</strong><p>In alcuni periodi dell'anno le tariffe possono variare molto, soprattutto vicino ai ponti e alle festivita.</p></div>
  <div class=""cpv-landing-card""><strong>Confronto rapido</strong><p>Valuta aeroporti maggiori e secondari per capire se un piccolo spostamento porta a un risparmio concreto.</p></div>
</div>
<h2>Domande frequenti sui voli per Kerteh</h2>
<div class=""cpv-faq"">
  <details><summary>Qual e il modo migliore per cercare voli per Kerteh?</summary><p>Confronta piu aeroporti italiani, prova date flessibili e verifica anche partenze infrasettimanali per migliorare le possibilita di risparmio.</p></details>
  <details><summary>Meglio volo diretto o con scalo?</summary><p>Per tratte medio-brevi il diretto e spesso la scelta piu comoda, mentre su alcune rotte uno scalo puo ridurre il prezzo finale.</p></details>
  <details><summary>Quando controllare i prezzi per Kerteh?</summary><p>Vale la pena iniziare a monitorare la rotta in anticipo e verificare con regolarita i giorni piu vicini alla partenza ideale.</p></details>
</div>","Voli per citta|Voli intercontinentali",city,KTE,/voli-per/kerteh/,"Voli per Kerteh (KTE): offerte e guide | ConfrontaPrezziVoli","Trova voli per Kerteh dai principali aeroporti italiani. Tariffe indicative da EUR 164 e consigli per scegliere il periodo migliore.","voli per Kerteh",cities,"Mese tipicamente conveniente: febbraio"
post,publish,"Voli per Keshod (IXK): offerte, compagnie e periodo migliore per prenotare",voli-per-keshod-ixk,"Confronta voli per Keshod dai principali aeroporti italiani. Scopri prezzi indicativi, compagnie e consigli utili per organizzare la partenza.","<div class=""cpv-landing-note"">
  <p><strong>Perche cercare voli per Keshod qui.</strong> Questa pagina raccoglie un quadro rapido delle partenze italiane piu interessanti per Keshod, con tariffe indicative e consigli per scegliere il periodo piu vantaggioso.</p>
</div>
<div class=""cpv-stat-grid"">
  <div class=""cpv-stat""><strong>EUR 175</strong><span>Prezzo indicativo da monitorare dalle principali aree aeroportuali italiane.</span></div>
  <div class=""cpv-stat""><strong>gennaio</strong><span>Periodo spesso interessante per tenere sotto controllo la rotta.</span></div>
  <div class=""cpv-stat""><strong>9</strong><span>Aeroporti italiani prioritari da confrontare per questa destinazione.</span></div>
</div>
<h2>Offerte voli per Keshod</h2>
<p>Per trovare il miglior equilibrio tra prezzo, durata e comfort, conviene verificare piu aeroporti di partenza italiani e confrontare giorni feriali e weekend.</p>
<table>
  <thead>
    <tr><th>Partenza</th><th>Prezzo da</th><th>Durata indicativa</th><th>Mese da monitorare</th></tr>
  </thead>
  <tbody>
    <tr><td>Leonardo da Vinci-Fiumicino Airport (FCO)</td><td>EUR 135</td><td>7h 20</td><td>settembre</td></tr><tr><td>Ciampino-G. B. Pastine International Airport (CIA)</td><td>EUR 67</td><td>2h 00</td><td>gennaio</td></tr><tr><td>Milano Malpensa Airport (MXP)</td><td>EUR 92</td><td>5h 10</td><td>febbraio</td></tr><tr><td>Orio al Serio International Airport (BGY)</td><td>EUR 54</td><td>4h 50</td><td>dicembre</td></tr><tr><td>Milano Linate Airport (LIN)</td><td>EUR 95</td><td>4h 40</td><td>maggio</td></tr><tr><td>Naples International Airport (NAP)</td><td>EUR 34</td><td>2h 30</td><td>aprile</td></tr><tr><td>Venice Marco Polo Airport (VCE)</td><td>EUR 34</td><td>2h 30</td><td>aprile</td></tr><tr><td>Catania-Fontanarossa Airport (CTA)</td><td>EUR 24</td><td>9h 50</td><td>giugno</td></tr><tr><td>Guglielmo Marconi Airport (BLQ)</td><td>EUR 44</td><td>11h 10</td><td>febbraio</td></tr>
  </tbody>
</table>
<h2>Aeroporti italiani da cui conviene partire</h2>
<div class=""cpv-chip-list""><span class=""cpv-chip"">Leonardo da Vinci-Fiumicino Airport</span><span class=""cpv-chip"">Ciampino-G. B. Pastine International Airport</span><span class=""cpv-chip"">Milano Malpensa Airport</span><span class=""cpv-chip"">Orio al Serio International Airport</span><span class=""cpv-chip"">Milano Linate Airport</span><span class=""cpv-chip"">Naples International Airport</span></div>
<div class=""cpv-landing-grid"">
  <div class=""cpv-landing-card""><strong>City break</strong><p>Se Keshod e una meta urbana, le partenze del venerdi e del sabato sono spesso le piu monitorate.</p></div>
  <div class=""cpv-landing-card""><strong>Viaggi stagionali</strong><p>In alcuni periodi dell'anno le tariffe possono variare molto, soprattutto vicino ai ponti e alle festivita.</p></div>
  <div class=""cpv-landing-card""><strong>Confronto rapido</strong><p>Valuta aeroporti maggiori e secondari per capire se un piccolo spostamento porta a un risparmio concreto.</p></div>
</div>
<h2>Domande frequenti sui voli per Keshod</h2>
<div class=""cpv-faq"">
  <details><summary>Qual e il modo migliore per cercare voli per Keshod?</summary><p>Confronta piu aeroporti italiani, prova date flessibili e verifica anche partenze infrasettimanali per migliorare le possibilita di risparmio.</p></details>
  <details><summary>Meglio volo diretto o con scalo?</summary><p>Per tratte medio-brevi il diretto e spesso la scelta piu comoda, mentre su alcune rotte uno scalo puo ridurre il prezzo finale.</p></details>
  <details><summary>Quando controllare i prezzi per Keshod?</summary><p>Vale la pena iniziare a monitorare la rotta in anticipo e verificare con regolarita i giorni piu vicini alla partenza ideale.</p></details>
</div>","Voli per citta|Voli intercontinentali",city,IXK,/voli-per/keshod/,"Voli per Keshod (IXK): offerte e guide | ConfrontaPrezziVoli","Trova voli per Keshod dai principali aeroporti italiani. Tariffe indicative da EUR 175 e consigli per scegliere il periodo migliore.","voli per Keshod",cities,"Mese tipicamente conveniente: gennaio"
post,publish,"Voli per Ketapang (KTG): offerte, compagnie e periodo migliore per prenotare",voli-per-ketapang-ktg,"Confronta voli per Ketapang dai principali aeroporti italiani. Scopri prezzi indicativi, compagnie e consigli utili per organizzare la partenza.","<div class=""cpv-landing-note"">
  <p><strong>Perche cercare voli per Ketapang qui.</strong> Questa pagina raccoglie un quadro rapido delle partenze italiane piu interessanti per Ketapang, con tariffe indicative e consigli per scegliere il periodo piu vantaggioso.</p>
</div>
<div class=""cpv-stat-grid"">
  <div class=""cpv-stat""><strong>EUR 60</strong><span>Prezzo indicativo da monitorare dalle principali aree aeroportuali italiane.</span></div>
  <div class=""cpv-stat""><strong>giugno</strong><span>Periodo spesso interessante per tenere sotto controllo la rotta.</span></div>
  <div class=""cpv-stat""><strong>9</strong><span>Aeroporti italiani prioritari da confrontare per questa destinazione.</span></div>
</div>
<h2>Offerte voli per Ketapang</h2>
<p>Per trovare il miglior equilibrio tra prezzo, durata e comfort, conviene verificare piu aeroporti di partenza italiani e confrontare giorni feriali e weekend.</p>
<table>
  <thead>
    <tr><th>Partenza</th><th>Prezzo da</th><th>Durata indicativa</th><th>Mese da monitorare</th></tr>
  </thead>
  <tbody>
    <tr><td>Leonardo da Vinci-Fiumicino Airport (FCO)</td><td>EUR 192</td><td>5h 50</td><td>giugno</td></tr><tr><td>Ciampino-G. B. Pastine International Airport (CIA)</td><td>EUR 180</td><td>10h 50</td><td>giugno</td></tr><tr><td>Milano Malpensa Airport (MXP)</td><td>EUR 51</td><td>10h 20</td><td>settembre</td></tr><tr><td>Orio al Serio International Airport (BGY)</td><td>EUR 61</td><td>8h 00</td><td>luglio</td></tr><tr><td>Milano Linate Airport (LIN)</td><td>EUR 188</td><td>2h 10</td><td>febbraio</td></tr><tr><td>Naples International Airport (NAP)</td><td>EUR 49</td><td>1h 00</td><td>luglio</td></tr><tr><td>Venice Marco Polo Airport (VCE)</td><td>EUR 181</td><td>6h 00</td><td>luglio</td></tr><tr><td>Catania-Fontanarossa Airport (CTA)</td><td>EUR 115</td><td>8h 00</td><td>gennaio</td></tr><tr><td>Guglielmo Marconi Airport (BLQ)</td><td>EUR 167</td><td>4h 40</td><td>maggio</td></tr>
  </tbody>
</table>
<h2>Aeroporti italiani da cui conviene partire</h2>
<div class=""cpv-chip-list""><span class=""cpv-chip"">Leonardo da Vinci-Fiumicino Airport</span><span class=""cpv-chip"">Ciampino-G. B. Pastine International Airport</span><span class=""cpv-chip"">Milano Malpensa Airport</span><span class=""cpv-chip"">Orio al Serio International Airport</span><span class=""cpv-chip"">Milano Linate Airport</span><span class=""cpv-chip"">Naples International Airport</span></div>
<div class=""cpv-landing-grid"">
  <div class=""cpv-landing-card""><strong>City break</strong><p>Se Ketapang e una meta urbana, le partenze del venerdi e del sabato sono spesso le piu monitorate.</p></div>
  <div class=""cpv-landing-card""><strong>Viaggi stagionali</strong><p>In alcuni periodi dell'anno le tariffe possono variare molto, soprattutto vicino ai ponti e alle festivita.</p></div>
  <div class=""cpv-landing-card""><strong>Confronto rapido</strong><p>Valuta aeroporti maggiori e secondari per capire se un piccolo spostamento porta a un risparmio concreto.</p></div>
</div>
<h2>Domande frequenti sui voli per Ketapang</h2>
<div class=""cpv-faq"">
  <details><summary>Qual e il modo migliore per cercare voli per Ketapang?</summary><p>Confronta piu aeroporti italiani, prova date flessibili e verifica anche partenze infrasettimanali per migliorare le possibilita di risparmio.</p></details>
  <details><summary>Meglio volo diretto o con scalo?</summary><p>Per tratte medio-brevi il diretto e spesso la scelta piu comoda, mentre su alcune rotte uno scalo puo ridurre il prezzo finale.</p></details>
  <details><summary>Quando controllare i prezzi per Ketapang?</summary><p>Vale la pena iniziare a monitorare la rotta in anticipo e verificare con regolarita i giorni piu vicini alla partenza ideale.</p></details>
</div>","Voli per citta|Voli intercontinentali",city,KTG,/voli-per/ketapang/,"Voli per Ketapang (KTG): offerte e guide | ConfrontaPrezziVoli","Trova voli per Ketapang dai principali aeroporti italiani. Tariffe indicative da EUR 60 e consigli per scegliere il periodo migliore.","voli per Ketapang",cities,"Mese tipicamente conveniente: giugno"
post,publish,"Voli per Ketchikan (KTN): offerte, compagnie e periodo migliore per prenotare",voli-per-ketchikan-ktn,"Confronta voli per Ketchikan dai principali aeroporti italiani. Scopri prezzi indicativi, compagnie e consigli utili per organizzare la partenza.","<div class=""cpv-landing-note"">
  <p><strong>Perche cercare voli per Ketchikan qui.</strong> Questa pagina raccoglie un quadro rapido delle partenze italiane piu interessanti per Ketchikan, con tariffe indicative e consigli per scegliere il periodo piu vantaggioso.</p>
</div>
<div class=""cpv-stat-grid"">
  <div class=""cpv-stat""><strong>EUR 56</strong><span>Prezzo indicativo da monitorare dalle principali aree aeroportuali italiane.</span></div>
  <div class=""cpv-stat""><strong>febbraio</strong><span>Periodo spesso interessante per tenere sotto controllo la rotta.</span></div>
  <div class=""cpv-stat""><strong>9</strong><span>Aeroporti italiani prioritari da confrontare per questa destinazione.</span></div>
</div>
<h2>Offerte voli per Ketchikan</h2>
<p>Per trovare il miglior equilibrio tra prezzo, durata e comfort, conviene verificare piu aeroporti di partenza italiani e confrontare giorni feriali e weekend.</p>
<table>
  <thead>
    <tr><th>Partenza</th><th>Prezzo da</th><th>Durata indicativa</th><th>Mese da monitorare</th></tr>
  </thead>
  <tbody>
    <tr><td>Leonardo da Vinci-Fiumicino Airport (FCO)</td><td>EUR 156</td><td>2h 50</td><td>giugno</td></tr><tr><td>Ciampino-G. B. Pastine International Airport (CIA)</td><td>EUR 72</td><td>6h 50</td><td>giugno</td></tr><tr><td>Milano Malpensa Airport (MXP)</td><td>EUR 175</td><td>1h 00</td><td>gennaio</td></tr><tr><td>Orio al Serio International Airport (BGY)</td><td>EUR 65</td><td>11h 40</td><td>novembre</td></tr><tr><td>Milano Linate Airport (LIN)</td><td>EUR 28</td><td>11h 30</td><td>ottobre</td></tr><tr><td>Naples International Airport (NAP)</td><td>EUR 181</td><td>1h 00</td><td>luglio</td></tr><tr><td>Venice Marco Polo Airport (VCE)</td><td>EUR 185</td><td>3h 40</td><td>novembre</td></tr><tr><td>Catania-Fontanarossa Airport (CTA)</td><td>EUR 143</td><td>6h 40</td><td>maggio</td></tr><tr><td>Guglielmo Marconi Airport (BLQ)</td><td>EUR 95</td><td>8h 40</td><td>maggio</td></tr>
  </tbody>
</table>
<h2>Aeroporti italiani da cui conviene partire</h2>
<div class=""cpv-chip-list""><span class=""cpv-chip"">Leonardo da Vinci-Fiumicino Airport</span><span class=""cpv-chip"">Ciampino-G. B. Pastine International Airport</span><span class=""cpv-chip"">Milano Malpensa Airport</span><span class=""cpv-chip"">Orio al Serio International Airport</span><span class=""cpv-chip"">Milano Linate Airport</span><span class=""cpv-chip"">Naples International Airport</span></div>
<div class=""cpv-landing-grid"">
  <div class=""cpv-landing-card""><strong>City break</strong><p>Se Ketchikan e una meta urbana, le partenze del venerdi e del sabato sono spesso le piu monitorate.</p></div>
  <div class=""cpv-landing-card""><strong>Viaggi stagionali</strong><p>In alcuni periodi dell'anno le tariffe possono variare molto, soprattutto vicino ai ponti e alle festivita.</p></div>
  <div class=""cpv-landing-card""><strong>Confronto rapido</strong><p>Valuta aeroporti maggiori e secondari per capire se un piccolo spostamento porta a un risparmio concreto.</p></div>
</div>
<h2>Domande frequenti sui voli per Ketchikan</h2>
<div class=""cpv-faq"">
  <details><summary>Qual e il modo migliore per cercare voli per Ketchikan?</summary><p>Confronta piu aeroporti italiani, prova date flessibili e verifica anche partenze infrasettimanali per migliorare le possibilita di risparmio.</p></details>
  <details><summary>Meglio volo diretto o con scalo?</summary><p>Per tratte medio-brevi il diretto e spesso la scelta piu comoda, mentre su alcune rotte uno scalo puo ridurre il prezzo finale.</p></details>
  <details><summary>Quando controllare i prezzi per Ketchikan?</summary><p>Vale la pena iniziare a monitorare la rotta in anticipo e verificare con regolarita i giorni piu vicini alla partenza ideale.</p></details>
</div>","Voli per citta|Voli intercontinentali",city,KTN,/voli-per/ketchikan/,"Voli per Ketchikan (KTN): offerte e guide | ConfrontaPrezziVoli","Trova voli per Ketchikan dai principali aeroporti italiani. Tariffe indicative da EUR 56 e consigli per scegliere il periodo migliore.","voli per Ketchikan",cities,"Mese tipicamente conveniente: febbraio"
post,publish,"Voli per Key West (EYW): offerte, compagnie e periodo migliore per prenotare",voli-per-key-west-eyw,"Confronta voli per Key West dai principali aeroporti italiani. Scopri prezzi indicativi, compagnie e consigli utili per organizzare la partenza.","<div class=""cpv-landing-note"">
  <p><strong>Perche cercare voli per Key West qui.</strong> Questa pagina raccoglie un quadro rapido delle partenze italiane piu interessanti per Key West, con tariffe indicative e consigli per scegliere il periodo piu vantaggioso.</p>
</div>
<div class=""cpv-stat-grid"">
  <div class=""cpv-stat""><strong>EUR 193</strong><span>Prezzo indicativo da monitorare dalle principali aree aeroportuali italiane.</span></div>
  <div class=""cpv-stat""><strong>luglio</strong><span>Periodo spesso interessante per tenere sotto controllo la rotta.</span></div>
  <div class=""cpv-stat""><strong>9</strong><span>Aeroporti italiani prioritari da confrontare per questa destinazione.</span></div>
</div>
<h2>Offerte voli per Key West</h2>
<p>Per trovare il miglior equilibrio tra prezzo, durata e comfort, conviene verificare piu aeroporti di partenza italiani e confrontare giorni feriali e weekend.</p>
<table>
  <thead>
    <tr><th>Partenza</th><th>Prezzo da</th><th>Durata indicativa</th><th>Mese da monitorare</th></tr>
  </thead>
  <tbody>
    <tr><td>Leonardo da Vinci-Fiumicino Airport (FCO)</td><td>EUR 129</td><td>9h 20</td><td>marzo</td></tr><tr><td>Ciampino-G. B. Pastine International Airport (CIA)</td><td>EUR 45</td><td>1h 20</td><td>marzo</td></tr><tr><td>Milano Malpensa Airport (MXP)</td><td>EUR 182</td><td>1h 10</td><td>agosto</td></tr><tr><td>Orio al Serio International Airport (BGY)</td><td>EUR 176</td><td>2h 10</td><td>febbraio</td></tr><tr><td>Milano Linate Airport (LIN)</td><td>EUR 85</td><td>10h 00</td><td>luglio</td></tr><tr><td>Naples International Airport (NAP)</td><td>EUR 180</td><td>7h 50</td><td>giugno</td></tr><tr><td>Venice Marco Polo Airport (VCE)</td><td>EUR 128</td><td>3h 10</td><td>febbraio</td></tr><tr><td>Catania-Fontanarossa Airport (CTA)</td><td>EUR 46</td><td>3h 30</td><td>aprile</td></tr><tr><td>Guglielmo Marconi Airport (BLQ)</td><td>EUR 98</td><td>8h 10</td><td>agosto</td></tr>
  </tbody>
</table>
<h2>Aeroporti italiani da cui conviene partire</h2>
<div class=""cpv-chip-list""><span class=""cpv-chip"">Leonardo da Vinci-Fiumicino Airport</span><span class=""cpv-chip"">Ciampino-G. B. Pastine International Airport</span><span class=""cpv-chip"">Milano Malpensa Airport</span><span class=""cpv-chip"">Orio al Serio International Airport</span><span class=""cpv-chip"">Milano Linate Airport</span><span class=""cpv-chip"">Naples International Airport</span></div>
<div class=""cpv-landing-grid"">
  <div class=""cpv-landing-card""><strong>City break</strong><p>Se Key West e una meta urbana, le partenze del venerdi e del sabato sono spesso le piu monitorate.</p></div>
  <div class=""cpv-landing-card""><strong>Viaggi stagionali</strong><p>In alcuni periodi dell'anno le tariffe possono variare molto, soprattutto vicino ai ponti e alle festivita.</p></div>
  <div class=""cpv-landing-card""><strong>Confronto rapido</strong><p>Valuta aeroporti maggiori e secondari per capire se un piccolo spostamento porta a un risparmio concreto.</p></div>
</div>
<h2>Domande frequenti sui voli per Key West</h2>
<div class=""cpv-faq"">
  <details><summary>Qual e il modo migliore per cercare voli per Key West?</summary><p>Confronta piu aeroporti italiani, prova date flessibili e verifica anche partenze infrasettimanali per migliorare le possibilita di risparmio.</p></details>
  <details><summary>Meglio volo diretto o con scalo?</summary><p>Per tratte medio-brevi il diretto e spesso la scelta piu comoda, mentre su alcune rotte uno scalo puo ridurre il prezzo finale.</p></details>
  <details><summary>Quando controllare i prezzi per Key West?</summary><p>Vale la pena iniziare a monitorare la rotta in anticipo e verificare con regolarita i giorni piu vicini alla partenza ideale.</p></details>
</div>","Voli per citta|Voli intercontinentali",city,EYW,/voli-per/key-west/,"Voli per Key West (EYW): offerte e guide | ConfrontaPrezziVoli","Trova voli per Key West dai principali aeroporti italiani. Tariffe indicative da EUR 193 e consigli per scegliere il periodo migliore.","voli per Key West",cities,"Mese tipicamente conveniente: luglio"
post,publish,"Voli per Khabarovsk (KHV): offerte, compagnie e periodo migliore per prenotare",voli-per-khabarovsk-khv,"Confronta voli per Khabarovsk dai principali aeroporti italiani. Scopri prezzi indicativi, compagnie e consigli utili per organizzare la partenza.","<div class=""cpv-landing-note"">
  <p><strong>Perche cercare voli per Khabarovsk qui.</strong> Questa pagina raccoglie un quadro rapido delle partenze italiane piu interessanti per Khabarovsk, con tariffe indicative e consigli per scegliere il periodo piu vantaggioso.</p>
</div>
<div class=""cpv-stat-grid"">
  <div class=""cpv-stat""><strong>EUR 149</strong><span>Prezzo indicativo da monitorare dalle principali aree aeroportuali italiane.</span></div>
  <div class=""cpv-stat""><strong>novembre</strong><span>Periodo spesso interessante per tenere sotto controllo la rotta.</span></div>
  <div class=""cpv-stat""><strong>9</strong><span>Aeroporti italiani prioritari da confrontare per questa destinazione.</span></div>
</div>
<h2>Offerte voli per Khabarovsk</h2>
<p>Per trovare il miglior equilibrio tra prezzo, durata e comfort, conviene verificare piu aeroporti di partenza italiani e confrontare giorni feriali e weekend.</p>
<table>
  <thead>
    <tr><th>Partenza</th><th>Prezzo da</th><th>Durata indicativa</th><th>Mese da monitorare</th></tr>
  </thead>
  <tbody>
    <tr><td>Leonardo da Vinci-Fiumicino Airport (FCO)</td><td>EUR 133</td><td>11h 00</td><td>luglio</td></tr><tr><td>Ciampino-G. B. Pastine International Airport (CIA)</td><td>EUR 25</td><td>9h 00</td><td>luglio</td></tr><tr><td>Milano Malpensa Airport (MXP)</td><td>EUR 178</td><td>8h 30</td><td>aprile</td></tr><tr><td>Orio al Serio International Airport (BGY)</td><td>EUR 188</td><td>7h 10</td><td>febbraio</td></tr><tr><td>Milano Linate Airport (LIN)</td><td>EUR 97</td><td>9h 00</td><td>luglio</td></tr><tr><td>Naples International Airport (NAP)</td><td>EUR 28</td><td>9h 30</td><td>ottobre</td></tr><tr><td>Venice Marco Polo Airport (VCE)</td><td>EUR 32</td><td>3h 10</td><td>febbraio</td></tr><tr><td>Catania-Fontanarossa Airport (CTA)</td><td>EUR 58</td><td>2h 30</td><td>aprile</td></tr><tr><td>Guglielmo Marconi Airport (BLQ)</td><td>EUR 114</td><td>6h 50</td><td>dicembre</td></tr>
  </tbody>
</table>
<h2>Aeroporti italiani da cui conviene partire</h2>
<div class=""cpv-chip-list""><span class=""cpv-chip"">Leonardo da Vinci-Fiumicino Airport</span><span class=""cpv-chip"">Ciampino-G. B. Pastine International Airport</span><span class=""cpv-chip"">Milano Malpensa Airport</span><span class=""cpv-chip"">Orio al Serio International Airport</span><span class=""cpv-chip"">Milano Linate Airport</span><span class=""cpv-chip"">Naples International Airport</span></div>
<div class=""cpv-landing-grid"">
  <div class=""cpv-landing-card""><strong>City break</strong><p>Se Khabarovsk e una meta urbana, le partenze del venerdi e del sabato sono spesso le piu monitorate.</p></div>
  <div class=""cpv-landing-card""><strong>Viaggi stagionali</strong><p>In alcuni periodi dell'anno le tariffe possono variare molto, soprattutto vicino ai ponti e alle festivita.</p></div>
  <div class=""cpv-landing-card""><strong>Confronto rapido</strong><p>Valuta aeroporti maggiori e secondari per capire se un piccolo spostamento porta a un risparmio concreto.</p></div>
</div>
<h2>Domande frequenti sui voli per Khabarovsk</h2>
<div class=""cpv-faq"">
  <details><summary>Qual e il modo migliore per cercare voli per Khabarovsk?</summary><p>Confronta piu aeroporti italiani, prova date flessibili e verifica anche partenze infrasettimanali per migliorare le possibilita di risparmio.</p></details>
  <details><summary>Meglio volo diretto o con scalo?</summary><p>Per tratte medio-brevi il diretto e spesso la scelta piu comoda, mentre su alcune rotte uno scalo puo ridurre il prezzo finale.</p></details>
  <details><summary>Quando controllare i prezzi per Khabarovsk?</summary><p>Vale la pena iniziare a monitorare la rotta in anticipo e verificare con regolarita i giorni piu vicini alla partenza ideale.</p></details>
</div>","Voli per citta|Voli intercontinentali",city,KHV,/voli-per/khabarovsk/,"Voli per Khabarovsk (KHV): offerte e guide | ConfrontaPrezziVoli","Trova voli per Khabarovsk dai principali aeroporti italiani. Tariffe indicative da EUR 149 e consigli per scegliere il periodo migliore.","voli per Khabarovsk",cities,"Mese tipicamente conveniente: novembre"
post,publish,"Voli per Khajuraho (HJR): offerte, compagnie e periodo migliore per prenotare",voli-per-khajuraho-hjr,"Confronta voli per Khajuraho dai principali aeroporti italiani. Scopri prezzi indicativi, compagnie e consigli utili per organizzare la partenza.","<div class=""cpv-landing-note"">
  <p><strong>Perche cercare voli per Khajuraho qui.</strong> Questa pagina raccoglie un quadro rapido delle partenze italiane piu interessanti per Khajuraho, con tariffe indicative e consigli per scegliere il periodo piu vantaggioso.</p>
</div>
<div class=""cpv-stat-grid"">
  <div class=""cpv-stat""><strong>EUR 91</strong><span>Prezzo indicativo da monitorare dalle principali aree aeroportuali italiane.</span></div>
  <div class=""cpv-stat""><strong>gennaio</strong><span>Periodo spesso interessante per tenere sotto controllo la rotta.</span></div>
  <div class=""cpv-stat""><strong>9</strong><span>Aeroporti italiani prioritari da confrontare per questa destinazione.</span></div>
</div>
<h2>Offerte voli per Khajuraho</h2>
<p>Per trovare il miglior equilibrio tra prezzo, durata e comfort, conviene verificare piu aeroporti di partenza italiani e confrontare giorni feriali e weekend.</p>
<table>
  <thead>
    <tr><th>Partenza</th><th>Prezzo da</th><th>Durata indicativa</th><th>Mese da monitorare</th></tr>
  </thead>
  <tbody>
    <tr><td>Leonardo da Vinci-Fiumicino Airport (FCO)</td><td>EUR 47</td><td>5h 40</td><td>maggio</td></tr><tr><td>Ciampino-G. B. Pastine International Airport (CIA)</td><td>EUR 159</td><td>1h 20</td><td>settembre</td></tr><tr><td>Milano Malpensa Airport (MXP)</td><td>EUR 184</td><td>2h 30</td><td>ottobre</td></tr><tr><td>Orio al Serio International Airport (BGY)</td><td>EUR 110</td><td>7h 10</td><td>agosto</td></tr><tr><td>Milano Linate Airport (LIN)</td><td>EUR 103</td><td>3h 00</td><td>gennaio</td></tr><tr><td>Naples International Airport (NAP)</td><td>EUR 126</td><td>1h 50</td><td>dicembre</td></tr><tr><td>Venice Marco Polo Airport (VCE)</td><td>EUR 178</td><td>11h 30</td><td>aprile</td></tr><tr><td>Catania-Fontanarossa Airport (CTA)</td><td>EUR 140</td><td>2h 10</td><td>febbraio</td></tr><tr><td>Guglielmo Marconi Airport (BLQ)</td><td>EUR 148</td><td>7h 30</td><td>ottobre</td></tr>
  </tbody>
</table>
<h2>Aeroporti italiani da cui conviene partire</h2>
<div class=""cpv-chip-list""><span class=""cpv-chip"">Leonardo da Vinci-Fiumicino Airport</span><span class=""cpv-chip"">Ciampino-G. B. Pastine International Airport</span><span class=""cpv-chip"">Milano Malpensa Airport</span><span class=""cpv-chip"">Orio al Serio International Airport</span><span class=""cpv-chip"">Milano Linate Airport</span><span class=""cpv-chip"">Naples International Airport</span></div>
<div class=""cpv-landing-grid"">
  <div class=""cpv-landing-card""><strong>City break</strong><p>Se Khajuraho e una meta urbana, le partenze del venerdi e del sabato sono spesso le piu monitorate.</p></div>
  <div class=""cpv-landing-card""><strong>Viaggi stagionali</strong><p>In alcuni periodi dell'anno le tariffe possono variare molto, soprattutto vicino ai ponti e alle festivita.</p></div>
  <div class=""cpv-landing-card""><strong>Confronto rapido</strong><p>Valuta aeroporti maggiori e secondari per capire se un piccolo spostamento porta a un risparmio concreto.</p></div>
</div>
<h2>Domande frequenti sui voli per Khajuraho</h2>
<div class=""cpv-faq"">
  <details><summary>Qual e il modo migliore per cercare voli per Khajuraho?</summary><p>Confronta piu aeroporti italiani, prova date flessibili e verifica anche partenze infrasettimanali per migliorare le possibilita di risparmio.</p></details>
  <details><summary>Meglio volo diretto o con scalo?</summary><p>Per tratte medio-brevi il diretto e spesso la scelta piu comoda, mentre su alcune rotte uno scalo puo ridurre il prezzo finale.</p></details>
  <details><summary>Quando controllare i prezzi per Khajuraho?</summary><p>Vale la pena iniziare a monitorare la rotta in anticipo e verificare con regolarita i giorni piu vicini alla partenza ideale.</p></details>
</div>","Voli per citta|Voli intercontinentali",city,HJR,/voli-per/khajuraho/,"Voli per Khajuraho (HJR): offerte e guide | ConfrontaPrezziVoli","Trova voli per Khajuraho dai principali aeroporti italiani. Tariffe indicative da EUR 91 e consigli per scegliere il periodo migliore.","voli per Khajuraho",cities,"Mese tipicamente conveniente: gennaio"
post,publish,"Voli per Khanty-Mansiysk (HMA): offerte, compagnie e periodo migliore per prenotare",voli-per-khanty-mansiysk-hma,"Confronta voli per Khanty-Mansiysk dai principali aeroporti italiani. Scopri prezzi indicativi, compagnie e consigli utili per organizzare la partenza.","<div class=""cpv-landing-note"">
  <p><strong>Perche cercare voli per Khanty-Mansiysk qui.</strong> Questa pagina raccoglie un quadro rapido delle partenze italiane piu interessanti per Khanty-Mansiysk, con tariffe indicative e consigli per scegliere il periodo piu vantaggioso.</p>
</div>
<div class=""cpv-stat-grid"">
  <div class=""cpv-stat""><strong>EUR 132</strong><span>Prezzo indicativo da monitorare dalle principali aree aeroportuali italiane.</span></div>
  <div class=""cpv-stat""><strong>giugno</strong><span>Periodo spesso interessante per tenere sotto controllo la rotta.</span></div>
  <div class=""cpv-stat""><strong>9</strong><span>Aeroporti italiani prioritari da confrontare per questa destinazione.</span></div>
</div>
<h2>Offerte voli per Khanty-Mansiysk</h2>
<p>Per trovare il miglior equilibrio tra prezzo, durata e comfort, conviene verificare piu aeroporti di partenza italiani e confrontare giorni feriali e weekend.</p>
<table>
  <thead>
    <tr><th>Partenza</th><th>Prezzo da</th><th>Durata indicativa</th><th>Mese da monitorare</th></tr>
  </thead>
  <tbody>
    <tr><td>Leonardo da Vinci-Fiumicino Airport (FCO)</td><td>EUR 144</td><td>8h 50</td><td>giugno</td></tr><tr><td>Ciampino-G. B. Pastine International Airport (CIA)</td><td>EUR 160</td><td>1h 30</td><td>ottobre</td></tr><tr><td>Milano Malpensa Airport (MXP)</td><td>EUR 195</td><td>11h 20</td><td>settembre</td></tr><tr><td>Orio al Serio International Airport (BGY)</td><td>EUR 157</td><td>5h 00</td><td>luglio</td></tr><tr><td>Milano Linate Airport (LIN)</td><td>EUR 132</td><td>7h 50</td><td>giugno</td></tr><tr><td>Naples International Airport (NAP)</td><td>EUR 25</td><td>1h 00</td><td>luglio</td></tr><tr><td>Venice Marco Polo Airport (VCE)</td><td>EUR 69</td><td>8h 20</td><td>marzo</td></tr><tr><td>Catania-Fontanarossa Airport (CTA)</td><td>EUR 35</td><td>2h 40</td><td>maggio</td></tr><tr><td>Guglielmo Marconi Airport (BLQ)</td><td>EUR 187</td><td>9h 00</td><td>gennaio</td></tr>
  </tbody>
</table>
<h2>Aeroporti italiani da cui conviene partire</h2>
<div class=""cpv-chip-list""><span class=""cpv-chip"">Leonardo da Vinci-Fiumicino Airport</span><span class=""cpv-chip"">Ciampino-G. B. Pastine International Airport</span><span class=""cpv-chip"">Milano Malpensa Airport</span><span class=""cpv-chip"">Orio al Serio International Airport</span><span class=""cpv-chip"">Milano Linate Airport</span><span class=""cpv-chip"">Naples International Airport</span></div>
<div class=""cpv-landing-grid"">
  <div class=""cpv-landing-card""><strong>City break</strong><p>Se Khanty-Mansiysk e una meta urbana, le partenze del venerdi e del sabato sono spesso le piu monitorate.</p></div>
  <div class=""cpv-landing-card""><strong>Viaggi stagionali</strong><p>In alcuni periodi dell'anno le tariffe possono variare molto, soprattutto vicino ai ponti e alle festivita.</p></div>
  <div class=""cpv-landing-card""><strong>Confronto rapido</strong><p>Valuta aeroporti maggiori e secondari per capire se un piccolo spostamento porta a un risparmio concreto.</p></div>
</div>
<h2>Domande frequenti sui voli per Khanty-Mansiysk</h2>
<div class=""cpv-faq"">
  <details><summary>Qual e il modo migliore per cercare voli per Khanty-Mansiysk?</summary><p>Confronta piu aeroporti italiani, prova date flessibili e verifica anche partenze infrasettimanali per migliorare le possibilita di risparmio.</p></details>
  <details><summary>Meglio volo diretto o con scalo?</summary><p>Per tratte medio-brevi il diretto e spesso la scelta piu comoda, mentre su alcune rotte uno scalo puo ridurre il prezzo finale.</p></details>
  <details><summary>Quando controllare i prezzi per Khanty-Mansiysk?</summary><p>Vale la pena iniziare a monitorare la rotta in anticipo e verificare con regolarita i giorni piu vicini alla partenza ideale.</p></details>
</div>","Voli per citta|Voli intercontinentali",city,HMA,/voli-per/khanty-mansiysk/,"Voli per Khanty-Mansiysk (HMA): offerte e guide | ConfrontaPrezziVoli","Trova voli per Khanty-Mansiysk dai principali aeroporti italiani. Tariffe indicative da EUR 132 e consigli per scegliere il periodo migliore.","voli per Khanty-Mansiysk",cities,"Mese tipicamente conveniente: giugno"
post,publish,"Voli per Kharkov (HRK): offerte, compagnie e periodo migliore per prenotare",voli-per-kharkov-hrk,"Confronta voli per Kharkov dai principali aeroporti italiani. Scopri prezzi indicativi, compagnie e consigli utili per organizzare la partenza.","<div class=""cpv-landing-note"">
  <p><strong>Perche cercare voli per Kharkov qui.</strong> Questa pagina raccoglie un quadro rapido delle partenze italiane piu interessanti per Kharkov, con tariffe indicative e consigli per scegliere il periodo piu vantaggioso.</p>
</div>
<div class=""cpv-stat-grid"">
  <div class=""cpv-stat""><strong>EUR 108</strong><span>Prezzo indicativo da monitorare dalle principali aree aeroportuali italiane.</span></div>
  <div class=""cpv-stat""><strong>giugno</strong><span>Periodo spesso interessante per tenere sotto controllo la rotta.</span></div>
  <div class=""cpv-stat""><strong>9</strong><span>Aeroporti italiani prioritari da confrontare per questa destinazione.</span></div>
</div>
<h2>Offerte voli per Kharkov</h2>
<p>Per trovare il miglior equilibrio tra prezzo, durata e comfort, conviene verificare piu aeroporti di partenza italiani e confrontare giorni feriali e weekend.</p>
<table>
  <thead>
    <tr><th>Partenza</th><th>Prezzo da</th><th>Durata indicativa</th><th>Mese da monitorare</th></tr>
  </thead>
  <tbody>
    <tr><td>Leonardo da Vinci-Fiumicino Airport (FCO)</td><td>EUR 112</td><td>3h 30</td><td>ottobre</td></tr><tr><td>Ciampino-G. B. Pastine International Airport (CIA)</td><td>EUR 92</td><td>11h 10</td><td>febbraio</td></tr><tr><td>Milano Malpensa Airport (MXP)</td><td>EUR 163</td><td>9h 00</td><td>gennaio</td></tr><tr><td>Orio al Serio International Airport (BGY)</td><td>EUR 97</td><td>5h 00</td><td>luglio</td></tr><tr><td>Milano Linate Airport (LIN)</td><td>EUR 48</td><td>8h 50</td><td>giugno</td></tr><tr><td>Naples International Airport (NAP)</td><td>EUR 53</td><td>10h 40</td><td>novembre</td></tr><tr><td>Venice Marco Polo Airport (VCE)</td><td>EUR 25</td><td>5h 00</td><td>luglio</td></tr><tr><td>Catania-Fontanarossa Airport (CTA)</td><td>EUR 51</td><td>6h 20</td><td>settembre</td></tr><tr><td>Guglielmo Marconi Airport (BLQ)</td><td>EUR 187</td><td>3h 00</td><td>gennaio</td></tr>
  </tbody>
</table>
<h2>Aeroporti italiani da cui conviene partire</h2>
<div class=""cpv-chip-list""><span class=""cpv-chip"">Leonardo da Vinci-Fiumicino Airport</span><span class=""cpv-chip"">Ciampino-G. B. Pastine International Airport</span><span class=""cpv-chip"">Milano Malpensa Airport</span><span class=""cpv-chip"">Orio al Serio International Airport</span><span class=""cpv-chip"">Milano Linate Airport</span><span class=""cpv-chip"">Naples International Airport</span></div>
<div class=""cpv-landing-grid"">
  <div class=""cpv-landing-card""><strong>City break</strong><p>Se Kharkov e una meta urbana, le partenze del venerdi e del sabato sono spesso le piu monitorate.</p></div>
  <div class=""cpv-landing-card""><strong>Viaggi stagionali</strong><p>In alcuni periodi dell'anno le tariffe possono variare molto, soprattutto vicino ai ponti e alle festivita.</p></div>
  <div class=""cpv-landing-card""><strong>Confronto rapido</strong><p>Valuta aeroporti maggiori e secondari per capire se un piccolo spostamento porta a un risparmio concreto.</p></div>
</div>
<h2>Domande frequenti sui voli per Kharkov</h2>
<div class=""cpv-faq"">
  <details><summary>Qual e il modo migliore per cercare voli per Kharkov?</summary><p>Confronta piu aeroporti italiani, prova date flessibili e verifica anche partenze infrasettimanali per migliorare le possibilita di risparmio.</p></details>
  <details><summary>Meglio volo diretto o con scalo?</summary><p>Per tratte medio-brevi il diretto e spesso la scelta piu comoda, mentre su alcune rotte uno scalo puo ridurre il prezzo finale.</p></details>
  <details><summary>Quando controllare i prezzi per Kharkov?</summary><p>Vale la pena iniziare a monitorare la rotta in anticipo e verificare con regolarita i giorni piu vicini alla partenza ideale.</p></details>
</div>","Voli per citta|Voli in Europa",city,HRK,/voli-per/kharkov/,"Voli per Kharkov (HRK): offerte e guide | ConfrontaPrezziVoli","Trova voli per Kharkov dai principali aeroporti italiani. Tariffe indicative da EUR 108 e consigli per scegliere il periodo migliore.","voli per Kharkov",cities,"Mese tipicamente conveniente: giugno"
post,publish,"Voli per Khartoum (KRT): offerte, compagnie e periodo migliore per prenotare",voli-per-khartoum-krt,"Confronta voli per Khartoum dai principali aeroporti italiani. Scopri prezzi indicativi, compagnie e consigli utili per organizzare la partenza.","<div class=""cpv-landing-note"">
  <p><strong>Perche cercare voli per Khartoum qui.</strong> Questa pagina raccoglie un quadro rapido delle partenze italiane piu interessanti per Khartoum, con tariffe indicative e consigli per scegliere il periodo piu vantaggioso.</p>
</div>
<div class=""cpv-stat-grid"">
  <div class=""cpv-stat""><strong>EUR 36</strong><span>Prezzo indicativo da monitorare dalle principali aree aeroportuali italiane.</span></div>
  <div class=""cpv-stat""><strong>giugno</strong><span>Periodo spesso interessante per tenere sotto controllo la rotta.</span></div>
  <div class=""cpv-stat""><strong>9</strong><span>Aeroporti italiani prioritari da confrontare per questa destinazione.</span></div>
</div>
<h2>Offerte voli per Khartoum</h2>
<p>Per trovare il miglior equilibrio tra prezzo, durata e comfort, conviene verificare piu aeroporti di partenza italiani e confrontare giorni feriali e weekend.</p>
<table>
  <thead>
    <tr><th>Partenza</th><th>Prezzo da</th><th>Durata indicativa</th><th>Mese da monitorare</th></tr>
  </thead>
  <tbody>
    <tr><td>Leonardo da Vinci-Fiumicino Airport (FCO)</td><td>EUR 152</td><td>7h 10</td><td>febbraio</td></tr><tr><td>Ciampino-G. B. Pastine International Airport (CIA)</td><td>EUR 184</td><td>11h 30</td><td>ottobre</td></tr><tr><td>Milano Malpensa Airport (MXP)</td><td>EUR 131</td><td>11h 40</td><td>maggio</td></tr><tr><td>Orio al Serio International Airport (BGY)</td><td>EUR 197</td><td>11h 40</td><td>novembre</td></tr><tr><td>Milano Linate Airport (LIN)</td><td>EUR 28</td><td>8h 30</td><td>ottobre</td></tr><tr><td>Naples International Airport (NAP)</td><td>EUR 157</td><td>5h 00</td><td>luglio</td></tr><tr><td>Venice Marco Polo Airport (VCE)</td><td>EUR 53</td><td>3h 40</td><td>novembre</td></tr><tr><td>Catania-Fontanarossa Airport (CTA)</td><td>EUR 191</td><td>3h 40</td><td>maggio</td></tr><tr><td>Guglielmo Marconi Airport (BLQ)</td><td>EUR 123</td><td>4h 20</td><td>settembre</td></tr>
  </tbody>
</table>
<h2>Aeroporti italiani da cui conviene partire</h2>
<div class=""cpv-chip-list""><span class=""cpv-chip"">Leonardo da Vinci-Fiumicino Airport</span><span class=""cpv-chip"">Ciampino-G. B. Pastine International Airport</span><span class=""cpv-chip"">Milano Malpensa Airport</span><span class=""cpv-chip"">Orio al Serio International Airport</span><span class=""cpv-chip"">Milano Linate Airport</span><span class=""cpv-chip"">Naples International Airport</span></div>
<div class=""cpv-landing-grid"">
  <div class=""cpv-landing-card""><strong>City break</strong><p>Se Khartoum e una meta urbana, le partenze del venerdi e del sabato sono spesso le piu monitorate.</p></div>
  <div class=""cpv-landing-card""><strong>Viaggi stagionali</strong><p>In alcuni periodi dell'anno le tariffe possono variare molto, soprattutto vicino ai ponti e alle festivita.</p></div>
  <div class=""cpv-landing-card""><strong>Confronto rapido</strong><p>Valuta aeroporti maggiori e secondari per capire se un piccolo spostamento porta a un risparmio concreto.</p></div>
</div>
<h2>Domande frequenti sui voli per Khartoum</h2>
<div class=""cpv-faq"">
  <details><summary>Qual e il modo migliore per cercare voli per Khartoum?</summary><p>Confronta piu aeroporti italiani, prova date flessibili e verifica anche partenze infrasettimanali per migliorare le possibilita di risparmio.</p></details>
  <details><summary>Meglio volo diretto o con scalo?</summary><p>Per tratte medio-brevi il diretto e spesso la scelta piu comoda, mentre su alcune rotte uno scalo puo ridurre il prezzo finale.</p></details>
  <details><summary>Quando controllare i prezzi per Khartoum?</summary><p>Vale la pena iniziare a monitorare la rotta in anticipo e verificare con regolarita i giorni piu vicini alla partenza ideale.</p></details>
</div>","Voli per citta|Voli intercontinentali",city,KRT,/voli-per/khartoum/,"Voli per Khartoum (KRT): offerte e guide | ConfrontaPrezziVoli","Trova voli per Khartoum dai principali aeroporti italiani. Tariffe indicative da EUR 36 e consigli per scegliere il periodo migliore.","voli per Khartoum",cities,"Mese tipicamente conveniente: giugno"
post,publish,"Voli per Khasab (KHS): offerte, compagnie e periodo migliore per prenotare",voli-per-khasab-khs,"Confronta voli per Khasab dai principali aeroporti italiani. Scopri prezzi indicativi, compagnie e consigli utili per organizzare la partenza.","<div class=""cpv-landing-note"">
  <p><strong>Perche cercare voli per Khasab qui.</strong> Questa pagina raccoglie un quadro rapido delle partenze italiane piu interessanti per Khasab, con tariffe indicative e consigli per scegliere il periodo piu vantaggioso.</p>
</div>
<div class=""cpv-stat-grid"">
  <div class=""cpv-stat""><strong>EUR 180</strong><span>Prezzo indicativo da monitorare dalle principali aree aeroportuali italiane.</span></div>
  <div class=""cpv-stat""><strong>giugno</strong><span>Periodo spesso interessante per tenere sotto controllo la rotta.</span></div>
  <div class=""cpv-stat""><strong>9</strong><span>Aeroporti italiani prioritari da confrontare per questa destinazione.</span></div>
</div>
<h2>Offerte voli per Khasab</h2>
<p>Per trovare il miglior equilibrio tra prezzo, durata e comfort, conviene verificare piu aeroporti di partenza italiani e confrontare giorni feriali e weekend.</p>
<table>
  <thead>
    <tr><th>Partenza</th><th>Prezzo da</th><th>Durata indicativa</th><th>Mese da monitorare</th></tr>
  </thead>
  <tbody>
    <tr><td>Leonardo da Vinci-Fiumicino Airport (FCO)</td><td>EUR 52</td><td>9h 30</td><td>ottobre</td></tr><tr><td>Ciampino-G. B. Pastine International Airport (CIA)</td><td>EUR 88</td><td>9h 30</td><td>ottobre</td></tr><tr><td>Milano Malpensa Airport (MXP)</td><td>EUR 107</td><td>6h 40</td><td>maggio</td></tr><tr><td>Orio al Serio International Airport (BGY)</td><td>EUR 85</td><td>4h 00</td><td>luglio</td></tr><tr><td>Milano Linate Airport (LIN)</td><td>EUR 88</td><td>5h 30</td><td>ottobre</td></tr><tr><td>Naples International Airport (NAP)</td><td>EUR 153</td><td>8h 20</td><td>marzo</td></tr><tr><td>Venice Marco Polo Airport (VCE)</td><td>EUR 45</td><td>6h 20</td><td>marzo</td></tr><tr><td>Catania-Fontanarossa Airport (CTA)</td><td>EUR 23</td><td>2h 40</td><td>maggio</td></tr><tr><td>Guglielmo Marconi Airport (BLQ)</td><td>EUR 111</td><td>6h 20</td><td>settembre</td></tr>
  </tbody>
</table>
<h2>Aeroporti italiani da cui conviene partire</h2>
<div class=""cpv-chip-list""><span class=""cpv-chip"">Leonardo da Vinci-Fiumicino Airport</span><span class=""cpv-chip"">Ciampino-G. B. Pastine International Airport</span><span class=""cpv-chip"">Milano Malpensa Airport</span><span class=""cpv-chip"">Orio al Serio International Airport</span><span class=""cpv-chip"">Milano Linate Airport</span><span class=""cpv-chip"">Naples International Airport</span></div>
<div class=""cpv-landing-grid"">
  <div class=""cpv-landing-card""><strong>City break</strong><p>Se Khasab e una meta urbana, le partenze del venerdi e del sabato sono spesso le piu monitorate.</p></div>
  <div class=""cpv-landing-card""><strong>Viaggi stagionali</strong><p>In alcuni periodi dell'anno le tariffe possono variare molto, soprattutto vicino ai ponti e alle festivita.</p></div>
  <div class=""cpv-landing-card""><strong>Confronto rapido</strong><p>Valuta aeroporti maggiori e secondari per capire se un piccolo spostamento porta a un risparmio concreto.</p></div>
</div>
<h2>Domande frequenti sui voli per Khasab</h2>
<div class=""cpv-faq"">
  <details><summary>Qual e il modo migliore per cercare voli per Khasab?</summary><p>Confronta piu aeroporti italiani, prova date flessibili e verifica anche partenze infrasettimanali per migliorare le possibilita di risparmio.</p></details>
  <details><summary>Meglio volo diretto o con scalo?</summary><p>Per tratte medio-brevi il diretto e spesso la scelta piu comoda, mentre su alcune rotte uno scalo puo ridurre il prezzo finale.</p></details>
  <details><summary>Quando controllare i prezzi per Khasab?</summary><p>Vale la pena iniziare a monitorare la rotta in anticipo e verificare con regolarita i giorni piu vicini alla partenza ideale.</p></details>
</div>","Voli per citta|Voli intercontinentali",city,KHS,/voli-per/khasab/,"Voli per Khasab (KHS): offerte e guide | ConfrontaPrezziVoli","Trova voli per Khasab dai principali aeroporti italiani. Tariffe indicative da EUR 180 e consigli per scegliere il periodo migliore.","voli per Khasab",cities,"Mese tipicamente conveniente: giugno"
post,publish,"Voli per Kherpuchi (ХРП): offerte, compagnie e periodo migliore per prenotare",voli-per-kherpuchi-ХРП,"Confronta voli per Kherpuchi dai principali aeroporti italiani. Scopri prezzi indicativi, compagnie e consigli utili per organizzare la partenza.","<div class=""cpv-landing-note"">
  <p><strong>Perche cercare voli per Kherpuchi qui.</strong> Questa pagina raccoglie un quadro rapido delle partenze italiane piu interessanti per Kherpuchi, con tariffe indicative e consigli per scegliere il periodo piu vantaggioso.</p>
</div>
<div class=""cpv-stat-grid"">
  <div class=""cpv-stat""><strong>EUR 119</strong><span>Prezzo indicativo da monitorare dalle principali aree aeroportuali italiane.</span></div>
  <div class=""cpv-stat""><strong>maggio</strong><span>Periodo spesso interessante per tenere sotto controllo la rotta.</span></div>
  <div class=""cpv-stat""><strong>9</strong><span>Aeroporti italiani prioritari da confrontare per questa destinazione.</span></div>
</div>
<h2>Offerte voli per Kherpuchi</h2>
<p>Per trovare il miglior equilibrio tra prezzo, durata e comfort, conviene verificare piu aeroporti di partenza italiani e confrontare giorni feriali e weekend.</p>
<table>
  <thead>
    <tr><th>Partenza</th><th>Prezzo da</th><th>Durata indicativa</th><th>Mese da monitorare</th></tr>
  </thead>
  <tbody>
    <tr><td>Leonardo da Vinci-Fiumicino Airport (FCO)</td><td>EUR 109</td><td>4h 00</td><td>luglio</td></tr><tr><td>Ciampino-G. B. Pastine International Airport (CIA)</td><td>EUR 133</td><td>6h 00</td><td>luglio</td></tr><tr><td>Milano Malpensa Airport (MXP)</td><td>EUR 137</td><td>7h 40</td><td>novembre</td></tr><tr><td>Orio al Serio International Airport (BGY)</td><td>EUR 171</td><td>4h 20</td><td>settembre</td></tr><tr><td>Milano Linate Airport (LIN)</td><td>EUR 102</td><td>5h 50</td><td>dicembre</td></tr><tr><td>Naples International Airport (NAP)</td><td>EUR 62</td><td>4h 10</td><td>agosto</td></tr><tr><td>Venice Marco Polo Airport (VCE)</td><td>EUR 73</td><td>5h 00</td><td>luglio</td></tr><tr><td>Catania-Fontanarossa Airport (CTA)</td><td>EUR 143</td><td>4h 40</td><td>maggio</td></tr><tr><td>Guglielmo Marconi Airport (BLQ)</td><td>EUR 171</td><td>3h 20</td><td>settembre</td></tr>
  </tbody>
</table>
<h2>Aeroporti italiani da cui conviene partire</h2>
<div class=""cpv-chip-list""><span class=""cpv-chip"">Leonardo da Vinci-Fiumicino Airport</span><span class=""cpv-chip"">Ciampino-G. B. Pastine International Airport</span><span class=""cpv-chip"">Milano Malpensa Airport</span><span class=""cpv-chip"">Orio al Serio International Airport</span><span class=""cpv-chip"">Milano Linate Airport</span><span class=""cpv-chip"">Naples International Airport</span></div>
<div class=""cpv-landing-grid"">
  <div class=""cpv-landing-card""><strong>City break</strong><p>Se Kherpuchi e una meta urbana, le partenze del venerdi e del sabato sono spesso le piu monitorate.</p></div>
  <div class=""cpv-landing-card""><strong>Viaggi stagionali</strong><p>In alcuni periodi dell'anno le tariffe possono variare molto, soprattutto vicino ai ponti e alle festivita.</p></div>
  <div class=""cpv-landing-card""><strong>Confronto rapido</strong><p>Valuta aeroporti maggiori e secondari per capire se un piccolo spostamento porta a un risparmio concreto.</p></div>
</div>
<h2>Domande frequenti sui voli per Kherpuchi</h2>
<div class=""cpv-faq"">
  <details><summary>Qual e il modo migliore per cercare voli per Kherpuchi?</summary><p>Confronta piu aeroporti italiani, prova date flessibili e verifica anche partenze infrasettimanali per migliorare le possibilita di risparmio.</p></details>
  <details><summary>Meglio volo diretto o con scalo?</summary><p>Per tratte medio-brevi il diretto e spesso la scelta piu comoda, mentre su alcune rotte uno scalo puo ridurre il prezzo finale.</p></details>
  <details><summary>Quando controllare i prezzi per Kherpuchi?</summary><p>Vale la pena iniziare a monitorare la rotta in anticipo e verificare con regolarita i giorni piu vicini alla partenza ideale.</p></details>
</div>","Voli per citta|Voli intercontinentali",city,ХРП,/voli-per/kherpuchi/,"Voli per Kherpuchi (ХРП): offerte e guide | ConfrontaPrezziVoli","Trova voli per Kherpuchi dai principali aeroporti italiani. Tariffe indicative da EUR 119 e consigli per scegliere il periodo migliore.","voli per Kherpuchi",cities,"Mese tipicamente conveniente: maggio"
post,publish,"Voli per Khon Kaen (KKC): offerte, compagnie e periodo migliore per prenotare",voli-per-khon-kaen-kkc,"Confronta voli per Khon Kaen dai principali aeroporti italiani. Scopri prezzi indicativi, compagnie e consigli utili per organizzare la partenza.","<div class=""cpv-landing-note"">
  <p><strong>Perche cercare voli per Khon Kaen qui.</strong> Questa pagina raccoglie un quadro rapido delle partenze italiane piu interessanti per Khon Kaen, con tariffe indicative e consigli per scegliere il periodo piu vantaggioso.</p>
</div>
<div class=""cpv-stat-grid"">
  <div class=""cpv-stat""><strong>EUR 73</strong><span>Prezzo indicativo da monitorare dalle principali aree aeroportuali italiane.</span></div>
  <div class=""cpv-stat""><strong>luglio</strong><span>Periodo spesso interessante per tenere sotto controllo la rotta.</span></div>
  <div class=""cpv-stat""><strong>9</strong><span>Aeroporti italiani prioritari da confrontare per questa destinazione.</span></div>
</div>
<h2>Offerte voli per Khon Kaen</h2>
<p>Per trovare il miglior equilibrio tra prezzo, durata e comfort, conviene verificare piu aeroporti di partenza italiani e confrontare giorni feriali e weekend.</p>
<table>
  <thead>
    <tr><th>Partenza</th><th>Prezzo da</th><th>Durata indicativa</th><th>Mese da monitorare</th></tr>
  </thead>
  <tbody>
    <tr><td>Leonardo da Vinci-Fiumicino Airport (FCO)</td><td>EUR 165</td><td>11h 20</td><td>marzo</td></tr><tr><td>Ciampino-G. B. Pastine International Airport (CIA)</td><td>EUR 65</td><td>9h 40</td><td>novembre</td></tr><tr><td>Milano Malpensa Airport (MXP)</td><td>EUR 66</td><td>6h 50</td><td>dicembre</td></tr><tr><td>Orio al Serio International Airport (BGY)</td><td>EUR 128</td><td>5h 10</td><td>febbraio</td></tr><tr><td>Milano Linate Airport (LIN)</td><td>EUR 141</td><td>3h 20</td><td>marzo</td></tr><tr><td>Naples International Airport (NAP)</td><td>EUR 160</td><td>5h 30</td><td>ottobre</td></tr><tr><td>Venice Marco Polo Airport (VCE)</td><td>EUR 116</td><td>3h 10</td><td>febbraio</td></tr><tr><td>Catania-Fontanarossa Airport (CTA)</td><td>EUR 94</td><td>1h 30</td><td>aprile</td></tr><tr><td>Guglielmo Marconi Airport (BLQ)</td><td>EUR 102</td><td>6h 50</td><td>dicembre</td></tr>
  </tbody>
</table>
<h2>Aeroporti italiani da cui conviene partire</h2>
<div class=""cpv-chip-list""><span class=""cpv-chip"">Leonardo da Vinci-Fiumicino Airport</span><span class=""cpv-chip"">Ciampino-G. B. Pastine International Airport</span><span class=""cpv-chip"">Milano Malpensa Airport</span><span class=""cpv-chip"">Orio al Serio International Airport</span><span class=""cpv-chip"">Milano Linate Airport</span><span class=""cpv-chip"">Naples International Airport</span></div>
<div class=""cpv-landing-grid"">
  <div class=""cpv-landing-card""><strong>City break</strong><p>Se Khon Kaen e una meta urbana, le partenze del venerdi e del sabato sono spesso le piu monitorate.</p></div>
  <div class=""cpv-landing-card""><strong>Viaggi stagionali</strong><p>In alcuni periodi dell'anno le tariffe possono variare molto, soprattutto vicino ai ponti e alle festivita.</p></div>
  <div class=""cpv-landing-card""><strong>Confronto rapido</strong><p>Valuta aeroporti maggiori e secondari per capire se un piccolo spostamento porta a un risparmio concreto.</p></div>
</div>
<h2>Domande frequenti sui voli per Khon Kaen</h2>
<div class=""cpv-faq"">
  <details><summary>Qual e il modo migliore per cercare voli per Khon Kaen?</summary><p>Confronta piu aeroporti italiani, prova date flessibili e verifica anche partenze infrasettimanali per migliorare le possibilita di risparmio.</p></details>
  <details><summary>Meglio volo diretto o con scalo?</summary><p>Per tratte medio-brevi il diretto e spesso la scelta piu comoda, mentre su alcune rotte uno scalo puo ridurre il prezzo finale.</p></details>
  <details><summary>Quando controllare i prezzi per Khon Kaen?</summary><p>Vale la pena iniziare a monitorare la rotta in anticipo e verificare con regolarita i giorni piu vicini alla partenza ideale.</p></details>
</div>","Voli per citta|Voli intercontinentali",city,KKC,/voli-per/khon-kaen/,"Voli per Khon Kaen (KKC): offerte e guide | ConfrontaPrezziVoli","Trova voli per Khon Kaen dai principali aeroporti italiani. Tariffe indicative da EUR 73 e consigli per scegliere il periodo migliore.","voli per Khon Kaen",cities,"Mese tipicamente conveniente: luglio"
post,publish,"Voli per Khonu (MQJ): offerte, compagnie e periodo migliore per prenotare",voli-per-khonu-mqj,"Confronta voli per Khonu dai principali aeroporti italiani. Scopri prezzi indicativi, compagnie e consigli utili per organizzare la partenza.","<div class=""cpv-landing-note"">
  <p><strong>Perche cercare voli per Khonu qui.</strong> Questa pagina raccoglie un quadro rapido delle partenze italiane piu interessanti per Khonu, con tariffe indicative e consigli per scegliere il periodo piu vantaggioso.</p>
</div>
<div class=""cpv-stat-grid"">
  <div class=""cpv-stat""><strong>EUR 150</strong><span>Prezzo indicativo da monitorare dalle principali aree aeroportuali italiane.</span></div>
  <div class=""cpv-stat""><strong>dicembre</strong><span>Periodo spesso interessante per tenere sotto controllo la rotta.</span></div>
  <div class=""cpv-stat""><strong>9</strong><span>Aeroporti italiani prioritari da confrontare per questa destinazione.</span></div>
</div>
<h2>Offerte voli per Khonu</h2>
<p>Per trovare il miglior equilibrio tra prezzo, durata e comfort, conviene verificare piu aeroporti di partenza italiani e confrontare giorni feriali e weekend.</p>
<table>
  <thead>
    <tr><th>Partenza</th><th>Prezzo da</th><th>Durata indicativa</th><th>Mese da monitorare</th></tr>
  </thead>
  <tbody>
    <tr><td>Leonardo da Vinci-Fiumicino Airport (FCO)</td><td>EUR 22</td><td>9h 30</td><td>aprile</td></tr><tr><td>Ciampino-G. B. Pastine International Airport (CIA)</td><td>EUR 118</td><td>6h 30</td><td>aprile</td></tr><tr><td>Milano Malpensa Airport (MXP)</td><td>EUR 181</td><td>4h 00</td><td>luglio</td></tr><tr><td>Orio al Serio International Airport (BGY)</td><td>EUR 55</td><td>5h 00</td><td>gennaio</td></tr><tr><td>Milano Linate Airport (LIN)</td><td>EUR 166</td><td>7h 30</td><td>aprile</td></tr><tr><td>Naples International Airport (NAP)</td><td>EUR 179</td><td>4h 40</td><td>maggio</td></tr><tr><td>Venice Marco Polo Airport (VCE)</td><td>EUR 115</td><td>10h 00</td><td>gennaio</td></tr><tr><td>Catania-Fontanarossa Airport (CTA)</td><td>EUR 89</td><td>6h 40</td><td>novembre</td></tr><tr><td>Guglielmo Marconi Airport (BLQ)</td><td>EUR 133</td><td>8h 00</td><td>luglio</td></tr>
  </tbody>
</table>
<h2>Aeroporti italiani da cui conviene partire</h2>
<div class=""cpv-chip-list""><span class=""cpv-chip"">Leonardo da Vinci-Fiumicino Airport</span><span class=""cpv-chip"">Ciampino-G. B. Pastine International Airport</span><span class=""cpv-chip"">Milano Malpensa Airport</span><span class=""cpv-chip"">Orio al Serio International Airport</span><span class=""cpv-chip"">Milano Linate Airport</span><span class=""cpv-chip"">Naples International Airport</span></div>
<div class=""cpv-landing-grid"">
  <div class=""cpv-landing-card""><strong>City break</strong><p>Se Khonu e una meta urbana, le partenze del venerdi e del sabato sono spesso le piu monitorate.</p></div>
  <div class=""cpv-landing-card""><strong>Viaggi stagionali</strong><p>In alcuni periodi dell'anno le tariffe possono variare molto, soprattutto vicino ai ponti e alle festivita.</p></div>
  <div class=""cpv-landing-card""><strong>Confronto rapido</strong><p>Valuta aeroporti maggiori e secondari per capire se un piccolo spostamento porta a un risparmio concreto.</p></div>
</div>
<h2>Domande frequenti sui voli per Khonu</h2>
<div class=""cpv-faq"">
  <details><summary>Qual e il modo migliore per cercare voli per Khonu?</summary><p>Confronta piu aeroporti italiani, prova date flessibili e verifica anche partenze infrasettimanali per migliorare le possibilita di risparmio.</p></details>
  <details><summary>Meglio volo diretto o con scalo?</summary><p>Per tratte medio-brevi il diretto e spesso la scelta piu comoda, mentre su alcune rotte uno scalo puo ridurre il prezzo finale.</p></details>
  <details><summary>Quando controllare i prezzi per Khonu?</summary><p>Vale la pena iniziare a monitorare la rotta in anticipo e verificare con regolarita i giorni piu vicini alla partenza ideale.</p></details>
</div>","Voli per citta|Voli intercontinentali",city,MQJ,/voli-per/khonu/,"Voli per Khonu (MQJ): offerte e guide | ConfrontaPrezziVoli","Trova voli per Khonu dai principali aeroporti italiani. Tariffe indicative da EUR 150 e consigli per scegliere il periodo migliore.","voli per Khonu",cities,"Mese tipicamente conveniente: dicembre"
post,publish,"Voli per Khost (KHT): offerte, compagnie e periodo migliore per prenotare",voli-per-khost-kht,"Confronta voli per Khost dai principali aeroporti italiani. Scopri prezzi indicativi, compagnie e consigli utili per organizzare la partenza.","<div class=""cpv-landing-note"">
  <p><strong>Perche cercare voli per Khost qui.</strong> Questa pagina raccoglie un quadro rapido delle partenze italiane piu interessanti per Khost, con tariffe indicative e consigli per scegliere il periodo piu vantaggioso.</p>
</div>
<div class=""cpv-stat-grid"">
  <div class=""cpv-stat""><strong>EUR 141</strong><span>Prezzo indicativo da monitorare dalle principali aree aeroportuali italiane.</span></div>
  <div class=""cpv-stat""><strong>marzo</strong><span>Periodo spesso interessante per tenere sotto controllo la rotta.</span></div>
  <div class=""cpv-stat""><strong>9</strong><span>Aeroporti italiani prioritari da confrontare per questa destinazione.</span></div>
</div>
<h2>Offerte voli per Khost</h2>
<p>Per trovare il miglior equilibrio tra prezzo, durata e comfort, conviene verificare piu aeroporti di partenza italiani e confrontare giorni feriali e weekend.</p>
<table>
  <thead>
    <tr><th>Partenza</th><th>Prezzo da</th><th>Durata indicativa</th><th>Mese da monitorare</th></tr>
  </thead>
  <tbody>
    <tr><td>Leonardo da Vinci-Fiumicino Airport (FCO)</td><td>EUR 113</td><td>3h 40</td><td>novembre</td></tr><tr><td>Ciampino-G. B. Pastine International Airport (CIA)</td><td>EUR 89</td><td>4h 40</td><td>novembre</td></tr><tr><td>Milano Malpensa Airport (MXP)</td><td>EUR 146</td><td>10h 10</td><td>agosto</td></tr><tr><td>Orio al Serio International Airport (BGY)</td><td>EUR 84</td><td>9h 50</td><td>giugno</td></tr><tr><td>Milano Linate Airport (LIN)</td><td>EUR 197</td><td>5h 40</td><td>novembre</td></tr><tr><td>Naples International Airport (NAP)</td><td>EUR 140</td><td>8h 10</td><td>febbraio</td></tr><tr><td>Venice Marco Polo Airport (VCE)</td><td>EUR 140</td><td>6h 10</td><td>febbraio</td></tr><tr><td>Catania-Fontanarossa Airport (CTA)</td><td>EUR 42</td><td>9h 50</td><td>dicembre</td></tr><tr><td>Guglielmo Marconi Airport (BLQ)</td><td>EUR 30</td><td>3h 50</td><td>dicembre</td></tr>
  </tbody>
</table>
<h2>Aeroporti italiani da cui conviene partire</h2>
<div class=""cpv-chip-list""><span class=""cpv-chip"">Leonardo da Vinci-Fiumicino Airport</span><span class=""cpv-chip"">Ciampino-G. B. Pastine International Airport</span><span class=""cpv-chip"">Milano Malpensa Airport</span><span class=""cpv-chip"">Orio al Serio International Airport</span><span class=""cpv-chip"">Milano Linate Airport</span><span class=""cpv-chip"">Naples International Airport</span></div>
<div class=""cpv-landing-grid"">
  <div class=""cpv-landing-card""><strong>City break</strong><p>Se Khost e una meta urbana, le partenze del venerdi e del sabato sono spesso le piu monitorate.</p></div>
  <div class=""cpv-landing-card""><strong>Viaggi stagionali</strong><p>In alcuni periodi dell'anno le tariffe possono variare molto, soprattutto vicino ai ponti e alle festivita.</p></div>
  <div class=""cpv-landing-card""><strong>Confronto rapido</strong><p>Valuta aeroporti maggiori e secondari per capire se un piccolo spostamento porta a un risparmio concreto.</p></div>
</div>
<h2>Domande frequenti sui voli per Khost</h2>
<div class=""cpv-faq"">
  <details><summary>Qual e il modo migliore per cercare voli per Khost?</summary><p>Confronta piu aeroporti italiani, prova date flessibili e verifica anche partenze infrasettimanali per migliorare le possibilita di risparmio.</p></details>
  <details><summary>Meglio volo diretto o con scalo?</summary><p>Per tratte medio-brevi il diretto e spesso la scelta piu comoda, mentre su alcune rotte uno scalo puo ridurre il prezzo finale.</p></details>
  <details><summary>Quando controllare i prezzi per Khost?</summary><p>Vale la pena iniziare a monitorare la rotta in anticipo e verificare con regolarita i giorni piu vicini alla partenza ideale.</p></details>
</div>","Voli per citta|Voli intercontinentali",city,KHT,/voli-per/khost/,"Voli per Khost (KHT): offerte e guide | ConfrontaPrezziVoli","Trova voli per Khost dai principali aeroporti italiani. Tariffe indicative da EUR 141 e consigli per scegliere il periodo migliore.","voli per Khost",cities,"Mese tipicamente conveniente: marzo"
post,publish,"Voli per Khovd (HVD): offerte, compagnie e periodo migliore per prenotare",voli-per-khovd-hvd,"Confronta voli per Khovd dai principali aeroporti italiani. Scopri prezzi indicativi, compagnie e consigli utili per organizzare la partenza.","<div class=""cpv-landing-note"">
  <p><strong>Perche cercare voli per Khovd qui.</strong> Questa pagina raccoglie un quadro rapido delle partenze italiane piu interessanti per Khovd, con tariffe indicative e consigli per scegliere il periodo piu vantaggioso.</p>
</div>
<div class=""cpv-stat-grid"">
  <div class=""cpv-stat""><strong>EUR 95</strong><span>Prezzo indicativo da monitorare dalle principali aree aeroportuali italiane.</span></div>
  <div class=""cpv-stat""><strong>maggio</strong><span>Periodo spesso interessante per tenere sotto controllo la rotta.</span></div>
  <div class=""cpv-stat""><strong>9</strong><span>Aeroporti italiani prioritari da confrontare per questa destinazione.</span></div>
</div>
<h2>Offerte voli per Khovd</h2>
<p>Per trovare il miglior equilibrio tra prezzo, durata e comfort, conviene verificare piu aeroporti di partenza italiani e confrontare giorni feriali e weekend.</p>
<table>
  <thead>
    <tr><th>Partenza</th><th>Prezzo da</th><th>Durata indicativa</th><th>Mese da monitorare</th></tr>
  </thead>
  <tbody>
    <tr><td>Leonardo da Vinci-Fiumicino Airport (FCO)</td><td>EUR 143</td><td>10h 40</td><td>maggio</td></tr><tr><td>Ciampino-G. B. Pastine International Airport (CIA)</td><td>EUR 191</td><td>9h 40</td><td>maggio</td></tr><tr><td>Milano Malpensa Airport (MXP)</td><td>EUR 192</td><td>10h 50</td><td>giugno</td></tr><tr><td>Orio al Serio International Airport (BGY)</td><td>EUR 78</td><td>5h 50</td><td>dicembre</td></tr><tr><td>Milano Linate Airport (LIN)</td><td>EUR 123</td><td>4h 20</td><td>settembre</td></tr><tr><td>Naples International Airport (NAP)</td><td>EUR 82</td><td>5h 30</td><td>aprile</td></tr><tr><td>Venice Marco Polo Airport (VCE)</td><td>EUR 146</td><td>5h 10</td><td>agosto</td></tr><tr><td>Catania-Fontanarossa Airport (CTA)</td><td>EUR 136</td><td>5h 30</td><td>ottobre</td></tr><tr><td>Guglielmo Marconi Airport (BLQ)</td><td>EUR 164</td><td>6h 10</td><td>febbraio</td></tr>
  </tbody>
</table>
<h2>Aeroporti italiani da cui conviene partire</h2>
<div class=""cpv-chip-list""><span class=""cpv-chip"">Leonardo da Vinci-Fiumicino Airport</span><span class=""cpv-chip"">Ciampino-G. B. Pastine International Airport</span><span class=""cpv-chip"">Milano Malpensa Airport</span><span class=""cpv-chip"">Orio al Serio International Airport</span><span class=""cpv-chip"">Milano Linate Airport</span><span class=""cpv-chip"">Naples International Airport</span></div>
<div class=""cpv-landing-grid"">
  <div class=""cpv-landing-card""><strong>City break</strong><p>Se Khovd e una meta urbana, le partenze del venerdi e del sabato sono spesso le piu monitorate.</p></div>
  <div class=""cpv-landing-card""><strong>Viaggi stagionali</strong><p>In alcuni periodi dell'anno le tariffe possono variare molto, soprattutto vicino ai ponti e alle festivita.</p></div>
  <div class=""cpv-landing-card""><strong>Confronto rapido</strong><p>Valuta aeroporti maggiori e secondari per capire se un piccolo spostamento porta a un risparmio concreto.</p></div>
</div>
<h2>Domande frequenti sui voli per Khovd</h2>
<div class=""cpv-faq"">
  <details><summary>Qual e il modo migliore per cercare voli per Khovd?</summary><p>Confronta piu aeroporti italiani, prova date flessibili e verifica anche partenze infrasettimanali per migliorare le possibilita di risparmio.</p></details>
  <details><summary>Meglio volo diretto o con scalo?</summary><p>Per tratte medio-brevi il diretto e spesso la scelta piu comoda, mentre su alcune rotte uno scalo puo ridurre il prezzo finale.</p></details>
  <details><summary>Quando controllare i prezzi per Khovd?</summary><p>Vale la pena iniziare a monitorare la rotta in anticipo e verificare con regolarita i giorni piu vicini alla partenza ideale.</p></details>
</div>","Voli per citta|Voli intercontinentali",city,HVD,/voli-per/khovd/,"Voli per Khovd (HVD): offerte e guide | ConfrontaPrezziVoli","Trova voli per Khovd dai principali aeroporti italiani. Tariffe indicative da EUR 95 e consigli per scegliere il periodo migliore.","voli per Khovd",cities,"Mese tipicamente conveniente: maggio"
post,publish,"Voli per Khujand (LBD): offerte, compagnie e periodo migliore per prenotare",voli-per-khujand-lbd,"Confronta voli per Khujand dai principali aeroporti italiani. Scopri prezzi indicativi, compagnie e consigli utili per organizzare la partenza.","<div class=""cpv-landing-note"">
  <p><strong>Perche cercare voli per Khujand qui.</strong> Questa pagina raccoglie un quadro rapido delle partenze italiane piu interessanti per Khujand, con tariffe indicative e consigli per scegliere il periodo piu vantaggioso.</p>
</div>
<div class=""cpv-stat-grid"">
  <div class=""cpv-stat""><strong>EUR 156</strong><span>Prezzo indicativo da monitorare dalle principali aree aeroportuali italiane.</span></div>
  <div class=""cpv-stat""><strong>giugno</strong><span>Periodo spesso interessante per tenere sotto controllo la rotta.</span></div>
  <div class=""cpv-stat""><strong>9</strong><span>Aeroporti italiani prioritari da confrontare per questa destinazione.</span></div>
</div>
<h2>Offerte voli per Khujand</h2>
<p>Per trovare il miglior equilibrio tra prezzo, durata e comfort, conviene verificare piu aeroporti di partenza italiani e confrontare giorni feriali e weekend.</p>
<table>
  <thead>
    <tr><th>Partenza</th><th>Prezzo da</th><th>Durata indicativa</th><th>Mese da monitorare</th></tr>
  </thead>
  <tbody>
    <tr><td>Leonardo da Vinci-Fiumicino Airport (FCO)</td><td>EUR 68</td><td>7h 10</td><td>febbraio</td></tr><tr><td>Ciampino-G. B. Pastine International Airport (CIA)</td><td>EUR 36</td><td>1h 50</td><td>giugno</td></tr><tr><td>Milano Malpensa Airport (MXP)</td><td>EUR 75</td><td>6h 20</td><td>settembre</td></tr><tr><td>Orio al Serio International Airport (BGY)</td><td>EUR 137</td><td>7h 40</td><td>novembre</td></tr><tr><td>Milano Linate Airport (LIN)</td><td>EUR 192</td><td>5h 50</td><td>giugno</td></tr><tr><td>Naples International Airport (NAP)</td><td>EUR 117</td><td>10h 20</td><td>marzo</td></tr><tr><td>Venice Marco Polo Airport (VCE)</td><td>EUR 145</td><td>1h 00</td><td>luglio</td></tr><tr><td>Catania-Fontanarossa Airport (CTA)</td><td>EUR 31</td><td>3h 00</td><td>gennaio</td></tr><tr><td>Guglielmo Marconi Airport (BLQ)</td><td>EUR 103</td><td>11h 00</td><td>gennaio</td></tr>
  </tbody>
</table>
<h2>Aeroporti italiani da cui conviene partire</h2>
<div class=""cpv-chip-list""><span class=""cpv-chip"">Leonardo da Vinci-Fiumicino Airport</span><span class=""cpv-chip"">Ciampino-G. B. Pastine International Airport</span><span class=""cpv-chip"">Milano Malpensa Airport</span><span class=""cpv-chip"">Orio al Serio International Airport</span><span class=""cpv-chip"">Milano Linate Airport</span><span class=""cpv-chip"">Naples International Airport</span></div>
<div class=""cpv-landing-grid"">
  <div class=""cpv-landing-card""><strong>City break</strong><p>Se Khujand e una meta urbana, le partenze del venerdi e del sabato sono spesso le piu monitorate.</p></div>
  <div class=""cpv-landing-card""><strong>Viaggi stagionali</strong><p>In alcuni periodi dell'anno le tariffe possono variare molto, soprattutto vicino ai ponti e alle festivita.</p></div>
  <div class=""cpv-landing-card""><strong>Confronto rapido</strong><p>Valuta aeroporti maggiori e secondari per capire se un piccolo spostamento porta a un risparmio concreto.</p></div>
</div>
<h2>Domande frequenti sui voli per Khujand</h2>
<div class=""cpv-faq"">
  <details><summary>Qual e il modo migliore per cercare voli per Khujand?</summary><p>Confronta piu aeroporti italiani, prova date flessibili e verifica anche partenze infrasettimanali per migliorare le possibilita di risparmio.</p></details>
  <details><summary>Meglio volo diretto o con scalo?</summary><p>Per tratte medio-brevi il diretto e spesso la scelta piu comoda, mentre su alcune rotte uno scalo puo ridurre il prezzo finale.</p></details>
  <details><summary>Quando controllare i prezzi per Khujand?</summary><p>Vale la pena iniziare a monitorare la rotta in anticipo e verificare con regolarita i giorni piu vicini alla partenza ideale.</p></details>
</div>","Voli per citta|Voli intercontinentali",city,LBD,/voli-per/khujand/,"Voli per Khujand (LBD): offerte e guide | ConfrontaPrezziVoli","Trova voli per Khujand dai principali aeroporti italiani. Tariffe indicative da EUR 156 e consigli per scegliere il periodo migliore.","voli per Khujand",cities,"Mese tipicamente conveniente: giugno"
post,publish,"Voli per Khuzhir (ХЖР): offerte, compagnie e periodo migliore per prenotare",voli-per-khuzhir-ХЖР,"Confronta voli per Khuzhir dai principali aeroporti italiani. Scopri prezzi indicativi, compagnie e consigli utili per organizzare la partenza.","<div class=""cpv-landing-note"">
  <p><strong>Perche cercare voli per Khuzhir qui.</strong> Questa pagina raccoglie un quadro rapido delle partenze italiane piu interessanti per Khuzhir, con tariffe indicative e consigli per scegliere il periodo piu vantaggioso.</p>
</div>
<div class=""cpv-stat-grid"">
  <div class=""cpv-stat""><strong>EUR 98</strong><span>Prezzo indicativo da monitorare dalle principali aree aeroportuali italiane.</span></div>
  <div class=""cpv-stat""><strong>agosto</strong><span>Periodo spesso interessante per tenere sotto controllo la rotta.</span></div>
  <div class=""cpv-stat""><strong>9</strong><span>Aeroporti italiani prioritari da confrontare per questa destinazione.</span></div>
</div>
<h2>Offerte voli per Khuzhir</h2>
<p>Per trovare il miglior equilibrio tra prezzo, durata e comfort, conviene verificare piu aeroporti di partenza italiani e confrontare giorni feriali e weekend.</p>
<table>
  <thead>
    <tr><th>Partenza</th><th>Prezzo da</th><th>Durata indicativa</th><th>Mese da monitorare</th></tr>
  </thead>
  <tbody>
    <tr><td>Leonardo da Vinci-Fiumicino Airport (FCO)</td><td>EUR 192</td><td>5h 50</td><td>giugno</td></tr><tr><td>Ciampino-G. B. Pastine International Airport (CIA)</td><td>EUR 68</td><td>8h 10</td><td>febbraio</td></tr><tr><td>Milano Malpensa Airport (MXP)</td><td>EUR 80</td><td>4h 10</td><td>febbraio</td></tr><tr><td>Orio al Serio International Airport (BGY)</td><td>EUR 114</td><td>1h 50</td><td>dicembre</td></tr><tr><td>Milano Linate Airport (LIN)</td><td>EUR 35</td><td>5h 40</td><td>maggio</td></tr><tr><td>Naples International Airport (NAP)</td><td>EUR 167</td><td>8h 40</td><td>maggio</td></tr><tr><td>Venice Marco Polo Airport (VCE)</td><td>EUR 28</td><td>5h 30</td><td>ottobre</td></tr><tr><td>Catania-Fontanarossa Airport (CTA)</td><td>EUR 170</td><td>1h 10</td><td>agosto</td></tr><tr><td>Guglielmo Marconi Airport (BLQ)</td><td>EUR 90</td><td>1h 50</td><td>dicembre</td></tr>
  </tbody>
</table>
<h2>Aeroporti italiani da cui conviene partire</h2>
<div class=""cpv-chip-list""><span class=""cpv-chip"">Leonardo da Vinci-Fiumicino Airport</span><span class=""cpv-chip"">Ciampino-G. B. Pastine International Airport</span><span class=""cpv-chip"">Milano Malpensa Airport</span><span class=""cpv-chip"">Orio al Serio International Airport</span><span class=""cpv-chip"">Milano Linate Airport</span><span class=""cpv-chip"">Naples International Airport</span></div>
<div class=""cpv-landing-grid"">
  <div class=""cpv-landing-card""><strong>City break</strong><p>Se Khuzhir e una meta urbana, le partenze del venerdi e del sabato sono spesso le piu monitorate.</p></div>
  <div class=""cpv-landing-card""><strong>Viaggi stagionali</strong><p>In alcuni periodi dell'anno le tariffe possono variare molto, soprattutto vicino ai ponti e alle festivita.</p></div>
  <div class=""cpv-landing-card""><strong>Confronto rapido</strong><p>Valuta aeroporti maggiori e secondari per capire se un piccolo spostamento porta a un risparmio concreto.</p></div>
</div>
<h2>Domande frequenti sui voli per Khuzhir</h2>
<div class=""cpv-faq"">
  <details><summary>Qual e il modo migliore per cercare voli per Khuzhir?</summary><p>Confronta piu aeroporti italiani, prova date flessibili e verifica anche partenze infrasettimanali per migliorare le possibilita di risparmio.</p></details>
  <details><summary>Meglio volo diretto o con scalo?</summary><p>Per tratte medio-brevi il diretto e spesso la scelta piu comoda, mentre su alcune rotte uno scalo puo ridurre il prezzo finale.</p></details>
  <details><summary>Quando controllare i prezzi per Khuzhir?</summary><p>Vale la pena iniziare a monitorare la rotta in anticipo e verificare con regolarita i giorni piu vicini alla partenza ideale.</p></details>
</div>","Voli per citta|Voli intercontinentali",city,ХЖР,/voli-per/khuzhir/,"Voli per Khuzhir (ХЖР): offerte e guide | ConfrontaPrezziVoli","Trova voli per Khuzhir dai principali aeroporti italiani. Tariffe indicative da EUR 98 e consigli per scegliere il periodo migliore.","voli per Khuzhir",cities,"Mese tipicamente conveniente: agosto"
post,publish,"Voli per Kiana (IAN): offerte, compagnie e periodo migliore per prenotare",voli-per-kiana-ian,"Confronta voli per Kiana dai principali aeroporti italiani. Scopri prezzi indicativi, compagnie e consigli utili per organizzare la partenza.","<div class=""cpv-landing-note"">
  <p><strong>Perche cercare voli per Kiana qui.</strong> Questa pagina raccoglie un quadro rapido delle partenze italiane piu interessanti per Kiana, con tariffe indicative e consigli per scegliere il periodo piu vantaggioso.</p>
</div>
<div class=""cpv-stat-grid"">
  <div class=""cpv-stat""><strong>EUR 74</strong><span>Prezzo indicativo da monitorare dalle principali aree aeroportuali italiane.</span></div>
  <div class=""cpv-stat""><strong>agosto</strong><span>Periodo spesso interessante per tenere sotto controllo la rotta.</span></div>
  <div class=""cpv-stat""><strong>9</strong><span>Aeroporti italiani prioritari da confrontare per questa destinazione.</span></div>
</div>
<h2>Offerte voli per Kiana</h2>
<p>Per trovare il miglior equilibrio tra prezzo, durata e comfort, conviene verificare piu aeroporti di partenza italiani e confrontare giorni feriali e weekend.</p>
<table>
  <thead>
    <tr><th>Partenza</th><th>Prezzo da</th><th>Durata indicativa</th><th>Mese da monitorare</th></tr>
  </thead>
  <tbody>
    <tr><td>Leonardo da Vinci-Fiumicino Airport (FCO)</td><td>EUR 150</td><td>2h 50</td><td>dicembre</td></tr><tr><td>Ciampino-G. B. Pastine International Airport (CIA)</td><td>EUR 102</td><td>11h 50</td><td>dicembre</td></tr><tr><td>Milano Malpensa Airport (MXP)</td><td>EUR 129</td><td>5h 20</td><td>marzo</td></tr><tr><td>Orio al Serio International Airport (BGY)</td><td>EUR 87</td><td>4h 20</td><td>settembre</td></tr><tr><td>Milano Linate Airport (LIN)</td><td>EUR 66</td><td>3h 50</td><td>dicembre</td></tr><tr><td>Naples International Airport (NAP)</td><td>EUR 35</td><td>6h 40</td><td>maggio</td></tr><tr><td>Venice Marco Polo Airport (VCE)</td><td>EUR 163</td><td>1h 00</td><td>gennaio</td></tr><tr><td>Catania-Fontanarossa Airport (CTA)</td><td>EUR 157</td><td>6h 00</td><td>luglio</td></tr><tr><td>Guglielmo Marconi Airport (BLQ)</td><td>EUR 113</td><td>9h 40</td><td>novembre</td></tr>
  </tbody>
</table>
<h2>Aeroporti italiani da cui conviene partire</h2>
<div class=""cpv-chip-list""><span class=""cpv-chip"">Leonardo da Vinci-Fiumicino Airport</span><span class=""cpv-chip"">Ciampino-G. B. Pastine International Airport</span><span class=""cpv-chip"">Milano Malpensa Airport</span><span class=""cpv-chip"">Orio al Serio International Airport</span><span class=""cpv-chip"">Milano Linate Airport</span><span class=""cpv-chip"">Naples International Airport</span></div>
<div class=""cpv-landing-grid"">
  <div class=""cpv-landing-card""><strong>City break</strong><p>Se Kiana e una meta urbana, le partenze del venerdi e del sabato sono spesso le piu monitorate.</p></div>
  <div class=""cpv-landing-card""><strong>Viaggi stagionali</strong><p>In alcuni periodi dell'anno le tariffe possono variare molto, soprattutto vicino ai ponti e alle festivita.</p></div>
  <div class=""cpv-landing-card""><strong>Confronto rapido</strong><p>Valuta aeroporti maggiori e secondari per capire se un piccolo spostamento porta a un risparmio concreto.</p></div>
</div>
<h2>Domande frequenti sui voli per Kiana</h2>
<div class=""cpv-faq"">
  <details><summary>Qual e il modo migliore per cercare voli per Kiana?</summary><p>Confronta piu aeroporti italiani, prova date flessibili e verifica anche partenze infrasettimanali per migliorare le possibilita di risparmio.</p></details>
  <details><summary>Meglio volo diretto o con scalo?</summary><p>Per tratte medio-brevi il diretto e spesso la scelta piu comoda, mentre su alcune rotte uno scalo puo ridurre il prezzo finale.</p></details>
  <details><summary>Quando controllare i prezzi per Kiana?</summary><p>Vale la pena iniziare a monitorare la rotta in anticipo e verificare con regolarita i giorni piu vicini alla partenza ideale.</p></details>
</div>","Voli per citta|Voli intercontinentali",city,IAN,/voli-per/kiana/,"Voli per Kiana (IAN): offerte e guide | ConfrontaPrezziVoli","Trova voli per Kiana dai principali aeroporti italiani. Tariffe indicative da EUR 74 e consigli per scegliere il periodo migliore.","voli per Kiana",cities,"Mese tipicamente conveniente: agosto"
post,publish,"Voli per Kichwa Tembo (KTJ): offerte, compagnie e periodo migliore per prenotare",voli-per-kichwa-tembo-ktj,"Confronta voli per Kichwa Tembo dai principali aeroporti italiani. Scopri prezzi indicativi, compagnie e consigli utili per organizzare la partenza.","<div class=""cpv-landing-note"">
  <p><strong>Perche cercare voli per Kichwa Tembo qui.</strong> Questa pagina raccoglie un quadro rapido delle partenze italiane piu interessanti per Kichwa Tembo, con tariffe indicative e consigli per scegliere il periodo piu vantaggioso.</p>
</div>
<div class=""cpv-stat-grid"">
  <div class=""cpv-stat""><strong>EUR 155</strong><span>Prezzo indicativo da monitorare dalle principali aree aeroportuali italiane.</span></div>
  <div class=""cpv-stat""><strong>maggio</strong><span>Periodo spesso interessante per tenere sotto controllo la rotta.</span></div>
  <div class=""cpv-stat""><strong>9</strong><span>Aeroporti italiani prioritari da confrontare per questa destinazione.</span></div>
</div>
<h2>Offerte voli per Kichwa Tembo</h2>
<p>Per trovare il miglior equilibrio tra prezzo, durata e comfort, conviene verificare piu aeroporti di partenza italiani e confrontare giorni feriali e weekend.</p>
<table>
  <thead>
    <tr><th>Partenza</th><th>Prezzo da</th><th>Durata indicativa</th><th>Mese da monitorare</th></tr>
  </thead>
  <tbody>
    <tr><td>Leonardo da Vinci-Fiumicino Airport (FCO)</td><td>EUR 79</td><td>3h 00</td><td>gennaio</td></tr><tr><td>Ciampino-G. B. Pastine International Airport (CIA)</td><td>EUR 167</td><td>5h 40</td><td>maggio</td></tr><tr><td>Milano Malpensa Airport (MXP)</td><td>EUR 100</td><td>11h 30</td><td>ottobre</td></tr><tr><td>Orio al Serio International Airport (BGY)</td><td>EUR 106</td><td>3h 30</td><td>aprile</td></tr><tr><td>Milano Linate Airport (LIN)</td><td>EUR 67</td><td>10h 00</td><td>gennaio</td></tr><tr><td>Naples International Airport (NAP)</td><td>EUR 42</td><td>11h 50</td><td>dicembre</td></tr><tr><td>Venice Marco Polo Airport (VCE)</td><td>EUR 142</td><td>7h 30</td><td>aprile</td></tr><tr><td>Catania-Fontanarossa Airport (CTA)</td><td>EUR 144</td><td>7h 50</td><td>giugno</td></tr><tr><td>Guglielmo Marconi Airport (BLQ)</td><td>EUR 120</td><td>6h 50</td><td>giugno</td></tr>
  </tbody>
</table>
<h2>Aeroporti italiani da cui conviene partire</h2>
<div class=""cpv-chip-list""><span class=""cpv-chip"">Leonardo da Vinci-Fiumicino Airport</span><span class=""cpv-chip"">Ciampino-G. B. Pastine International Airport</span><span class=""cpv-chip"">Milano Malpensa Airport</span><span class=""cpv-chip"">Orio al Serio International Airport</span><span class=""cpv-chip"">Milano Linate Airport</span><span class=""cpv-chip"">Naples International Airport</span></div>
<div class=""cpv-landing-grid"">
  <div class=""cpv-landing-card""><strong>City break</strong><p>Se Kichwa Tembo e una meta urbana, le partenze del venerdi e del sabato sono spesso le piu monitorate.</p></div>
  <div class=""cpv-landing-card""><strong>Viaggi stagionali</strong><p>In alcuni periodi dell'anno le tariffe possono variare molto, soprattutto vicino ai ponti e alle festivita.</p></div>
  <div class=""cpv-landing-card""><strong>Confronto rapido</strong><p>Valuta aeroporti maggiori e secondari per capire se un piccolo spostamento porta a un risparmio concreto.</p></div>
</div>
<h2>Domande frequenti sui voli per Kichwa Tembo</h2>
<div class=""cpv-faq"">
  <details><summary>Qual e il modo migliore per cercare voli per Kichwa Tembo?</summary><p>Confronta piu aeroporti italiani, prova date flessibili e verifica anche partenze infrasettimanali per migliorare le possibilita di risparmio.</p></details>
  <details><summary>Meglio volo diretto o con scalo?</summary><p>Per tratte medio-brevi il diretto e spesso la scelta piu comoda, mentre su alcune rotte uno scalo puo ridurre il prezzo finale.</p></details>
  <details><summary>Quando controllare i prezzi per Kichwa Tembo?</summary><p>Vale la pena iniziare a monitorare la rotta in anticipo e verificare con regolarita i giorni piu vicini alla partenza ideale.</p></details>
</div>","Voli per citta|Voli intercontinentali",city,KTJ,/voli-per/kichwa-tembo/,"Voli per Kichwa Tembo (KTJ): offerte e guide | ConfrontaPrezziVoli","Trova voli per Kichwa Tembo dai principali aeroporti italiani. Tariffe indicative da EUR 155 e consigli per scegliere il periodo migliore.","voli per Kichwa Tembo",cities,"Mese tipicamente conveniente: maggio"
post,publish,"Voli per Kieta (KIE): offerte, compagnie e periodo migliore per prenotare",voli-per-kieta-kie,"Confronta voli per Kieta dai principali aeroporti italiani. Scopri prezzi indicativi, compagnie e consigli utili per organizzare la partenza.","<div class=""cpv-landing-note"">
  <p><strong>Perche cercare voli per Kieta qui.</strong> Questa pagina raccoglie un quadro rapido delle partenze italiane piu interessanti per Kieta, con tariffe indicative e consigli per scegliere il periodo piu vantaggioso.</p>
</div>
<div class=""cpv-stat-grid"">
  <div class=""cpv-stat""><strong>EUR 116</strong><span>Prezzo indicativo da monitorare dalle principali aree aeroportuali italiane.</span></div>
  <div class=""cpv-stat""><strong>febbraio</strong><span>Periodo spesso interessante per tenere sotto controllo la rotta.</span></div>
  <div class=""cpv-stat""><strong>9</strong><span>Aeroporti italiani prioritari da confrontare per questa destinazione.</span></div>
</div>
<h2>Offerte voli per Kieta</h2>
<p>Per trovare il miglior equilibrio tra prezzo, durata e comfort, conviene verificare piu aeroporti di partenza italiani e confrontare giorni feriali e weekend.</p>
<table>
  <thead>
    <tr><th>Partenza</th><th>Prezzo da</th><th>Durata indicativa</th><th>Mese da monitorare</th></tr>
  </thead>
  <tbody>
    <tr><td>Leonardo da Vinci-Fiumicino Airport (FCO)</td><td>EUR 28</td><td>3h 30</td><td>ottobre</td></tr><tr><td>Ciampino-G. B. Pastine International Airport (CIA)</td><td>EUR 144</td><td>9h 50</td><td>giugno</td></tr><tr><td>Milano Malpensa Airport (MXP)</td><td>EUR 131</td><td>11h 40</td><td>maggio</td></tr><tr><td>Orio al Serio International Airport (BGY)</td><td>EUR 149</td><td>6h 40</td><td>novembre</td></tr><tr><td>Milano Linate Airport (LIN)</td><td>EUR 48</td><td>2h 50</td><td>giugno</td></tr><tr><td>Naples International Airport (NAP)</td><td>EUR 109</td><td>3h 00</td><td>luglio</td></tr><tr><td>Venice Marco Polo Airport (VCE)</td><td>EUR 181</td><td>3h 00</td><td>luglio</td></tr><tr><td>Catania-Fontanarossa Airport (CTA)</td><td>EUR 119</td><td>3h 40</td><td>maggio</td></tr><tr><td>Guglielmo Marconi Airport (BLQ)</td><td>EUR 83</td><td>10h 40</td><td>maggio</td></tr>
  </tbody>
</table>
<h2>Aeroporti italiani da cui conviene partire</h2>
<div class=""cpv-chip-list""><span class=""cpv-chip"">Leonardo da Vinci-Fiumicino Airport</span><span class=""cpv-chip"">Ciampino-G. B. Pastine International Airport</span><span class=""cpv-chip"">Milano Malpensa Airport</span><span class=""cpv-chip"">Orio al Serio International Airport</span><span class=""cpv-chip"">Milano Linate Airport</span><span class=""cpv-chip"">Naples International Airport</span></div>
<div class=""cpv-landing-grid"">
  <div class=""cpv-landing-card""><strong>City break</strong><p>Se Kieta e una meta urbana, le partenze del venerdi e del sabato sono spesso le piu monitorate.</p></div>
  <div class=""cpv-landing-card""><strong>Viaggi stagionali</strong><p>In alcuni periodi dell'anno le tariffe possono variare molto, soprattutto vicino ai ponti e alle festivita.</p></div>
  <div class=""cpv-landing-card""><strong>Confronto rapido</strong><p>Valuta aeroporti maggiori e secondari per capire se un piccolo spostamento porta a un risparmio concreto.</p></div>
</div>
<h2>Domande frequenti sui voli per Kieta</h2>
<div class=""cpv-faq"">
  <details><summary>Qual e il modo migliore per cercare voli per Kieta?</summary><p>Confronta piu aeroporti italiani, prova date flessibili e verifica anche partenze infrasettimanali per migliorare le possibilita di risparmio.</p></details>
  <details><summary>Meglio volo diretto o con scalo?</summary><p>Per tratte medio-brevi il diretto e spesso la scelta piu comoda, mentre su alcune rotte uno scalo puo ridurre il prezzo finale.</p></details>
  <details><summary>Quando controllare i prezzi per Kieta?</summary><p>Vale la pena iniziare a monitorare la rotta in anticipo e verificare con regolarita i giorni piu vicini alla partenza ideale.</p></details>
</div>","Voli per citta|Voli intercontinentali",city,KIE,/voli-per/kieta/,"Voli per Kieta (KIE): offerte e guide | ConfrontaPrezziVoli","Trova voli per Kieta dai principali aeroporti italiani. Tariffe indicative da EUR 116 e consigli per scegliere il periodo migliore.","voli per Kieta",cities,"Mese tipicamente conveniente: febbraio"
post,publish,"Voli per Kigali (KGL): offerte, compagnie e periodo migliore per prenotare",voli-per-kigali-kgl,"Confronta voli per Kigali dai principali aeroporti italiani. Scopri prezzi indicativi, compagnie e consigli utili per organizzare la partenza.","<div class=""cpv-landing-note"">
  <p><strong>Perche cercare voli per Kigali qui.</strong> Questa pagina raccoglie un quadro rapido delle partenze italiane piu interessanti per Kigali, con tariffe indicative e consigli per scegliere il periodo piu vantaggioso.</p>
</div>
<div class=""cpv-stat-grid"">
  <div class=""cpv-stat""><strong>EUR 166</strong><span>Prezzo indicativo da monitorare dalle principali aree aeroportuali italiane.</span></div>
  <div class=""cpv-stat""><strong>aprile</strong><span>Periodo spesso interessante per tenere sotto controllo la rotta.</span></div>
  <div class=""cpv-stat""><strong>9</strong><span>Aeroporti italiani prioritari da confrontare per questa destinazione.</span></div>
</div>
<h2>Offerte voli per Kigali</h2>
<p>Per trovare il miglior equilibrio tra prezzo, durata e comfort, conviene verificare piu aeroporti di partenza italiani e confrontare giorni feriali e weekend.</p>
<table>
  <thead>
    <tr><th>Partenza</th><th>Prezzo da</th><th>Durata indicativa</th><th>Mese da monitorare</th></tr>
  </thead>
  <tbody>
    <tr><td>Leonardo da Vinci-Fiumicino Airport (FCO)</td><td>EUR 54</td><td>6h 50</td><td>dicembre</td></tr><tr><td>Ciampino-G. B. Pastine International Airport (CIA)</td><td>EUR 170</td><td>1h 10</td><td>agosto</td></tr><tr><td>Milano Malpensa Airport (MXP)</td><td>EUR 41</td><td>9h 40</td><td>novembre</td></tr><tr><td>Orio al Serio International Airport (BGY)</td><td>EUR 47</td><td>8h 40</td><td>maggio</td></tr><tr><td>Milano Linate Airport (LIN)</td><td>EUR 130</td><td>10h 30</td><td>aprile</td></tr><tr><td>Naples International Airport (NAP)</td><td>EUR 67</td><td>6h 00</td><td>gennaio</td></tr><tr><td>Venice Marco Polo Airport (VCE)</td><td>EUR 127</td><td>4h 00</td><td>gennaio</td></tr><tr><td>Catania-Fontanarossa Airport (CTA)</td><td>EUR 181</td><td>2h 00</td><td>luglio</td></tr><tr><td>Guglielmo Marconi Airport (BLQ)</td><td>EUR 133</td><td>8h 00</td><td>luglio</td></tr>
  </tbody>
</table>
<h2>Aeroporti italiani da cui conviene partire</h2>
<div class=""cpv-chip-list""><span class=""cpv-chip"">Leonardo da Vinci-Fiumicino Airport</span><span class=""cpv-chip"">Ciampino-G. B. Pastine International Airport</span><span class=""cpv-chip"">Milano Malpensa Airport</span><span class=""cpv-chip"">Orio al Serio International Airport</span><span class=""cpv-chip"">Milano Linate Airport</span><span class=""cpv-chip"">Naples International Airport</span></div>
<div class=""cpv-landing-grid"">
  <div class=""cpv-landing-card""><strong>City break</strong><p>Se Kigali e una meta urbana, le partenze del venerdi e del sabato sono spesso le piu monitorate.</p></div>
  <div class=""cpv-landing-card""><strong>Viaggi stagionali</strong><p>In alcuni periodi dell'anno le tariffe possono variare molto, soprattutto vicino ai ponti e alle festivita.</p></div>
  <div class=""cpv-landing-card""><strong>Confronto rapido</strong><p>Valuta aeroporti maggiori e secondari per capire se un piccolo spostamento porta a un risparmio concreto.</p></div>
</div>
<h2>Domande frequenti sui voli per Kigali</h2>
<div class=""cpv-faq"">
  <details><summary>Qual e il modo migliore per cercare voli per Kigali?</summary><p>Confronta piu aeroporti italiani, prova date flessibili e verifica anche partenze infrasettimanali per migliorare le possibilita di risparmio.</p></details>
  <details><summary>Meglio volo diretto o con scalo?</summary><p>Per tratte medio-brevi il diretto e spesso la scelta piu comoda, mentre su alcune rotte uno scalo puo ridurre il prezzo finale.</p></details>
  <details><summary>Quando controllare i prezzi per Kigali?</summary><p>Vale la pena iniziare a monitorare la rotta in anticipo e verificare con regolarita i giorni piu vicini alla partenza ideale.</p></details>
</div>","Voli per citta|Voli intercontinentali",city,KGL,/voli-per/kigali/,"Voli per Kigali (KGL): offerte e guide | ConfrontaPrezziVoli","Trova voli per Kigali dai principali aeroporti italiani. Tariffe indicative da EUR 166 e consigli per scegliere il periodo migliore.","voli per Kigali",cities,"Mese tipicamente conveniente: aprile"
post,publish,"Voli per Kigoma (TKQ): offerte, compagnie e periodo migliore per prenotare",voli-per-kigoma-tkq,"Confronta voli per Kigoma dai principali aeroporti italiani. Scopri prezzi indicativi, compagnie e consigli utili per organizzare la partenza.","<div class=""cpv-landing-note"">
  <p><strong>Perche cercare voli per Kigoma qui.</strong> Questa pagina raccoglie un quadro rapido delle partenze italiane piu interessanti per Kigoma, con tariffe indicative e consigli per scegliere il periodo piu vantaggioso.</p>
</div>
<div class=""cpv-stat-grid"">
  <div class=""cpv-stat""><strong>EUR 166</strong><span>Prezzo indicativo da monitorare dalle principali aree aeroportuali italiane.</span></div>
  <div class=""cpv-stat""><strong>aprile</strong><span>Periodo spesso interessante per tenere sotto controllo la rotta.</span></div>
  <div class=""cpv-stat""><strong>9</strong><span>Aeroporti italiani prioritari da confrontare per questa destinazione.</span></div>
</div>
<h2>Offerte voli per Kigoma</h2>
<p>Per trovare il miglior equilibrio tra prezzo, durata e comfort, conviene verificare piu aeroporti di partenza italiani e confrontare giorni feriali e weekend.</p>
<table>
  <thead>
    <tr><th>Partenza</th><th>Prezzo da</th><th>Durata indicativa</th><th>Mese da monitorare</th></tr>
  </thead>
  <tbody>
    <tr><td>Leonardo da Vinci-Fiumicino Airport (FCO)</td><td>EUR 158</td><td>5h 10</td><td>agosto</td></tr><tr><td>Ciampino-G. B. Pastine International Airport (CIA)</td><td>EUR 42</td><td>11h 50</td><td>dicembre</td></tr><tr><td>Milano Malpensa Airport (MXP)</td><td>EUR 153</td><td>11h 20</td><td>marzo</td></tr><tr><td>Orio al Serio International Airport (BGY)</td><td>EUR 123</td><td>7h 20</td><td>settembre</td></tr><tr><td>Milano Linate Airport (LIN)</td><td>EUR 42</td><td>11h 50</td><td>dicembre</td></tr><tr><td>Naples International Airport (NAP)</td><td>EUR 127</td><td>10h 00</td><td>gennaio</td></tr><tr><td>Venice Marco Polo Airport (VCE)</td><td>EUR 175</td><td>5h 00</td><td>gennaio</td></tr><tr><td>Catania-Fontanarossa Airport (CTA)</td><td>EUR 73</td><td>10h 00</td><td>luglio</td></tr><tr><td>Guglielmo Marconi Airport (BLQ)</td><td>EUR 49</td><td>9h 00</td><td>luglio</td></tr>
  </tbody>
</table>
<h2>Aeroporti italiani da cui conviene partire</h2>
<div class=""cpv-chip-list""><span class=""cpv-chip"">Leonardo da Vinci-Fiumicino Airport</span><span class=""cpv-chip"">Ciampino-G. B. Pastine International Airport</span><span class=""cpv-chip"">Milano Malpensa Airport</span><span class=""cpv-chip"">Orio al Serio International Airport</span><span class=""cpv-chip"">Milano Linate Airport</span><span class=""cpv-chip"">Naples International Airport</span></div>
<div class=""cpv-landing-grid"">
  <div class=""cpv-landing-card""><strong>City break</strong><p>Se Kigoma e una meta urbana, le partenze del venerdi e del sabato sono spesso le piu monitorate.</p></div>
  <div class=""cpv-landing-card""><strong>Viaggi stagionali</strong><p>In alcuni periodi dell'anno le tariffe possono variare molto, soprattutto vicino ai ponti e alle festivita.</p></div>
  <div class=""cpv-landing-card""><strong>Confronto rapido</strong><p>Valuta aeroporti maggiori e secondari per capire se un piccolo spostamento porta a un risparmio concreto.</p></div>
</div>
<h2>Domande frequenti sui voli per Kigoma</h2>
<div class=""cpv-faq"">
  <details><summary>Qual e il modo migliore per cercare voli per Kigoma?</summary><p>Confronta piu aeroporti italiani, prova date flessibili e verifica anche partenze infrasettimanali per migliorare le possibilita di risparmio.</p></details>
  <details><summary>Meglio volo diretto o con scalo?</summary><p>Per tratte medio-brevi il diretto e spesso la scelta piu comoda, mentre su alcune rotte uno scalo puo ridurre il prezzo finale.</p></details>
  <details><summary>Quando controllare i prezzi per Kigoma?</summary><p>Vale la pena iniziare a monitorare la rotta in anticipo e verificare con regolarita i giorni piu vicini alla partenza ideale.</p></details>
</div>","Voli per citta|Voli intercontinentali",city,TKQ,/voli-per/kigoma/,"Voli per Kigoma (TKQ): offerte e guide | ConfrontaPrezziVoli","Trova voli per Kigoma dai principali aeroporti italiani. Tariffe indicative da EUR 166 e consigli per scegliere il periodo migliore.","voli per Kigoma",cities,"Mese tipicamente conveniente: aprile"
post,publish,"Voli per Kikaiga Shima (KKX): offerte, compagnie e periodo migliore per prenotare",voli-per-kikaiga-shima-kkx,"Confronta voli per Kikaiga Shima dai principali aeroporti italiani. Scopri prezzi indicativi, compagnie e consigli utili per organizzare la partenza.","<div class=""cpv-landing-note"">
  <p><strong>Perche cercare voli per Kikaiga Shima qui.</strong> Questa pagina raccoglie un quadro rapido delle partenze italiane piu interessanti per Kikaiga Shima, con tariffe indicative e consigli per scegliere il periodo piu vantaggioso.</p>
</div>
<div class=""cpv-stat-grid"">
  <div class=""cpv-stat""><strong>EUR 97</strong><span>Prezzo indicativo da monitorare dalle principali aree aeroportuali italiane.</span></div>
  <div class=""cpv-stat""><strong>luglio</strong><span>Periodo spesso interessante per tenere sotto controllo la rotta.</span></div>
  <div class=""cpv-stat""><strong>9</strong><span>Aeroporti italiani prioritari da confrontare per questa destinazione.</span></div>
</div>
<h2>Offerte voli per Kikaiga Shima</h2>
<p>Per trovare il miglior equilibrio tra prezzo, durata e comfort, conviene verificare piu aeroporti di partenza italiani e confrontare giorni feriali e weekend.</p>
<table>
  <thead>
    <tr><th>Partenza</th><th>Prezzo da</th><th>Durata indicativa</th><th>Mese da monitorare</th></tr>
  </thead>
  <tbody>
    <tr><td>Leonardo da Vinci-Fiumicino Airport (FCO)</td><td>EUR 85</td><td>2h 00</td><td>luglio</td></tr><tr><td>Ciampino-G. B. Pastine International Airport (CIA)</td><td>EUR 157</td><td>3h 00</td><td>luglio</td></tr><tr><td>Milano Malpensa Airport (MXP)</td><td>EUR 182</td><td>2h 10</td><td>agosto</td></tr><tr><td>Orio al Serio International Airport (BGY)</td><td>EUR 176</td><td>10h 10</td><td>febbraio</td></tr><tr><td>Milano Linate Airport (LIN)</td><td>EUR 157</td><td>2h 00</td><td>luglio</td></tr><tr><td>Naples International Airport (NAP)</td><td>EUR 164</td><td>5h 10</td><td>febbraio</td></tr><tr><td>Venice Marco Polo Airport (VCE)</td><td>EUR 124</td><td>9h 30</td><td>ottobre</td></tr><tr><td>Catania-Fontanarossa Airport (CTA)</td><td>EUR 62</td><td>9h 10</td><td>agosto</td></tr><tr><td>Guglielmo Marconi Airport (BLQ)</td><td>EUR 150</td><td>11h 50</td><td>dicembre</td></tr>
  </tbody>
</table>
<h2>Aeroporti italiani da cui conviene partire</h2>
<div class=""cpv-chip-list""><span class=""cpv-chip"">Leonardo da Vinci-Fiumicino Airport</span><span class=""cpv-chip"">Ciampino-G. B. Pastine International Airport</span><span class=""cpv-chip"">Milano Malpensa Airport</span><span class=""cpv-chip"">Orio al Serio International Airport</span><span class=""cpv-chip"">Milano Linate Airport</span><span class=""cpv-chip"">Naples International Airport</span></div>
<div class=""cpv-landing-grid"">
  <div class=""cpv-landing-card""><strong>City break</strong><p>Se Kikaiga Shima e una meta urbana, le partenze del venerdi e del sabato sono spesso le piu monitorate.</p></div>
  <div class=""cpv-landing-card""><strong>Viaggi stagionali</strong><p>In alcuni periodi dell'anno le tariffe possono variare molto, soprattutto vicino ai ponti e alle festivita.</p></div>
  <div class=""cpv-landing-card""><strong>Confronto rapido</strong><p>Valuta aeroporti maggiori e secondari per capire se un piccolo spostamento porta a un risparmio concreto.</p></div>
</div>
<h2>Domande frequenti sui voli per Kikaiga Shima</h2>
<div class=""cpv-faq"">
  <details><summary>Qual e il modo migliore per cercare voli per Kikaiga Shima?</summary><p>Confronta piu aeroporti italiani, prova date flessibili e verifica anche partenze infrasettimanali per migliorare le possibilita di risparmio.</p></details>
  <details><summary>Meglio volo diretto o con scalo?</summary><p>Per tratte medio-brevi il diretto e spesso la scelta piu comoda, mentre su alcune rotte uno scalo puo ridurre il prezzo finale.</p></details>
  <details><summary>Quando controllare i prezzi per Kikaiga Shima?</summary><p>Vale la pena iniziare a monitorare la rotta in anticipo e verificare con regolarita i giorni piu vicini alla partenza ideale.</p></details>
</div>","Voli per citta|Voli intercontinentali",city,KKX,/voli-per/kikaiga-shima/,"Voli per Kikaiga Shima (KKX): offerte e guide | ConfrontaPrezziVoli","Trova voli per Kikaiga Shima dai principali aeroporti italiani. Tariffe indicative da EUR 97 e consigli per scegliere il periodo migliore.","voli per Kikaiga Shima",cities,"Mese tipicamente conveniente: luglio"
post,publish,"Voli per Kilimanjaro (JRO): offerte, compagnie e periodo migliore per prenotare",voli-per-kilimanjaro-jro,"Confronta voli per Kilimanjaro dai principali aeroporti italiani. Scopri prezzi indicativi, compagnie e consigli utili per organizzare la partenza.","<div class=""cpv-landing-note"">
  <p><strong>Perche cercare voli per Kilimanjaro qui.</strong> Questa pagina raccoglie un quadro rapido delle partenze italiane piu interessanti per Kilimanjaro, con tariffe indicative e consigli per scegliere il periodo piu vantaggioso.</p>
</div>
<div class=""cpv-stat-grid"">
  <div class=""cpv-stat""><strong>EUR 161</strong><span>Prezzo indicativo da monitorare dalle principali aree aeroportuali italiane.</span></div>
  <div class=""cpv-stat""><strong>novembre</strong><span>Periodo spesso interessante per tenere sotto controllo la rotta.</span></div>
  <div class=""cpv-stat""><strong>9</strong><span>Aeroporti italiani prioritari da confrontare per questa destinazione.</span></div>
</div>
<h2>Offerte voli per Kilimanjaro</h2>
<p>Per trovare il miglior equilibrio tra prezzo, durata e comfort, conviene verificare piu aeroporti di partenza italiani e confrontare giorni feriali e weekend.</p>
<table>
  <thead>
    <tr><th>Partenza</th><th>Prezzo da</th><th>Durata indicativa</th><th>Mese da monitorare</th></tr>
  </thead>
  <tbody>
    <tr><td>Leonardo da Vinci-Fiumicino Airport (FCO)</td><td>EUR 101</td><td>7h 40</td><td>novembre</td></tr><tr><td>Ciampino-G. B. Pastine International Airport (CIA)</td><td>EUR 113</td><td>6h 40</td><td>novembre</td></tr><tr><td>Milano Malpensa Airport (MXP)</td><td>EUR 170</td><td>3h 10</td><td>agosto</td></tr><tr><td>Orio al Serio International Airport (BGY)</td><td>EUR 32</td><td>6h 10</td><td>febbraio</td></tr><tr><td>Milano Linate Airport (LIN)</td><td>EUR 69</td><td>8h 20</td><td>marzo</td></tr><tr><td>Naples International Airport (NAP)</td><td>EUR 184</td><td>8h 30</td><td>ottobre</td></tr><tr><td>Venice Marco Polo Airport (VCE)</td><td>EUR 80</td><td>6h 10</td><td>febbraio</td></tr><tr><td>Catania-Fontanarossa Airport (CTA)</td><td>EUR 74</td><td>10h 10</td><td>agosto</td></tr><tr><td>Guglielmo Marconi Airport (BLQ)</td><td>EUR 174</td><td>8h 50</td><td>dicembre</td></tr>
  </tbody>
</table>
<h2>Aeroporti italiani da cui conviene partire</h2>
<div class=""cpv-chip-list""><span class=""cpv-chip"">Leonardo da Vinci-Fiumicino Airport</span><span class=""cpv-chip"">Ciampino-G. B. Pastine International Airport</span><span class=""cpv-chip"">Milano Malpensa Airport</span><span class=""cpv-chip"">Orio al Serio International Airport</span><span class=""cpv-chip"">Milano Linate Airport</span><span class=""cpv-chip"">Naples International Airport</span></div>
<div class=""cpv-landing-grid"">
  <div class=""cpv-landing-card""><strong>City break</strong><p>Se Kilimanjaro e una meta urbana, le partenze del venerdi e del sabato sono spesso le piu monitorate.</p></div>
  <div class=""cpv-landing-card""><strong>Viaggi stagionali</strong><p>In alcuni periodi dell'anno le tariffe possono variare molto, soprattutto vicino ai ponti e alle festivita.</p></div>
  <div class=""cpv-landing-card""><strong>Confronto rapido</strong><p>Valuta aeroporti maggiori e secondari per capire se un piccolo spostamento porta a un risparmio concreto.</p></div>
</div>
<h2>Domande frequenti sui voli per Kilimanjaro</h2>
<div class=""cpv-faq"">
  <details><summary>Qual e il modo migliore per cercare voli per Kilimanjaro?</summary><p>Confronta piu aeroporti italiani, prova date flessibili e verifica anche partenze infrasettimanali per migliorare le possibilita di risparmio.</p></details>
  <details><summary>Meglio volo diretto o con scalo?</summary><p>Per tratte medio-brevi il diretto e spesso la scelta piu comoda, mentre su alcune rotte uno scalo puo ridurre il prezzo finale.</p></details>
  <details><summary>Quando controllare i prezzi per Kilimanjaro?</summary><p>Vale la pena iniziare a monitorare la rotta in anticipo e verificare con regolarita i giorni piu vicini alla partenza ideale.</p></details>
</div>","Voli per citta|Voli intercontinentali",city,JRO,/voli-per/kilimanjaro/,"Voli per Kilimanjaro (JRO): offerte e guide | ConfrontaPrezziVoli","Trova voli per Kilimanjaro dai principali aeroporti italiani. Tariffe indicative da EUR 161 e consigli per scegliere il periodo migliore.","voli per Kilimanjaro",cities,"Mese tipicamente conveniente: novembre"
post,publish,"Voli per Killeen (ILE): offerte, compagnie e periodo migliore per prenotare",voli-per-killeen-ile,"Confronta voli per Killeen dai principali aeroporti italiani. Scopri prezzi indicativi, compagnie e consigli utili per organizzare la partenza.","<div class=""cpv-landing-note"">
  <p><strong>Perche cercare voli per Killeen qui.</strong> Questa pagina raccoglie un quadro rapido delle partenze italiane piu interessanti per Killeen, con tariffe indicative e consigli per scegliere il periodo piu vantaggioso.</p>
</div>
<div class=""cpv-stat-grid"">
  <div class=""cpv-stat""><strong>EUR 117</strong><span>Prezzo indicativo da monitorare dalle principali aree aeroportuali italiane.</span></div>
  <div class=""cpv-stat""><strong>marzo</strong><span>Periodo spesso interessante per tenere sotto controllo la rotta.</span></div>
  <div class=""cpv-stat""><strong>9</strong><span>Aeroporti italiani prioritari da confrontare per questa destinazione.</span></div>
</div>
<h2>Offerte voli per Killeen</h2>
<p>Per trovare il miglior equilibrio tra prezzo, durata e comfort, conviene verificare piu aeroporti di partenza italiani e confrontare giorni feriali e weekend.</p>
<table>
  <thead>
    <tr><th>Partenza</th><th>Prezzo da</th><th>Durata indicativa</th><th>Mese da monitorare</th></tr>
  </thead>
  <tbody>
    <tr><td>Leonardo da Vinci-Fiumicino Airport (FCO)</td><td>EUR 145</td><td>5h 00</td><td>luglio</td></tr><tr><td>Ciampino-G. B. Pastine International Airport (CIA)</td><td>EUR 157</td><td>9h 00</td><td>luglio</td></tr><tr><td>Milano Malpensa Airport (MXP)</td><td>EUR 146</td><td>2h 10</td><td>agosto</td></tr><tr><td>Orio al Serio International Airport (BGY)</td><td>EUR 152</td><td>2h 10</td><td>febbraio</td></tr><tr><td>Milano Linate Airport (LIN)</td><td>EUR 109</td><td>1h 00</td><td>luglio</td></tr><tr><td>Naples International Airport (NAP)</td><td>EUR 20</td><td>3h 10</td><td>febbraio</td></tr><tr><td>Venice Marco Polo Airport (VCE)</td><td>EUR 100</td><td>5h 30</td><td>ottobre</td></tr><tr><td>Catania-Fontanarossa Airport (CTA)</td><td>EUR 122</td><td>4h 10</td><td>agosto</td></tr><tr><td>Guglielmo Marconi Airport (BLQ)</td><td>EUR 22</td><td>9h 30</td><td>aprile</td></tr>
  </tbody>
</table>
<h2>Aeroporti italiani da cui conviene partire</h2>
<div class=""cpv-chip-list""><span class=""cpv-chip"">Leonardo da Vinci-Fiumicino Airport</span><span class=""cpv-chip"">Ciampino-G. B. Pastine International Airport</span><span class=""cpv-chip"">Milano Malpensa Airport</span><span class=""cpv-chip"">Orio al Serio International Airport</span><span class=""cpv-chip"">Milano Linate Airport</span><span class=""cpv-chip"">Naples International Airport</span></div>
<div class=""cpv-landing-grid"">
  <div class=""cpv-landing-card""><strong>City break</strong><p>Se Killeen e una meta urbana, le partenze del venerdi e del sabato sono spesso le piu monitorate.</p></div>
  <div class=""cpv-landing-card""><strong>Viaggi stagionali</strong><p>In alcuni periodi dell'anno le tariffe possono variare molto, soprattutto vicino ai ponti e alle festivita.</p></div>
  <div class=""cpv-landing-card""><strong>Confronto rapido</strong><p>Valuta aeroporti maggiori e secondari per capire se un piccolo spostamento porta a un risparmio concreto.</p></div>
</div>
<h2>Domande frequenti sui voli per Killeen</h2>
<div class=""cpv-faq"">
  <details><summary>Qual e il modo migliore per cercare voli per Killeen?</summary><p>Confronta piu aeroporti italiani, prova date flessibili e verifica anche partenze infrasettimanali per migliorare le possibilita di risparmio.</p></details>
  <details><summary>Meglio volo diretto o con scalo?</summary><p>Per tratte medio-brevi il diretto e spesso la scelta piu comoda, mentre su alcune rotte uno scalo puo ridurre il prezzo finale.</p></details>
  <details><summary>Quando controllare i prezzi per Killeen?</summary><p>Vale la pena iniziare a monitorare la rotta in anticipo e verificare con regolarita i giorni piu vicini alla partenza ideale.</p></details>
</div>","Voli per citta|Voli intercontinentali",city,ILE,/voli-per/killeen/,"Voli per Killeen (ILE): offerte e guide | ConfrontaPrezziVoli","Trova voli per Killeen dai principali aeroporti italiani. Tariffe indicative da EUR 117 e consigli per scegliere il periodo migliore.","voli per Killeen",cities,"Mese tipicamente conveniente: marzo"
post,publish,"Voli per Kilwa Masoko (KIY): offerte, compagnie e periodo migliore per prenotare",voli-per-kilwa-masoko-kiy,"Confronta voli per Kilwa Masoko dai principali aeroporti italiani. Scopri prezzi indicativi, compagnie e consigli utili per organizzare la partenza.","<div class=""cpv-landing-note"">
  <p><strong>Perche cercare voli per Kilwa Masoko qui.</strong> Questa pagina raccoglie un quadro rapido delle partenze italiane piu interessanti per Kilwa Masoko, con tariffe indicative e consigli per scegliere il periodo piu vantaggioso.</p>
</div>
<div class=""cpv-stat-grid"">
  <div class=""cpv-stat""><strong>EUR 93</strong><span>Prezzo indicativo da monitorare dalle principali aree aeroportuali italiane.</span></div>
  <div class=""cpv-stat""><strong>marzo</strong><span>Periodo spesso interessante per tenere sotto controllo la rotta.</span></div>
  <div class=""cpv-stat""><strong>9</strong><span>Aeroporti italiani prioritari da confrontare per questa destinazione.</span></div>
</div>
<h2>Offerte voli per Kilwa Masoko</h2>
<p>Per trovare il miglior equilibrio tra prezzo, durata e comfort, conviene verificare piu aeroporti di partenza italiani e confrontare giorni feriali e weekend.</p>
<table>
  <thead>
    <tr><th>Partenza</th><th>Prezzo da</th><th>Durata indicativa</th><th>Mese da monitorare</th></tr>
  </thead>
  <tbody>
    <tr><td>Leonardo da Vinci-Fiumicino Airport (FCO)</td><td>EUR 21</td><td>9h 20</td><td>marzo</td></tr><tr><td>Ciampino-G. B. Pastine International Airport (CIA)</td><td>EUR 21</td><td>7h 20</td><td>marzo</td></tr><tr><td>Milano Malpensa Airport (MXP)</td><td>EUR 66</td><td>3h 50</td><td>dicembre</td></tr><tr><td>Orio al Serio International Airport (BGY)</td><td>EUR 36</td><td>9h 50</td><td>giugno</td></tr><tr><td>Milano Linate Airport (LIN)</td><td>EUR 125</td><td>5h 40</td><td>novembre</td></tr><tr><td>Naples International Airport (NAP)</td><td>EUR 156</td><td>1h 50</td><td>giugno</td></tr><tr><td>Venice Marco Polo Airport (VCE)</td><td>EUR 112</td><td>1h 30</td><td>ottobre</td></tr><tr><td>Catania-Fontanarossa Airport (CTA)</td><td>EUR 110</td><td>10h 10</td><td>agosto</td></tr><tr><td>Guglielmo Marconi Airport (BLQ)</td><td>EUR 42</td><td>3h 50</td><td>dicembre</td></tr>
  </tbody>
</table>
<h2>Aeroporti italiani da cui conviene partire</h2>
<div class=""cpv-chip-list""><span class=""cpv-chip"">Leonardo da Vinci-Fiumicino Airport</span><span class=""cpv-chip"">Ciampino-G. B. Pastine International Airport</span><span class=""cpv-chip"">Milano Malpensa Airport</span><span class=""cpv-chip"">Orio al Serio International Airport</span><span class=""cpv-chip"">Milano Linate Airport</span><span class=""cpv-chip"">Naples International Airport</span></div>
<div class=""cpv-landing-grid"">
  <div class=""cpv-landing-card""><strong>City break</strong><p>Se Kilwa Masoko e una meta urbana, le partenze del venerdi e del sabato sono spesso le piu monitorate.</p></div>
  <div class=""cpv-landing-card""><strong>Viaggi stagionali</strong><p>In alcuni periodi dell'anno le tariffe possono variare molto, soprattutto vicino ai ponti e alle festivita.</p></div>
  <div class=""cpv-landing-card""><strong>Confronto rapido</strong><p>Valuta aeroporti maggiori e secondari per capire se un piccolo spostamento porta a un risparmio concreto.</p></div>
</div>
<h2>Domande frequenti sui voli per Kilwa Masoko</h2>
<div class=""cpv-faq"">
  <details><summary>Qual e il modo migliore per cercare voli per Kilwa Masoko?</summary><p>Confronta piu aeroporti italiani, prova date flessibili e verifica anche partenze infrasettimanali per migliorare le possibilita di risparmio.</p></details>
  <details><summary>Meglio volo diretto o con scalo?</summary><p>Per tratte medio-brevi il diretto e spesso la scelta piu comoda, mentre su alcune rotte uno scalo puo ridurre il prezzo finale.</p></details>
  <details><summary>Quando controllare i prezzi per Kilwa Masoko?</summary><p>Vale la pena iniziare a monitorare la rotta in anticipo e verificare con regolarita i giorni piu vicini alla partenza ideale.</p></details>
</div>","Voli per citta|Voli intercontinentali",city,KIY,/voli-per/kilwa-masoko/,"Voli per Kilwa Masoko (KIY): offerte e guide | ConfrontaPrezziVoli","Trova voli per Kilwa Masoko dai principali aeroporti italiani. Tariffe indicative da EUR 93 e consigli per scegliere il periodo migliore.","voli per Kilwa Masoko",cities,"Mese tipicamente conveniente: marzo"
post,publish,"Voli per Kimberley (KIM): offerte, compagnie e periodo migliore per prenotare",voli-per-kimberley-kim,"Confronta voli per Kimberley dai principali aeroporti italiani. Scopri prezzi indicativi, compagnie e consigli utili per organizzare la partenza.","<div class=""cpv-landing-note"">
  <p><strong>Perche cercare voli per Kimberley qui.</strong> Questa pagina raccoglie un quadro rapido delle partenze italiane piu interessanti per Kimberley, con tariffe indicative e consigli per scegliere il periodo piu vantaggioso.</p>
</div>
<div class=""cpv-stat-grid"">
  <div class=""cpv-stat""><strong>EUR 62</strong><span>Prezzo indicativo da monitorare dalle principali aree aeroportuali italiane.</span></div>
  <div class=""cpv-stat""><strong>agosto</strong><span>Periodo spesso interessante per tenere sotto controllo la rotta.</span></div>
  <div class=""cpv-stat""><strong>9</strong><span>Aeroporti italiani prioritari da confrontare per questa destinazione.</span></div>
</div>
<h2>Offerte voli per Kimberley</h2>
<p>Per trovare il miglior equilibrio tra prezzo, durata e comfort, conviene verificare piu aeroporti di partenza italiani e confrontare giorni feriali e weekend.</p>
<table>
  <thead>
    <tr><th>Partenza</th><th>Prezzo da</th><th>Durata indicativa</th><th>Mese da monitorare</th></tr>
  </thead>
  <tbody>
    <tr><td>Leonardo da Vinci-Fiumicino Airport (FCO)</td><td>EUR 150</td><td>2h 50</td><td>dicembre</td></tr><tr><td>Ciampino-G. B. Pastine International Airport (CIA)</td><td>EUR 98</td><td>4h 10</td><td>agosto</td></tr><tr><td>Milano Malpensa Airport (MXP)</td><td>EUR 113</td><td>7h 40</td><td>novembre</td></tr><tr><td>Orio al Serio International Airport (BGY)</td><td>EUR 23</td><td>11h 40</td><td>maggio</td></tr><tr><td>Milano Linate Airport (LIN)</td><td>EUR 182</td><td>8h 10</td><td>agosto</td></tr><tr><td>Naples International Airport (NAP)</td><td>EUR 135</td><td>11h 20</td><td>settembre</td></tr><tr><td>Venice Marco Polo Airport (VCE)</td><td>EUR 35</td><td>11h 40</td><td>maggio</td></tr><tr><td>Catania-Fontanarossa Airport (CTA)</td><td>EUR 81</td><td>3h 20</td><td>marzo</td></tr><tr><td>Guglielmo Marconi Airport (BLQ)</td><td>EUR 141</td><td>3h 20</td><td>marzo</td></tr>
  </tbody>
</table>
<h2>Aeroporti italiani da cui conviene partire</h2>
<div class=""cpv-chip-list""><span class=""cpv-chip"">Leonardo da Vinci-Fiumicino Airport</span><span class=""cpv-chip"">Ciampino-G. B. Pastine International Airport</span><span class=""cpv-chip"">Milano Malpensa Airport</span><span class=""cpv-chip"">Orio al Serio International Airport</span><span class=""cpv-chip"">Milano Linate Airport</span><span class=""cpv-chip"">Naples International Airport</span></div>
<div class=""cpv-landing-grid"">
  <div class=""cpv-landing-card""><strong>City break</strong><p>Se Kimberley e una meta urbana, le partenze del venerdi e del sabato sono spesso le piu monitorate.</p></div>
  <div class=""cpv-landing-card""><strong>Viaggi stagionali</strong><p>In alcuni periodi dell'anno le tariffe possono variare molto, soprattutto vicino ai ponti e alle festivita.</p></div>
  <div class=""cpv-landing-card""><strong>Confronto rapido</strong><p>Valuta aeroporti maggiori e secondari per capire se un piccolo spostamento porta a un risparmio concreto.</p></div>
</div>
<h2>Domande frequenti sui voli per Kimberley</h2>
<div class=""cpv-faq"">
  <details><summary>Qual e il modo migliore per cercare voli per Kimberley?</summary><p>Confronta piu aeroporti italiani, prova date flessibili e verifica anche partenze infrasettimanali per migliorare le possibilita di risparmio.</p></details>
  <details><summary>Meglio volo diretto o con scalo?</summary><p>Per tratte medio-brevi il diretto e spesso la scelta piu comoda, mentre su alcune rotte uno scalo puo ridurre il prezzo finale.</p></details>
  <details><summary>Quando controllare i prezzi per Kimberley?</summary><p>Vale la pena iniziare a monitorare la rotta in anticipo e verificare con regolarita i giorni piu vicini alla partenza ideale.</p></details>
</div>","Voli per citta|Voli intercontinentali",city,KIM,/voli-per/kimberley/,"Voli per Kimberley (KIM): offerte e guide | ConfrontaPrezziVoli","Trova voli per Kimberley dai principali aeroporti italiani. Tariffe indicative da EUR 62 e consigli per scegliere il periodo migliore.","voli per Kimberley",cities,"Mese tipicamente conveniente: agosto"
post,publish,"Voli per Kimmirut (YLC): offerte, compagnie e periodo migliore per prenotare",voli-per-kimmirut-ylc,"Confronta voli per Kimmirut dai principali aeroporti italiani. Scopri prezzi indicativi, compagnie e consigli utili per organizzare la partenza.","<div class=""cpv-landing-note"">
  <p><strong>Perche cercare voli per Kimmirut qui.</strong> Questa pagina raccoglie un quadro rapido delle partenze italiane piu interessanti per Kimmirut, con tariffe indicative e consigli per scegliere il periodo piu vantaggioso.</p>
</div>
<div class=""cpv-stat-grid"">
  <div class=""cpv-stat""><strong>EUR 162</strong><span>Prezzo indicativo da monitorare dalle principali aree aeroportuali italiane.</span></div>
  <div class=""cpv-stat""><strong>dicembre</strong><span>Periodo spesso interessante per tenere sotto controllo la rotta.</span></div>
  <div class=""cpv-stat""><strong>9</strong><span>Aeroporti italiani prioritari da confrontare per questa destinazione.</span></div>
</div>
<h2>Offerte voli per Kimmirut</h2>
<p>Per trovare il miglior equilibrio tra prezzo, durata e comfort, conviene verificare piu aeroporti di partenza italiani e confrontare giorni feriali e weekend.</p>
<table>
  <thead>
    <tr><th>Partenza</th><th>Prezzo da</th><th>Durata indicativa</th><th>Mese da monitorare</th></tr>
  </thead>
  <tbody>
    <tr><td>Leonardo da Vinci-Fiumicino Airport (FCO)</td><td>EUR 186</td><td>6h 50</td><td>dicembre</td></tr><tr><td>Ciampino-G. B. Pastine International Airport (CIA)</td><td>EUR 46</td><td>11h 30</td><td>aprile</td></tr><tr><td>Milano Malpensa Airport (MXP)</td><td>EUR 141</td><td>9h 20</td><td>marzo</td></tr><tr><td>Orio al Serio International Airport (BGY)</td><td>EUR 27</td><td>10h 20</td><td>settembre</td></tr><tr><td>Milano Linate Airport (LIN)</td><td>EUR 166</td><td>7h 30</td><td>aprile</td></tr><tr><td>Naples International Airport (NAP)</td><td>EUR 119</td><td>8h 40</td><td>maggio</td></tr><tr><td>Venice Marco Polo Airport (VCE)</td><td>EUR 67</td><td>5h 00</td><td>gennaio</td></tr><tr><td>Catania-Fontanarossa Airport (CTA)</td><td>EUR 73</td><td>2h 00</td><td>luglio</td></tr><tr><td>Guglielmo Marconi Airport (BLQ)</td><td>EUR 197</td><td>3h 40</td><td>novembre</td></tr>
  </tbody>
</table>
<h2>Aeroporti italiani da cui conviene partire</h2>
<div class=""cpv-chip-list""><span class=""cpv-chip"">Leonardo da Vinci-Fiumicino Airport</span><span class=""cpv-chip"">Ciampino-G. B. Pastine International Airport</span><span class=""cpv-chip"">Milano Malpensa Airport</span><span class=""cpv-chip"">Orio al Serio International Airport</span><span class=""cpv-chip"">Milano Linate Airport</span><span class=""cpv-chip"">Naples International Airport</span></div>
<div class=""cpv-landing-grid"">
  <div class=""cpv-landing-card""><strong>City break</strong><p>Se Kimmirut e una meta urbana, le partenze del venerdi e del sabato sono spesso le piu monitorate.</p></div>
  <div class=""cpv-landing-card""><strong>Viaggi stagionali</strong><p>In alcuni periodi dell'anno le tariffe possono variare molto, soprattutto vicino ai ponti e alle festivita.</p></div>
  <div class=""cpv-landing-card""><strong>Confronto rapido</strong><p>Valuta aeroporti maggiori e secondari per capire se un piccolo spostamento porta a un risparmio concreto.</p></div>
</div>
<h2>Domande frequenti sui voli per Kimmirut</h2>
<div class=""cpv-faq"">
  <details><summary>Qual e il modo migliore per cercare voli per Kimmirut?</summary><p>Confronta piu aeroporti italiani, prova date flessibili e verifica anche partenze infrasettimanali per migliorare le possibilita di risparmio.</p></details>
  <details><summary>Meglio volo diretto o con scalo?</summary><p>Per tratte medio-brevi il diretto e spesso la scelta piu comoda, mentre su alcune rotte uno scalo puo ridurre il prezzo finale.</p></details>
  <details><summary>Quando controllare i prezzi per Kimmirut?</summary><p>Vale la pena iniziare a monitorare la rotta in anticipo e verificare con regolarita i giorni piu vicini alla partenza ideale.</p></details>
</div>","Voli per citta|Voli intercontinentali",city,YLC,/voli-per/kimmirut/,"Voli per Kimmirut (YLC): offerte e guide | ConfrontaPrezziVoli","Trova voli per Kimmirut dai principali aeroporti italiani. Tariffe indicative da EUR 162 e consigli per scegliere il periodo migliore.","voli per Kimmirut",cities,"Mese tipicamente conveniente: dicembre"
post,publish,"Voli per King Island (KNS): offerte, compagnie e periodo migliore per prenotare",voli-per-king-island-kns,"Confronta voli per King Island dai principali aeroporti italiani. Scopri prezzi indicativi, compagnie e consigli utili per organizzare la partenza.","<div class=""cpv-landing-note"">
  <p><strong>Perche cercare voli per King Island qui.</strong> Questa pagina raccoglie un quadro rapido delle partenze italiane piu interessanti per King Island, con tariffe indicative e consigli per scegliere il periodo piu vantaggioso.</p>
</div>
<div class=""cpv-stat-grid"">
  <div class=""cpv-stat""><strong>EUR 26</strong><span>Prezzo indicativo da monitorare dalle principali aree aeroportuali italiane.</span></div>
  <div class=""cpv-stat""><strong>agosto</strong><span>Periodo spesso interessante per tenere sotto controllo la rotta.</span></div>
  <div class=""cpv-stat""><strong>9</strong><span>Aeroporti italiani prioritari da confrontare per questa destinazione.</span></div>
</div>
<h2>Offerte voli per King Island</h2>
<p>Per trovare il miglior equilibrio tra prezzo, durata e comfort, conviene verificare piu aeroporti di partenza italiani e confrontare giorni feriali e weekend.</p>
<table>
  <thead>
    <tr><th>Partenza</th><th>Prezzo da</th><th>Durata indicativa</th><th>Mese da monitorare</th></tr>
  </thead>
  <tbody>
    <tr><td>Leonardo da Vinci-Fiumicino Airport (FCO)</td><td>EUR 122</td><td>10h 10</td><td>agosto</td></tr><tr><td>Ciampino-G. B. Pastine International Airport (CIA)</td><td>EUR 182</td><td>6h 10</td><td>agosto</td></tr><tr><td>Milano Malpensa Airport (MXP)</td><td>EUR 165</td><td>8h 20</td><td>marzo</td></tr><tr><td>Orio al Serio International Airport (BGY)</td><td>EUR 147</td><td>6h 20</td><td>settembre</td></tr><tr><td>Milano Linate Airport (LIN)</td><td>EUR 94</td><td>5h 30</td><td>aprile</td></tr><tr><td>Naples International Airport (NAP)</td><td>EUR 71</td><td>8h 40</td><td>maggio</td></tr><tr><td>Venice Marco Polo Airport (VCE)</td><td>EUR 87</td><td>1h 20</td><td>settembre</td></tr><tr><td>Catania-Fontanarossa Airport (CTA)</td><td>EUR 33</td><td>3h 20</td><td>marzo</td></tr><tr><td>Guglielmo Marconi Airport (BLQ)</td><td>EUR 37</td><td>7h 00</td><td>luglio</td></tr>
  </tbody>
</table>
<h2>Aeroporti italiani da cui conviene partire</h2>
<div class=""cpv-chip-list""><span class=""cpv-chip"">Leonardo da Vinci-Fiumicino Airport</span><span class=""cpv-chip"">Ciampino-G. B. Pastine International Airport</span><span class=""cpv-chip"">Milano Malpensa Airport</span><span class=""cpv-chip"">Orio al Serio International Airport</span><span class=""cpv-chip"">Milano Linate Airport</span><span class=""cpv-chip"">Naples International Airport</span></div>
<div class=""cpv-landing-grid"">
  <div class=""cpv-landing-card""><strong>City break</strong><p>Se King Island e una meta urbana, le partenze del venerdi e del sabato sono spesso le piu monitorate.</p></div>
  <div class=""cpv-landing-card""><strong>Viaggi stagionali</strong><p>In alcuni periodi dell'anno le tariffe possono variare molto, soprattutto vicino ai ponti e alle festivita.</p></div>
  <div class=""cpv-landing-card""><strong>Confronto rapido</strong><p>Valuta aeroporti maggiori e secondari per capire se un piccolo spostamento porta a un risparmio concreto.</p></div>
</div>
<h2>Domande frequenti sui voli per King Island</h2>
<div class=""cpv-faq"">
  <details><summary>Qual e il modo migliore per cercare voli per King Island?</summary><p>Confronta piu aeroporti italiani, prova date flessibili e verifica anche partenze infrasettimanali per migliorare le possibilita di risparmio.</p></details>
  <details><summary>Meglio volo diretto o con scalo?</summary><p>Per tratte medio-brevi il diretto e spesso la scelta piu comoda, mentre su alcune rotte uno scalo puo ridurre il prezzo finale.</p></details>
  <details><summary>Quando controllare i prezzi per King Island?</summary><p>Vale la pena iniziare a monitorare la rotta in anticipo e verificare con regolarita i giorni piu vicini alla partenza ideale.</p></details>
</div>","Voli per citta|Voli intercontinentali",city,KNS,/voli-per/king-island/,"Voli per King Island (KNS): offerte e guide | ConfrontaPrezziVoli","Trova voli per King Island dai principali aeroporti italiani. Tariffe indicative da EUR 26 e consigli per scegliere il periodo migliore.","voli per King Island",cities,"Mese tipicamente conveniente: agosto"
post,publish,"Voli per King Salmon (AKN): offerte, compagnie e periodo migliore per prenotare",voli-per-king-salmon-akn,"Confronta voli per King Salmon dai principali aeroporti italiani. Scopri prezzi indicativi, compagnie e consigli utili per organizzare la partenza.","<div class=""cpv-landing-note"">
  <p><strong>Perche cercare voli per King Salmon qui.</strong> Questa pagina raccoglie un quadro rapido delle partenze italiane piu interessanti per King Salmon, con tariffe indicative e consigli per scegliere il periodo piu vantaggioso.</p>
</div>
<div class=""cpv-stat-grid"">
  <div class=""cpv-stat""><strong>EUR 192</strong><span>Prezzo indicativo da monitorare dalle principali aree aeroportuali italiane.</span></div>
  <div class=""cpv-stat""><strong>giugno</strong><span>Periodo spesso interessante per tenere sotto controllo la rotta.</span></div>
  <div class=""cpv-stat""><strong>9</strong><span>Aeroporti italiani prioritari da confrontare per questa destinazione.</span></div>
</div>
<h2>Offerte voli per King Salmon</h2>
<p>Per trovare il miglior equilibrio tra prezzo, durata e comfort, conviene verificare piu aeroporti di partenza italiani e confrontare giorni feriali e weekend.</p>
<table>
  <thead>
    <tr><th>Partenza</th><th>Prezzo da</th><th>Durata indicativa</th><th>Mese da monitorare</th></tr>
  </thead>
  <tbody>
    <tr><td>Leonardo da Vinci-Fiumicino Airport (FCO)</td><td>EUR 184</td><td>6h 30</td><td>ottobre</td></tr><tr><td>Ciampino-G. B. Pastine International Airport (CIA)</td><td>EUR 132</td><td>8h 50</td><td>giugno</td></tr><tr><td>Milano Malpensa Airport (MXP)</td><td>EUR 167</td><td>2h 40</td><td>maggio</td></tr><tr><td>Orio al Serio International Airport (BGY)</td><td>EUR 77</td><td>9h 40</td><td>novembre</td></tr><tr><td>Milano Linate Airport (LIN)</td><td>EUR 156</td><td>4h 50</td><td>giugno</td></tr><tr><td>Naples International Airport (NAP)</td><td>EUR 145</td><td>9h 00</td><td>luglio</td></tr><tr><td>Venice Marco Polo Airport (VCE)</td><td>EUR 145</td><td>2h 00</td><td>luglio</td></tr><tr><td>Catania-Fontanarossa Airport (CTA)</td><td>EUR 35</td><td>6h 40</td><td>maggio</td></tr><tr><td>Guglielmo Marconi Airport (BLQ)</td><td>EUR 159</td><td>11h 20</td><td>settembre</td></tr>
  </tbody>
</table>
<h2>Aeroporti italiani da cui conviene partire</h2>
<div class=""cpv-chip-list""><span class=""cpv-chip"">Leonardo da Vinci-Fiumicino Airport</span><span class=""cpv-chip"">Ciampino-G. B. Pastine International Airport</span><span class=""cpv-chip"">Milano Malpensa Airport</span><span class=""cpv-chip"">Orio al Serio International Airport</span><span class=""cpv-chip"">Milano Linate Airport</span><span class=""cpv-chip"">Naples International Airport</span></div>
<div class=""cpv-landing-grid"">
  <div class=""cpv-landing-card""><strong>City break</strong><p>Se King Salmon e una meta urbana, le partenze del venerdi e del sabato sono spesso le piu monitorate.</p></div>
  <div class=""cpv-landing-card""><strong>Viaggi stagionali</strong><p>In alcuni periodi dell'anno le tariffe possono variare molto, soprattutto vicino ai ponti e alle festivita.</p></div>
  <div class=""cpv-landing-card""><strong>Confronto rapido</strong><p>Valuta aeroporti maggiori e secondari per capire se un piccolo spostamento porta a un risparmio concreto.</p></div>
</div>
<h2>Domande frequenti sui voli per King Salmon</h2>
<div class=""cpv-faq"">
  <details><summary>Qual e il modo migliore per cercare voli per King Salmon?</summary><p>Confronta piu aeroporti italiani, prova date flessibili e verifica anche partenze infrasettimanali per migliorare le possibilita di risparmio.</p></details>
  <details><summary>Meglio volo diretto o con scalo?</summary><p>Per tratte medio-brevi il diretto e spesso la scelta piu comoda, mentre su alcune rotte uno scalo puo ridurre il prezzo finale.</p></details>
  <details><summary>Quando controllare i prezzi per King Salmon?</summary><p>Vale la pena iniziare a monitorare la rotta in anticipo e verificare con regolarita i giorni piu vicini alla partenza ideale.</p></details>
</div>","Voli per citta|Voli intercontinentali",city,AKN,/voli-per/king-salmon/,"Voli per King Salmon (AKN): offerte e guide | ConfrontaPrezziVoli","Trova voli per King Salmon dai principali aeroporti italiani. Tariffe indicative da EUR 192 e consigli per scegliere il periodo migliore.","voli per King Salmon",cities,"Mese tipicamente conveniente: giugno"
